timestamp, index, uuid, utilization.gpu [%], utilization.memory [%], temperature.gpu, clocks.current.sm [MHz], clocks.current.memory [MHz], power.draw [W], power.limit [W], memory.used [MiB]
2026/10/09 01:34:41.478, 0, GPU-6c849b47-7111-9265-9d42-ff8eddc05a2d, 0 %, 0 %, 38, 210 MHz, 405 MHz, 35.37 W, 480.00 W, 1 MiB
2026/10/09 01:34:41.482, 1, GPU-81ac6e96-0bfe-390d-beb1-241466569d6b, 0 %, 0 %, 38, 210 MHz, 405 MHz, 31.23 W, 480.00 W, 1 MiB
2026/10/09 01:34:42.485, 0, GPU-6c849b47-7111-9265-9d42-ff8eddc05a2d, 0 %, 0 %, 40, 2625 MHz, 10251 MHz, 46.94 W, 480.00 W, 428 MiB
2026/10/09 01:34:42.486, 1, GPU-81ac6e96-0bfe-390d-beb1-241466569d6b, 0 %, 0 %, 39, 2625 MHz, 10251 MHz, 48.54 W, 480.00 W, 428 MiB
2026/10/09 01:34:43.486, 0, GPU-6c849b47-7111-9265-9d42-ff8eddc05a2d, 100 %, 0 %, 43, 2790 MHz, 10251 MHz, 92.35 W, 480.00 W, 526 MiB
2026/10/09 01:34:43.486, 1, GPU-81ac6e96-0bfe-390d-beb1-241466569d6b, 100 %, 0 %, 41, 2805 MHz, 10251 MHz, 94.65 W, 480.00 W, 526 MiB
2026/10/09 01:34:44.487, 0, GPU-6c849b47-7111-9265-9d42-ff8eddc05a2d, 100 %, 0 %, 45, 2790 MHz, 10251 MHz, 104.38 W, 480.00 W, 526 MiB
2026/10/09 01:34:44.487, 1, GPU-81ac6e96-0bfe-390d-beb1-241466569d6b, 100 %, 0 %, 41, 2805 MHz, 10251 MHz, 110.50 W, 480.00 W, 526 MiB
2026/10/09 01:34:45.487, 0, GPU-6c849b47-7111-9265-9d42-ff8eddc05a2d, 100 %, 0 %, 45, 2790 MHz, 10251 MHz, 105.28 W, 480.00 W, 526 MiB
2026/10/09 01:34:45.488, 1, GPU-81ac6e96-0bfe-390d-beb1-241466569d6b, 100 %, 0 %, 41, 2805 MHz, 10251 MHz, 109.94 W, 480.00 W, 526 MiB
2026/10/09 01:34:46.488, 0, GPU-6c849b47-7111-9265-9d42-ff8eddc05a2d, 100 %, 0 %, 46, 2790 MHz, 10251 MHz, 99.81 W, 480.00 W, 686 MiB
2026/10/09 01:34:46.489, 1, GPU-81ac6e96-0bfe-390d-beb1-241466569d6b, 100 %, 0 %, 41, 2805 MHz, 10251 MHz, 101.49 W, 480.00 W, 686 MiB
2026/10/09 01:34:47.489, 0, GPU-6c849b47-7111-9265-9d42-ff8eddc05a2d, 100 %, 0 %, 46, 2790 MHz, 10251 MHz, 106.01 W, 480.00 W, 686 MiB
2026/10/09 01:34:47.489, 1, GPU-81ac6e96-0bfe-390d-beb1-241466569d6b, 100 %, 0 %, 41, 2805 MHz, 10251 MHz, 110.32 W, 480.00 W, 686 MiB
2026/10/09 01:34:48.490, 0, GPU-6c849b47-7111-9265-9d42-ff8eddc05a2d, 100 %, 0 %, 46, 2790 MHz, 10251 MHz, 106.19 W, 480.00 W, 686 MiB
2026/10/09 01:34:48.490, 1, GPU-81ac6e96-0bfe-390d-beb1-241466569d6b, 100 %, 0 %, 41, 2805 MHz, 10251 MHz, 110.51 W, 480.00 W, 686 MiB
2026/10/09 01:34:49.490, 0, GPU-6c849b47-7111-9265-9d42-ff8eddc05a2d, 100 %, 0 %, 47, 2790 MHz, 10251 MHz, 106.60 W, 480.00 W, 686 MiB
2026/10/09 01:34:49.491, 1, GPU-81ac6e96-0bfe-390d-beb1-241466569d6b, 100 %, 0 %, 41, 2805 MHz, 10251 MHz, 110.64 W, 480.00 W, 686 MiB
2026/10/09 01:34:50.491, 0, GPU-6c849b47-7111-9265-9d42-ff8eddc05a2d, 100 %, 0 %, 47, 2790 MHz, 10251 MHz, 106.36 W, 480.00 W, 686 MiB
2026/10/09 01:34:50.491, 1, GPU-81ac6e96-0bfe-390d-beb1-241466569d6b, 100 %, 0 %, 41, 2805 MHz, 10251 MHz, 110.61 W, 480.00 W, 686 MiB
2026/10/09 01:34:51.492, 0, GPU-6c849b47-7111-9265-9d42-ff8eddc05a2d, 100 %, 0 %, 47, 2790 MHz, 10251 MHz, 106.28 W, 480.00 W, 814 MiB
2026/10/09 01:34:51.492, 1, GPU-81ac6e96-0bfe-390d-beb1-241466569d6b, 93 %, 0 %, 40, 2805 MHz, 10251 MHz, 110.05 W, 480.00 W, 814 MiB
2026/10/09 01:34:52.493, 0, GPU-6c849b47-7111-9265-9d42-ff8eddc05a2d, 100 %, 0 %, 47, 2790 MHz, 10251 MHz, 104.29 W, 480.00 W, 814 MiB
2026/10/09 01:34:52.493, 1, GPU-81ac6e96-0bfe-390d-beb1-241466569d6b, 100 %, 0 %, 41, 2805 MHz, 10251 MHz, 106.79 W, 480.00 W, 814 MiB
2026/10/09 01:34:53.493, 0, GPU-6c849b47-7111-9265-9d42-ff8eddc05a2d, 100 %, 0 %, 47, 2790 MHz, 10251 MHz, 106.64 W, 480.00 W, 814 MiB
2026/10/09 01:34:53.494, 1, GPU-81ac6e96-0bfe-390d-beb1-241466569d6b, 100 %, 0 %, 41, 2805 MHz, 10251 MHz, 110.10 W, 480.00 W, 814 MiB
2026/10/09 01:34:54.494, 0, GPU-6c849b47-7111-9265-9d42-ff8eddc05a2d, 100 %, 0 %, 47, 2790 MHz, 10251 MHz, 106.45 W, 480.00 W, 814 MiB
2026/10/09 01:34:54.495, 1, GPU-81ac6e96-0bfe-390d-beb1-241466569d6b, 100 %, 0 %, 41, 2805 MHz, 10251 MHz, 110.18 W, 480.00 W, 814 MiB
2026/10/09 01:34:55.495, 0, GPU-6c849b47-7111-9265-9d42-ff8eddc05a2d, 100 %, 0 %, 48, 2790 MHz, 10251 MHz, 104.57 W, 480.00 W, 974 MiB
2026/10/09 01:34:55.495, 1, GPU-81ac6e96-0bfe-390d-beb1-241466569d6b, 100 %, 0 %, 41, 2805 MHz, 10251 MHz, 107.04 W, 480.00 W, 974 MiB
2026/10/09 01:34:56.496, 0, GPU-6c849b47-7111-9265-9d42-ff8eddc05a2d, 100 %, 0 %, 48, 2790 MHz, 10251 MHz, 106.67 W, 480.00 W, 974 MiB
2026/10/09 01:34:56.496, 1, GPU-81ac6e96-0bfe-390d-beb1-241466569d6b, 100 %, 0 %, 41, 2805 MHz, 10251 MHz, 110.30 W, 480.00 W, 974 MiB
2026/10/09 01:34:57.497, 0, GPU-6c849b47-7111-9265-9d42-ff8eddc05a2d, 100 %, 0 %, 48, 2790 MHz, 10251 MHz, 106.60 W, 480.00 W, 974 MiB
2026/10/09 01:34:57.497, 1, GPU-81ac6e96-0bfe-390d-beb1-241466569d6b, 100 %, 0 %, 41, 2805 MHz, 10251 MHz, 110.31 W, 480.00 W, 974 MiB
2026/10/09 01:34:58.497, 0, GPU-6c849b47-7111-9265-9d42-ff8eddc05a2d, 100 %, 0 %, 48, 2790 MHz, 10251 MHz, 106.75 W, 480.00 W, 974 MiB
2026/10/09 01:34:58.498, 1, GPU-81ac6e96-0bfe-390d-beb1-241466569d6b, 100 %, 0 %, 41, 2805 MHz, 10251 MHz, 110.10 W, 480.00 W, 974 MiB
2026/10/09 01:34:59.498, 0, GPU-6c849b47-7111-9265-9d42-ff8eddc05a2d, 100 %, 0 %, 48, 2790 MHz, 10251 MHz, 106.81 W, 480.00 W, 974 MiB
2026/10/09 01:34:59.498, 1, GPU-81ac6e96-0bfe-390d-beb1-241466569d6b, 100 %, 0 %, 41, 2805 MHz, 10251 MHz, 109.71 W, 480.00 W, 974 MiB
2026/10/09 01:35:00.499, 0, GPU-6c849b47-7111-9265-9d42-ff8eddc05a2d, 100 %, 0 %, 48, 2790 MHz, 10251 MHz, 105.27 W, 480.00 W, 974 MiB
2026/10/09 01:35:00.499, 1, GPU-81ac6e96-0bfe-390d-beb1-241466569d6b, 0 %, 0 %, 40, 2805 MHz, 10251 MHz, 100.93 W, 480.00 W, 974 MiB
2026/10/09 01:35:01.500, 0, GPU-6c849b47-7111-9265-9d42-ff8eddc05a2d, 100 %, 0 %, 48, 2790 MHz, 10251 MHz, 106.77 W, 480.00 W, 974 MiB
2026/10/09 01:35:01.500, 1, GPU-81ac6e96-0bfe-390d-beb1-241466569d6b, 0 %, 0 %, 39, 2805 MHz, 10251 MHz, 85.65 W, 480.00 W, 974 MiB
2026/10/09 01:35:02.501, 0, GPU-6c849b47-7111-9265-9d42-ff8eddc05a2d, 100 %, 0 %, 60, 2775 MHz, 10251 MHz, 138.39 W, 480.00 W, 974 MiB
2026/10/09 01:35:02.501, 1, GPU-81ac6e96-0bfe-390d-beb1-241466569d6b, 0 %, 0 %, 39, 2625 MHz, 10251 MHz, 79.53 W, 480.00 W, 974 MiB
2026/10/09 01:35:03.501, 0, GPU-6c849b47-7111-9265-9d42-ff8eddc05a2d, 100 %, 0 %, 76, 2745 MHz, 10251 MHz, 453.72 W, 480.00 W, 974 MiB
2026/10/09 01:35:03.502, 1, GPU-81ac6e96-0bfe-390d-beb1-241466569d6b, 0 %, 0 %, 39, 2625 MHz, 10251 MHz, 74.93 W, 480.00 W, 974 MiB
2026/10/09 01:35:04.502, 0, GPU-6c849b47-7111-9265-9d42-ff8eddc05a2d, 100 %, 0 %, 71, 2610 MHz, 10251 MHz, 460.19 W, 480.00 W, 974 MiB
2026/10/09 01:35:04.503, 1, GPU-81ac6e96-0bfe-390d-beb1-241466569d6b, 0 %, 0 %, 39, 2625 MHz, 10251 MHz, 70.79 W, 480.00 W, 974 MiB
2026/10/09 01:35:05.503, 0, GPU-6c849b47-7111-9265-9d42-ff8eddc05a2d, 100 %, 0 %, 66, 2730 MHz, 10251 MHz, 451.49 W, 480.00 W, 974 MiB
2026/10/09 01:35:05.512, 1, GPU-81ac6e96-0bfe-390d-beb1-241466569d6b, 0 %, 0 %, 39, 2625 MHz, 10251 MHz, 70.77 W, 480.00 W, 974 MiB
2026/10/09 01:35:06.513, 0, GPU-6c849b47-7111-9265-9d42-ff8eddc05a2d, 100 %, 0 %, 66, 2670 MHz, 10251 MHz, 487.47 W, 480.00 W, 974 MiB
2026/10/09 01:35:06.513, 1, GPU-81ac6e96-0bfe-390d-beb1-241466569d6b, 0 %, 0 %, 39, 2625 MHz, 10251 MHz, 70.45 W, 480.00 W, 974 MiB
2026/10/09 01:35:07.513, 0, GPU-6c849b47-7111-9265-9d42-ff8eddc05a2d, 100 %, 0 %, 66, 2760 MHz, 10251 MHz, 454.93 W, 480.00 W, 974 MiB
2026/10/09 01:35:07.514, 1, GPU-81ac6e96-0bfe-390d-beb1-241466569d6b, 0 %, 0 %, 39, 2625 MHz, 10251 MHz, 70.23 W, 480.00 W, 974 MiB
2026/10/09 01:35:08.514, 0, GPU-6c849b47-7111-9265-9d42-ff8eddc05a2d, 100 %, 0 %, 59, 2760 MHz, 10251 MHz, 469.72 W, 480.00 W, 974 MiB
2026/10/09 01:35:08.514, 1, GPU-81ac6e96-0bfe-390d-beb1-241466569d6b, 0 %, 0 %, 39, 2625 MHz, 10251 MHz, 70.35 W, 480.00 W, 974 MiB
2026/10/09 01:35:09.515, 0, GPU-6c849b47-7111-9265-9d42-ff8eddc05a2d, 100 %, 0 %, 66, 2700 MHz, 10251 MHz, 452.47 W, 480.00 W, 974 MiB
2026/10/09 01:35:09.515, 1, GPU-81ac6e96-0bfe-390d-beb1-241466569d6b, 0 %, 0 %, 39, 2625 MHz, 10251 MHz, 70.78 W, 480.00 W, 974 MiB
2026/10/09 01:35:10.516, 0, GPU-6c849b47-7111-9265-9d42-ff8eddc05a2d, 100 %, 0 %, 66, 2760 MHz, 10251 MHz, 444.39 W, 480.00 W, 974 MiB
2026/10/09 01:35:10.516, 1, GPU-81ac6e96-0bfe-390d-beb1-241466569d6b, 0 %, 0 %, 39, 2625 MHz, 10251 MHz, 70.87 W, 480.00 W, 974 MiB
2026/10/09 01:35:11.548, 0, GPU-6c849b47-7111-9265-9d42-ff8eddc05a2d, 100 %, 0 %, 66, 2760 MHz, 10251 MHz, 476.78 W, 480.00 W, 974 MiB
2026/10/09 01:35:11.548, 1, GPU-81ac6e96-0bfe-390d-beb1-241466569d6b, 0 %, 0 %, 39, 2625 MHz, 10251 MHz, 70.74 W, 480.00 W, 974 MiB
2026/10/09 01:35:12.548, 0, GPU-6c849b47-7111-9265-9d42-ff8eddc05a2d, 100 %, 0 %, 66, 2760 MHz, 10251 MHz, 440.67 W, 480.00 W, 974 MiB
2026/10/09 01:35:12.549, 1, GPU-81ac6e96-0bfe-390d-beb1-241466569d6b, 0 %, 0 %, 39, 2625 MHz, 10251 MHz, 70.61 W, 480.00 W, 974 MiB
2026/10/09 01:35:13.549, 0, GPU-6c849b47-7111-9265-9d42-ff8eddc05a2d, 0 %, 0 %, 49, 2775 MHz, 10251 MHz, 379.62 W, 480.00 W, 974 MiB
2026/10/09 01:35:13.550, 1, GPU-81ac6e96-0bfe-390d-beb1-241466569d6b, 0 %, 0 %, 39, 2625 MHz, 10251 MHz, 70.50 W, 480.00 W, 974 MiB
2026/10/09 01:35:14.550, 0, GPU-6c849b47-7111-9265-9d42-ff8eddc05a2d, 0 %, 0 %, 43, 2790 MHz, 10251 MHz, 94.42 W, 480.00 W, 974 MiB
2026/10/09 01:35:14.551, 1, GPU-81ac6e96-0bfe-390d-beb1-241466569d6b, 0 %, 0 %, 39, 2625 MHz, 10251 MHz, 70.27 W, 480.00 W, 974 MiB
2026/10/09 01:35:15.551, 0, GPU-6c849b47-7111-9265-9d42-ff8eddc05a2d, 100 %, 0 %, 51, 2625 MHz, 10251 MHz, 100.02 W, 480.00 W, 974 MiB
2026/10/09 01:35:15.551, 1, GPU-81ac6e96-0bfe-390d-beb1-241466569d6b, 0 %, 0 %, 39, 2625 MHz, 10251 MHz, 70.22 W, 480.00 W, 974 MiB
2026/10/09 01:35:16.552, 0, GPU-6c849b47-7111-9265-9d42-ff8eddc05a2d, 100 %, 0 %, 65, 2730 MHz, 10251 MHz, 427.51 W, 480.00 W, 974 MiB
2026/10/09 01:35:16.552, 1, GPU-81ac6e96-0bfe-390d-beb1-241466569d6b, 0 %, 0 %, 39, 2625 MHz, 10251 MHz, 70.19 W, 480.00 W, 974 MiB
2026/10/09 01:35:17.553, 0, GPU-6c849b47-7111-9265-9d42-ff8eddc05a2d, 100 %, 0 %, 68, 2715 MHz, 10251 MHz, 463.08 W, 480.00 W, 974 MiB
2026/10/09 01:35:17.553, 1, GPU-81ac6e96-0bfe-390d-beb1-241466569d6b, 0 %, 0 %, 38, 465 MHz, 810 MHz, 65.49 W, 480.00 W, 974 MiB
2026/10/09 01:35:18.554, 0, GPU-6c849b47-7111-9265-9d42-ff8eddc05a2d, 100 %, 0 %, 65, 2730 MHz, 10251 MHz, 454.83 W, 480.00 W, 974 MiB
2026/10/09 01:35:18.554, 1, GPU-81ac6e96-0bfe-390d-beb1-241466569d6b, 0 %, 0 %, 38, 300 MHz, 405 MHz, 47.85 W, 480.00 W, 974 MiB
2026/10/09 01:35:19.555, 0, GPU-6c849b47-7111-9265-9d42-ff8eddc05a2d, 100 %, 0 %, 66, 2655 MHz, 10251 MHz, 479.33 W, 480.00 W, 974 MiB
2026/10/09 01:35:19.555, 1, GPU-81ac6e96-0bfe-390d-beb1-241466569d6b, 0 %, 0 %, 38, 210 MHz, 405 MHz, 32.94 W, 480.00 W, 974 MiB
2026/10/09 01:35:20.556, 0, GPU-6c849b47-7111-9265-9d42-ff8eddc05a2d, 100 %, 0 %, 67, 2760 MHz, 10251 MHz, 452.29 W, 480.00 W, 974 MiB
2026/10/09 01:35:20.556, 1, GPU-81ac6e96-0bfe-390d-beb1-241466569d6b, 0 %, 0 %, 38, 210 MHz, 405 MHz, 30.85 W, 480.00 W, 974 MiB
2026/10/09 01:35:21.557, 0, GPU-6c849b47-7111-9265-9d42-ff8eddc05a2d, 100 %, 0 %, 65, 2760 MHz, 10251 MHz, 477.54 W, 480.00 W, 974 MiB
2026/10/09 01:35:21.557, 1, GPU-81ac6e96-0bfe-390d-beb1-241466569d6b, 0 %, 0 %, 38, 210 MHz, 405 MHz, 30.77 W, 480.00 W, 974 MiB
2026/10/09 01:35:22.558, 0, GPU-6c849b47-7111-9265-9d42-ff8eddc05a2d, 100 %, 0 %, 67, 2760 MHz, 10251 MHz, 453.19 W, 480.00 W, 974 MiB
2026/10/09 01:35:22.558, 1, GPU-81ac6e96-0bfe-390d-beb1-241466569d6b, 0 %, 0 %, 38, 210 MHz, 405 MHz, 31.10 W, 480.00 W, 974 MiB
2026/10/09 01:35:23.559, 0, GPU-6c849b47-7111-9265-9d42-ff8eddc05a2d, 100 %, 0 %, 66, 2760 MHz, 10251 MHz, 446.45 W, 480.00 W, 974 MiB
2026/10/09 01:35:23.559, 1, GPU-81ac6e96-0bfe-390d-beb1-241466569d6b, 0 %, 0 %, 37, 210 MHz, 405 MHz, 31.16 W, 480.00 W, 974 MiB
2026/10/09 01:35:24.560, 0, GPU-6c849b47-7111-9265-9d42-ff8eddc05a2d, 100 %, 0 %, 67, 2745 MHz, 10251 MHz, 477.88 W, 480.00 W, 974 MiB
2026/10/09 01:35:24.560, 1, GPU-81ac6e96-0bfe-390d-beb1-241466569d6b, 0 %, 0 %, 37, 210 MHz, 405 MHz, 31.41 W, 480.00 W, 974 MiB
2026/10/09 01:35:25.561, 0, GPU-6c849b47-7111-9265-9d42-ff8eddc05a2d, 100 %, 0 %, 66, 2760 MHz, 10251 MHz, 441.53 W, 480.00 W, 974 MiB
2026/10/09 01:35:25.562, 1, GPU-81ac6e96-0bfe-390d-beb1-241466569d6b, 0 %, 0 %, 37, 210 MHz, 405 MHz, 31.55 W, 480.00 W, 974 MiB
2026/10/09 01:35:26.562, 0, GPU-6c849b47-7111-9265-9d42-ff8eddc05a2d, 6 %, 0 %, 51, 2775 MHz, 10251 MHz, 408.07 W, 480.00 W, 974 MiB
2026/10/09 01:35:26.562, 1, GPU-81ac6e96-0bfe-390d-beb1-241466569d6b, 0 %, 0 %, 37, 210 MHz, 405 MHz, 31.38 W, 480.00 W, 974 MiB
2026/10/09 01:35:27.563, 0, GPU-6c849b47-7111-9265-9d42-ff8eddc05a2d, 0 %, 0 %, 44, 2790 MHz, 10251 MHz, 94.22 W, 480.00 W, 974 MiB
2026/10/09 01:35:27.563, 1, GPU-81ac6e96-0bfe-390d-beb1-241466569d6b, 0 %, 0 %, 37, 210 MHz, 405 MHz, 31.24 W, 480.00 W, 974 MiB
2026/10/09 01:35:28.564, 0, GPU-6c849b47-7111-9265-9d42-ff8eddc05a2d, 0 %, 0 %, 43, 2790 MHz, 10251 MHz, 92.36 W, 480.00 W, 974 MiB
2026/10/09 01:35:28.565, 1, GPU-81ac6e96-0bfe-390d-beb1-241466569d6b, 0 %, 0 %, 37, 210 MHz, 405 MHz, 30.98 W, 480.00 W, 974 MiB
2026/10/09 01:35:29.565, 0, GPU-6c849b47-7111-9265-9d42-ff8eddc05a2d, 100 %, 0 %, 64, 2775 MHz, 10251 MHz, 278.24 W, 480.00 W, 974 MiB
2026/10/09 01:35:29.565, 1, GPU-81ac6e96-0bfe-390d-beb1-241466569d6b, 0 %, 0 %, 37, 210 MHz, 405 MHz, 30.81 W, 480.00 W, 974 MiB
2026/10/09 01:35:30.566, 0, GPU-6c849b47-7111-9265-9d42-ff8eddc05a2d, 100 %, 0 %, 68, 2700 MHz, 10251 MHz, 444.43 W, 480.00 W, 974 MiB
2026/10/09 01:35:30.566, 1, GPU-81ac6e96-0bfe-390d-beb1-241466569d6b, 0 %, 0 %, 37, 210 MHz, 405 MHz, 30.19 W, 480.00 W, 974 MiB
2026/10/09 01:35:31.567, 0, GPU-6c849b47-7111-9265-9d42-ff8eddc05a2d, 100 %, 0 %, 65, 2760 MHz, 10251 MHz, 480.36 W, 480.00 W, 974 MiB
2026/10/09 01:35:31.567, 1, GPU-81ac6e96-0bfe-390d-beb1-241466569d6b, 0 %, 0 %, 38, 210 MHz, 405 MHz, 28.06 W, 480.00 W, 974 MiB
2026/10/09 01:35:32.568, 0, GPU-6c849b47-7111-9265-9d42-ff8eddc05a2d, 100 %, 0 %, 68, 2670 MHz, 10251 MHz, 470.64 W, 480.00 W, 974 MiB
2026/10/09 01:35:32.568, 1, GPU-81ac6e96-0bfe-390d-beb1-241466569d6b, 0 %, 0 %, 38, 210 MHz, 405 MHz, 26.21 W, 480.00 W, 974 MiB
2026/10/09 01:35:33.569, 0, GPU-6c849b47-7111-9265-9d42-ff8eddc05a2d, 100 %, 0 %, 67, 2745 MHz, 10251 MHz, 449.16 W, 480.00 W, 974 MiB
2026/10/09 01:35:33.569, 1, GPU-81ac6e96-0bfe-390d-beb1-241466569d6b, 0 %, 0 %, 38, 210 MHz, 405 MHz, 25.86 W, 480.00 W, 974 MiB
2026/10/09 01:35:34.570, 0, GPU-6c849b47-7111-9265-9d42-ff8eddc05a2d, 100 %, 0 %, 67, 2715 MHz, 10251 MHz, 481.65 W, 480.00 W, 974 MiB
2026/10/09 01:35:34.570, 1, GPU-81ac6e96-0bfe-390d-beb1-241466569d6b, 0 %, 0 %, 39, 210 MHz, 405 MHz, 26.03 W, 480.00 W, 974 MiB
2026/10/09 01:35:35.571, 0, GPU-6c849b47-7111-9265-9d42-ff8eddc05a2d, 100 %, 0 %, 67, 2760 MHz, 10251 MHz, 453.79 W, 480.00 W, 974 MiB
2026/10/09 01:35:35.571, 1, GPU-81ac6e96-0bfe-390d-beb1-241466569d6b, 0 %, 0 %, 39, 210 MHz, 405 MHz, 26.24 W, 480.00 W, 974 MiB
2026/10/09 01:35:36.572, 0, GPU-6c849b47-7111-9265-9d42-ff8eddc05a2d, 100 %, 0 %, 65, 2760 MHz, 10251 MHz, 444.99 W, 480.00 W, 974 MiB
2026/10/09 01:35:36.572, 1, GPU-81ac6e96-0bfe-390d-beb1-241466569d6b, 0 %, 0 %, 39, 210 MHz, 405 MHz, 26.22 W, 480.00 W, 974 MiB
2026/10/09 01:35:37.573, 0, GPU-6c849b47-7111-9265-9d42-ff8eddc05a2d, 100 %, 0 %, 68, 2745 MHz, 10251 MHz, 462.43 W, 480.00 W, 974 MiB
2026/10/09 01:35:37.573, 1, GPU-81ac6e96-0bfe-390d-beb1-241466569d6b, 0 %, 0 %, 39, 210 MHz, 405 MHz, 26.38 W, 480.00 W, 974 MiB
2026/10/09 01:35:38.573, 0, GPU-6c849b47-7111-9265-9d42-ff8eddc05a2d, 100 %, 0 %, 67, 2760 MHz, 10251 MHz, 442.58 W, 480.00 W, 974 MiB
2026/10/09 01:35:38.574, 1, GPU-81ac6e96-0bfe-390d-beb1-241466569d6b, 0 %, 0 %, 39, 210 MHz, 405 MHz, 26.68 W, 480.00 W, 974 MiB
2026/10/09 01:35:39.574, 0, GPU-6c849b47-7111-9265-9d42-ff8eddc05a2d, 100 %, 0 %, 61, 2760 MHz, 10251 MHz, 462.96 W, 480.00 W, 974 MiB
2026/10/09 01:35:39.575, 1, GPU-81ac6e96-0bfe-390d-beb1-241466569d6b, 0 %, 0 %, 39, 210 MHz, 405 MHz, 26.86 W, 480.00 W, 974 MiB
2026/10/09 01:35:40.576, 0, GPU-6c849b47-7111-9265-9d42-ff8eddc05a2d, 0 %, 0 %, 45, 2790 MHz, 10251 MHz, 132.70 W, 480.00 W, 974 MiB
2026/10/09 01:35:40.576, 1, GPU-81ac6e96-0bfe-390d-beb1-241466569d6b, 0 %, 0 %, 39, 210 MHz, 405 MHz, 26.72 W, 480.00 W, 974 MiB
2026/10/09 01:35:41.577, 0, GPU-6c849b47-7111-9265-9d42-ff8eddc05a2d, 0 %, 0 %, 44, 2790 MHz, 10251 MHz, 93.72 W, 480.00 W, 974 MiB
2026/10/09 01:35:41.577, 1, GPU-81ac6e96-0bfe-390d-beb1-241466569d6b, 0 %, 0 %, 39, 210 MHz, 405 MHz, 26.43 W, 480.00 W, 974 MiB
2026/10/09 01:35:42.577, 0, GPU-6c849b47-7111-9265-9d42-ff8eddc05a2d, 100 %, 0 %, 64, 2760 MHz, 10251 MHz, 259.08 W, 480.00 W, 974 MiB
2026/10/09 01:35:42.578, 1, GPU-81ac6e96-0bfe-390d-beb1-241466569d6b, 0 %, 0 %, 39, 210 MHz, 405 MHz, 26.21 W, 480.00 W, 974 MiB
2026/10/09 01:35:43.578, 0, GPU-6c849b47-7111-9265-9d42-ff8eddc05a2d, 100 %, 0 %, 67, 2700 MHz, 10251 MHz, 426.27 W, 480.00 W, 974 MiB
2026/10/09 01:35:43.579, 1, GPU-81ac6e96-0bfe-390d-beb1-241466569d6b, 0 %, 0 %, 39, 210 MHz, 405 MHz, 26.12 W, 480.00 W, 974 MiB
2026/10/09 01:35:44.579, 0, GPU-6c849b47-7111-9265-9d42-ff8eddc05a2d, 100 %, 0 %, 67, 2625 MHz, 10251 MHz, 488.02 W, 480.00 W, 974 MiB
2026/10/09 01:35:44.580, 1, GPU-81ac6e96-0bfe-390d-beb1-241466569d6b, 0 %, 0 %, 39, 210 MHz, 405 MHz, 26.10 W, 480.00 W, 974 MiB
2026/10/09 01:35:45.580, 0, GPU-6c849b47-7111-9265-9d42-ff8eddc05a2d, 100 %, 0 %, 69, 2730 MHz, 10251 MHz, 465.48 W, 480.00 W, 974 MiB
2026/10/09 01:35:45.581, 1, GPU-81ac6e96-0bfe-390d-beb1-241466569d6b, 0 %, 0 %, 39, 210 MHz, 405 MHz, 25.89 W, 480.00 W, 974 MiB
2026/10/09 01:35:46.581, 0, GPU-6c849b47-7111-9265-9d42-ff8eddc05a2d, 100 %, 0 %, 59, 2760 MHz, 10251 MHz, 449.69 W, 480.00 W, 974 MiB
2026/10/09 01:35:46.582, 1, GPU-81ac6e96-0bfe-390d-beb1-241466569d6b, 0 %, 0 %, 39, 210 MHz, 405 MHz, 25.76 W, 480.00 W, 974 MiB
2026/10/09 01:35:47.582, 0, GPU-6c849b47-7111-9265-9d42-ff8eddc05a2d, 100 %, 0 %, 68, 2670 MHz, 10251 MHz, 477.54 W, 480.00 W, 974 MiB
2026/10/09 01:35:47.583, 1, GPU-81ac6e96-0bfe-390d-beb1-241466569d6b, 0 %, 0 %, 39, 210 MHz, 405 MHz, 25.92 W, 480.00 W, 974 MiB
2026/10/09 01:35:48.583, 0, GPU-6c849b47-7111-9265-9d42-ff8eddc05a2d, 100 %, 0 %, 68, 2760 MHz, 10251 MHz, 449.97 W, 480.00 W, 974 MiB
2026/10/09 01:35:48.585, 1, GPU-81ac6e96-0bfe-390d-beb1-241466569d6b, 0 %, 0 %, 39, 210 MHz, 405 MHz, 26.01 W, 480.00 W, 974 MiB
2026/10/09 01:35:49.587, 0, GPU-6c849b47-7111-9265-9d42-ff8eddc05a2d, 100 %, 0 %, 68, 2760 MHz, 10251 MHz, 473.01 W, 480.00 W, 974 MiB
2026/10/09 01:35:49.588, 1, GPU-81ac6e96-0bfe-390d-beb1-241466569d6b, 0 %, 0 %, 39, 210 MHz, 405 MHz, 25.90 W, 480.00 W, 974 MiB
2026/10/09 01:35:50.588, 0, GPU-6c849b47-7111-9265-9d42-ff8eddc05a2d, 100 %, 0 %, 68, 2715 MHz, 10251 MHz, 449.56 W, 480.00 W, 974 MiB
2026/10/09 01:35:50.589, 1, GPU-81ac6e96-0bfe-390d-beb1-241466569d6b, 0 %, 0 %, 39, 210 MHz, 405 MHz, 25.86 W, 480.00 W, 974 MiB
2026/10/09 01:35:51.589, 0, GPU-6c849b47-7111-9265-9d42-ff8eddc05a2d, 100 %, 0 %, 67, 2760 MHz, 10251 MHz, 444.29 W, 480.00 W, 974 MiB
2026/10/09 01:35:51.590, 1, GPU-81ac6e96-0bfe-390d-beb1-241466569d6b, 0 %, 0 %, 39, 210 MHz, 405 MHz, 25.92 W, 480.00 W, 974 MiB
2026/10/09 01:35:52.590, 0, GPU-6c849b47-7111-9265-9d42-ff8eddc05a2d, 100 %, 0 %, 68, 2760 MHz, 10251 MHz, 474.68 W, 480.00 W, 974 MiB
2026/10/09 01:35:52.591, 1, GPU-81ac6e96-0bfe-390d-beb1-241466569d6b, 0 %, 0 %, 39, 210 MHz, 405 MHz, 25.81 W, 480.00 W, 974 MiB
2026/10/09 01:35:53.592, 0, GPU-6c849b47-7111-9265-9d42-ff8eddc05a2d, 0 %, 0 %, 47, 2790 MHz, 10251 MHz, 191.63 W, 480.00 W, 974 MiB
2026/10/09 01:35:53.592, 1, GPU-81ac6e96-0bfe-390d-beb1-241466569d6b, 0 %, 0 %, 39, 210 MHz, 405 MHz, 25.83 W, 480.00 W, 974 MiB
2026/10/09 01:35:54.593, 0, GPU-6c849b47-7111-9265-9d42-ff8eddc05a2d, 0 %, 0 %, 45, 2790 MHz, 10251 MHz, 93.70 W, 480.00 W, 974 MiB
2026/10/09 01:35:54.593, 1, GPU-81ac6e96-0bfe-390d-beb1-241466569d6b, 0 %, 0 %, 39, 210 MHz, 405 MHz, 25.92 W, 480.00 W, 974 MiB
2026/10/09 01:35:55.594, 0, GPU-6c849b47-7111-9265-9d42-ff8eddc05a2d, 0 %, 0 %, 44, 2625 MHz, 10251 MHz, 85.51 W, 480.00 W, 974 MiB
2026/10/09 01:35:55.594, 1, GPU-81ac6e96-0bfe-390d-beb1-241466569d6b, 0 %, 0 %, 39, 210 MHz, 405 MHz, 26.07 W, 480.00 W, 974 MiB
2026/10/09 01:35:56.595, 0, GPU-6c849b47-7111-9265-9d42-ff8eddc05a2d, 0 %, 0 %, 43, 2625 MHz, 10251 MHz, 83.52 W, 480.00 W, 974 MiB
2026/10/09 01:35:56.595, 1, GPU-81ac6e96-0bfe-390d-beb1-241466569d6b, 0 %, 0 %, 39, 210 MHz, 405 MHz, 26.42 W, 480.00 W, 974 MiB
2026/10/09 01:35:57.596, 0, GPU-6c849b47-7111-9265-9d42-ff8eddc05a2d, 0 %, 0 %, 43, 2625 MHz, 10251 MHz, 82.09 W, 480.00 W, 974 MiB
2026/10/09 01:35:57.596, 1, GPU-81ac6e96-0bfe-390d-beb1-241466569d6b, 0 %, 0 %, 39, 210 MHz, 405 MHz, 26.49 W, 480.00 W, 974 MiB
2026/10/09 01:35:58.597, 0, GPU-6c849b47-7111-9265-9d42-ff8eddc05a2d, 0 %, 0 %, 43, 2625 MHz, 10251 MHz, 81.66 W, 480.00 W, 974 MiB
2026/10/09 01:35:58.597, 1, GPU-81ac6e96-0bfe-390d-beb1-241466569d6b, 0 %, 0 %, 39, 210 MHz, 405 MHz, 26.25 W, 480.00 W, 974 MiB
2026/10/09 01:35:59.597, 0, GPU-6c849b47-7111-9265-9d42-ff8eddc05a2d, 100 %, 0 %, 44, 2790 MHz, 10251 MHz, 100.49 W, 480.00 W, 974 MiB
2026/10/09 01:35:59.598, 1, GPU-81ac6e96-0bfe-390d-beb1-241466569d6b, 0 %, 0 %, 39, 210 MHz, 405 MHz, 26.14 W, 480.00 W, 974 MiB
2026/10/09 01:36:00.598, 0, GPU-6c849b47-7111-9265-9d42-ff8eddc05a2d, 100 %, 0 %, 44, 2790 MHz, 10251 MHz, 109.97 W, 480.00 W, 974 MiB
2026/10/09 01:36:00.599, 1, GPU-81ac6e96-0bfe-390d-beb1-241466569d6b, 0 %, 0 %, 39, 210 MHz, 405 MHz, 26.23 W, 480.00 W, 974 MiB
2026/10/09 01:36:01.599, 0, GPU-6c849b47-7111-9265-9d42-ff8eddc05a2d, 100 %, 0 %, 65, 2775 MHz, 10251 MHz, 327.73 W, 480.00 W, 974 MiB
2026/10/09 01:36:01.600, 1, GPU-81ac6e96-0bfe-390d-beb1-241466569d6b, 0 %, 0 %, 39, 210 MHz, 405 MHz, 26.32 W, 480.00 W, 974 MiB
2026/10/09 01:36:02.601, 0, GPU-6c849b47-7111-9265-9d42-ff8eddc05a2d, 100 %, 0 %, 67, 2700 MHz, 10251 MHz, 427.68 W, 480.00 W, 974 MiB
2026/10/09 01:36:02.601, 1, GPU-81ac6e96-0bfe-390d-beb1-241466569d6b, 0 %, 0 %, 39, 210 MHz, 405 MHz, 26.31 W, 480.00 W, 974 MiB
2026/10/09 01:36:03.601, 0, GPU-6c849b47-7111-9265-9d42-ff8eddc05a2d, 100 %, 0 %, 67, 2610 MHz, 10251 MHz, 489.37 W, 480.00 W, 974 MiB
2026/10/09 01:36:03.602, 1, GPU-81ac6e96-0bfe-390d-beb1-241466569d6b, 0 %, 0 %, 39, 210 MHz, 405 MHz, 26.53 W, 480.00 W, 974 MiB
2026/10/09 01:36:04.602, 0, GPU-6c849b47-7111-9265-9d42-ff8eddc05a2d, 100 %, 0 %, 69, 2745 MHz, 10251 MHz, 469.83 W, 480.00 W, 974 MiB
2026/10/09 01:36:04.603, 1, GPU-81ac6e96-0bfe-390d-beb1-241466569d6b, 0 %, 0 %, 39, 210 MHz, 405 MHz, 26.79 W, 480.00 W, 974 MiB
2026/10/09 01:36:05.603, 0, GPU-6c849b47-7111-9265-9d42-ff8eddc05a2d, 100 %, 0 %, 63, 2745 MHz, 10251 MHz, 449.86 W, 480.00 W, 974 MiB
2026/10/09 01:36:05.604, 1, GPU-81ac6e96-0bfe-390d-beb1-241466569d6b, 0 %, 0 %, 39, 210 MHz, 405 MHz, 26.67 W, 480.00 W, 974 MiB
2026/10/09 01:36:06.604, 0, GPU-6c849b47-7111-9265-9d42-ff8eddc05a2d, 100 %, 0 %, 68, 2685 MHz, 10251 MHz, 475.59 W, 480.00 W, 974 MiB
2026/10/09 01:36:06.604, 1, GPU-81ac6e96-0bfe-390d-beb1-241466569d6b, 0 %, 0 %, 39, 210 MHz, 405 MHz, 26.71 W, 480.00 W, 974 MiB
2026/10/09 01:36:07.605, 0, GPU-6c849b47-7111-9265-9d42-ff8eddc05a2d, 100 %, 0 %, 69, 2760 MHz, 10251 MHz, 453.33 W, 480.00 W, 974 MiB
2026/10/09 01:36:07.605, 1, GPU-81ac6e96-0bfe-390d-beb1-241466569d6b, 0 %, 0 %, 39, 210 MHz, 405 MHz, 26.78 W, 480.00 W, 974 MiB
2026/10/09 01:36:08.606, 0, GPU-6c849b47-7111-9265-9d42-ff8eddc05a2d, 100 %, 0 %, 68, 2760 MHz, 10251 MHz, 471.26 W, 480.00 W, 974 MiB
2026/10/09 01:36:08.606, 1, GPU-81ac6e96-0bfe-390d-beb1-241466569d6b, 0 %, 0 %, 39, 210 MHz, 405 MHz, 26.75 W, 480.00 W, 974 MiB
2026/10/09 01:36:09.607, 0, GPU-6c849b47-7111-9265-9d42-ff8eddc05a2d, 100 %, 0 %, 69, 2715 MHz, 10251 MHz, 449.78 W, 480.00 W, 974 MiB
2026/10/09 01:36:09.607, 1, GPU-81ac6e96-0bfe-390d-beb1-241466569d6b, 0 %, 0 %, 39, 210 MHz, 405 MHz, 26.84 W, 480.00 W, 974 MiB
2026/10/09 01:36:10.621, 0, GPU-6c849b47-7111-9265-9d42-ff8eddc05a2d, 100 %, 0 %, 68, 2760 MHz, 10251 MHz, 444.30 W, 480.00 W, 974 MiB
2026/10/09 01:36:10.621, 1, GPU-81ac6e96-0bfe-390d-beb1-241466569d6b, 0 %, 0 %, 39, 210 MHz, 405 MHz, 26.80 W, 480.00 W, 974 MiB
2026/10/09 01:36:11.622, 0, GPU-6c849b47-7111-9265-9d42-ff8eddc05a2d, 100 %, 0 %, 69, 2760 MHz, 10251 MHz, 474.88 W, 480.00 W, 974 MiB
2026/10/09 01:36:11.622, 1, GPU-81ac6e96-0bfe-390d-beb1-241466569d6b, 0 %, 0 %, 39, 210 MHz, 405 MHz, 26.81 W, 480.00 W, 974 MiB
2026/10/09 01:36:12.623, 0, GPU-6c849b47-7111-9265-9d42-ff8eddc05a2d, 0 %, 0 %, 47, 2790 MHz, 10251 MHz, 186.68 W, 480.00 W, 974 MiB
2026/10/09 01:36:12.623, 1, GPU-81ac6e96-0bfe-390d-beb1-241466569d6b, 0 %, 0 %, 39, 210 MHz, 405 MHz, 26.56 W, 480.00 W, 974 MiB
2026/10/09 01:36:13.624, 0, GPU-6c849b47-7111-9265-9d42-ff8eddc05a2d, 100 %, 0 %, 64, 2730 MHz, 10251 MHz, 237.76 W, 480.00 W, 974 MiB
2026/10/09 01:36:13.624, 1, GPU-81ac6e96-0bfe-390d-beb1-241466569d6b, 0 %, 0 %, 39, 210 MHz, 405 MHz, 26.03 W, 480.00 W, 974 MiB
2026/10/09 01:36:14.625, 0, GPU-6c849b47-7111-9265-9d42-ff8eddc05a2d, 100 %, 0 %, 66, 2685 MHz, 10251 MHz, 437.03 W, 480.00 W, 974 MiB
2026/10/09 01:36:14.625, 1, GPU-81ac6e96-0bfe-390d-beb1-241466569d6b, 0 %, 0 %, 39, 210 MHz, 405 MHz, 26.09 W, 480.00 W, 974 MiB
2026/10/09 01:36:15.639, 0, GPU-6c849b47-7111-9265-9d42-ff8eddc05a2d, 100 %, 0 %, 69, 2610 MHz, 10251 MHz, 502.25 W, 480.00 W, 974 MiB
2026/10/09 01:36:15.640, 1, GPU-81ac6e96-0bfe-390d-beb1-241466569d6b, 0 %, 0 %, 39, 210 MHz, 405 MHz, 26.30 W, 480.00 W, 974 MiB
2026/10/09 01:36:16.640, 0, GPU-6c849b47-7111-9265-9d42-ff8eddc05a2d, 100 %, 0 %, 70, 2730 MHz, 10251 MHz, 460.43 W, 480.00 W, 974 MiB
2026/10/09 01:36:16.641, 1, GPU-81ac6e96-0bfe-390d-beb1-241466569d6b, 0 %, 0 %, 39, 210 MHz, 405 MHz, 26.44 W, 480.00 W, 974 MiB
2026/10/09 01:36:17.641, 0, GPU-6c849b47-7111-9265-9d42-ff8eddc05a2d, 100 %, 0 %, 69, 2760 MHz, 10251 MHz, 478.59 W, 480.00 W, 974 MiB
2026/10/09 01:36:17.642, 1, GPU-81ac6e96-0bfe-390d-beb1-241466569d6b, 0 %, 0 %, 39, 210 MHz, 405 MHz, 26.58 W, 480.00 W, 974 MiB
2026/10/09 01:36:18.642, 0, GPU-6c849b47-7111-9265-9d42-ff8eddc05a2d, 100 %, 0 %, 70, 2670 MHz, 10251 MHz, 464.29 W, 480.00 W, 974 MiB
2026/10/09 01:36:18.642, 1, GPU-81ac6e96-0bfe-390d-beb1-241466569d6b, 0 %, 0 %, 39, 210 MHz, 405 MHz, 26.51 W, 480.00 W, 974 MiB
2026/10/09 01:36:19.643, 0, GPU-6c849b47-7111-9265-9d42-ff8eddc05a2d, 100 %, 0 %, 68, 2745 MHz, 10251 MHz, 448.49 W, 480.00 W, 974 MiB
2026/10/09 01:36:19.657, 1, GPU-81ac6e96-0bfe-390d-beb1-241466569d6b, 0 %, 0 %, 39, 210 MHz, 405 MHz, 26.53 W, 480.00 W, 974 MiB
2026/10/09 01:36:20.658, 0, GPU-6c849b47-7111-9265-9d42-ff8eddc05a2d, 100 %, 0 %, 69, 2715 MHz, 10251 MHz, 481.22 W, 480.00 W, 974 MiB
2026/10/09 01:36:20.658, 1, GPU-81ac6e96-0bfe-390d-beb1-241466569d6b, 0 %, 0 %, 39, 210 MHz, 405 MHz, 26.64 W, 480.00 W, 974 MiB
2026/10/09 01:36:21.659, 0, GPU-6c849b47-7111-9265-9d42-ff8eddc05a2d, 100 %, 0 %, 69, 2760 MHz, 10251 MHz, 451.71 W, 480.00 W, 974 MiB
2026/10/09 01:36:21.659, 1, GPU-81ac6e96-0bfe-390d-beb1-241466569d6b, 0 %, 0 %, 39, 210 MHz, 405 MHz, 26.78 W, 480.00 W, 974 MiB
2026/10/09 01:36:22.660, 0, GPU-6c849b47-7111-9265-9d42-ff8eddc05a2d, 100 %, 0 %, 63, 2775 MHz, 10251 MHz, 445.73 W, 480.00 W, 974 MiB
2026/10/09 01:36:22.660, 1, GPU-81ac6e96-0bfe-390d-beb1-241466569d6b, 0 %, 0 %, 39, 210 MHz, 405 MHz, 26.84 W, 480.00 W, 974 MiB
2026/10/09 01:36:23.661, 0, GPU-6c849b47-7111-9265-9d42-ff8eddc05a2d, 100 %, 0 %, 69, 2760 MHz, 10251 MHz, 468.50 W, 480.00 W, 974 MiB
2026/10/09 01:36:23.661, 1, GPU-81ac6e96-0bfe-390d-beb1-241466569d6b, 0 %, 0 %, 39, 210 MHz, 405 MHz, 26.85 W, 480.00 W, 974 MiB
2026/10/09 01:36:24.661, 0, GPU-6c849b47-7111-9265-9d42-ff8eddc05a2d, 0 %, 0 %, 49, 2790 MHz, 10251 MHz, 270.10 W, 480.00 W, 974 MiB
2026/10/09 01:36:24.674, 1, GPU-81ac6e96-0bfe-390d-beb1-241466569d6b, 0 %, 0 %, 39, 210 MHz, 405 MHz, 26.83 W, 480.00 W, 974 MiB
2026/10/09 01:36:25.675, 0, GPU-6c849b47-7111-9265-9d42-ff8eddc05a2d, 100 %, 0 %, 56, 2775 MHz, 10251 MHz, 146.17 W, 480.00 W, 974 MiB
2026/10/09 01:36:25.675, 1, GPU-81ac6e96-0bfe-390d-beb1-241466569d6b, 0 %, 0 %, 39, 210 MHz, 405 MHz, 26.57 W, 480.00 W, 974 MiB
2026/10/09 01:36:26.676, 0, GPU-6c849b47-7111-9265-9d42-ff8eddc05a2d, 100 %, 0 %, 68, 2760 MHz, 10251 MHz, 452.26 W, 480.00 W, 974 MiB
2026/10/09 01:36:26.676, 1, GPU-81ac6e96-0bfe-390d-beb1-241466569d6b, 0 %, 0 %, 39, 210 MHz, 405 MHz, 26.52 W, 480.00 W, 974 MiB
2026/10/09 01:36:27.677, 0, GPU-6c849b47-7111-9265-9d42-ff8eddc05a2d, 100 %, 0 %, 71, 2610 MHz, 10251 MHz, 456.60 W, 480.00 W, 974 MiB
2026/10/09 01:36:27.677, 1, GPU-81ac6e96-0bfe-390d-beb1-241466569d6b, 0 %, 0 %, 39, 210 MHz, 405 MHz, 26.60 W, 480.00 W, 974 MiB
2026/10/09 01:36:28.678, 0, GPU-6c849b47-7111-9265-9d42-ff8eddc05a2d, 100 %, 0 %, 68, 2715 MHz, 10251 MHz, 453.80 W, 480.00 W, 974 MiB
2026/10/09 01:36:28.678, 1, GPU-81ac6e96-0bfe-390d-beb1-241466569d6b, 0 %, 0 %, 39, 210 MHz, 405 MHz, 26.39 W, 480.00 W, 974 MiB
2026/10/09 01:36:29.679, 0, GPU-6c849b47-7111-9265-9d42-ff8eddc05a2d, 100 %, 0 %, 68, 2670 MHz, 10251 MHz, 487.07 W, 480.00 W, 974 MiB
2026/10/09 01:36:29.679, 1, GPU-81ac6e96-0bfe-390d-beb1-241466569d6b, 0 %, 0 %, 39, 210 MHz, 405 MHz, 26.39 W, 480.00 W, 974 MiB
2026/10/09 01:36:30.680, 0, GPU-6c849b47-7111-9265-9d42-ff8eddc05a2d, 100 %, 0 %, 70, 2760 MHz, 10251 MHz, 460.72 W, 480.00 W, 974 MiB
2026/10/09 01:36:30.680, 1, GPU-81ac6e96-0bfe-390d-beb1-241466569d6b, 0 %, 0 %, 39, 210 MHz, 405 MHz, 26.60 W, 480.00 W, 974 MiB
2026/10/09 01:36:31.681, 0, GPU-6c849b47-7111-9265-9d42-ff8eddc05a2d, 100 %, 0 %, 66, 2760 MHz, 10251 MHz, 460.80 W, 480.00 W, 974 MiB
2026/10/09 01:36:31.681, 1, GPU-81ac6e96-0bfe-390d-beb1-241466569d6b, 0 %, 0 %, 39, 210 MHz, 405 MHz, 26.62 W, 480.00 W, 974 MiB
2026/10/09 01:36:32.695, 0, GPU-6c849b47-7111-9265-9d42-ff8eddc05a2d, 100 %, 0 %, 69, 2685 MHz, 10251 MHz, 459.39 W, 480.00 W, 974 MiB
2026/10/09 01:36:32.695, 1, GPU-81ac6e96-0bfe-390d-beb1-241466569d6b, 0 %, 0 %, 39, 210 MHz, 405 MHz, 26.53 W, 480.00 W, 974 MiB
2026/10/09 01:36:33.696, 0, GPU-6c849b47-7111-9265-9d42-ff8eddc05a2d, 100 %, 0 %, 69, 2760 MHz, 10251 MHz, 445.73 W, 480.00 W, 974 MiB
2026/10/09 01:36:33.696, 1, GPU-81ac6e96-0bfe-390d-beb1-241466569d6b, 0 %, 0 %, 39, 210 MHz, 405 MHz, 26.45 W, 480.00 W, 974 MiB
2026/10/09 01:36:34.697, 0, GPU-6c849b47-7111-9265-9d42-ff8eddc05a2d, 100 %, 0 %, 69, 2760 MHz, 10251 MHz, 478.00 W, 480.00 W, 974 MiB
2026/10/09 01:36:34.697, 1, GPU-81ac6e96-0bfe-390d-beb1-241466569d6b, 0 %, 0 %, 39, 210 MHz, 405 MHz, 26.31 W, 480.00 W, 974 MiB
2026/10/09 01:36:35.698, 0, GPU-6c849b47-7111-9265-9d42-ff8eddc05a2d, 100 %, 0 %, 69, 2760 MHz, 10251 MHz, 444.77 W, 480.00 W, 974 MiB
2026/10/09 01:36:35.698, 1, GPU-81ac6e96-0bfe-390d-beb1-241466569d6b, 0 %, 0 %, 39, 210 MHz, 405 MHz, 26.22 W, 480.00 W, 974 MiB
2026/10/09 01:36:36.698, 0, GPU-6c849b47-7111-9265-9d42-ff8eddc05a2d, 0 %, 0 %, 51, 2775 MHz, 10251 MHz, 368.13 W, 480.00 W, 974 MiB
2026/10/09 01:36:36.699, 1, GPU-81ac6e96-0bfe-390d-beb1-241466569d6b, 0 %, 0 %, 39, 210 MHz, 405 MHz, 26.14 W, 480.00 W, 974 MiB
2026/10/09 01:36:37.700, 0, GPU-6c849b47-7111-9265-9d42-ff8eddc05a2d, 0 %, 0 %, 46, 2790 MHz, 10251 MHz, 95.55 W, 480.00 W, 974 MiB
2026/10/09 01:36:37.700, 1, GPU-81ac6e96-0bfe-390d-beb1-241466569d6b, 0 %, 0 %, 39, 210 MHz, 405 MHz, 26.22 W, 480.00 W, 974 MiB
2026/10/09 01:36:38.701, 0, GPU-6c849b47-7111-9265-9d42-ff8eddc05a2d, 100 %, 0 %, 67, 2775 MHz, 10251 MHz, 373.42 W, 480.00 W, 974 MiB
2026/10/09 01:36:38.701, 1, GPU-81ac6e96-0bfe-390d-beb1-241466569d6b, 0 %, 0 %, 39, 210 MHz, 405 MHz, 26.39 W, 480.00 W, 974 MiB
2026/10/09 01:36:39.702, 0, GPU-6c849b47-7111-9265-9d42-ff8eddc05a2d, 100 %, 0 %, 70, 2685 MHz, 10251 MHz, 439.87 W, 480.00 W, 974 MiB
2026/10/09 01:36:39.702, 1, GPU-81ac6e96-0bfe-390d-beb1-241466569d6b, 0 %, 0 %, 39, 210 MHz, 405 MHz, 26.57 W, 480.00 W, 974 MiB
2026/10/09 01:36:40.702, 0, GPU-6c849b47-7111-9265-9d42-ff8eddc05a2d, 100 %, 0 %, 67, 2760 MHz, 10251 MHz, 480.64 W, 480.00 W, 974 MiB
2026/10/09 01:36:40.703, 1, GPU-81ac6e96-0bfe-390d-beb1-241466569d6b, 0 %, 0 %, 39, 210 MHz, 405 MHz, 26.84 W, 480.00 W, 974 MiB
2026/10/09 01:36:41.704, 0, GPU-6c849b47-7111-9265-9d42-ff8eddc05a2d, 100 %, 0 %, 69, 2640 MHz, 10251 MHz, 472.91 W, 480.00 W, 974 MiB
2026/10/09 01:36:41.704, 1, GPU-81ac6e96-0bfe-390d-beb1-241466569d6b, 0 %, 0 %, 39, 210 MHz, 405 MHz, 27.09 W, 480.00 W, 974 MiB
2026/10/09 01:36:42.735, 0, GPU-6c849b47-7111-9265-9d42-ff8eddc05a2d, 100 %, 0 %, 69, 2745 MHz, 10251 MHz, 450.53 W, 480.00 W, 974 MiB
2026/10/09 01:36:42.736, 1, GPU-81ac6e96-0bfe-390d-beb1-241466569d6b, 0 %, 0 %, 39, 210 MHz, 405 MHz, 27.10 W, 480.00 W, 974 MiB
2026/10/09 01:36:43.736, 0, GPU-6c849b47-7111-9265-9d42-ff8eddc05a2d, 100 %, 0 %, 69, 2685 MHz, 10251 MHz, 484.47 W, 480.00 W, 974 MiB
2026/10/09 01:36:43.737, 1, GPU-81ac6e96-0bfe-390d-beb1-241466569d6b, 0 %, 0 %, 39, 210 MHz, 405 MHz, 26.86 W, 480.00 W, 974 MiB
2026/10/09 01:36:44.737, 0, GPU-6c849b47-7111-9265-9d42-ff8eddc05a2d, 100 %, 0 %, 69, 2760 MHz, 10251 MHz, 452.89 W, 480.00 W, 974 MiB
2026/10/09 01:36:44.738, 1, GPU-81ac6e96-0bfe-390d-beb1-241466569d6b, 0 %, 0 %, 39, 210 MHz, 405 MHz, 26.59 W, 480.00 W, 974 MiB
2026/10/09 01:36:45.738, 0, GPU-6c849b47-7111-9265-9d42-ff8eddc05a2d, 100 %, 0 %, 62, 2775 MHz, 10251 MHz, 447.44 W, 480.00 W, 974 MiB
2026/10/09 01:36:45.738, 1, GPU-81ac6e96-0bfe-390d-beb1-241466569d6b, 0 %, 0 %, 39, 210 MHz, 405 MHz, 26.55 W, 480.00 W, 974 MiB
2026/10/09 01:36:46.739, 0, GPU-6c849b47-7111-9265-9d42-ff8eddc05a2d, 100 %, 0 %, 69, 2730 MHz, 10251 MHz, 463.04 W, 480.00 W, 974 MiB
2026/10/09 01:36:46.739, 1, GPU-81ac6e96-0bfe-390d-beb1-241466569d6b, 0 %, 0 %, 39, 210 MHz, 405 MHz, 26.76 W, 480.00 W, 974 MiB
2026/10/09 01:36:47.740, 0, GPU-6c849b47-7111-9265-9d42-ff8eddc05a2d, 100 %, 0 %, 69, 2760 MHz, 10251 MHz, 446.23 W, 480.00 W, 974 MiB
2026/10/09 01:36:47.740, 1, GPU-81ac6e96-0bfe-390d-beb1-241466569d6b, 0 %, 0 %, 39, 210 MHz, 405 MHz, 26.88 W, 480.00 W, 974 MiB
2026/10/09 01:36:48.741, 0, GPU-6c849b47-7111-9265-9d42-ff8eddc05a2d, 100 %, 0 %, 63, 2760 MHz, 10251 MHz, 467.38 W, 480.00 W, 974 MiB
2026/10/09 01:36:48.741, 1, GPU-81ac6e96-0bfe-390d-beb1-241466569d6b, 0 %, 0 %, 39, 210 MHz, 405 MHz, 26.94 W, 480.00 W, 974 MiB
2026/10/09 01:36:49.742, 0, GPU-6c849b47-7111-9265-9d42-ff8eddc05a2d, 0 %, 0 %, 47, 2790 MHz, 10251 MHz, 137.45 W, 480.00 W, 974 MiB
2026/10/09 01:36:49.742, 1, GPU-81ac6e96-0bfe-390d-beb1-241466569d6b, 0 %, 0 %, 39, 210 MHz, 405 MHz, 26.88 W, 480.00 W, 974 MiB
2026/10/09 01:36:50.743, 0, GPU-6c849b47-7111-9265-9d42-ff8eddc05a2d, 0 %, 0 %, 46, 2790 MHz, 10251 MHz, 95.57 W, 480.00 W, 974 MiB
2026/10/09 01:36:50.743, 1, GPU-81ac6e96-0bfe-390d-beb1-241466569d6b, 0 %, 0 %, 39, 210 MHz, 405 MHz, 26.56 W, 480.00 W, 974 MiB
2026/10/09 01:36:51.744, 0, GPU-6c849b47-7111-9265-9d42-ff8eddc05a2d, 0 %, 0 %, 45, 2625 MHz, 10251 MHz, 86.06 W, 480.00 W, 974 MiB
2026/10/09 01:36:51.744, 1, GPU-81ac6e96-0bfe-390d-beb1-241466569d6b, 0 %, 0 %, 39, 210 MHz, 405 MHz, 26.29 W, 480.00 W, 974 MiB
2026/10/09 01:36:52.745, 0, GPU-6c849b47-7111-9265-9d42-ff8eddc05a2d, 0 %, 0 %, 44, 2625 MHz, 10251 MHz, 83.98 W, 480.00 W, 974 MiB
2026/10/09 01:36:52.745, 1, GPU-81ac6e96-0bfe-390d-beb1-241466569d6b, 0 %, 0 %, 39, 210 MHz, 405 MHz, 26.44 W, 480.00 W, 974 MiB
2026/10/09 01:36:53.746, 0, GPU-6c849b47-7111-9265-9d42-ff8eddc05a2d, 0 %, 0 %, 44, 2625 MHz, 10251 MHz, 82.53 W, 480.00 W, 974 MiB
2026/10/09 01:36:53.746, 1, GPU-81ac6e96-0bfe-390d-beb1-241466569d6b, 0 %, 0 %, 39, 210 MHz, 405 MHz, 26.87 W, 480.00 W, 974 MiB
2026/10/09 01:36:54.747, 0, GPU-6c849b47-7111-9265-9d42-ff8eddc05a2d, 0 %, 0 %, 44, 2625 MHz, 10251 MHz, 82.15 W, 480.00 W, 974 MiB
2026/10/09 01:36:54.747, 1, GPU-81ac6e96-0bfe-390d-beb1-241466569d6b, 100 %, 0 %, 43, 2805 MHz, 10251 MHz, 72.89 W, 480.00 W, 974 MiB
2026/10/09 01:36:55.747, 0, GPU-6c849b47-7111-9265-9d42-ff8eddc05a2d, 0 %, 0 %, 43, 2625 MHz, 10251 MHz, 81.84 W, 480.00 W, 974 MiB
2026/10/09 01:36:55.748, 1, GPU-81ac6e96-0bfe-390d-beb1-241466569d6b, 100 %, 0 %, 44, 2805 MHz, 10251 MHz, 106.53 W, 480.00 W, 974 MiB
2026/10/09 01:36:56.748, 0, GPU-6c849b47-7111-9265-9d42-ff8eddc05a2d, 0 %, 0 %, 43, 2625 MHz, 10251 MHz, 81.66 W, 480.00 W, 974 MiB
2026/10/09 01:36:56.748, 1, GPU-81ac6e96-0bfe-390d-beb1-241466569d6b, 100 %, 0 %, 67, 2775 MHz, 10251 MHz, 351.95 W, 480.00 W, 974 MiB
2026/10/09 01:36:57.749, 0, GPU-6c849b47-7111-9265-9d42-ff8eddc05a2d, 0 %, 0 %, 43, 2625 MHz, 10251 MHz, 81.61 W, 480.00 W, 974 MiB
2026/10/09 01:36:57.749, 1, GPU-81ac6e96-0bfe-390d-beb1-241466569d6b, 100 %, 0 %, 68, 2700 MHz, 10251 MHz, 446.16 W, 480.00 W, 974 MiB
2026/10/09 01:36:58.750, 0, GPU-6c849b47-7111-9265-9d42-ff8eddc05a2d, 0 %, 0 %, 43, 2625 MHz, 10251 MHz, 81.51 W, 480.00 W, 974 MiB
2026/10/09 01:36:58.750, 1, GPU-81ac6e96-0bfe-390d-beb1-241466569d6b, 100 %, 0 %, 61, 2745 MHz, 10251 MHz, 482.07 W, 480.00 W, 974 MiB
2026/10/09 01:36:59.764, 0, GPU-6c849b47-7111-9265-9d42-ff8eddc05a2d, 0 %, 0 %, 43, 2625 MHz, 10251 MHz, 81.47 W, 480.00 W, 974 MiB
2026/10/09 01:36:59.764, 1, GPU-81ac6e96-0bfe-390d-beb1-241466569d6b, 100 %, 0 %, 62, 2730 MHz, 10251 MHz, 468.44 W, 480.00 W, 974 MiB
2026/10/09 01:37:00.765, 0, GPU-6c849b47-7111-9265-9d42-ff8eddc05a2d, 0 %, 0 %, 43, 2625 MHz, 10251 MHz, 81.41 W, 480.00 W, 974 MiB
2026/10/09 01:37:00.765, 1, GPU-81ac6e96-0bfe-390d-beb1-241466569d6b, 100 %, 0 %, 60, 2775 MHz, 10251 MHz, 449.29 W, 480.00 W, 974 MiB
2026/10/09 01:37:01.766, 0, GPU-6c849b47-7111-9265-9d42-ff8eddc05a2d, 0 %, 0 %, 43, 2625 MHz, 10251 MHz, 81.36 W, 480.00 W, 974 MiB
2026/10/09 01:37:01.766, 1, GPU-81ac6e96-0bfe-390d-beb1-241466569d6b, 100 %, 0 %, 61, 2730 MHz, 10251 MHz, 481.93 W, 480.00 W, 974 MiB
2026/10/09 01:37:02.766, 0, GPU-6c849b47-7111-9265-9d42-ff8eddc05a2d, 0 %, 0 %, 43, 2625 MHz, 10251 MHz, 81.31 W, 480.00 W, 974 MiB
2026/10/09 01:37:02.767, 1, GPU-81ac6e96-0bfe-390d-beb1-241466569d6b, 100 %, 0 %, 61, 2790 MHz, 10251 MHz, 452.71 W, 480.00 W, 974 MiB
2026/10/09 01:37:03.767, 0, GPU-6c849b47-7111-9265-9d42-ff8eddc05a2d, 0 %, 0 %, 43, 2625 MHz, 10251 MHz, 81.25 W, 480.00 W, 974 MiB
2026/10/09 01:37:03.767, 1, GPU-81ac6e96-0bfe-390d-beb1-241466569d6b, 100 %, 0 %, 52, 2790 MHz, 10251 MHz, 445.42 W, 480.00 W, 974 MiB
2026/10/09 01:37:04.768, 0, GPU-6c849b47-7111-9265-9d42-ff8eddc05a2d, 0 %, 0 %, 43, 2625 MHz, 10251 MHz, 81.33 W, 480.00 W, 974 MiB
2026/10/09 01:37:04.768, 1, GPU-81ac6e96-0bfe-390d-beb1-241466569d6b, 100 %, 0 %, 61, 2790 MHz, 10251 MHz, 462.53 W, 480.00 W, 974 MiB
2026/10/09 01:37:05.768, 0, GPU-6c849b47-7111-9265-9d42-ff8eddc05a2d, 0 %, 0 %, 43, 2625 MHz, 10251 MHz, 81.37 W, 480.00 W, 974 MiB
2026/10/09 01:37:05.769, 1, GPU-81ac6e96-0bfe-390d-beb1-241466569d6b, 100 %, 0 %, 60, 2790 MHz, 10251 MHz, 437.28 W, 480.00 W, 974 MiB
2026/10/09 01:37:06.769, 0, GPU-6c849b47-7111-9265-9d42-ff8eddc05a2d, 0 %, 0 %, 43, 2625 MHz, 10251 MHz, 81.31 W, 480.00 W, 974 MiB
2026/10/09 01:37:06.770, 1, GPU-81ac6e96-0bfe-390d-beb1-241466569d6b, 100 %, 0 %, 57, 2790 MHz, 10251 MHz, 454.23 W, 480.00 W, 974 MiB
2026/10/09 01:37:07.770, 0, GPU-6c849b47-7111-9265-9d42-ff8eddc05a2d, 0 %, 0 %, 42, 390 MHz, 810 MHz, 70.15 W, 480.00 W, 974 MiB
2026/10/09 01:37:07.771, 1, GPU-81ac6e96-0bfe-390d-beb1-241466569d6b, 0 %, 0 %, 41, 2805 MHz, 10251 MHz, 113.38 W, 480.00 W, 974 MiB
2026/10/09 01:37:08.771, 0, GPU-6c849b47-7111-9265-9d42-ff8eddc05a2d, 0 %, 0 %, 41, 255 MHz, 405 MHz, 50.50 W, 480.00 W, 974 MiB
2026/10/09 01:37:08.772, 1, GPU-81ac6e96-0bfe-390d-beb1-241466569d6b, 0 %, 0 %, 41, 2805 MHz, 10251 MHz, 82.96 W, 480.00 W, 974 MiB
2026/10/09 01:37:09.772, 0, GPU-6c849b47-7111-9265-9d42-ff8eddc05a2d, 0 %, 0 %, 41, 210 MHz, 405 MHz, 40.87 W, 480.00 W, 974 MiB
2026/10/09 01:37:09.773, 1, GPU-81ac6e96-0bfe-390d-beb1-241466569d6b, 100 %, 0 %, 57, 2790 MHz, 10251 MHz, 274.22 W, 480.00 W, 974 MiB
2026/10/09 01:37:10.773, 0, GPU-6c849b47-7111-9265-9d42-ff8eddc05a2d, 0 %, 0 %, 41, 210 MHz, 405 MHz, 38.97 W, 480.00 W, 974 MiB
2026/10/09 01:37:10.774, 1, GPU-81ac6e96-0bfe-390d-beb1-241466569d6b, 100 %, 0 %, 62, 2730 MHz, 10251 MHz, 443.81 W, 480.00 W, 974 MiB
2026/10/09 01:37:11.774, 0, GPU-6c849b47-7111-9265-9d42-ff8eddc05a2d, 0 %, 0 %, 41, 210 MHz, 405 MHz, 38.65 W, 480.00 W, 974 MiB
2026/10/09 01:37:11.774, 1, GPU-81ac6e96-0bfe-390d-beb1-241466569d6b, 100 %, 0 %, 61, 2760 MHz, 10251 MHz, 482.68 W, 480.00 W, 974 MiB
2026/10/09 01:37:12.775, 0, GPU-6c849b47-7111-9265-9d42-ff8eddc05a2d, 0 %, 0 %, 41, 210 MHz, 405 MHz, 38.99 W, 480.00 W, 974 MiB
2026/10/09 01:37:12.775, 1, GPU-81ac6e96-0bfe-390d-beb1-241466569d6b, 100 %, 0 %, 62, 2700 MHz, 10251 MHz, 473.00 W, 480.00 W, 974 MiB
2026/10/09 01:37:13.776, 0, GPU-6c849b47-7111-9265-9d42-ff8eddc05a2d, 0 %, 0 %, 41, 210 MHz, 405 MHz, 38.78 W, 480.00 W, 974 MiB
2026/10/09 01:37:13.776, 1, GPU-81ac6e96-0bfe-390d-beb1-241466569d6b, 100 %, 0 %, 61, 2775 MHz, 10251 MHz, 449.47 W, 480.00 W, 974 MiB
2026/10/09 01:37:14.777, 0, GPU-6c849b47-7111-9265-9d42-ff8eddc05a2d, 0 %, 0 %, 41, 210 MHz, 405 MHz, 38.68 W, 480.00 W, 974 MiB
2026/10/09 01:37:14.778, 1, GPU-81ac6e96-0bfe-390d-beb1-241466569d6b, 100 %, 0 %, 61, 2730 MHz, 10251 MHz, 482.02 W, 480.00 W, 974 MiB
2026/10/09 01:37:15.778, 0, GPU-6c849b47-7111-9265-9d42-ff8eddc05a2d, 0 %, 0 %, 41, 210 MHz, 405 MHz, 38.75 W, 480.00 W, 974 MiB
2026/10/09 01:37:15.779, 1, GPU-81ac6e96-0bfe-390d-beb1-241466569d6b, 100 %, 0 %, 62, 2790 MHz, 10251 MHz, 453.82 W, 480.00 W, 974 MiB
2026/10/09 01:37:16.779, 0, GPU-6c849b47-7111-9265-9d42-ff8eddc05a2d, 0 %, 0 %, 41, 210 MHz, 405 MHz, 38.77 W, 480.00 W, 974 MiB
2026/10/09 01:37:16.780, 1, GPU-81ac6e96-0bfe-390d-beb1-241466569d6b, 100 %, 0 %, 54, 2790 MHz, 10251 MHz, 445.12 W, 480.00 W, 974 MiB
2026/10/09 01:37:17.780, 0, GPU-6c849b47-7111-9265-9d42-ff8eddc05a2d, 0 %, 0 %, 41, 210 MHz, 405 MHz, 38.80 W, 480.00 W, 974 MiB
2026/10/09 01:37:17.781, 1, GPU-81ac6e96-0bfe-390d-beb1-241466569d6b, 100 %, 0 %, 62, 2760 MHz, 10251 MHz, 460.71 W, 480.00 W, 974 MiB
2026/10/09 01:37:18.781, 0, GPU-6c849b47-7111-9265-9d42-ff8eddc05a2d, 0 %, 0 %, 41, 210 MHz, 405 MHz, 39.00 W, 480.00 W, 974 MiB
2026/10/09 01:37:18.782, 1, GPU-81ac6e96-0bfe-390d-beb1-241466569d6b, 100 %, 0 %, 62, 2790 MHz, 10251 MHz, 444.69 W, 480.00 W, 974 MiB
2026/10/09 01:37:19.782, 0, GPU-6c849b47-7111-9265-9d42-ff8eddc05a2d, 0 %, 0 %, 41, 210 MHz, 405 MHz, 39.12 W, 480.00 W, 974 MiB
2026/10/09 01:37:19.783, 1, GPU-81ac6e96-0bfe-390d-beb1-241466569d6b, 100 %, 0 %, 59, 2790 MHz, 10251 MHz, 457.41 W, 480.00 W, 974 MiB
2026/10/09 01:37:20.783, 0, GPU-6c849b47-7111-9265-9d42-ff8eddc05a2d, 0 %, 0 %, 41, 210 MHz, 405 MHz, 38.90 W, 480.00 W, 974 MiB
2026/10/09 01:37:20.785, 1, GPU-81ac6e96-0bfe-390d-beb1-241466569d6b, 0 %, 0 %, 43, 2805 MHz, 10251 MHz, 117.39 W, 480.00 W, 974 MiB
2026/10/09 01:37:21.786, 0, GPU-6c849b47-7111-9265-9d42-ff8eddc05a2d, 0 %, 0 %, 41, 210 MHz, 405 MHz, 38.73 W, 480.00 W, 974 MiB
2026/10/09 01:37:21.786, 1, GPU-81ac6e96-0bfe-390d-beb1-241466569d6b, 0 %, 0 %, 43, 2805 MHz, 10251 MHz, 83.04 W, 480.00 W, 974 MiB
2026/10/09 01:37:22.787, 0, GPU-6c849b47-7111-9265-9d42-ff8eddc05a2d, 0 %, 0 %, 41, 210 MHz, 405 MHz, 38.86 W, 480.00 W, 974 MiB
2026/10/09 01:37:22.787, 1, GPU-81ac6e96-0bfe-390d-beb1-241466569d6b, 100 %, 0 %, 61, 2790 MHz, 10251 MHz, 265.79 W, 480.00 W, 974 MiB
2026/10/09 01:37:23.788, 0, GPU-6c849b47-7111-9265-9d42-ff8eddc05a2d, 0 %, 0 %, 41, 210 MHz, 405 MHz, 38.98 W, 480.00 W, 974 MiB
2026/10/09 01:37:23.788, 1, GPU-81ac6e96-0bfe-390d-beb1-241466569d6b, 100 %, 0 %, 64, 2715 MHz, 10251 MHz, 438.88 W, 480.00 W, 974 MiB
2026/10/09 01:37:24.789, 0, GPU-6c849b47-7111-9265-9d42-ff8eddc05a2d, 0 %, 0 %, 41, 210 MHz, 405 MHz, 39.04 W, 480.00 W, 974 MiB
2026/10/09 01:37:24.789, 1, GPU-81ac6e96-0bfe-390d-beb1-241466569d6b, 100 %, 0 %, 62, 2685 MHz, 10251 MHz, 485.54 W, 480.00 W, 974 MiB
2026/10/09 01:37:25.790, 0, GPU-6c849b47-7111-9265-9d42-ff8eddc05a2d, 0 %, 0 %, 41, 210 MHz, 405 MHz, 38.94 W, 480.00 W, 974 MiB
2026/10/09 01:37:25.790, 1, GPU-81ac6e96-0bfe-390d-beb1-241466569d6b, 100 %, 0 %, 64, 2760 MHz, 10251 MHz, 468.46 W, 480.00 W, 974 MiB
2026/10/09 01:37:26.791, 0, GPU-6c849b47-7111-9265-9d42-ff8eddc05a2d, 0 %, 0 %, 41, 210 MHz, 405 MHz, 38.66 W, 480.00 W, 974 MiB
2026/10/09 01:37:26.791, 1, GPU-81ac6e96-0bfe-390d-beb1-241466569d6b, 100 %, 0 %, 62, 2760 MHz, 10251 MHz, 445.49 W, 480.00 W, 974 MiB
2026/10/09 01:37:27.792, 0, GPU-6c849b47-7111-9265-9d42-ff8eddc05a2d, 0 %, 0 %, 40, 210 MHz, 405 MHz, 38.45 W, 480.00 W, 974 MiB
2026/10/09 01:37:27.792, 1, GPU-81ac6e96-0bfe-390d-beb1-241466569d6b, 100 %, 0 %, 63, 2700 MHz, 10251 MHz, 483.55 W, 480.00 W, 974 MiB
2026/10/09 01:37:28.806, 0, GPU-6c849b47-7111-9265-9d42-ff8eddc05a2d, 0 %, 0 %, 40, 210 MHz, 405 MHz, 38.26 W, 480.00 W, 974 MiB
2026/10/09 01:37:28.807, 1, GPU-81ac6e96-0bfe-390d-beb1-241466569d6b, 100 %, 0 %, 64, 2790 MHz, 10251 MHz, 451.15 W, 480.00 W, 974 MiB
2026/10/09 01:37:29.807, 0, GPU-6c849b47-7111-9265-9d42-ff8eddc05a2d, 0 %, 0 %, 40, 210 MHz, 405 MHz, 38.25 W, 480.00 W, 974 MiB
2026/10/09 01:37:29.808, 1, GPU-81ac6e96-0bfe-390d-beb1-241466569d6b, 100 %, 0 %, 60, 2790 MHz, 10251 MHz, 453.40 W, 480.00 W, 974 MiB
2026/10/09 01:37:30.808, 0, GPU-6c849b47-7111-9265-9d42-ff8eddc05a2d, 0 %, 0 %, 40, 210 MHz, 405 MHz, 38.34 W, 480.00 W, 974 MiB
2026/10/09 01:37:30.809, 1, GPU-81ac6e96-0bfe-390d-beb1-241466569d6b, 100 %, 0 %, 64, 2745 MHz, 10251 MHz, 453.03 W, 480.00 W, 974 MiB
2026/10/09 01:37:31.809, 0, GPU-6c849b47-7111-9265-9d42-ff8eddc05a2d, 0 %, 0 %, 40, 210 MHz, 405 MHz, 37.88 W, 480.00 W, 974 MiB
2026/10/09 01:37:31.810, 1, GPU-81ac6e96-0bfe-390d-beb1-241466569d6b, 100 %, 0 %, 63, 2775 MHz, 10251 MHz, 444.30 W, 480.00 W, 974 MiB
2026/10/09 01:37:32.810, 0, GPU-6c849b47-7111-9265-9d42-ff8eddc05a2d, 0 %, 0 %, 40, 210 MHz, 405 MHz, 37.63 W, 480.00 W, 974 MiB
2026/10/09 01:37:32.821, 1, GPU-81ac6e96-0bfe-390d-beb1-241466569d6b, 100 %, 0 %, 63, 2775 MHz, 10251 MHz, 470.37 W, 480.00 W, 974 MiB
2026/10/09 01:37:33.835, 0, GPU-6c849b47-7111-9265-9d42-ff8eddc05a2d, 0 %, 0 %, 40, 210 MHz, 405 MHz, 37.89 W, 480.00 W, 974 MiB
2026/10/09 01:37:33.836, 1, GPU-81ac6e96-0bfe-390d-beb1-241466569d6b, 0 %, 0 %, 45, 2805 MHz, 10251 MHz, 145.25 W, 480.00 W, 974 MiB
2026/10/09 01:37:34.836, 0, GPU-6c849b47-7111-9265-9d42-ff8eddc05a2d, 0 %, 0 %, 40, 210 MHz, 405 MHz, 38.25 W, 480.00 W, 974 MiB
2026/10/09 01:37:34.837, 1, GPU-81ac6e96-0bfe-390d-beb1-241466569d6b, 0 %, 0 %, 44, 2805 MHz, 10251 MHz, 83.43 W, 480.00 W, 974 MiB
2026/10/09 01:37:35.837, 0, GPU-6c849b47-7111-9265-9d42-ff8eddc05a2d, 0 %, 0 %, 40, 210 MHz, 405 MHz, 38.31 W, 480.00 W, 974 MiB
2026/10/09 01:37:35.838, 1, GPU-81ac6e96-0bfe-390d-beb1-241466569d6b, 100 %, 0 %, 63, 2730 MHz, 10251 MHz, 250.97 W, 480.00 W, 974 MiB
2026/10/09 01:37:36.838, 0, GPU-6c849b47-7111-9265-9d42-ff8eddc05a2d, 0 %, 0 %, 40, 210 MHz, 405 MHz, 38.30 W, 480.00 W, 974 MiB
2026/10/09 01:37:36.839, 1, GPU-81ac6e96-0bfe-390d-beb1-241466569d6b, 100 %, 0 %, 63, 2715 MHz, 10251 MHz, 428.26 W, 480.00 W, 974 MiB
2026/10/09 01:37:37.839, 0, GPU-6c849b47-7111-9265-9d42-ff8eddc05a2d, 0 %, 0 %, 40, 210 MHz, 405 MHz, 38.55 W, 480.00 W, 974 MiB
2026/10/09 01:37:37.840, 1, GPU-81ac6e96-0bfe-390d-beb1-241466569d6b, 100 %, 0 %, 63, 2640 MHz, 10251 MHz, 491.67 W, 480.00 W, 974 MiB
2026/10/09 01:37:38.840, 0, GPU-6c849b47-7111-9265-9d42-ff8eddc05a2d, 0 %, 0 %, 40, 210 MHz, 405 MHz, 38.36 W, 480.00 W, 974 MiB
2026/10/09 01:37:38.841, 1, GPU-81ac6e96-0bfe-390d-beb1-241466569d6b, 100 %, 0 %, 65, 2745 MHz, 10251 MHz, 466.21 W, 480.00 W, 974 MiB
2026/10/09 01:37:39.841, 0, GPU-6c849b47-7111-9265-9d42-ff8eddc05a2d, 0 %, 0 %, 40, 210 MHz, 405 MHz, 38.07 W, 480.00 W, 974 MiB
2026/10/09 01:37:39.842, 1, GPU-81ac6e96-0bfe-390d-beb1-241466569d6b, 100 %, 0 %, 61, 2775 MHz, 10251 MHz, 457.54 W, 480.00 W, 974 MiB
2026/10/09 01:37:40.842, 0, GPU-6c849b47-7111-9265-9d42-ff8eddc05a2d, 0 %, 0 %, 40, 210 MHz, 405 MHz, 37.98 W, 480.00 W, 974 MiB
2026/10/09 01:37:40.842, 1, GPU-81ac6e96-0bfe-390d-beb1-241466569d6b, 100 %, 0 %, 64, 2700 MHz, 10251 MHz, 465.66 W, 480.00 W, 974 MiB
2026/10/09 01:37:41.843, 0, GPU-6c849b47-7111-9265-9d42-ff8eddc05a2d, 0 %, 0 %, 39, 210 MHz, 405 MHz, 38.07 W, 480.00 W, 974 MiB
2026/10/09 01:37:41.843, 1, GPU-81ac6e96-0bfe-390d-beb1-241466569d6b, 100 %, 0 %, 64, 2775 MHz, 10251 MHz, 447.68 W, 480.00 W, 974 MiB
2026/10/09 01:37:42.844, 0, GPU-6c849b47-7111-9265-9d42-ff8eddc05a2d, 0 %, 0 %, 39, 210 MHz, 405 MHz, 38.24 W, 480.00 W, 974 MiB
2026/10/09 01:37:42.844, 1, GPU-81ac6e96-0bfe-390d-beb1-241466569d6b, 100 %, 0 %, 65, 2775 MHz, 10251 MHz, 477.29 W, 480.00 W, 974 MiB
2026/10/09 01:37:43.845, 0, GPU-6c849b47-7111-9265-9d42-ff8eddc05a2d, 0 %, 0 %, 39, 210 MHz, 405 MHz, 38.20 W, 480.00 W, 974 MiB
2026/10/09 01:37:43.845, 1, GPU-81ac6e96-0bfe-390d-beb1-241466569d6b, 100 %, 0 %, 65, 2775 MHz, 10251 MHz, 449.78 W, 480.00 W, 974 MiB
2026/10/09 01:37:44.859, 0, GPU-6c849b47-7111-9265-9d42-ff8eddc05a2d, 0 %, 0 %, 39, 210 MHz, 405 MHz, 38.12 W, 480.00 W, 974 MiB
2026/10/09 01:37:44.860, 1, GPU-81ac6e96-0bfe-390d-beb1-241466569d6b, 100 %, 0 %, 64, 2775 MHz, 10251 MHz, 445.07 W, 480.00 W, 974 MiB
2026/10/09 01:37:45.860, 0, GPU-6c849b47-7111-9265-9d42-ff8eddc05a2d, 0 %, 0 %, 39, 210 MHz, 405 MHz, 38.20 W, 480.00 W, 974 MiB
2026/10/09 01:37:45.860, 1, GPU-81ac6e96-0bfe-390d-beb1-241466569d6b, 100 %, 0 %, 65, 2775 MHz, 10251 MHz, 475.46 W, 480.00 W, 974 MiB
2026/10/09 01:37:46.861, 0, GPU-6c849b47-7111-9265-9d42-ff8eddc05a2d, 0 %, 0 %, 39, 210 MHz, 405 MHz, 38.09 W, 480.00 W, 974 MiB
2026/10/09 01:37:46.861, 1, GPU-81ac6e96-0bfe-390d-beb1-241466569d6b, 0 %, 0 %, 46, 2805 MHz, 10251 MHz, 201.74 W, 480.00 W, 974 MiB
2026/10/09 01:37:47.862, 0, GPU-6c849b47-7111-9265-9d42-ff8eddc05a2d, 0 %, 0 %, 39, 210 MHz, 405 MHz, 37.75 W, 480.00 W, 974 MiB
2026/10/09 01:37:47.862, 1, GPU-81ac6e96-0bfe-390d-beb1-241466569d6b, 0 %, 0 %, 45, 2805 MHz, 10251 MHz, 84.18 W, 480.00 W, 974 MiB
2026/10/09 01:37:48.863, 0, GPU-6c849b47-7111-9265-9d42-ff8eddc05a2d, 0 %, 0 %, 39, 210 MHz, 405 MHz, 37.57 W, 480.00 W, 974 MiB
2026/10/09 01:37:48.863, 1, GPU-81ac6e96-0bfe-390d-beb1-241466569d6b, 0 %, 0 %, 44, 2625 MHz, 10251 MHz, 75.06 W, 480.00 W, 974 MiB
2026/10/09 01:37:49.864, 0, GPU-6c849b47-7111-9265-9d42-ff8eddc05a2d, 0 %, 0 %, 39, 210 MHz, 405 MHz, 37.39 W, 480.00 W, 974 MiB
2026/10/09 01:37:49.865, 1, GPU-81ac6e96-0bfe-390d-beb1-241466569d6b, 0 %, 0 %, 44, 2625 MHz, 10251 MHz, 74.61 W, 480.00 W, 974 MiB
2026/10/09 01:37:50.865, 0, GPU-6c849b47-7111-9265-9d42-ff8eddc05a2d, 0 %, 0 %, 39, 210 MHz, 405 MHz, 37.38 W, 480.00 W, 974 MiB
2026/10/09 01:37:50.866, 1, GPU-81ac6e96-0bfe-390d-beb1-241466569d6b, 0 %, 0 %, 44, 2625 MHz, 10251 MHz, 75.07 W, 480.00 W, 974 MiB
2026/10/09 01:37:51.866, 0, GPU-6c849b47-7111-9265-9d42-ff8eddc05a2d, 0 %, 0 %, 39, 210 MHz, 405 MHz, 37.67 W, 480.00 W, 974 MiB
2026/10/09 01:37:51.867, 1, GPU-81ac6e96-0bfe-390d-beb1-241466569d6b, 0 %, 0 %, 44, 2625 MHz, 10251 MHz, 74.71 W, 480.00 W, 974 MiB
2026/10/09 01:37:52.867, 0, GPU-6c849b47-7111-9265-9d42-ff8eddc05a2d, 0 %, 0 %, 39, 210 MHz, 405 MHz, 37.65 W, 480.00 W, 974 MiB
2026/10/09 01:37:52.867, 1, GPU-81ac6e96-0bfe-390d-beb1-241466569d6b, 100 %, 0 %, 45, 2805 MHz, 10251 MHz, 88.63 W, 480.00 W, 974 MiB
2026/10/09 01:37:53.868, 0, GPU-6c849b47-7111-9265-9d42-ff8eddc05a2d, 0 %, 0 %, 39, 210 MHz, 405 MHz, 37.64 W, 480.00 W, 974 MiB
2026/10/09 01:37:53.868, 1, GPU-81ac6e96-0bfe-390d-beb1-241466569d6b, 100 %, 0 %, 45, 2805 MHz, 10251 MHz, 111.75 W, 480.00 W, 974 MiB
2026/10/09 01:37:54.869, 0, GPU-6c849b47-7111-9265-9d42-ff8eddc05a2d, 0 %, 0 %, 39, 210 MHz, 405 MHz, 37.79 W, 480.00 W, 974 MiB
2026/10/09 01:37:54.869, 1, GPU-81ac6e96-0bfe-390d-beb1-241466569d6b, 100 %, 0 %, 62, 2775 MHz, 10251 MHz, 341.40 W, 480.00 W, 974 MiB
2026/10/09 01:37:55.870, 0, GPU-6c849b47-7111-9265-9d42-ff8eddc05a2d, 0 %, 0 %, 39, 210 MHz, 405 MHz, 37.69 W, 480.00 W, 974 MiB
2026/10/09 01:37:55.870, 1, GPU-81ac6e96-0bfe-390d-beb1-241466569d6b, 100 %, 0 %, 66, 2715 MHz, 10251 MHz, 439.28 W, 480.00 W, 974 MiB
2026/10/09 01:37:56.870, 0, GPU-6c849b47-7111-9265-9d42-ff8eddc05a2d, 0 %, 0 %, 39, 210 MHz, 405 MHz, 37.62 W, 480.00 W, 974 MiB
2026/10/09 01:37:56.885, 1, GPU-81ac6e96-0bfe-390d-beb1-241466569d6b, 100 %, 0 %, 64, 2745 MHz, 10251 MHz, 486.95 W, 480.00 W, 974 MiB
2026/10/09 01:37:57.885, 0, GPU-6c849b47-7111-9265-9d42-ff8eddc05a2d, 0 %, 0 %, 39, 210 MHz, 405 MHz, 37.65 W, 480.00 W, 974 MiB
2026/10/09 01:37:57.886, 1, GPU-81ac6e96-0bfe-390d-beb1-241466569d6b, 100 %, 0 %, 65, 2700 MHz, 10251 MHz, 484.71 W, 480.00 W, 974 MiB
2026/10/09 01:37:58.886, 0, GPU-6c849b47-7111-9265-9d42-ff8eddc05a2d, 0 %, 0 %, 39, 210 MHz, 405 MHz, 37.69 W, 480.00 W, 974 MiB
2026/10/09 01:37:58.887, 1, GPU-81ac6e96-0bfe-390d-beb1-241466569d6b, 100 %, 0 %, 66, 2775 MHz, 10251 MHz, 462.39 W, 480.00 W, 974 MiB
2026/10/09 01:37:59.887, 0, GPU-6c849b47-7111-9265-9d42-ff8eddc05a2d, 0 %, 0 %, 38, 210 MHz, 405 MHz, 37.66 W, 480.00 W, 974 MiB
2026/10/09 01:37:59.888, 1, GPU-81ac6e96-0bfe-390d-beb1-241466569d6b, 100 %, 0 %, 56, 2775 MHz, 10251 MHz, 447.33 W, 480.00 W, 974 MiB
2026/10/09 01:38:00.888, 0, GPU-6c849b47-7111-9265-9d42-ff8eddc05a2d, 0 %, 0 %, 38, 210 MHz, 405 MHz, 37.72 W, 480.00 W, 974 MiB
2026/10/09 01:38:00.889, 1, GPU-81ac6e96-0bfe-390d-beb1-241466569d6b, 100 %, 0 %, 65, 2715 MHz, 10251 MHz, 471.05 W, 480.00 W, 974 MiB
2026/10/09 01:38:01.890, 0, GPU-6c849b47-7111-9265-9d42-ff8eddc05a2d, 0 %, 0 %, 38, 210 MHz, 405 MHz, 37.84 W, 480.00 W, 974 MiB
2026/10/09 01:38:01.890, 1, GPU-81ac6e96-0bfe-390d-beb1-241466569d6b, 100 %, 0 %, 65, 2775 MHz, 10251 MHz, 450.11 W, 480.00 W, 974 MiB
2026/10/09 01:38:02.891, 0, GPU-6c849b47-7111-9265-9d42-ff8eddc05a2d, 0 %, 0 %, 38, 210 MHz, 405 MHz, 37.75 W, 480.00 W, 974 MiB
2026/10/09 01:38:02.891, 1, GPU-81ac6e96-0bfe-390d-beb1-241466569d6b, 100 %, 0 %, 63, 2775 MHz, 10251 MHz, 467.25 W, 480.00 W, 974 MiB
2026/10/09 01:38:03.905, 0, GPU-6c849b47-7111-9265-9d42-ff8eddc05a2d, 0 %, 0 %, 38, 210 MHz, 405 MHz, 37.74 W, 480.00 W, 974 MiB
2026/10/09 01:38:03.906, 1, GPU-81ac6e96-0bfe-390d-beb1-241466569d6b, 100 %, 0 %, 65, 2775 MHz, 10251 MHz, 445.94 W, 480.00 W, 974 MiB
2026/10/09 01:38:04.906, 0, GPU-6c849b47-7111-9265-9d42-ff8eddc05a2d, 0 %, 0 %, 38, 210 MHz, 405 MHz, 37.90 W, 480.00 W, 974 MiB
2026/10/09 01:38:04.907, 1, GPU-81ac6e96-0bfe-390d-beb1-241466569d6b, 0 %, 0 %, 48, 2790 MHz, 10251 MHz, 318.88 W, 480.00 W, 974 MiB
2026/10/09 01:38:05.907, 0, GPU-6c849b47-7111-9265-9d42-ff8eddc05a2d, 0 %, 0 %, 38, 210 MHz, 405 MHz, 37.81 W, 480.00 W, 974 MiB
2026/10/09 01:38:05.908, 1, GPU-81ac6e96-0bfe-390d-beb1-241466569d6b, 98 %, 0 %, 54, 2790 MHz, 10251 MHz, 114.62 W, 480.00 W, 974 MiB
2026/10/09 01:38:06.908, 0, GPU-6c849b47-7111-9265-9d42-ff8eddc05a2d, 0 %, 0 %, 38, 210 MHz, 405 MHz, 37.47 W, 480.00 W, 974 MiB
2026/10/09 01:38:06.908, 1, GPU-81ac6e96-0bfe-390d-beb1-241466569d6b, 100 %, 0 %, 65, 2745 MHz, 10251 MHz, 448.86 W, 480.00 W, 974 MiB
2026/10/09 01:38:07.909, 0, GPU-6c849b47-7111-9265-9d42-ff8eddc05a2d, 0 %, 0 %, 38, 210 MHz, 405 MHz, 37.50 W, 480.00 W, 974 MiB
2026/10/09 01:38:07.909, 1, GPU-81ac6e96-0bfe-390d-beb1-241466569d6b, 100 %, 0 %, 67, 2715 MHz, 10251 MHz, 458.01 W, 480.00 W, 974 MiB
2026/10/09 01:38:08.910, 0, GPU-6c849b47-7111-9265-9d42-ff8eddc05a2d, 0 %, 0 %, 38, 210 MHz, 405 MHz, 37.72 W, 480.00 W, 974 MiB
2026/10/09 01:38:08.910, 1, GPU-81ac6e96-0bfe-390d-beb1-241466569d6b, 100 %, 0 %, 63, 2745 MHz, 10251 MHz, 454.83 W, 480.00 W, 974 MiB
2026/10/09 01:38:09.911, 0, GPU-6c849b47-7111-9265-9d42-ff8eddc05a2d, 0 %, 0 %, 38, 210 MHz, 405 MHz, 37.77 W, 480.00 W, 974 MiB
2026/10/09 01:38:09.911, 1, GPU-81ac6e96-0bfe-390d-beb1-241466569d6b, 100 %, 0 %, 65, 2670 MHz, 10251 MHz, 486.45 W, 480.00 W, 974 MiB
2026/10/09 01:38:10.912, 0, GPU-6c849b47-7111-9265-9d42-ff8eddc05a2d, 0 %, 0 %, 38, 210 MHz, 405 MHz, 37.78 W, 480.00 W, 974 MiB
2026/10/09 01:38:10.912, 1, GPU-81ac6e96-0bfe-390d-beb1-241466569d6b, 100 %, 0 %, 66, 2775 MHz, 10251 MHz, 458.65 W, 480.00 W, 974 MiB
2026/10/09 01:38:11.913, 0, GPU-6c849b47-7111-9265-9d42-ff8eddc05a2d, 0 %, 0 %, 38, 210 MHz, 405 MHz, 37.49 W, 480.00 W, 974 MiB
2026/10/09 01:38:11.913, 1, GPU-81ac6e96-0bfe-390d-beb1-241466569d6b, 100 %, 0 %, 65, 2775 MHz, 10251 MHz, 472.94 W, 480.00 W, 974 MiB
2026/10/09 01:38:12.914, 0, GPU-6c849b47-7111-9265-9d42-ff8eddc05a2d, 0 %, 0 %, 38, 210 MHz, 405 MHz, 37.42 W, 480.00 W, 974 MiB
2026/10/09 01:38:12.914, 1, GPU-81ac6e96-0bfe-390d-beb1-241466569d6b, 100 %, 0 %, 66, 2700 MHz, 10251 MHz, 458.12 W, 480.00 W, 974 MiB
2026/10/09 01:38:13.915, 0, GPU-6c849b47-7111-9265-9d42-ff8eddc05a2d, 0 %, 0 %, 38, 210 MHz, 405 MHz, 37.56 W, 480.00 W, 974 MiB
2026/10/09 01:38:13.915, 1, GPU-81ac6e96-0bfe-390d-beb1-241466569d6b, 100 %, 0 %, 65, 2775 MHz, 10251 MHz, 446.72 W, 480.00 W, 974 MiB
2026/10/09 01:38:14.916, 0, GPU-6c849b47-7111-9265-9d42-ff8eddc05a2d, 0 %, 0 %, 38, 210 MHz, 405 MHz, 37.31 W, 480.00 W, 974 MiB
2026/10/09 01:38:14.916, 1, GPU-81ac6e96-0bfe-390d-beb1-241466569d6b, 100 %, 0 %, 66, 2760 MHz, 10251 MHz, 478.45 W, 480.00 W, 974 MiB
2026/10/09 01:38:15.917, 0, GPU-6c849b47-7111-9265-9d42-ff8eddc05a2d, 0 %, 0 %, 38, 210 MHz, 405 MHz, 37.28 W, 480.00 W, 974 MiB
2026/10/09 01:38:15.917, 1, GPU-81ac6e96-0bfe-390d-beb1-241466569d6b, 100 %, 0 %, 65, 2775 MHz, 10251 MHz, 448.32 W, 480.00 W, 974 MiB
2026/10/09 01:38:16.918, 0, GPU-6c849b47-7111-9265-9d42-ff8eddc05a2d, 0 %, 0 %, 38, 210 MHz, 405 MHz, 37.31 W, 480.00 W, 974 MiB
2026/10/09 01:38:16.918, 1, GPU-81ac6e96-0bfe-390d-beb1-241466569d6b, 0 %, 0 %, 50, 2790 MHz, 10251 MHz, 380.77 W, 480.00 W, 974 MiB
2026/10/09 01:38:17.919, 0, GPU-6c849b47-7111-9265-9d42-ff8eddc05a2d, 0 %, 0 %, 38, 210 MHz, 405 MHz, 37.31 W, 480.00 W, 974 MiB
2026/10/09 01:38:17.919, 1, GPU-81ac6e96-0bfe-390d-beb1-241466569d6b, 0 %, 0 %, 46, 2805 MHz, 10251 MHz, 85.21 W, 480.00 W, 974 MiB
2026/10/09 01:38:18.920, 0, GPU-6c849b47-7111-9265-9d42-ff8eddc05a2d, 0 %, 0 %, 38, 210 MHz, 405 MHz, 37.50 W, 480.00 W, 974 MiB
2026/10/09 01:38:18.920, 1, GPU-81ac6e96-0bfe-390d-beb1-241466569d6b, 100 %, 0 %, 63, 2775 MHz, 10251 MHz, 373.00 W, 480.00 W, 974 MiB
2026/10/09 01:38:19.934, 0, GPU-6c849b47-7111-9265-9d42-ff8eddc05a2d, 0 %, 0 %, 38, 210 MHz, 405 MHz, 37.39 W, 480.00 W, 974 MiB
2026/10/09 01:38:19.935, 1, GPU-81ac6e96-0bfe-390d-beb1-241466569d6b, 100 %, 0 %, 67, 2715 MHz, 10251 MHz, 452.12 W, 480.00 W, 974 MiB
2026/10/09 01:38:20.935, 0, GPU-6c849b47-7111-9265-9d42-ff8eddc05a2d, 0 %, 0 %, 38, 210 MHz, 405 MHz, 37.11 W, 480.00 W, 974 MiB
2026/10/09 01:38:20.936, 1, GPU-81ac6e96-0bfe-390d-beb1-241466569d6b, 100 %, 0 %, 66, 2775 MHz, 10251 MHz, 476.16 W, 480.00 W, 974 MiB
2026/10/09 01:38:21.936, 0, GPU-6c849b47-7111-9265-9d42-ff8eddc05a2d, 0 %, 0 %, 38, 210 MHz, 405 MHz, 36.22 W, 480.00 W, 974 MiB
2026/10/09 01:38:21.937, 1, GPU-81ac6e96-0bfe-390d-beb1-241466569d6b, 100 %, 0 %, 66, 2670 MHz, 10251 MHz, 473.70 W, 480.00 W, 974 MiB
2026/10/09 01:38:22.937, 0, GPU-6c849b47-7111-9265-9d42-ff8eddc05a2d, 0 %, 0 %, 38, 210 MHz, 405 MHz, 34.35 W, 480.00 W, 974 MiB
2026/10/09 01:38:22.938, 1, GPU-81ac6e96-0bfe-390d-beb1-241466569d6b, 100 %, 0 %, 66, 2760 MHz, 10251 MHz, 449.77 W, 480.00 W, 974 MiB
2026/10/09 01:38:23.938, 0, GPU-6c849b47-7111-9265-9d42-ff8eddc05a2d, 0 %, 0 %, 39, 210 MHz, 405 MHz, 33.17 W, 480.00 W, 974 MiB
2026/10/09 01:38:23.939, 1, GPU-81ac6e96-0bfe-390d-beb1-241466569d6b, 100 %, 0 %, 65, 2730 MHz, 10251 MHz, 482.28 W, 480.00 W, 974 MiB
2026/10/09 01:38:24.939, 0, GPU-6c849b47-7111-9265-9d42-ff8eddc05a2d, 0 %, 0 %, 39, 210 MHz, 405 MHz, 33.18 W, 480.00 W, 974 MiB
2026/10/09 01:38:24.939, 1, GPU-81ac6e96-0bfe-390d-beb1-241466569d6b, 100 %, 0 %, 66, 2775 MHz, 10251 MHz, 457.65 W, 480.00 W, 974 MiB
2026/10/09 01:38:25.940, 0, GPU-6c849b47-7111-9265-9d42-ff8eddc05a2d, 0 %, 0 %, 40, 210 MHz, 405 MHz, 33.46 W, 480.00 W, 974 MiB
2026/10/09 01:38:25.940, 1, GPU-81ac6e96-0bfe-390d-beb1-241466569d6b, 100 %, 0 %, 65, 2775 MHz, 10251 MHz, 442.34 W, 480.00 W, 974 MiB
2026/10/09 01:38:26.941, 0, GPU-6c849b47-7111-9265-9d42-ff8eddc05a2d, 0 %, 0 %, 40, 210 MHz, 405 MHz, 33.52 W, 480.00 W, 974 MiB
2026/10/09 01:38:26.941, 1, GPU-81ac6e96-0bfe-390d-beb1-241466569d6b, 100 %, 0 %, 66, 2745 MHz, 10251 MHz, 479.10 W, 480.00 W, 974 MiB
2026/10/09 01:38:27.942, 0, GPU-6c849b47-7111-9265-9d42-ff8eddc05a2d, 0 %, 0 %, 40, 210 MHz, 405 MHz, 33.51 W, 480.00 W, 974 MiB
2026/10/09 01:38:27.942, 1, GPU-81ac6e96-0bfe-390d-beb1-241466569d6b, 100 %, 0 %, 66, 2775 MHz, 10251 MHz, 447.12 W, 480.00 W, 974 MiB
2026/10/09 01:38:28.943, 0, GPU-6c849b47-7111-9265-9d42-ff8eddc05a2d, 0 %, 0 %, 40, 210 MHz, 405 MHz, 33.73 W, 480.00 W, 974 MiB
2026/10/09 01:38:28.943, 1, GPU-81ac6e96-0bfe-390d-beb1-241466569d6b, 100 %, 0 %, 54, 2790 MHz, 10251 MHz, 445.13 W, 480.00 W, 974 MiB
2026/10/09 01:38:29.944, 0, GPU-6c849b47-7111-9265-9d42-ff8eddc05a2d, 0 %, 0 %, 40, 210 MHz, 405 MHz, 33.72 W, 480.00 W, 974 MiB
2026/10/09 01:38:29.956, 1, GPU-81ac6e96-0bfe-390d-beb1-241466569d6b, 0 %, 0 %, 47, 2805 MHz, 10251 MHz, 104.66 W, 480.00 W, 974 MiB
2026/10/09 01:38:30.957, 0, GPU-6c849b47-7111-9265-9d42-ff8eddc05a2d, 0 %, 0 %, 40, 210 MHz, 405 MHz, 33.21 W, 480.00 W, 974 MiB
2026/10/09 01:38:30.958, 1, GPU-81ac6e96-0bfe-390d-beb1-241466569d6b, 100 %, 0 %, 64, 2790 MHz, 10251 MHz, 303.28 W, 480.00 W, 974 MiB
2026/10/09 01:38:31.958, 0, GPU-6c849b47-7111-9265-9d42-ff8eddc05a2d, 0 %, 0 %, 40, 210 MHz, 405 MHz, 33.09 W, 480.00 W, 974 MiB
2026/10/09 01:38:31.959, 1, GPU-81ac6e96-0bfe-390d-beb1-241466569d6b, 100 %, 0 %, 67, 2715 MHz, 10251 MHz, 429.49 W, 480.00 W, 974 MiB
2026/10/09 01:38:32.959, 0, GPU-6c849b47-7111-9265-9d42-ff8eddc05a2d, 0 %, 0 %, 40, 210 MHz, 405 MHz, 33.52 W, 480.00 W, 974 MiB
2026/10/09 01:38:32.960, 1, GPU-81ac6e96-0bfe-390d-beb1-241466569d6b, 100 %, 0 %, 66, 2640 MHz, 10251 MHz, 489.80 W, 480.00 W, 974 MiB
2026/10/09 01:38:33.960, 0, GPU-6c849b47-7111-9265-9d42-ff8eddc05a2d, 0 %, 0 %, 40, 210 MHz, 405 MHz, 33.66 W, 480.00 W, 974 MiB
2026/10/09 01:38:33.961, 1, GPU-81ac6e96-0bfe-390d-beb1-241466569d6b, 100 %, 0 %, 67, 2745 MHz, 10251 MHz, 469.51 W, 480.00 W, 974 MiB
2026/10/09 01:38:34.961, 0, GPU-6c849b47-7111-9265-9d42-ff8eddc05a2d, 0 %, 0 %, 40, 210 MHz, 405 MHz, 33.41 W, 480.00 W, 974 MiB
2026/10/09 01:38:34.962, 1, GPU-81ac6e96-0bfe-390d-beb1-241466569d6b, 100 %, 0 %, 65, 2775 MHz, 10251 MHz, 451.48 W, 480.00 W, 974 MiB
2026/10/09 01:38:35.962, 0, GPU-6c849b47-7111-9265-9d42-ff8eddc05a2d, 0 %, 0 %, 40, 210 MHz, 405 MHz, 33.22 W, 480.00 W, 974 MiB
2026/10/09 01:38:35.963, 1, GPU-81ac6e96-0bfe-390d-beb1-241466569d6b, 100 %, 0 %, 66, 2685 MHz, 10251 MHz, 473.30 W, 480.00 W, 974 MiB
2026/10/09 01:38:36.963, 0, GPU-6c849b47-7111-9265-9d42-ff8eddc05a2d, 0 %, 0 %, 40, 210 MHz, 405 MHz, 33.11 W, 480.00 W, 974 MiB
2026/10/09 01:38:36.964, 1, GPU-81ac6e96-0bfe-390d-beb1-241466569d6b, 100 %, 0 %, 67, 2775 MHz, 10251 MHz, 450.88 W, 480.00 W, 974 MiB
2026/10/09 01:38:37.964, 0, GPU-6c849b47-7111-9265-9d42-ff8eddc05a2d, 0 %, 0 %, 40, 210 MHz, 405 MHz, 32.85 W, 480.00 W, 974 MiB
2026/10/09 01:38:37.965, 1, GPU-81ac6e96-0bfe-390d-beb1-241466569d6b, 100 %, 0 %, 63, 2775 MHz, 10251 MHz, 475.28 W, 480.00 W, 974 MiB
2026/10/09 01:38:38.965, 0, GPU-6c849b47-7111-9265-9d42-ff8eddc05a2d, 0 %, 0 %, 40, 210 MHz, 405 MHz, 32.89 W, 480.00 W, 974 MiB
2026/10/09 01:38:38.966, 1, GPU-81ac6e96-0bfe-390d-beb1-241466569d6b, 100 %, 0 %, 66, 2730 MHz, 10251 MHz, 451.89 W, 480.00 W, 974 MiB
2026/10/09 01:38:39.966, 0, GPU-6c849b47-7111-9265-9d42-ff8eddc05a2d, 0 %, 0 %, 40, 210 MHz, 405 MHz, 32.99 W, 480.00 W, 974 MiB
2026/10/09 01:38:39.967, 1, GPU-81ac6e96-0bfe-390d-beb1-241466569d6b, 100 %, 0 %, 66, 2775 MHz, 10251 MHz, 445.91 W, 480.00 W, 974 MiB
2026/10/09 01:38:40.967, 0, GPU-6c849b47-7111-9265-9d42-ff8eddc05a2d, 0 %, 0 %, 40, 210 MHz, 405 MHz, 33.10 W, 480.00 W, 974 MiB
2026/10/09 01:38:40.968, 1, GPU-81ac6e96-0bfe-390d-beb1-241466569d6b, 100 %, 0 %, 66, 2775 MHz, 10251 MHz, 477.36 W, 480.00 W, 974 MiB
2026/10/09 01:38:41.968, 0, GPU-6c849b47-7111-9265-9d42-ff8eddc05a2d, 0 %, 0 %, 40, 210 MHz, 405 MHz, 33.29 W, 480.00 W, 974 MiB
2026/10/09 01:38:41.969, 1, GPU-81ac6e96-0bfe-390d-beb1-241466569d6b, 0 %, 0 %, 47, 2805 MHz, 10251 MHz, 185.36 W, 480.00 W, 974 MiB
2026/10/09 01:38:42.969, 0, GPU-6c849b47-7111-9265-9d42-ff8eddc05a2d, 0 %, 0 %, 40, 210 MHz, 405 MHz, 33.23 W, 480.00 W, 974 MiB
2026/10/09 01:38:42.969, 1, GPU-81ac6e96-0bfe-390d-beb1-241466569d6b, 0 %, 0 %, 47, 2805 MHz, 10251 MHz, 85.14 W, 480.00 W, 974 MiB
2026/10/09 01:38:43.970, 0, GPU-6c849b47-7111-9265-9d42-ff8eddc05a2d, 0 %, 0 %, 40, 210 MHz, 405 MHz, 33.33 W, 480.00 W, 974 MiB
2026/10/09 01:38:43.970, 1, GPU-81ac6e96-0bfe-390d-beb1-241466569d6b, 0 %, 0 %, 46, 2625 MHz, 10251 MHz, 76.41 W, 480.00 W, 974 MiB
2026/10/09 01:38:44.971, 0, GPU-6c849b47-7111-9265-9d42-ff8eddc05a2d, 0 %, 0 %, 40, 210 MHz, 405 MHz, 33.50 W, 480.00 W, 974 MiB
2026/10/09 01:38:44.972, 1, GPU-81ac6e96-0bfe-390d-beb1-241466569d6b, 0 %, 0 %, 45, 2625 MHz, 10251 MHz, 75.66 W, 480.00 W, 974 MiB
2026/10/09 01:38:45.972, 0, GPU-6c849b47-7111-9265-9d42-ff8eddc05a2d, 0 %, 0 %, 40, 210 MHz, 405 MHz, 33.39 W, 480.00 W, 974 MiB
2026/10/09 01:38:45.972, 1, GPU-81ac6e96-0bfe-390d-beb1-241466569d6b, 0 %, 0 %, 45, 2625 MHz, 10251 MHz, 75.59 W, 480.00 W, 974 MiB
2026/10/09 01:38:46.973, 0, GPU-6c849b47-7111-9265-9d42-ff8eddc05a2d, 100 %, 0 %, 43, 2790 MHz, 10251 MHz, 54.78 W, 480.00 W, 974 MiB
2026/10/09 01:38:46.973, 1, GPU-81ac6e96-0bfe-390d-beb1-241466569d6b, 100 %, 0 %, 47, 2805 MHz, 10251 MHz, 99.34 W, 480.00 W, 974 MiB
2026/10/09 01:38:47.974, 0, GPU-6c849b47-7111-9265-9d42-ff8eddc05a2d, 100 %, 0 %, 45, 2790 MHz, 10251 MHz, 104.29 W, 480.00 W, 974 MiB
2026/10/09 01:38:47.974, 1, GPU-81ac6e96-0bfe-390d-beb1-241466569d6b, 100 %, 0 %, 64, 2745 MHz, 10251 MHz, 221.84 W, 480.00 W, 974 MiB
2026/10/09 01:38:48.975, 0, GPU-6c849b47-7111-9265-9d42-ff8eddc05a2d, 100 %, 0 %, 62, 2775 MHz, 10251 MHz, 206.25 W, 480.00 W, 974 MiB
2026/10/09 01:38:48.975, 1, GPU-81ac6e96-0bfe-390d-beb1-241466569d6b, 100 %, 0 %, 65, 2715 MHz, 10251 MHz, 433.20 W, 480.00 W, 974 MiB
2026/10/09 01:38:49.975, 0, GPU-6c849b47-7111-9265-9d42-ff8eddc05a2d, 100 %, 0 %, 64, 2760 MHz, 10251 MHz, 415.41 W, 480.00 W, 974 MiB
2026/10/09 01:38:49.976, 1, GPU-81ac6e96-0bfe-390d-beb1-241466569d6b, 100 %, 0 %, 65, 2625 MHz, 10251 MHz, 494.17 W, 480.00 W, 974 MiB
2026/10/09 01:38:50.976, 0, GPU-6c849b47-7111-9265-9d42-ff8eddc05a2d, 100 %, 0 %, 70, 2610 MHz, 10251 MHz, 468.22 W, 480.00 W, 974 MiB
2026/10/09 01:38:50.977, 1, GPU-81ac6e96-0bfe-390d-beb1-241466569d6b, 100 %, 0 %, 67, 2745 MHz, 10251 MHz, 458.43 W, 480.00 W, 974 MiB
2026/10/09 01:38:51.977, 0, GPU-6c849b47-7111-9265-9d42-ff8eddc05a2d, 100 %, 0 %, 66, 2745 MHz, 10251 MHz, 451.79 W, 480.00 W, 974 MiB
2026/10/09 01:38:51.978, 1, GPU-81ac6e96-0bfe-390d-beb1-241466569d6b, 100 %, 0 %, 65, 2775 MHz, 10251 MHz, 479.70 W, 480.00 W, 974 MiB
2026/10/09 01:38:52.978, 0, GPU-6c849b47-7111-9265-9d42-ff8eddc05a2d, 100 %, 0 %, 66, 2715 MHz, 10251 MHz, 482.54 W, 480.00 W, 974 MiB
2026/10/09 01:38:52.978, 1, GPU-81ac6e96-0bfe-390d-beb1-241466569d6b, 100 %, 0 %, 67, 2700 MHz, 10251 MHz, 465.86 W, 480.00 W, 974 MiB
2026/10/09 01:38:53.979, 0, GPU-6c849b47-7111-9265-9d42-ff8eddc05a2d, 100 %, 0 %, 66, 2760 MHz, 10251 MHz, 459.48 W, 480.00 W, 974 MiB
2026/10/09 01:38:53.979, 1, GPU-81ac6e96-0bfe-390d-beb1-241466569d6b, 100 %, 0 %, 66, 2775 MHz, 10251 MHz, 446.91 W, 480.00 W, 974 MiB
2026/10/09 01:38:54.980, 0, GPU-6c849b47-7111-9265-9d42-ff8eddc05a2d, 100 %, 0 %, 62, 2775 MHz, 10251 MHz, 446.87 W, 480.00 W, 974 MiB
2026/10/09 01:38:54.980, 1, GPU-81ac6e96-0bfe-390d-beb1-241466569d6b, 100 %, 0 %, 67, 2760 MHz, 10251 MHz, 479.41 W, 480.00 W, 974 MiB
2026/10/09 01:38:55.980, 0, GPU-6c849b47-7111-9265-9d42-ff8eddc05a2d, 100 %, 0 %, 66, 2730 MHz, 10251 MHz, 479.45 W, 480.00 W, 974 MiB
2026/10/09 01:38:55.981, 1, GPU-81ac6e96-0bfe-390d-beb1-241466569d6b, 100 %, 0 %, 66, 2775 MHz, 10251 MHz, 451.82 W, 480.00 W, 974 MiB
2026/10/09 01:38:56.981, 0, GPU-6c849b47-7111-9265-9d42-ff8eddc05a2d, 100 %, 0 %, 66, 2760 MHz, 10251 MHz, 445.69 W, 480.00 W, 974 MiB
2026/10/09 01:38:56.981, 1, GPU-81ac6e96-0bfe-390d-beb1-241466569d6b, 100 %, 0 %, 65, 2790 MHz, 10251 MHz, 440.94 W, 480.00 W, 974 MiB
2026/10/09 01:38:57.982, 0, GPU-6c849b47-7111-9265-9d42-ff8eddc05a2d, 100 %, 0 %, 62, 2760 MHz, 10251 MHz, 457.43 W, 480.00 W, 974 MiB
2026/10/09 01:38:57.982, 1, GPU-81ac6e96-0bfe-390d-beb1-241466569d6b, 100 %, 0 %, 67, 2775 MHz, 10251 MHz, 465.82 W, 480.00 W, 974 MiB
2026/10/09 01:38:58.983, 0, GPU-6c849b47-7111-9265-9d42-ff8eddc05a2d, 100 %, 0 %, 66, 2760 MHz, 10251 MHz, 443.40 W, 480.00 W, 974 MiB
2026/10/09 01:38:58.983, 1, GPU-81ac6e96-0bfe-390d-beb1-241466569d6b, 0 %, 0 %, 48, 2805 MHz, 10251 MHz, 264.39 W, 480.00 W, 974 MiB
2026/10/09 01:38:59.983, 0, GPU-6c849b47-7111-9265-9d42-ff8eddc05a2d, 0 %, 0 %, 47, 2790 MHz, 10251 MHz, 307.90 W, 480.00 W, 974 MiB
2026/10/09 01:38:59.984, 1, GPU-81ac6e96-0bfe-390d-beb1-241466569d6b, 0 %, 0 %, 46, 2805 MHz, 10251 MHz, 84.90 W, 480.00 W, 974 MiB
2026/10/09 01:39:00.984, 0, GPU-6c849b47-7111-9265-9d42-ff8eddc05a2d, 0 %, 0 %, 43, 2790 MHz, 10251 MHz, 92.36 W, 480.00 W, 974 MiB
2026/10/09 01:39:00.985, 1, GPU-81ac6e96-0bfe-390d-beb1-241466569d6b, 100 %, 0 %, 61, 2790 MHz, 10251 MHz, 158.56 W, 480.00 W, 974 MiB
2026/10/09 01:39:01.985, 0, GPU-6c849b47-7111-9265-9d42-ff8eddc05a2d, 100 %, 0 %, 48, 2625 MHz, 10251 MHz, 128.65 W, 480.00 W, 974 MiB
2026/10/09 01:39:01.985, 1, GPU-81ac6e96-0bfe-390d-beb1-241466569d6b, 100 %, 0 %, 59, 2730 MHz, 10251 MHz, 435.74 W, 480.00 W, 974 MiB
2026/10/09 01:39:02.986, 0, GPU-6c849b47-7111-9265-9d42-ff8eddc05a2d, 100 %, 0 %, 64, 2760 MHz, 10251 MHz, 438.21 W, 480.00 W, 974 MiB
2026/10/09 01:39:03.000, 1, GPU-81ac6e96-0bfe-390d-beb1-241466569d6b, 100 %, 0 %, 65, 2640 MHz, 10251 MHz, 466.37 W, 480.00 W, 974 MiB
2026/10/09 01:39:04.001, 0, GPU-6c849b47-7111-9265-9d42-ff8eddc05a2d, 100 %, 0 %, 65, 2610 MHz, 10251 MHz, 490.63 W, 480.00 W, 974 MiB
2026/10/09 01:39:04.001, 1, GPU-81ac6e96-0bfe-390d-beb1-241466569d6b, 100 %, 0 %, 67, 2745 MHz, 10251 MHz, 454.48 W, 480.00 W, 974 MiB
2026/10/09 01:39:05.001, 0, GPU-6c849b47-7111-9265-9d42-ff8eddc05a2d, 100 %, 0 %, 67, 2745 MHz, 10251 MHz, 466.64 W, 480.00 W, 974 MiB
2026/10/09 01:39:05.002, 1, GPU-81ac6e96-0bfe-390d-beb1-241466569d6b, 100 %, 0 %, 66, 2715 MHz, 10251 MHz, 482.56 W, 480.00 W, 974 MiB
2026/10/09 01:39:06.002, 0, GPU-6c849b47-7111-9265-9d42-ff8eddc05a2d, 100 %, 0 %, 58, 2775 MHz, 10251 MHz, 450.76 W, 480.00 W, 974 MiB
2026/10/09 01:39:06.002, 1, GPU-81ac6e96-0bfe-390d-beb1-241466569d6b, 100 %, 0 %, 67, 2775 MHz, 10251 MHz, 463.09 W, 480.00 W, 974 MiB
2026/10/09 01:39:07.003, 0, GPU-6c849b47-7111-9265-9d42-ff8eddc05a2d, 100 %, 0 %, 66, 2685 MHz, 10251 MHz, 474.63 W, 480.00 W, 974 MiB
2026/10/09 01:39:07.003, 1, GPU-81ac6e96-0bfe-390d-beb1-241466569d6b, 100 %, 0 %, 66, 2775 MHz, 10251 MHz, 448.73 W, 480.00 W, 974 MiB
2026/10/09 01:39:08.004, 0, GPU-6c849b47-7111-9265-9d42-ff8eddc05a2d, 100 %, 0 %, 66, 2760 MHz, 10251 MHz, 448.29 W, 480.00 W, 974 MiB
2026/10/09 01:39:08.004, 1, GPU-81ac6e96-0bfe-390d-beb1-241466569d6b, 100 %, 0 %, 66, 2745 MHz, 10251 MHz, 481.74 W, 480.00 W, 974 MiB
2026/10/09 01:39:09.004, 0, GPU-6c849b47-7111-9265-9d42-ff8eddc05a2d, 100 %, 0 %, 66, 2760 MHz, 10251 MHz, 472.39 W, 480.00 W, 974 MiB
2026/10/09 01:39:09.005, 1, GPU-81ac6e96-0bfe-390d-beb1-241466569d6b, 100 %, 0 %, 67, 2775 MHz, 10251 MHz, 450.37 W, 480.00 W, 974 MiB
2026/10/09 01:39:10.005, 0, GPU-6c849b47-7111-9265-9d42-ff8eddc05a2d, 100 %, 0 %, 66, 2760 MHz, 10251 MHz, 447.95 W, 480.00 W, 974 MiB
2026/10/09 01:39:10.005, 1, GPU-81ac6e96-0bfe-390d-beb1-241466569d6b, 100 %, 0 %, 56, 2790 MHz, 10251 MHz, 458.01 W, 480.00 W, 974 MiB
2026/10/09 01:39:11.006, 0, GPU-6c849b47-7111-9265-9d42-ff8eddc05a2d, 100 %, 0 %, 65, 2760 MHz, 10251 MHz, 444.09 W, 480.00 W, 974 MiB
2026/10/09 01:39:11.006, 1, GPU-81ac6e96-0bfe-390d-beb1-241466569d6b, 100 %, 0 %, 67, 2775 MHz, 10251 MHz, 449.26 W, 480.00 W, 974 MiB
2026/10/09 01:39:12.007, 0, GPU-6c849b47-7111-9265-9d42-ff8eddc05a2d, 100 %, 0 %, 66, 2760 MHz, 10251 MHz, 471.90 W, 480.00 W, 974 MiB
2026/10/09 01:39:12.007, 1, GPU-81ac6e96-0bfe-390d-beb1-241466569d6b, 0 %, 0 %, 49, 2790 MHz, 10251 MHz, 303.99 W, 480.00 W, 974 MiB
2026/10/09 01:39:13.007, 0, GPU-6c849b47-7111-9265-9d42-ff8eddc05a2d, 0 %, 0 %, 45, 2790 MHz, 10251 MHz, 188.20 W, 480.00 W, 974 MiB
2026/10/09 01:39:13.008, 1, GPU-81ac6e96-0bfe-390d-beb1-241466569d6b, 0 %, 0 %, 47, 2790 MHz, 10251 MHz, 85.63 W, 480.00 W, 974 MiB
2026/10/09 01:39:14.008, 0, GPU-6c849b47-7111-9265-9d42-ff8eddc05a2d, 0 %, 0 %, 43, 2790 MHz, 10251 MHz, 91.53 W, 480.00 W, 974 MiB
2026/10/09 01:39:14.009, 1, GPU-81ac6e96-0bfe-390d-beb1-241466569d6b, 0 %, 0 %, 47, 2790 MHz, 10251 MHz, 85.33 W, 480.00 W, 974 MiB
2026/10/09 01:39:15.009, 0, GPU-6c849b47-7111-9265-9d42-ff8eddc05a2d, 0 %, 0 %, 42, 2625 MHz, 10251 MHz, 84.55 W, 480.00 W, 974 MiB
2026/10/09 01:39:15.009, 1, GPU-81ac6e96-0bfe-390d-beb1-241466569d6b, 0 %, 0 %, 46, 2625 MHz, 10251 MHz, 76.98 W, 480.00 W, 974 MiB
2026/10/09 01:39:16.010, 0, GPU-6c849b47-7111-9265-9d42-ff8eddc05a2d, 0 %, 0 %, 41, 2625 MHz, 10251 MHz, 82.85 W, 480.00 W, 974 MiB
2026/10/09 01:39:16.010, 1, GPU-81ac6e96-0bfe-390d-beb1-241466569d6b, 0 %, 0 %, 46, 2625 MHz, 10251 MHz, 75.91 W, 480.00 W, 974 MiB
2026/10/09 01:39:17.010, 0, GPU-6c849b47-7111-9265-9d42-ff8eddc05a2d, 0 %, 0 %, 41, 2625 MHz, 10251 MHz, 81.71 W, 480.00 W, 974 MiB
2026/10/09 01:39:17.011, 1, GPU-81ac6e96-0bfe-390d-beb1-241466569d6b, 0 %, 0 %, 46, 2625 MHz, 10251 MHz, 75.58 W, 480.00 W, 974 MiB
2026/10/09 01:39:18.011, 0, GPU-6c849b47-7111-9265-9d42-ff8eddc05a2d, 100 %, 0 %, 42, 2790 MHz, 10251 MHz, 93.86 W, 480.00 W, 974 MiB
2026/10/09 01:39:18.012, 1, GPU-81ac6e96-0bfe-390d-beb1-241466569d6b, 100 %, 0 %, 47, 2790 MHz, 10251 MHz, 84.55 W, 480.00 W, 974 MiB
2026/10/09 01:39:19.012, 0, GPU-6c849b47-7111-9265-9d42-ff8eddc05a2d, 100 %, 0 %, 42, 2790 MHz, 10251 MHz, 108.05 W, 480.00 W, 974 MiB
2026/10/09 01:39:19.013, 1, GPU-81ac6e96-0bfe-390d-beb1-241466569d6b, 99 %, 0 %, 53, 2790 MHz, 10251 MHz, 132.86 W, 480.00 W, 974 MiB
2026/10/09 01:39:20.013, 0, GPU-6c849b47-7111-9265-9d42-ff8eddc05a2d, 100 %, 0 %, 62, 2730 MHz, 10251 MHz, 271.73 W, 480.00 W, 974 MiB
2026/10/09 01:39:20.014, 1, GPU-81ac6e96-0bfe-390d-beb1-241466569d6b, 100 %, 0 %, 66, 2775 MHz, 10251 MHz, 445.32 W, 480.00 W, 974 MiB
2026/10/09 01:39:21.014, 0, GPU-6c849b47-7111-9265-9d42-ff8eddc05a2d, 100 %, 0 %, 63, 2700 MHz, 10251 MHz, 419.72 W, 480.00 W, 974 MiB
2026/10/09 01:39:21.014, 1, GPU-81ac6e96-0bfe-390d-beb1-241466569d6b, 100 %, 0 %, 68, 2625 MHz, 10251 MHz, 463.32 W, 480.00 W, 974 MiB
2026/10/09 01:39:22.015, 0, GPU-6c849b47-7111-9265-9d42-ff8eddc05a2d, 100 %, 0 %, 66, 2610 MHz, 10251 MHz, 497.56 W, 480.00 W, 974 MiB
2026/10/09 01:39:22.015, 1, GPU-81ac6e96-0bfe-390d-beb1-241466569d6b, 100 %, 0 %, 66, 2730 MHz, 10251 MHz, 449.30 W, 480.00 W, 974 MiB
2026/10/09 01:39:23.016, 0, GPU-6c849b47-7111-9265-9d42-ff8eddc05a2d, 100 %, 0 %, 68, 2745 MHz, 10251 MHz, 464.91 W, 480.00 W, 974 MiB
2026/10/09 01:39:23.016, 1, GPU-81ac6e96-0bfe-390d-beb1-241466569d6b, 100 %, 0 %, 66, 2670 MHz, 10251 MHz, 488.56 W, 480.00 W, 974 MiB
2026/10/09 01:39:24.047, 0, GPU-6c849b47-7111-9265-9d42-ff8eddc05a2d, 100 %, 0 %, 66, 2760 MHz, 10251 MHz, 471.16 W, 480.00 W, 974 MiB
2026/10/09 01:39:24.048, 1, GPU-81ac6e96-0bfe-390d-beb1-241466569d6b, 100 %, 0 %, 68, 2760 MHz, 10251 MHz, 457.63 W, 480.00 W, 974 MiB
2026/10/09 01:39:25.048, 0, GPU-6c849b47-7111-9265-9d42-ff8eddc05a2d, 100 %, 0 %, 68, 2670 MHz, 10251 MHz, 462.55 W, 480.00 W, 974 MiB
2026/10/09 01:39:25.049, 1, GPU-81ac6e96-0bfe-390d-beb1-241466569d6b, 100 %, 0 %, 63, 2775 MHz, 10251 MHz, 473.93 W, 480.00 W, 974 MiB
2026/10/09 01:39:26.049, 0, GPU-6c849b47-7111-9265-9d42-ff8eddc05a2d, 100 %, 0 %, 66, 2760 MHz, 10251 MHz, 447.40 W, 480.00 W, 974 MiB
2026/10/09 01:39:26.050, 1, GPU-81ac6e96-0bfe-390d-beb1-241466569d6b, 100 %, 0 %, 66, 2700 MHz, 10251 MHz, 458.11 W, 480.00 W, 974 MiB
2026/10/09 01:39:27.050, 0, GPU-6c849b47-7111-9265-9d42-ff8eddc05a2d, 100 %, 0 %, 67, 2745 MHz, 10251 MHz, 478.57 W, 480.00 W, 974 MiB
2026/10/09 01:39:27.050, 1, GPU-81ac6e96-0bfe-390d-beb1-241466569d6b, 100 %, 0 %, 66, 2775 MHz, 10251 MHz, 445.86 W, 480.00 W, 974 MiB
2026/10/09 01:39:28.051, 0, GPU-6c849b47-7111-9265-9d42-ff8eddc05a2d, 100 %, 0 %, 67, 2760 MHz, 10251 MHz, 449.50 W, 480.00 W, 974 MiB
2026/10/09 01:39:28.051, 1, GPU-81ac6e96-0bfe-390d-beb1-241466569d6b, 100 %, 0 %, 67, 2775 MHz, 10251 MHz, 478.74 W, 480.00 W, 974 MiB
2026/10/09 01:39:29.052, 0, GPU-6c849b47-7111-9265-9d42-ff8eddc05a2d, 100 %, 0 %, 65, 2760 MHz, 10251 MHz, 445.22 W, 480.00 W, 974 MiB
2026/10/09 01:39:29.052, 1, GPU-81ac6e96-0bfe-390d-beb1-241466569d6b, 100 %, 0 %, 66, 2775 MHz, 10251 MHz, 445.68 W, 480.00 W, 974 MiB
2026/10/09 01:39:30.053, 0, GPU-6c849b47-7111-9265-9d42-ff8eddc05a2d, 100 %, 0 %, 68, 2760 MHz, 10251 MHz, 474.26 W, 480.00 W, 974 MiB
2026/10/09 01:39:30.053, 1, GPU-81ac6e96-0bfe-390d-beb1-241466569d6b, 0 %, 0 %, 50, 2790 MHz, 10251 MHz, 387.03 W, 480.00 W, 974 MiB
2026/10/09 01:39:31.054, 0, GPU-6c849b47-7111-9265-9d42-ff8eddc05a2d, 0 %, 0 %, 47, 2790 MHz, 10251 MHz, 239.03 W, 480.00 W, 974 MiB
2026/10/09 01:39:31.054, 1, GPU-81ac6e96-0bfe-390d-beb1-241466569d6b, 0 %, 0 %, 47, 2805 MHz, 10251 MHz, 85.89 W, 480.00 W, 974 MiB
2026/10/09 01:39:32.054, 0, GPU-6c849b47-7111-9265-9d42-ff8eddc05a2d, 100 %, 0 %, 57, 2775 MHz, 10251 MHz, 168.72 W, 480.00 W, 974 MiB
2026/10/09 01:39:32.055, 1, GPU-81ac6e96-0bfe-390d-beb1-241466569d6b, 100 %, 0 %, 65, 2775 MHz, 10251 MHz, 363.44 W, 480.00 W, 974 MiB
2026/10/09 01:39:33.055, 0, GPU-6c849b47-7111-9265-9d42-ff8eddc05a2d, 100 %, 0 %, 61, 2760 MHz, 10251 MHz, 439.25 W, 480.00 W, 974 MiB
2026/10/09 01:39:33.056, 1, GPU-81ac6e96-0bfe-390d-beb1-241466569d6b, 100 %, 0 %, 68, 2715 MHz, 10251 MHz, 439.46 W, 480.00 W, 974 MiB
2026/10/09 01:39:34.056, 0, GPU-6c849b47-7111-9265-9d42-ff8eddc05a2d, 100 %, 0 %, 69, 2610 MHz, 10251 MHz, 464.36 W, 480.00 W, 974 MiB
2026/10/09 01:39:34.057, 1, GPU-81ac6e96-0bfe-390d-beb1-241466569d6b, 100 %, 0 %, 65, 2775 MHz, 10251 MHz, 482.21 W, 480.00 W, 974 MiB
2026/10/09 01:39:35.057, 0, GPU-6c849b47-7111-9265-9d42-ff8eddc05a2d, 100 %, 0 %, 68, 2730 MHz, 10251 MHz, 451.01 W, 480.00 W, 974 MiB
2026/10/09 01:39:35.057, 1, GPU-81ac6e96-0bfe-390d-beb1-241466569d6b, 100 %, 0 %, 66, 2670 MHz, 10251 MHz, 472.09 W, 480.00 W, 974 MiB
2026/10/09 01:39:36.058, 0, GPU-6c849b47-7111-9265-9d42-ff8eddc05a2d, 100 %, 0 %, 68, 2685 MHz, 10251 MHz, 485.63 W, 480.00 W, 974 MiB
2026/10/09 01:39:36.058, 1, GPU-81ac6e96-0bfe-390d-beb1-241466569d6b, 100 %, 0 %, 67, 2760 MHz, 10251 MHz, 451.89 W, 480.00 W, 974 MiB
2026/10/09 01:39:37.058, 0, GPU-6c849b47-7111-9265-9d42-ff8eddc05a2d, 100 %, 0 %, 69, 2760 MHz, 10251 MHz, 461.01 W, 480.00 W, 974 MiB
2026/10/09 01:39:37.059, 1, GPU-81ac6e96-0bfe-390d-beb1-241466569d6b, 100 %, 0 %, 67, 2730 MHz, 10251 MHz, 482.83 W, 480.00 W, 974 MiB
2026/10/09 01:39:38.059, 0, GPU-6c849b47-7111-9265-9d42-ff8eddc05a2d, 100 %, 0 %, 59, 2775 MHz, 10251 MHz, 443.20 W, 480.00 W, 974 MiB
2026/10/09 01:39:38.059, 1, GPU-81ac6e96-0bfe-390d-beb1-241466569d6b, 100 %, 0 %, 67, 2775 MHz, 10251 MHz, 457.87 W, 480.00 W, 974 MiB
2026/10/09 01:39:39.060, 0, GPU-6c849b47-7111-9265-9d42-ff8eddc05a2d, 100 %, 0 %, 67, 2685 MHz, 10251 MHz, 471.36 W, 480.00 W, 974 MiB
2026/10/09 01:39:39.060, 1, GPU-81ac6e96-0bfe-390d-beb1-241466569d6b, 100 %, 0 %, 65, 2775 MHz, 10251 MHz, 446.57 W, 480.00 W, 974 MiB
2026/10/09 01:39:40.061, 0, GPU-6c849b47-7111-9265-9d42-ff8eddc05a2d, 100 %, 0 %, 68, 2760 MHz, 10251 MHz, 447.43 W, 480.00 W, 974 MiB
2026/10/09 01:39:40.061, 1, GPU-81ac6e96-0bfe-390d-beb1-241466569d6b, 100 %, 0 %, 66, 2745 MHz, 10251 MHz, 479.21 W, 480.00 W, 974 MiB
2026/10/09 01:39:41.061, 0, GPU-6c849b47-7111-9265-9d42-ff8eddc05a2d, 100 %, 0 %, 67, 2760 MHz, 10251 MHz, 470.48 W, 480.00 W, 974 MiB
2026/10/09 01:39:41.062, 1, GPU-81ac6e96-0bfe-390d-beb1-241466569d6b, 100 %, 0 %, 67, 2775 MHz, 10251 MHz, 447.15 W, 480.00 W, 974 MiB
2026/10/09 01:39:42.062, 0, GPU-6c849b47-7111-9265-9d42-ff8eddc05a2d, 100 %, 0 %, 68, 2760 MHz, 10251 MHz, 445.64 W, 480.00 W, 974 MiB
2026/10/09 01:39:42.063, 1, GPU-81ac6e96-0bfe-390d-beb1-241466569d6b, 100 %, 0 %, 60, 2775 MHz, 10251 MHz, 437.81 W, 480.00 W, 974 MiB
2026/10/09 01:39:43.063, 0, GPU-6c849b47-7111-9265-9d42-ff8eddc05a2d, 0 %, 0 %, 49, 2775 MHz, 10251 MHz, 332.80 W, 480.00 W, 974 MiB
2026/10/09 01:39:43.063, 1, GPU-81ac6e96-0bfe-390d-beb1-241466569d6b, 0 %, 0 %, 48, 2805 MHz, 10251 MHz, 95.48 W, 480.00 W, 974 MiB
2026/10/09 01:39:44.064, 0, GPU-6c849b47-7111-9265-9d42-ff8eddc05a2d, 0 %, 0 %, 45, 2790 MHz, 10251 MHz, 94.63 W, 480.00 W, 974 MiB
2026/10/09 01:39:44.064, 1, GPU-81ac6e96-0bfe-390d-beb1-241466569d6b, 0 %, 0 %, 47, 2805 MHz, 10251 MHz, 84.98 W, 480.00 W, 974 MiB
2026/10/09 01:39:45.065, 0, GPU-6c849b47-7111-9265-9d42-ff8eddc05a2d, 0 %, 0 %, 45, 2790 MHz, 10251 MHz, 93.93 W, 480.00 W, 974 MiB
2026/10/09 01:39:45.065, 1, GPU-81ac6e96-0bfe-390d-beb1-241466569d6b, 0 %, 0 %, 46, 2625 MHz, 10251 MHz, 78.51 W, 480.00 W, 974 MiB
2026/10/09 01:39:46.066, 0, GPU-6c849b47-7111-9265-9d42-ff8eddc05a2d, 0 %, 0 %, 44, 2625 MHz, 10251 MHz, 85.30 W, 480.00 W, 974 MiB
2026/10/09 01:39:46.066, 1, GPU-81ac6e96-0bfe-390d-beb1-241466569d6b, 0 %, 0 %, 46, 2625 MHz, 10251 MHz, 76.77 W, 480.00 W, 974 MiB
2026/10/09 01:39:47.067, 0, GPU-6c849b47-7111-9265-9d42-ff8eddc05a2d, 0 %, 0 %, 43, 2625 MHz, 10251 MHz, 83.48 W, 480.00 W, 974 MiB
2026/10/09 01:39:47.067, 1, GPU-81ac6e96-0bfe-390d-beb1-241466569d6b, 68 %, 0 %, 46, 2625 MHz, 10251 MHz, 76.30 W, 480.00 W, 974 MiB
2026/10/09 01:39:48.067, 0, GPU-6c849b47-7111-9265-9d42-ff8eddc05a2d, 0 %, 0 %, 43, 2625 MHz, 10251 MHz, 82.25 W, 480.00 W, 974 MiB
2026/10/09 01:39:48.068, 1, GPU-81ac6e96-0bfe-390d-beb1-241466569d6b, 100 %, 0 %, 47, 2805 MHz, 10251 MHz, 107.86 W, 480.00 W, 974 MiB
2026/10/09 01:39:49.068, 0, GPU-6c849b47-7111-9265-9d42-ff8eddc05a2d, 0 %, 0 %, 43, 2625 MHz, 10251 MHz, 81.86 W, 480.00 W, 974 MiB
2026/10/09 01:39:49.069, 1, GPU-81ac6e96-0bfe-390d-beb1-241466569d6b, 100 %, 0 %, 47, 2805 MHz, 10251 MHz, 111.89 W, 480.00 W, 974 MiB
2026/10/09 01:39:50.069, 0, GPU-6c849b47-7111-9265-9d42-ff8eddc05a2d, 0 %, 0 %, 42, 2625 MHz, 10251 MHz, 81.53 W, 480.00 W, 974 MiB
2026/10/09 01:39:50.069, 1, GPU-81ac6e96-0bfe-390d-beb1-241466569d6b, 100 %, 0 %, 65, 2760 MHz, 10251 MHz, 411.05 W, 480.00 W, 974 MiB
2026/10/09 01:39:51.070, 0, GPU-6c849b47-7111-9265-9d42-ff8eddc05a2d, 0 %, 0 %, 42, 2625 MHz, 10251 MHz, 81.43 W, 480.00 W, 974 MiB
2026/10/09 01:39:51.070, 1, GPU-81ac6e96-0bfe-390d-beb1-241466569d6b, 100 %, 0 %, 68, 2715 MHz, 10251 MHz, 449.89 W, 480.00 W, 974 MiB
2026/10/09 01:39:52.071, 0, GPU-6c849b47-7111-9265-9d42-ff8eddc05a2d, 0 %, 0 %, 42, 2625 MHz, 10251 MHz, 81.43 W, 480.00 W, 974 MiB
2026/10/09 01:39:52.071, 1, GPU-81ac6e96-0bfe-390d-beb1-241466569d6b, 100 %, 0 %, 64, 2775 MHz, 10251 MHz, 463.94 W, 480.00 W, 974 MiB
2026/10/09 01:39:53.072, 0, GPU-6c849b47-7111-9265-9d42-ff8eddc05a2d, 0 %, 0 %, 42, 2625 MHz, 10251 MHz, 81.44 W, 480.00 W, 974 MiB
2026/10/09 01:39:53.072, 1, GPU-81ac6e96-0bfe-390d-beb1-241466569d6b, 100 %, 0 %, 67, 2655 MHz, 10251 MHz, 474.84 W, 480.00 W, 974 MiB
2026/10/09 01:39:54.073, 0, GPU-6c849b47-7111-9265-9d42-ff8eddc05a2d, 0 %, 0 %, 42, 2625 MHz, 10251 MHz, 81.41 W, 480.00 W, 974 MiB
2026/10/09 01:39:54.073, 1, GPU-81ac6e96-0bfe-390d-beb1-241466569d6b, 100 %, 0 %, 68, 2760 MHz, 10251 MHz, 452.35 W, 480.00 W, 974 MiB
2026/10/09 01:39:55.073, 0, GPU-6c849b47-7111-9265-9d42-ff8eddc05a2d, 0 %, 0 %, 42, 2625 MHz, 10251 MHz, 81.41 W, 480.00 W, 974 MiB
2026/10/09 01:39:55.074, 1, GPU-81ac6e96-0bfe-390d-beb1-241466569d6b, 100 %, 0 %, 67, 2730 MHz, 10251 MHz, 481.01 W, 480.00 W, 974 MiB
2026/10/09 01:39:56.074, 0, GPU-6c849b47-7111-9265-9d42-ff8eddc05a2d, 0 %, 0 %, 42, 2625 MHz, 10251 MHz, 81.42 W, 480.00 W, 974 MiB
2026/10/09 01:39:56.075, 1, GPU-81ac6e96-0bfe-390d-beb1-241466569d6b, 100 %, 0 %, 68, 2775 MHz, 10251 MHz, 459.61 W, 480.00 W, 974 MiB
2026/10/09 01:39:57.075, 0, GPU-6c849b47-7111-9265-9d42-ff8eddc05a2d, 0 %, 0 %, 42, 2625 MHz, 10251 MHz, 81.34 W, 480.00 W, 974 MiB
2026/10/09 01:39:57.076, 1, GPU-81ac6e96-0bfe-390d-beb1-241466569d6b, 100 %, 0 %, 66, 2775 MHz, 10251 MHz, 446.90 W, 480.00 W, 974 MiB
2026/10/09 01:39:58.076, 0, GPU-6c849b47-7111-9265-9d42-ff8eddc05a2d, 0 %, 0 %, 42, 2625 MHz, 10251 MHz, 81.26 W, 480.00 W, 974 MiB
2026/10/09 01:39:58.077, 1, GPU-81ac6e96-0bfe-390d-beb1-241466569d6b, 100 %, 0 %, 67, 2730 MHz, 10251 MHz, 480.66 W, 480.00 W, 974 MiB
2026/10/09 01:39:59.077, 0, GPU-6c849b47-7111-9265-9d42-ff8eddc05a2d, 0 %, 0 %, 42, 2625 MHz, 10251 MHz, 81.25 W, 480.00 W, 974 MiB
2026/10/09 01:39:59.077, 1, GPU-81ac6e96-0bfe-390d-beb1-241466569d6b, 100 %, 0 %, 67, 2775 MHz, 10251 MHz, 445.90 W, 480.00 W, 974 MiB
2026/10/09 01:40:00.078, 0, GPU-6c849b47-7111-9265-9d42-ff8eddc05a2d, 0 %, 0 %, 42, 2625 MHz, 10251 MHz, 81.31 W, 480.00 W, 974 MiB
2026/10/09 01:40:00.078, 1, GPU-81ac6e96-0bfe-390d-beb1-241466569d6b, 67 %, 0 %, 59, 2775 MHz, 10251 MHz, 431.96 W, 480.00 W, 974 MiB
2026/10/09 01:40:01.079, 0, GPU-6c849b47-7111-9265-9d42-ff8eddc05a2d, 0 %, 0 %, 42, 2625 MHz, 10251 MHz, 81.34 W, 480.00 W, 974 MiB
2026/10/09 01:40:01.079, 1, GPU-81ac6e96-0bfe-390d-beb1-241466569d6b, 0 %, 0 %, 48, 2790 MHz, 10251 MHz, 93.20 W, 480.00 W, 974 MiB
2026/10/09 01:40:02.079, 0, GPU-6c849b47-7111-9265-9d42-ff8eddc05a2d, 0 %, 0 %, 41, 405 MHz, 810 MHz, 67.75 W, 480.00 W, 974 MiB
2026/10/09 01:40:02.080, 1, GPU-81ac6e96-0bfe-390d-beb1-241466569d6b, 100 %, 0 %, 66, 2775 MHz, 10251 MHz, 318.77 W, 480.00 W, 974 MiB
2026/10/09 01:40:03.080, 0, GPU-6c849b47-7111-9265-9d42-ff8eddc05a2d, 0 %, 0 %, 41, 255 MHz, 405 MHz, 47.58 W, 480.00 W, 974 MiB
2026/10/09 01:40:03.081, 1, GPU-81ac6e96-0bfe-390d-beb1-241466569d6b, 100 %, 0 %, 67, 2715 MHz, 10251 MHz, 436.96 W, 480.00 W, 974 MiB
2026/10/09 01:40:04.081, 0, GPU-6c849b47-7111-9265-9d42-ff8eddc05a2d, 0 %, 0 %, 41, 210 MHz, 405 MHz, 39.88 W, 480.00 W, 974 MiB
2026/10/09 01:40:04.082, 1, GPU-81ac6e96-0bfe-390d-beb1-241466569d6b, 100 %, 0 %, 66, 2625 MHz, 10251 MHz, 489.26 W, 480.00 W, 974 MiB
2026/10/09 01:40:05.082, 0, GPU-6c849b47-7111-9265-9d42-ff8eddc05a2d, 0 %, 0 %, 41, 210 MHz, 405 MHz, 38.79 W, 480.00 W, 974 MiB
2026/10/09 01:40:05.083, 1, GPU-81ac6e96-0bfe-390d-beb1-241466569d6b, 100 %, 0 %, 68, 2745 MHz, 10251 MHz, 473.12 W, 480.00 W, 974 MiB
2026/10/09 01:40:06.083, 0, GPU-6c849b47-7111-9265-9d42-ff8eddc05a2d, 0 %, 0 %, 41, 210 MHz, 405 MHz, 38.94 W, 480.00 W, 974 MiB
2026/10/09 01:40:06.084, 1, GPU-81ac6e96-0bfe-390d-beb1-241466569d6b, 100 %, 0 %, 64, 2760 MHz, 10251 MHz, 444.80 W, 480.00 W, 974 MiB
2026/10/09 01:40:07.084, 0, GPU-6c849b47-7111-9265-9d42-ff8eddc05a2d, 0 %, 0 %, 41, 210 MHz, 405 MHz, 38.92 W, 480.00 W, 974 MiB
2026/10/09 01:40:07.085, 1, GPU-81ac6e96-0bfe-390d-beb1-241466569d6b, 100 %, 0 %, 66, 2685 MHz, 10251 MHz, 482.49 W, 480.00 W, 974 MiB
2026/10/09 01:40:08.085, 0, GPU-6c849b47-7111-9265-9d42-ff8eddc05a2d, 0 %, 0 %, 41, 210 MHz, 405 MHz, 38.86 W, 480.00 W, 974 MiB
2026/10/09 01:40:08.085, 1, GPU-81ac6e96-0bfe-390d-beb1-241466569d6b, 100 %, 0 %, 67, 2775 MHz, 10251 MHz, 454.65 W, 480.00 W, 974 MiB
2026/10/09 01:40:09.086, 0, GPU-6c849b47-7111-9265-9d42-ff8eddc05a2d, 0 %, 0 %, 41, 210 MHz, 405 MHz, 38.88 W, 480.00 W, 974 MiB
2026/10/09 01:40:09.086, 1, GPU-81ac6e96-0bfe-390d-beb1-241466569d6b, 100 %, 0 %, 65, 2775 MHz, 10251 MHz, 468.82 W, 480.00 W, 974 MiB
2026/10/09 01:40:10.087, 0, GPU-6c849b47-7111-9265-9d42-ff8eddc05a2d, 0 %, 0 %, 41, 210 MHz, 405 MHz, 38.77 W, 480.00 W, 974 MiB
2026/10/09 01:40:10.101, 1, GPU-81ac6e96-0bfe-390d-beb1-241466569d6b, 100 %, 0 %, 67, 2730 MHz, 10251 MHz, 453.84 W, 480.00 W, 974 MiB
2026/10/09 01:40:11.102, 0, GPU-6c849b47-7111-9265-9d42-ff8eddc05a2d, 0 %, 0 %, 40, 210 MHz, 405 MHz, 38.75 W, 480.00 W, 974 MiB
2026/10/09 01:40:11.103, 1, GPU-81ac6e96-0bfe-390d-beb1-241466569d6b, 100 %, 0 %, 67, 2775 MHz, 10251 MHz, 446.96 W, 480.00 W, 974 MiB
2026/10/09 01:40:12.103, 0, GPU-6c849b47-7111-9265-9d42-ff8eddc05a2d, 0 %, 0 %, 40, 210 MHz, 405 MHz, 38.92 W, 480.00 W, 974 MiB
2026/10/09 01:40:12.103, 1, GPU-81ac6e96-0bfe-390d-beb1-241466569d6b, 100 %, 0 %, 67, 2775 MHz, 10251 MHz, 476.98 W, 480.00 W, 974 MiB
2026/10/09 01:40:13.104, 0, GPU-6c849b47-7111-9265-9d42-ff8eddc05a2d, 0 %, 0 %, 40, 210 MHz, 405 MHz, 38.95 W, 480.00 W, 974 MiB
2026/10/09 01:40:13.104, 1, GPU-81ac6e96-0bfe-390d-beb1-241466569d6b, 0 %, 0 %, 48, 2805 MHz, 10251 MHz, 166.34 W, 480.00 W, 974 MiB
2026/10/09 01:40:14.105, 0, GPU-6c849b47-7111-9265-9d42-ff8eddc05a2d, 0 %, 0 %, 40, 210 MHz, 405 MHz, 38.75 W, 480.00 W, 974 MiB
2026/10/09 01:40:14.105, 1, GPU-81ac6e96-0bfe-390d-beb1-241466569d6b, 100 %, 0 %, 64, 2775 MHz, 10251 MHz, 228.33 W, 480.00 W, 974 MiB
2026/10/09 01:40:15.107, 0, GPU-6c849b47-7111-9265-9d42-ff8eddc05a2d, 0 %, 0 %, 40, 210 MHz, 405 MHz, 38.58 W, 480.00 W, 974 MiB
2026/10/09 01:40:15.139, 1, GPU-81ac6e96-0bfe-390d-beb1-241466569d6b, 100 %, 0 %, 65, 2700 MHz, 10251 MHz, 436.51 W, 480.00 W, 974 MiB
2026/10/09 01:40:16.139, 0, GPU-6c849b47-7111-9265-9d42-ff8eddc05a2d, 0 %, 0 %, 40, 210 MHz, 405 MHz, 38.65 W, 480.00 W, 974 MiB
2026/10/09 01:40:16.140, 1, GPU-81ac6e96-0bfe-390d-beb1-241466569d6b, 100 %, 0 %, 67, 2625 MHz, 10251 MHz, 501.49 W, 480.00 W, 974 MiB
2026/10/09 01:40:17.140, 0, GPU-6c849b47-7111-9265-9d42-ff8eddc05a2d, 0 %, 0 %, 40, 210 MHz, 405 MHz, 38.68 W, 480.00 W, 974 MiB
2026/10/09 01:40:17.141, 1, GPU-81ac6e96-0bfe-390d-beb1-241466569d6b, 100 %, 0 %, 68, 2745 MHz, 10251 MHz, 463.33 W, 480.00 W, 974 MiB
2026/10/09 01:40:18.141, 0, GPU-6c849b47-7111-9265-9d42-ff8eddc05a2d, 0 %, 0 %, 40, 210 MHz, 405 MHz, 38.71 W, 480.00 W, 974 MiB
2026/10/09 01:40:18.142, 1, GPU-81ac6e96-0bfe-390d-beb1-241466569d6b, 100 %, 0 %, 67, 2775 MHz, 10251 MHz, 479.16 W, 480.00 W, 974 MiB
2026/10/09 01:40:19.142, 0, GPU-6c849b47-7111-9265-9d42-ff8eddc05a2d, 0 %, 0 %, 40, 210 MHz, 405 MHz, 38.46 W, 480.00 W, 974 MiB
2026/10/09 01:40:19.143, 1, GPU-81ac6e96-0bfe-390d-beb1-241466569d6b, 100 %, 0 %, 68, 2700 MHz, 10251 MHz, 467.45 W, 480.00 W, 974 MiB
2026/10/09 01:40:20.143, 0, GPU-6c849b47-7111-9265-9d42-ff8eddc05a2d, 0 %, 0 %, 40, 210 MHz, 405 MHz, 38.11 W, 480.00 W, 974 MiB
2026/10/09 01:40:20.144, 1, GPU-81ac6e96-0bfe-390d-beb1-241466569d6b, 100 %, 0 %, 67, 2775 MHz, 10251 MHz, 448.76 W, 480.00 W, 974 MiB
2026/10/09 01:40:21.145, 0, GPU-6c849b47-7111-9265-9d42-ff8eddc05a2d, 0 %, 0 %, 40, 210 MHz, 405 MHz, 38.19 W, 480.00 W, 974 MiB
2026/10/09 01:40:21.145, 1, GPU-81ac6e96-0bfe-390d-beb1-241466569d6b, 100 %, 0 %, 67, 2730 MHz, 10251 MHz, 480.57 W, 480.00 W, 974 MiB
2026/10/09 01:40:22.146, 0, GPU-6c849b47-7111-9265-9d42-ff8eddc05a2d, 0 %, 0 %, 40, 210 MHz, 405 MHz, 38.44 W, 480.00 W, 974 MiB
2026/10/09 01:40:22.146, 1, GPU-81ac6e96-0bfe-390d-beb1-241466569d6b, 100 %, 0 %, 68, 2775 MHz, 10251 MHz, 454.86 W, 480.00 W, 974 MiB
2026/10/09 01:40:23.147, 0, GPU-6c849b47-7111-9265-9d42-ff8eddc05a2d, 0 %, 0 %, 40, 210 MHz, 405 MHz, 38.66 W, 480.00 W, 974 MiB
2026/10/09 01:40:23.147, 1, GPU-81ac6e96-0bfe-390d-beb1-241466569d6b, 100 %, 0 %, 64, 2790 MHz, 10251 MHz, 442.86 W, 480.00 W, 974 MiB
2026/10/09 01:40:24.148, 0, GPU-6c849b47-7111-9265-9d42-ff8eddc05a2d, 0 %, 0 %, 40, 210 MHz, 405 MHz, 38.82 W, 480.00 W, 974 MiB
2026/10/09 01:40:24.148, 1, GPU-81ac6e96-0bfe-390d-beb1-241466569d6b, 100 %, 0 %, 67, 2760 MHz, 10251 MHz, 475.85 W, 480.00 W, 974 MiB
2026/10/09 01:40:25.149, 0, GPU-6c849b47-7111-9265-9d42-ff8eddc05a2d, 0 %, 0 %, 40, 210 MHz, 405 MHz, 39.04 W, 480.00 W, 974 MiB
2026/10/09 01:40:25.149, 1, GPU-81ac6e96-0bfe-390d-beb1-241466569d6b, 0 %, 0 %, 49, 2790 MHz, 10251 MHz, 256.67 W, 480.00 W, 974 MiB
2026/10/09 01:40:26.163, 0, GPU-6c849b47-7111-9265-9d42-ff8eddc05a2d, 0 %, 0 %, 40, 210 MHz, 405 MHz, 38.85 W, 480.00 W, 974 MiB
2026/10/09 01:40:26.164, 1, GPU-81ac6e96-0bfe-390d-beb1-241466569d6b, 100 %, 0 %, 59, 2790 MHz, 10251 MHz, 120.48 W, 480.00 W, 974 MiB
2026/10/09 01:40:27.164, 0, GPU-6c849b47-7111-9265-9d42-ff8eddc05a2d, 0 %, 0 %, 40, 210 MHz, 405 MHz, 38.76 W, 480.00 W, 974 MiB
2026/10/09 01:40:27.165, 1, GPU-81ac6e96-0bfe-390d-beb1-241466569d6b, 100 %, 0 %, 67, 2775 MHz, 10251 MHz, 455.11 W, 480.00 W, 974 MiB
2026/10/09 01:40:28.165, 0, GPU-6c849b47-7111-9265-9d42-ff8eddc05a2d, 0 %, 0 %, 40, 210 MHz, 405 MHz, 38.88 W, 480.00 W, 974 MiB
2026/10/09 01:40:28.166, 1, GPU-81ac6e96-0bfe-390d-beb1-241466569d6b, 100 %, 0 %, 69, 2700 MHz, 10251 MHz, 451.28 W, 480.00 W, 974 MiB
2026/10/09 01:40:29.166, 0, GPU-6c849b47-7111-9265-9d42-ff8eddc05a2d, 0 %, 0 %, 39, 210 MHz, 405 MHz, 38.88 W, 480.00 W, 974 MiB
2026/10/09 01:40:29.166, 1, GPU-81ac6e96-0bfe-390d-beb1-241466569d6b, 100 %, 0 %, 66, 2730 MHz, 10251 MHz, 456.47 W, 480.00 W, 974 MiB
2026/10/09 01:40:30.167, 0, GPU-6c849b47-7111-9265-9d42-ff8eddc05a2d, 0 %, 0 %, 39, 210 MHz, 405 MHz, 38.72 W, 480.00 W, 974 MiB
2026/10/09 01:40:30.167, 1, GPU-81ac6e96-0bfe-390d-beb1-241466569d6b, 100 %, 0 %, 67, 2670 MHz, 10251 MHz, 490.78 W, 480.00 W, 974 MiB
2026/10/09 01:40:31.181, 0, GPU-6c849b47-7111-9265-9d42-ff8eddc05a2d, 0 %, 0 %, 39, 210 MHz, 405 MHz, 38.21 W, 480.00 W, 974 MiB
2026/10/09 01:40:31.182, 1, GPU-81ac6e96-0bfe-390d-beb1-241466569d6b, 100 %, 0 %, 68, 2760 MHz, 10251 MHz, 460.07 W, 480.00 W, 974 MiB
2026/10/09 01:40:32.182, 0, GPU-6c849b47-7111-9265-9d42-ff8eddc05a2d, 0 %, 0 %, 39, 210 MHz, 405 MHz, 38.04 W, 480.00 W, 974 MiB
2026/10/09 01:40:32.183, 1, GPU-81ac6e96-0bfe-390d-beb1-241466569d6b, 100 %, 0 %, 67, 2775 MHz, 10251 MHz, 472.53 W, 480.00 W, 974 MiB
2026/10/09 01:40:33.183, 0, GPU-6c849b47-7111-9265-9d42-ff8eddc05a2d, 0 %, 0 %, 39, 210 MHz, 405 MHz, 37.96 W, 480.00 W, 974 MiB
2026/10/09 01:40:33.183, 1, GPU-81ac6e96-0bfe-390d-beb1-241466569d6b, 100 %, 0 %, 68, 2700 MHz, 10251 MHz, 460.25 W, 480.00 W, 974 MiB
2026/10/09 01:40:34.184, 0, GPU-6c849b47-7111-9265-9d42-ff8eddc05a2d, 0 %, 0 %, 39, 210 MHz, 405 MHz, 37.59 W, 480.00 W, 974 MiB
2026/10/09 01:40:34.185, 1, GPU-81ac6e96-0bfe-390d-beb1-241466569d6b, 100 %, 0 %, 67, 2775 MHz, 10251 MHz, 446.83 W, 480.00 W, 974 MiB
2026/10/09 01:40:35.185, 0, GPU-6c849b47-7111-9265-9d42-ff8eddc05a2d, 0 %, 0 %, 39, 210 MHz, 405 MHz, 37.44 W, 480.00 W, 974 MiB
2026/10/09 01:40:35.186, 1, GPU-81ac6e96-0bfe-390d-beb1-241466569d6b, 100 %, 0 %, 68, 2745 MHz, 10251 MHz, 479.56 W, 480.00 W, 974 MiB
2026/10/09 01:40:36.186, 0, GPU-6c849b47-7111-9265-9d42-ff8eddc05a2d, 0 %, 0 %, 39, 210 MHz, 405 MHz, 37.62 W, 480.00 W, 974 MiB
2026/10/09 01:40:36.187, 1, GPU-81ac6e96-0bfe-390d-beb1-241466569d6b, 100 %, 0 %, 68, 2775 MHz, 10251 MHz, 446.30 W, 480.00 W, 974 MiB
2026/10/09 01:40:37.187, 0, GPU-6c849b47-7111-9265-9d42-ff8eddc05a2d, 0 %, 0 %, 39, 210 MHz, 405 MHz, 37.90 W, 480.00 W, 974 MiB
2026/10/09 01:40:37.187, 1, GPU-81ac6e96-0bfe-390d-beb1-241466569d6b, 0 %, 0 %, 52, 2790 MHz, 10251 MHz, 381.27 W, 480.00 W, 974 MiB
2026/10/09 01:40:38.188, 0, GPU-6c849b47-7111-9265-9d42-ff8eddc05a2d, 0 %, 0 %, 39, 210 MHz, 405 MHz, 38.06 W, 480.00 W, 974 MiB
2026/10/09 01:40:38.188, 1, GPU-81ac6e96-0bfe-390d-beb1-241466569d6b, 0 %, 0 %, 48, 2790 MHz, 10251 MHz, 86.14 W, 480.00 W, 974 MiB
2026/10/09 01:40:39.189, 0, GPU-6c849b47-7111-9265-9d42-ff8eddc05a2d, 0 %, 0 %, 39, 210 MHz, 405 MHz, 37.91 W, 480.00 W, 974 MiB
2026/10/09 01:40:39.189, 1, GPU-81ac6e96-0bfe-390d-beb1-241466569d6b, 0 %, 0 %, 48, 2790 MHz, 10251 MHz, 85.50 W, 480.00 W, 974 MiB
2026/10/09 01:40:40.189, 0, GPU-6c849b47-7111-9265-9d42-ff8eddc05a2d, 0 %, 0 %, 39, 210 MHz, 405 MHz, 37.75 W, 480.00 W, 974 MiB
2026/10/09 01:40:40.190, 1, GPU-81ac6e96-0bfe-390d-beb1-241466569d6b, 0 %, 0 %, 47, 2625 MHz, 10251 MHz, 77.62 W, 480.00 W, 974 MiB
2026/10/09 01:40:41.190, 0, GPU-6c849b47-7111-9265-9d42-ff8eddc05a2d, 0 %, 0 %, 39, 210 MHz, 405 MHz, 37.78 W, 480.00 W, 974 MiB
2026/10/09 01:40:41.191, 1, GPU-81ac6e96-0bfe-390d-beb1-241466569d6b, 0 %, 0 %, 47, 2625 MHz, 10251 MHz, 76.63 W, 480.00 W, 974 MiB
2026/10/09 01:40:42.191, 0, GPU-6c849b47-7111-9265-9d42-ff8eddc05a2d, 0 %, 0 %, 39, 210 MHz, 405 MHz, 37.74 W, 480.00 W, 974 MiB
2026/10/09 01:40:42.192, 1, GPU-81ac6e96-0bfe-390d-beb1-241466569d6b, 100 %, 0 %, 47, 2790 MHz, 10251 MHz, 79.58 W, 480.00 W, 974 MiB
2026/10/09 01:40:43.192, 0, GPU-6c849b47-7111-9265-9d42-ff8eddc05a2d, 0 %, 0 %, 39, 210 MHz, 405 MHz, 37.83 W, 480.00 W, 974 MiB
2026/10/09 01:40:43.193, 1, GPU-81ac6e96-0bfe-390d-beb1-241466569d6b, 100 %, 0 %, 48, 2790 MHz, 10251 MHz, 112.02 W, 480.00 W, 974 MiB
2026/10/09 01:40:44.193, 0, GPU-6c849b47-7111-9265-9d42-ff8eddc05a2d, 0 %, 0 %, 39, 210 MHz, 405 MHz, 38.18 W, 480.00 W, 974 MiB
2026/10/09 01:40:44.194, 1, GPU-81ac6e96-0bfe-390d-beb1-241466569d6b, 100 %, 0 %, 59, 2790 MHz, 10251 MHz, 147.19 W, 480.00 W, 974 MiB
2026/10/09 01:40:45.194, 0, GPU-6c849b47-7111-9265-9d42-ff8eddc05a2d, 0 %, 0 %, 38, 210 MHz, 405 MHz, 38.20 W, 480.00 W, 974 MiB
2026/10/09 01:40:45.195, 1, GPU-81ac6e96-0bfe-390d-beb1-241466569d6b, 100 %, 0 %, 67, 2775 MHz, 10251 MHz, 450.97 W, 480.00 W, 974 MiB
2026/10/09 01:40:46.195, 0, GPU-6c849b47-7111-9265-9d42-ff8eddc05a2d, 0 %, 0 %, 38, 210 MHz, 405 MHz, 37.96 W, 480.00 W, 974 MiB
2026/10/09 01:40:46.196, 1, GPU-81ac6e96-0bfe-390d-beb1-241466569d6b, 100 %, 0 %, 69, 2715 MHz, 10251 MHz, 452.84 W, 480.00 W, 974 MiB
2026/10/09 01:40:47.196, 0, GPU-6c849b47-7111-9265-9d42-ff8eddc05a2d, 0 %, 0 %, 38, 210 MHz, 405 MHz, 37.61 W, 480.00 W, 974 MiB
2026/10/09 01:40:47.197, 1, GPU-81ac6e96-0bfe-390d-beb1-241466569d6b, 100 %, 0 %, 66, 2745 MHz, 10251 MHz, 454.50 W, 480.00 W, 974 MiB
2026/10/09 01:40:48.197, 0, GPU-6c849b47-7111-9265-9d42-ff8eddc05a2d, 0 %, 0 %, 38, 210 MHz, 405 MHz, 37.42 W, 480.00 W, 974 MiB
2026/10/09 01:40:48.198, 1, GPU-81ac6e96-0bfe-390d-beb1-241466569d6b, 100 %, 0 %, 67, 2670 MHz, 10251 MHz, 491.06 W, 480.00 W, 974 MiB
2026/10/09 01:40:49.198, 0, GPU-6c849b47-7111-9265-9d42-ff8eddc05a2d, 0 %, 0 %, 38, 210 MHz, 405 MHz, 37.51 W, 480.00 W, 974 MiB
2026/10/09 01:40:49.199, 1, GPU-81ac6e96-0bfe-390d-beb1-241466569d6b, 100 %, 0 %, 68, 2760 MHz, 10251 MHz, 457.67 W, 480.00 W, 974 MiB
2026/10/09 01:40:50.200, 0, GPU-6c849b47-7111-9265-9d42-ff8eddc05a2d, 0 %, 0 %, 38, 210 MHz, 405 MHz, 37.60 W, 480.00 W, 974 MiB
2026/10/09 01:40:50.201, 1, GPU-81ac6e96-0bfe-390d-beb1-241466569d6b, 100 %, 0 %, 66, 2775 MHz, 10251 MHz, 470.29 W, 480.00 W, 974 MiB
2026/10/09 01:40:51.201, 0, GPU-6c849b47-7111-9265-9d42-ff8eddc05a2d, 0 %, 0 %, 38, 210 MHz, 405 MHz, 37.56 W, 480.00 W, 974 MiB
2026/10/09 01:40:51.202, 1, GPU-81ac6e96-0bfe-390d-beb1-241466569d6b, 100 %, 0 %, 68, 2685 MHz, 10251 MHz, 459.80 W, 480.00 W, 974 MiB
2026/10/09 01:40:52.202, 0, GPU-6c849b47-7111-9265-9d42-ff8eddc05a2d, 0 %, 0 %, 38, 210 MHz, 405 MHz, 37.19 W, 480.00 W, 974 MiB
2026/10/09 01:40:52.203, 1, GPU-81ac6e96-0bfe-390d-beb1-241466569d6b, 100 %, 0 %, 67, 2775 MHz, 10251 MHz, 447.54 W, 480.00 W, 974 MiB
2026/10/09 01:40:53.203, 0, GPU-6c849b47-7111-9265-9d42-ff8eddc05a2d, 0 %, 0 %, 38, 210 MHz, 405 MHz, 37.02 W, 480.00 W, 974 MiB
2026/10/09 01:40:53.204, 1, GPU-81ac6e96-0bfe-390d-beb1-241466569d6b, 100 %, 0 %, 68, 2745 MHz, 10251 MHz, 479.35 W, 480.00 W, 974 MiB
2026/10/09 01:40:54.204, 0, GPU-6c849b47-7111-9265-9d42-ff8eddc05a2d, 0 %, 0 %, 38, 210 MHz, 405 MHz, 37.53 W, 480.00 W, 974 MiB
2026/10/09 01:40:54.204, 1, GPU-81ac6e96-0bfe-390d-beb1-241466569d6b, 100 %, 0 %, 67, 2775 MHz, 10251 MHz, 446.61 W, 480.00 W, 974 MiB
2026/10/09 01:40:55.205, 0, GPU-6c849b47-7111-9265-9d42-ff8eddc05a2d, 0 %, 0 %, 38, 210 MHz, 405 MHz, 38.04 W, 480.00 W, 974 MiB
2026/10/09 01:40:55.206, 1, GPU-81ac6e96-0bfe-390d-beb1-241466569d6b, 0 %, 0 %, 52, 2790 MHz, 10251 MHz, 375.81 W, 480.00 W, 974 MiB
2026/10/09 01:40:56.206, 0, GPU-6c849b47-7111-9265-9d42-ff8eddc05a2d, 0 %, 0 %, 38, 210 MHz, 405 MHz, 38.09 W, 480.00 W, 974 MiB
2026/10/09 01:40:56.206, 1, GPU-81ac6e96-0bfe-390d-beb1-241466569d6b, 0 %, 0 %, 48, 2790 MHz, 10251 MHz, 86.35 W, 480.00 W, 974 MiB
2026/10/09 01:40:57.207, 0, GPU-6c849b47-7111-9265-9d42-ff8eddc05a2d, 0 %, 0 %, 38, 210 MHz, 405 MHz, 37.88 W, 480.00 W, 974 MiB
2026/10/09 01:40:57.208, 1, GPU-81ac6e96-0bfe-390d-beb1-241466569d6b, 100 %, 0 %, 47, 2625 MHz, 10251 MHz, 91.50 W, 480.00 W, 974 MiB
2026/10/09 01:40:58.208, 0, GPU-6c849b47-7111-9265-9d42-ff8eddc05a2d, 0 %, 0 %, 38, 210 MHz, 405 MHz, 37.77 W, 480.00 W, 974 MiB
2026/10/09 01:40:58.209, 1, GPU-81ac6e96-0bfe-390d-beb1-241466569d6b, 100 %, 0 %, 66, 2745 MHz, 10251 MHz, 438.92 W, 480.00 W, 974 MiB
2026/10/09 01:40:59.209, 0, GPU-6c849b47-7111-9265-9d42-ff8eddc05a2d, 0 %, 0 %, 38, 210 MHz, 405 MHz, 37.74 W, 480.00 W, 974 MiB
2026/10/09 01:40:59.209, 1, GPU-81ac6e96-0bfe-390d-beb1-241466569d6b, 100 %, 0 %, 68, 2715 MHz, 10251 MHz, 455.39 W, 480.00 W, 974 MiB
2026/10/09 01:41:00.210, 0, GPU-6c849b47-7111-9265-9d42-ff8eddc05a2d, 0 %, 0 %, 38, 210 MHz, 405 MHz, 37.53 W, 480.00 W, 974 MiB
2026/10/09 01:41:00.210, 1, GPU-81ac6e96-0bfe-390d-beb1-241466569d6b, 100 %, 0 %, 61, 2775 MHz, 10251 MHz, 455.64 W, 480.00 W, 974 MiB
2026/10/09 01:41:01.211, 0, GPU-6c849b47-7111-9265-9d42-ff8eddc05a2d, 0 %, 0 %, 38, 210 MHz, 405 MHz, 37.38 W, 480.00 W, 974 MiB
2026/10/09 01:41:01.211, 1, GPU-81ac6e96-0bfe-390d-beb1-241466569d6b, 100 %, 0 %, 67, 2670 MHz, 10251 MHz, 479.00 W, 480.00 W, 974 MiB
2026/10/09 01:41:02.212, 0, GPU-6c849b47-7111-9265-9d42-ff8eddc05a2d, 0 %, 0 %, 38, 210 MHz, 405 MHz, 37.45 W, 480.00 W, 974 MiB
2026/10/09 01:41:02.212, 1, GPU-81ac6e96-0bfe-390d-beb1-241466569d6b, 100 %, 0 %, 68, 2775 MHz, 10251 MHz, 457.44 W, 480.00 W, 974 MiB
2026/10/09 01:41:03.213, 0, GPU-6c849b47-7111-9265-9d42-ff8eddc05a2d, 0 %, 0 %, 38, 210 MHz, 405 MHz, 37.48 W, 480.00 W, 974 MiB
2026/10/09 01:41:03.213, 1, GPU-81ac6e96-0bfe-390d-beb1-241466569d6b, 100 %, 0 %, 68, 2775 MHz, 10251 MHz, 479.39 W, 480.00 W, 974 MiB
2026/10/09 01:41:04.214, 0, GPU-6c849b47-7111-9265-9d42-ff8eddc05a2d, 0 %, 0 %, 38, 210 MHz, 405 MHz, 37.45 W, 480.00 W, 974 MiB
2026/10/09 01:41:04.214, 1, GPU-81ac6e96-0bfe-390d-beb1-241466569d6b, 100 %, 0 %, 68, 2760 MHz, 10251 MHz, 459.99 W, 480.00 W, 974 MiB
2026/10/09 01:41:05.215, 0, GPU-6c849b47-7111-9265-9d42-ff8eddc05a2d, 0 %, 0 %, 38, 210 MHz, 405 MHz, 37.58 W, 480.00 W, 974 MiB
2026/10/09 01:41:05.216, 1, GPU-81ac6e96-0bfe-390d-beb1-241466569d6b, 100 %, 0 %, 67, 2775 MHz, 10251 MHz, 446.44 W, 480.00 W, 974 MiB
2026/10/09 01:41:06.216, 0, GPU-6c849b47-7111-9265-9d42-ff8eddc05a2d, 0 %, 0 %, 38, 210 MHz, 405 MHz, 37.71 W, 480.00 W, 974 MiB
2026/10/09 01:41:06.217, 1, GPU-81ac6e96-0bfe-390d-beb1-241466569d6b, 100 %, 0 %, 68, 2745 MHz, 10251 MHz, 479.70 W, 480.00 W, 974 MiB
2026/10/09 01:41:07.217, 0, GPU-6c849b47-7111-9265-9d42-ff8eddc05a2d, 0 %, 0 %, 38, 210 MHz, 405 MHz, 37.51 W, 480.00 W, 974 MiB
2026/10/09 01:41:07.217, 1, GPU-81ac6e96-0bfe-390d-beb1-241466569d6b, 100 %, 0 %, 68, 2775 MHz, 10251 MHz, 448.61 W, 480.00 W, 974 MiB
2026/10/09 01:41:08.218, 0, GPU-6c849b47-7111-9265-9d42-ff8eddc05a2d, 0 %, 0 %, 38, 210 MHz, 405 MHz, 37.32 W, 480.00 W, 974 MiB
2026/10/09 01:41:08.219, 1, GPU-81ac6e96-0bfe-390d-beb1-241466569d6b, 0 %, 0 %, 54, 2790 MHz, 10251 MHz, 407.04 W, 480.00 W, 974 MiB
2026/10/09 01:41:09.219, 0, GPU-6c849b47-7111-9265-9d42-ff8eddc05a2d, 0 %, 0 %, 38, 210 MHz, 405 MHz, 35.98 W, 480.00 W, 974 MiB
2026/10/09 01:41:09.220, 1, GPU-81ac6e96-0bfe-390d-beb1-241466569d6b, 0 %, 0 %, 48, 2790 MHz, 10251 MHz, 86.90 W, 480.00 W, 974 MiB
2026/10/09 01:41:10.220, 0, GPU-6c849b47-7111-9265-9d42-ff8eddc05a2d, 0 %, 0 %, 39, 210 MHz, 405 MHz, 33.70 W, 480.00 W, 974 MiB
2026/10/09 01:41:10.221, 1, GPU-81ac6e96-0bfe-390d-beb1-241466569d6b, 0 %, 0 %, 48, 2790 MHz, 10251 MHz, 85.57 W, 480.00 W, 974 MiB
2026/10/09 01:41:11.221, 0, GPU-6c849b47-7111-9265-9d42-ff8eddc05a2d, 0 %, 0 %, 39, 210 MHz, 405 MHz, 32.72 W, 480.00 W, 974 MiB
2026/10/09 01:41:11.222, 1, GPU-81ac6e96-0bfe-390d-beb1-241466569d6b, 100 %, 0 %, 64, 2775 MHz, 10251 MHz, 283.81 W, 480.00 W, 974 MiB
2026/10/09 01:41:12.222, 0, GPU-6c849b47-7111-9265-9d42-ff8eddc05a2d, 0 %, 0 %, 39, 210 MHz, 405 MHz, 33.05 W, 480.00 W, 974 MiB
2026/10/09 01:41:12.222, 1, GPU-81ac6e96-0bfe-390d-beb1-241466569d6b, 100 %, 0 %, 69, 2715 MHz, 10251 MHz, 450.00 W, 480.00 W, 974 MiB
2026/10/09 01:41:13.223, 0, GPU-6c849b47-7111-9265-9d42-ff8eddc05a2d, 0 %, 0 %, 40, 210 MHz, 405 MHz, 33.50 W, 480.00 W, 974 MiB
2026/10/09 01:41:13.225, 1, GPU-81ac6e96-0bfe-390d-beb1-241466569d6b, 100 %, 0 %, 67, 2775 MHz, 10251 MHz, 478.09 W, 480.00 W, 974 MiB
2026/10/09 01:41:14.226, 0, GPU-6c849b47-7111-9265-9d42-ff8eddc05a2d, 0 %, 0 %, 40, 210 MHz, 405 MHz, 33.56 W, 480.00 W, 974 MiB
2026/10/09 01:41:14.226, 1, GPU-81ac6e96-0bfe-390d-beb1-241466569d6b, 100 %, 0 %, 68, 2670 MHz, 10251 MHz, 472.83 W, 480.00 W, 974 MiB
2026/10/09 01:41:15.227, 0, GPU-6c849b47-7111-9265-9d42-ff8eddc05a2d, 0 %, 0 %, 40, 210 MHz, 405 MHz, 33.51 W, 480.00 W, 974 MiB
2026/10/09 01:41:15.227, 1, GPU-81ac6e96-0bfe-390d-beb1-241466569d6b, 100 %, 0 %, 68, 2760 MHz, 10251 MHz, 450.41 W, 480.00 W, 974 MiB
2026/10/09 01:41:16.241, 0, GPU-6c849b47-7111-9265-9d42-ff8eddc05a2d, 0 %, 0 %, 40, 210 MHz, 405 MHz, 33.54 W, 480.00 W, 974 MiB
2026/10/09 01:41:16.242, 1, GPU-81ac6e96-0bfe-390d-beb1-241466569d6b, 100 %, 0 %, 67, 2715 MHz, 10251 MHz, 482.90 W, 480.00 W, 974 MiB
2026/10/09 01:41:17.242, 0, GPU-6c849b47-7111-9265-9d42-ff8eddc05a2d, 0 %, 0 %, 40, 210 MHz, 405 MHz, 33.74 W, 480.00 W, 974 MiB
2026/10/09 01:41:17.243, 1, GPU-81ac6e96-0bfe-390d-beb1-241466569d6b, 100 %, 0 %, 68, 2775 MHz, 10251 MHz, 458.40 W, 480.00 W, 974 MiB
2026/10/09 01:41:18.243, 0, GPU-6c849b47-7111-9265-9d42-ff8eddc05a2d, 0 %, 0 %, 40, 210 MHz, 405 MHz, 33.90 W, 480.00 W, 974 MiB
2026/10/09 01:41:18.244, 1, GPU-81ac6e96-0bfe-390d-beb1-241466569d6b, 100 %, 0 %, 63, 2790 MHz, 10251 MHz, 447.21 W, 480.00 W, 974 MiB
2026/10/09 01:41:19.244, 0, GPU-6c849b47-7111-9265-9d42-ff8eddc05a2d, 0 %, 0 %, 40, 210 MHz, 405 MHz, 33.93 W, 480.00 W, 974 MiB
2026/10/09 01:41:19.245, 1, GPU-81ac6e96-0bfe-390d-beb1-241466569d6b, 100 %, 0 %, 67, 2730 MHz, 10251 MHz, 474.11 W, 480.00 W, 974 MiB
2026/10/09 01:41:20.245, 0, GPU-6c849b47-7111-9265-9d42-ff8eddc05a2d, 0 %, 0 %, 40, 210 MHz, 405 MHz, 33.82 W, 480.00 W, 974 MiB
2026/10/09 01:41:20.245, 1, GPU-81ac6e96-0bfe-390d-beb1-241466569d6b, 100 %, 0 %, 68, 2775 MHz, 10251 MHz, 446.70 W, 480.00 W, 974 MiB
2026/10/09 01:41:21.246, 0, GPU-6c849b47-7111-9265-9d42-ff8eddc05a2d, 0 %, 0 %, 40, 210 MHz, 405 MHz, 33.78 W, 480.00 W, 974 MiB
2026/10/09 01:41:21.246, 1, GPU-81ac6e96-0bfe-390d-beb1-241466569d6b, 100 %, 0 %, 64, 2775 MHz, 10251 MHz, 457.60 W, 480.00 W, 974 MiB
2026/10/09 01:41:22.247, 0, GPU-6c849b47-7111-9265-9d42-ff8eddc05a2d, 0 %, 0 %, 40, 210 MHz, 405 MHz, 33.93 W, 480.00 W, 974 MiB
2026/10/09 01:41:22.247, 1, GPU-81ac6e96-0bfe-390d-beb1-241466569d6b, 0 %, 0 %, 48, 2790 MHz, 10251 MHz, 113.05 W, 480.00 W, 974 MiB
2026/10/09 01:41:23.248, 0, GPU-6c849b47-7111-9265-9d42-ff8eddc05a2d, 0 %, 0 %, 40, 210 MHz, 405 MHz, 33.72 W, 480.00 W, 974 MiB
2026/10/09 01:41:23.248, 1, GPU-81ac6e96-0bfe-390d-beb1-241466569d6b, 0 %, 0 %, 48, 2790 MHz, 10251 MHz, 85.45 W, 480.00 W, 974 MiB
2026/10/09 01:41:24.248, 0, GPU-6c849b47-7111-9265-9d42-ff8eddc05a2d, 0 %, 0 %, 40, 210 MHz, 405 MHz, 33.48 W, 480.00 W, 974 MiB
2026/10/09 01:41:24.251, 1, GPU-81ac6e96-0bfe-390d-beb1-241466569d6b, 100 %, 0 %, 66, 2775 MHz, 10251 MHz, 264.26 W, 480.00 W, 974 MiB
2026/10/09 01:41:25.252, 0, GPU-6c849b47-7111-9265-9d42-ff8eddc05a2d, 0 %, 0 %, 40, 210 MHz, 405 MHz, 33.70 W, 480.00 W, 974 MiB
2026/10/09 01:41:25.252, 1, GPU-81ac6e96-0bfe-390d-beb1-241466569d6b, 100 %, 0 %, 68, 2700 MHz, 10251 MHz, 432.40 W, 480.00 W, 974 MiB
2026/10/09 01:41:26.284, 0, GPU-6c849b47-7111-9265-9d42-ff8eddc05a2d, 0 %, 0 %, 40, 210 MHz, 405 MHz, 33.89 W, 480.00 W, 974 MiB
2026/10/09 01:41:26.284, 1, GPU-81ac6e96-0bfe-390d-beb1-241466569d6b, 100 %, 0 %, 67, 2625 MHz, 10251 MHz, 490.73 W, 480.00 W, 974 MiB
2026/10/09 01:41:27.284, 0, GPU-6c849b47-7111-9265-9d42-ff8eddc05a2d, 0 %, 0 %, 40, 210 MHz, 405 MHz, 33.77 W, 480.00 W, 974 MiB
2026/10/09 01:41:27.285, 1, GPU-81ac6e96-0bfe-390d-beb1-241466569d6b, 100 %, 0 %, 69, 2760 MHz, 10251 MHz, 468.44 W, 480.00 W, 974 MiB
2026/10/09 01:41:28.285, 0, GPU-6c849b47-7111-9265-9d42-ff8eddc05a2d, 0 %, 0 %, 40, 210 MHz, 405 MHz, 33.78 W, 480.00 W, 974 MiB
2026/10/09 01:41:28.286, 1, GPU-81ac6e96-0bfe-390d-beb1-241466569d6b, 100 %, 0 %, 66, 2760 MHz, 10251 MHz, 449.81 W, 480.00 W, 974 MiB
2026/10/09 01:41:29.286, 0, GPU-6c849b47-7111-9265-9d42-ff8eddc05a2d, 0 %, 0 %, 40, 210 MHz, 405 MHz, 33.77 W, 480.00 W, 974 MiB
2026/10/09 01:41:29.287, 1, GPU-81ac6e96-0bfe-390d-beb1-241466569d6b, 100 %, 0 %, 67, 2685 MHz, 10251 MHz, 474.46 W, 480.00 W, 974 MiB
2026/10/09 01:41:30.287, 0, GPU-6c849b47-7111-9265-9d42-ff8eddc05a2d, 0 %, 0 %, 40, 210 MHz, 405 MHz, 33.56 W, 480.00 W, 974 MiB
2026/10/09 01:41:30.288, 1, GPU-81ac6e96-0bfe-390d-beb1-241466569d6b, 100 %, 0 %, 68, 2775 MHz, 10251 MHz, 452.31 W, 480.00 W, 974 MiB
2026/10/09 01:41:31.288, 0, GPU-6c849b47-7111-9265-9d42-ff8eddc05a2d, 0 %, 0 %, 40, 210 MHz, 405 MHz, 33.38 W, 480.00 W, 974 MiB
2026/10/09 01:41:31.289, 1, GPU-81ac6e96-0bfe-390d-beb1-241466569d6b, 100 %, 0 %, 64, 2775 MHz, 10251 MHz, 473.59 W, 480.00 W, 974 MiB
2026/10/09 01:41:32.289, 0, GPU-6c849b47-7111-9265-9d42-ff8eddc05a2d, 0 %, 0 %, 40, 210 MHz, 405 MHz, 33.44 W, 480.00 W, 974 MiB
2026/10/09 01:41:32.289, 1, GPU-81ac6e96-0bfe-390d-beb1-241466569d6b, 100 %, 0 %, 67, 2715 MHz, 10251 MHz, 454.41 W, 480.00 W, 974 MiB
2026/10/09 01:41:33.290, 0, GPU-6c849b47-7111-9265-9d42-ff8eddc05a2d, 0 %, 0 %, 40, 210 MHz, 405 MHz, 33.65 W, 480.00 W, 974 MiB
2026/10/09 01:41:33.290, 1, GPU-81ac6e96-0bfe-390d-beb1-241466569d6b, 100 %, 0 %, 67, 2775 MHz, 10251 MHz, 444.93 W, 480.00 W, 974 MiB
2026/10/09 01:41:34.291, 0, GPU-6c849b47-7111-9265-9d42-ff8eddc05a2d, 0 %, 0 %, 40, 210 MHz, 405 MHz, 33.61 W, 480.00 W, 974 MiB
2026/10/09 01:41:34.291, 1, GPU-81ac6e96-0bfe-390d-beb1-241466569d6b, 100 %, 0 %, 67, 2760 MHz, 10251 MHz, 477.43 W, 480.00 W, 974 MiB
2026/10/09 01:41:35.291, 0, GPU-6c849b47-7111-9265-9d42-ff8eddc05a2d, 0 %, 0 %, 40, 210 MHz, 405 MHz, 33.47 W, 480.00 W, 974 MiB
2026/10/09 01:41:35.292, 1, GPU-81ac6e96-0bfe-390d-beb1-241466569d6b, 0 %, 0 %, 49, 2805 MHz, 10251 MHz, 180.88 W, 480.00 W, 974 MiB
2026/10/09 01:41:36.292, 0, GPU-6c849b47-7111-9265-9d42-ff8eddc05a2d, 0 %, 0 %, 40, 210 MHz, 405 MHz, 33.33 W, 480.00 W, 974 MiB
2026/10/09 01:41:36.293, 1, GPU-81ac6e96-0bfe-390d-beb1-241466569d6b, 0 %, 0 %, 48, 2805 MHz, 10251 MHz, 85.72 W, 480.00 W, 974 MiB
2026/10/09 01:41:37.293, 0, GPU-6c849b47-7111-9265-9d42-ff8eddc05a2d, 0 %, 0 %, 40, 210 MHz, 405 MHz, 33.04 W, 480.00 W, 974 MiB
2026/10/09 01:41:37.294, 1, GPU-81ac6e96-0bfe-390d-beb1-241466569d6b, 0 %, 0 %, 47, 2625 MHz, 10251 MHz, 77.66 W, 480.00 W, 974 MiB
2026/10/09 01:41:38.294, 0, GPU-6c849b47-7111-9265-9d42-ff8eddc05a2d, 0 %, 0 %, 40, 210 MHz, 405 MHz, 33.09 W, 480.00 W, 974 MiB
2026/10/09 01:41:38.295, 1, GPU-81ac6e96-0bfe-390d-beb1-241466569d6b, 0 %, 0 %, 47, 2625 MHz, 10251 MHz, 76.80 W, 480.00 W, 974 MiB
2026/10/09 01:41:39.295, 0, GPU-6c849b47-7111-9265-9d42-ff8eddc05a2d, 0 %, 0 %, 40, 210 MHz, 405 MHz, 33.54 W, 480.00 W, 974 MiB
2026/10/09 01:41:39.296, 1, GPU-81ac6e96-0bfe-390d-beb1-241466569d6b, 0 %, 0 %, 46, 2625 MHz, 10251 MHz, 76.25 W, 480.00 W, 974 MiB
2026/10/09 01:41:40.296, 0, GPU-6c849b47-7111-9265-9d42-ff8eddc05a2d, 0 %, 0 %, 41, 2625 MHz, 10251 MHz, 34.24 W, 480.00 W, 974 MiB
2026/10/09 01:41:40.297, 1, GPU-81ac6e96-0bfe-390d-beb1-241466569d6b, 0 %, 0 %, 46, 2625 MHz, 10251 MHz, 75.68 W, 480.00 W, 974 MiB
2026/10/09 01:41:41.297, 0, GPU-6c849b47-7111-9265-9d42-ff8eddc05a2d, 100 %, 0 %, 44, 2790 MHz, 10251 MHz, 69.18 W, 480.00 W, 974 MiB
2026/10/09 01:41:41.298, 1, GPU-81ac6e96-0bfe-390d-beb1-241466569d6b, 100 %, 0 %, 48, 2805 MHz, 10251 MHz, 101.25 W, 480.00 W, 974 MiB
2026/10/09 01:41:42.298, 0, GPU-6c849b47-7111-9265-9d42-ff8eddc05a2d, 100 %, 0 %, 45, 2790 MHz, 10251 MHz, 105.26 W, 480.00 W, 974 MiB
2026/10/09 01:41:42.298, 1, GPU-81ac6e96-0bfe-390d-beb1-241466569d6b, 100 %, 0 %, 65, 2790 MHz, 10251 MHz, 226.49 W, 480.00 W, 974 MiB
2026/10/09 01:41:43.299, 0, GPU-6c849b47-7111-9265-9d42-ff8eddc05a2d, 100 %, 0 %, 72, 2760 MHz, 10251 MHz, 345.05 W, 480.00 W, 974 MiB
2026/10/09 01:41:43.299, 1, GPU-81ac6e96-0bfe-390d-beb1-241466569d6b, 100 %, 0 %, 66, 2730 MHz, 10251 MHz, 435.13 W, 480.00 W, 974 MiB
2026/10/09 01:41:44.300, 0, GPU-6c849b47-7111-9265-9d42-ff8eddc05a2d, 100 %, 0 %, 73, 2685 MHz, 10251 MHz, 439.23 W, 480.00 W, 974 MiB
2026/10/09 01:41:44.300, 1, GPU-81ac6e96-0bfe-390d-beb1-241466569d6b, 100 %, 0 %, 67, 2625 MHz, 10251 MHz, 495.12 W, 480.00 W, 974 MiB
2026/10/09 01:41:45.300, 0, GPU-6c849b47-7111-9265-9d42-ff8eddc05a2d, 100 %, 0 %, 66, 2745 MHz, 10251 MHz, 484.16 W, 480.00 W, 974 MiB
2026/10/09 01:41:45.301, 1, GPU-81ac6e96-0bfe-390d-beb1-241466569d6b, 100 %, 0 %, 68, 2745 MHz, 10251 MHz, 462.68 W, 480.00 W, 974 MiB
2026/10/09 01:41:46.301, 0, GPU-6c849b47-7111-9265-9d42-ff8eddc05a2d, 100 %, 0 %, 67, 2655 MHz, 10251 MHz, 474.53 W, 480.00 W, 974 MiB
2026/10/09 01:41:46.302, 1, GPU-81ac6e96-0bfe-390d-beb1-241466569d6b, 100 %, 0 %, 67, 2775 MHz, 10251 MHz, 480.47 W, 480.00 W, 974 MiB
2026/10/09 01:41:47.302, 0, GPU-6c849b47-7111-9265-9d42-ff8eddc05a2d, 100 %, 0 %, 65, 2745 MHz, 10251 MHz, 448.63 W, 480.00 W, 974 MiB
2026/10/09 01:41:47.302, 1, GPU-81ac6e96-0bfe-390d-beb1-241466569d6b, 100 %, 0 %, 68, 2745 MHz, 10251 MHz, 466.88 W, 480.00 W, 974 MiB
2026/10/09 01:41:48.303, 0, GPU-6c849b47-7111-9265-9d42-ff8eddc05a2d, 100 %, 0 %, 66, 2715 MHz, 10251 MHz, 480.90 W, 480.00 W, 974 MiB
2026/10/09 01:41:48.303, 1, GPU-81ac6e96-0bfe-390d-beb1-241466569d6b, 100 %, 0 %, 67, 2775 MHz, 10251 MHz, 448.49 W, 480.00 W, 974 MiB
2026/10/09 01:41:49.304, 0, GPU-6c849b47-7111-9265-9d42-ff8eddc05a2d, 100 %, 0 %, 66, 2760 MHz, 10251 MHz, 452.08 W, 480.00 W, 974 MiB
2026/10/09 01:41:49.304, 1, GPU-81ac6e96-0bfe-390d-beb1-241466569d6b, 100 %, 0 %, 67, 2730 MHz, 10251 MHz, 482.45 W, 480.00 W, 974 MiB
2026/10/09 01:41:50.304, 0, GPU-6c849b47-7111-9265-9d42-ff8eddc05a2d, 100 %, 0 %, 55, 2760 MHz, 10251 MHz, 457.71 W, 480.00 W, 974 MiB
2026/10/09 01:41:50.305, 1, GPU-81ac6e96-0bfe-390d-beb1-241466569d6b, 100 %, 0 %, 67, 2775 MHz, 10251 MHz, 450.37 W, 480.00 W, 974 MiB
2026/10/09 01:41:51.305, 0, GPU-6c849b47-7111-9265-9d42-ff8eddc05a2d, 100 %, 0 %, 66, 2745 MHz, 10251 MHz, 452.21 W, 480.00 W, 974 MiB
2026/10/09 01:41:51.305, 1, GPU-81ac6e96-0bfe-390d-beb1-241466569d6b, 100 %, 0 %, 66, 2775 MHz, 10251 MHz, 442.82 W, 480.00 W, 974 MiB
2026/10/09 01:41:52.306, 0, GPU-6c849b47-7111-9265-9d42-ff8eddc05a2d, 100 %, 0 %, 65, 2760 MHz, 10251 MHz, 443.42 W, 480.00 W, 974 MiB
2026/10/09 01:41:52.306, 1, GPU-81ac6e96-0bfe-390d-beb1-241466569d6b, 100 %, 0 %, 67, 2760 MHz, 10251 MHz, 467.30 W, 480.00 W, 974 MiB
2026/10/09 01:41:53.307, 0, GPU-6c849b47-7111-9265-9d42-ff8eddc05a2d, 100 %, 0 %, 63, 2760 MHz, 10251 MHz, 469.71 W, 480.00 W, 974 MiB
2026/10/09 01:41:53.307, 1, GPU-81ac6e96-0bfe-390d-beb1-241466569d6b, 0 %, 0 %, 49, 2790 MHz, 10251 MHz, 267.73 W, 480.00 W, 974 MiB
2026/10/09 01:41:54.307, 0, GPU-6c849b47-7111-9265-9d42-ff8eddc05a2d, 0 %, 0 %, 44, 2790 MHz, 10251 MHz, 155.94 W, 480.00 W, 974 MiB
2026/10/09 01:41:54.308, 1, GPU-81ac6e96-0bfe-390d-beb1-241466569d6b, 100 %, 0 %, 61, 2790 MHz, 10251 MHz, 151.65 W, 480.00 W, 974 MiB
2026/10/09 01:41:55.308, 0, GPU-6c849b47-7111-9265-9d42-ff8eddc05a2d, 100 %, 0 %, 64, 2715 MHz, 10251 MHz, 267.90 W, 480.00 W, 974 MiB
2026/10/09 01:41:55.309, 1, GPU-81ac6e96-0bfe-390d-beb1-241466569d6b, 100 %, 0 %, 56, 2775 MHz, 10251 MHz, 453.65 W, 480.00 W, 974 MiB
2026/10/09 01:41:56.309, 0, GPU-6c849b47-7111-9265-9d42-ff8eddc05a2d, 100 %, 0 %, 65, 2700 MHz, 10251 MHz, 427.81 W, 480.00 W, 974 MiB
2026/10/09 01:41:56.309, 1, GPU-81ac6e96-0bfe-390d-beb1-241466569d6b, 100 %, 0 %, 67, 2625 MHz, 10251 MHz, 448.36 W, 480.00 W, 974 MiB
2026/10/09 01:41:57.310, 0, GPU-6c849b47-7111-9265-9d42-ff8eddc05a2d, 100 %, 0 %, 66, 2610 MHz, 10251 MHz, 497.96 W, 480.00 W, 974 MiB
2026/10/09 01:41:57.310, 1, GPU-81ac6e96-0bfe-390d-beb1-241466569d6b, 100 %, 0 %, 68, 2730 MHz, 10251 MHz, 454.28 W, 480.00 W, 974 MiB
2026/10/09 01:41:58.310, 0, GPU-6c849b47-7111-9265-9d42-ff8eddc05a2d, 100 %, 0 %, 67, 2745 MHz, 10251 MHz, 461.43 W, 480.00 W, 974 MiB
2026/10/09 01:41:58.311, 1, GPU-81ac6e96-0bfe-390d-beb1-241466569d6b, 100 %, 0 %, 67, 2700 MHz, 10251 MHz, 485.30 W, 480.00 W, 974 MiB
2026/10/09 01:41:59.311, 0, GPU-6c849b47-7111-9265-9d42-ff8eddc05a2d, 100 %, 0 %, 63, 2760 MHz, 10251 MHz, 474.53 W, 480.00 W, 974 MiB
2026/10/09 01:41:59.311, 1, GPU-81ac6e96-0bfe-390d-beb1-241466569d6b, 100 %, 0 %, 68, 2760 MHz, 10251 MHz, 461.93 W, 480.00 W, 974 MiB
2026/10/09 01:42:00.312, 0, GPU-6c849b47-7111-9265-9d42-ff8eddc05a2d, 100 %, 0 %, 66, 2685 MHz, 10251 MHz, 461.73 W, 480.00 W, 974 MiB
2026/10/09 01:42:00.312, 1, GPU-81ac6e96-0bfe-390d-beb1-241466569d6b, 100 %, 0 %, 65, 2790 MHz, 10251 MHz, 448.83 W, 480.00 W, 974 MiB
2026/10/09 01:42:01.313, 0, GPU-6c849b47-7111-9265-9d42-ff8eddc05a2d, 100 %, 0 %, 66, 2760 MHz, 10251 MHz, 446.72 W, 480.00 W, 974 MiB
2026/10/09 01:42:01.313, 1, GPU-81ac6e96-0bfe-390d-beb1-241466569d6b, 100 %, 0 %, 67, 2700 MHz, 10251 MHz, 464.76 W, 480.00 W, 974 MiB
2026/10/09 01:42:02.313, 0, GPU-6c849b47-7111-9265-9d42-ff8eddc05a2d, 100 %, 0 %, 67, 2745 MHz, 10251 MHz, 478.59 W, 480.00 W, 974 MiB
2026/10/09 01:42:02.314, 1, GPU-81ac6e96-0bfe-390d-beb1-241466569d6b, 100 %, 0 %, 68, 2775 MHz, 10251 MHz, 446.34 W, 480.00 W, 974 MiB
2026/10/09 01:42:03.314, 0, GPU-6c849b47-7111-9265-9d42-ff8eddc05a2d, 100 %, 0 %, 67, 2760 MHz, 10251 MHz, 450.04 W, 480.00 W, 974 MiB
2026/10/09 01:42:03.315, 1, GPU-81ac6e96-0bfe-390d-beb1-241466569d6b, 100 %, 0 %, 64, 2775 MHz, 10251 MHz, 474.76 W, 480.00 W, 974 MiB
2026/10/09 01:42:04.315, 0, GPU-6c849b47-7111-9265-9d42-ff8eddc05a2d, 100 %, 0 %, 65, 2760 MHz, 10251 MHz, 445.35 W, 480.00 W, 974 MiB
2026/10/09 01:42:04.315, 1, GPU-81ac6e96-0bfe-390d-beb1-241466569d6b, 100 %, 0 %, 67, 2775 MHz, 10251 MHz, 445.58 W, 480.00 W, 974 MiB
2026/10/09 01:42:05.316, 0, GPU-6c849b47-7111-9265-9d42-ff8eddc05a2d, 100 %, 0 %, 67, 2760 MHz, 10251 MHz, 474.49 W, 480.00 W, 974 MiB
2026/10/09 01:42:05.316, 1, GPU-81ac6e96-0bfe-390d-beb1-241466569d6b, 0 %, 0 %, 50, 2790 MHz, 10251 MHz, 328.27 W, 480.00 W, 974 MiB
2026/10/09 01:42:06.317, 0, GPU-6c849b47-7111-9265-9d42-ff8eddc05a2d, 0 %, 0 %, 45, 2790 MHz, 10251 MHz, 248.30 W, 480.00 W, 974 MiB
2026/10/09 01:42:06.317, 1, GPU-81ac6e96-0bfe-390d-beb1-241466569d6b, 0 %, 0 %, 48, 2805 MHz, 10251 MHz, 85.62 W, 480.00 W, 974 MiB
2026/10/09 01:42:07.317, 0, GPU-6c849b47-7111-9265-9d42-ff8eddc05a2d, 0 %, 0 %, 43, 2790 MHz, 10251 MHz, 92.32 W, 480.00 W, 974 MiB
2026/10/09 01:42:07.318, 1, GPU-81ac6e96-0bfe-390d-beb1-241466569d6b, 0 %, 0 %, 48, 2805 MHz, 10251 MHz, 85.28 W, 480.00 W, 974 MiB
2026/10/09 01:42:08.318, 0, GPU-6c849b47-7111-9265-9d42-ff8eddc05a2d, 0 %, 0 %, 42, 2625 MHz, 10251 MHz, 84.95 W, 480.00 W, 974 MiB
2026/10/09 01:42:08.319, 1, GPU-81ac6e96-0bfe-390d-beb1-241466569d6b, 0 %, 0 %, 47, 2625 MHz, 10251 MHz, 77.29 W, 480.00 W, 974 MiB
2026/10/09 01:42:09.319, 0, GPU-6c849b47-7111-9265-9d42-ff8eddc05a2d, 0 %, 0 %, 42, 2625 MHz, 10251 MHz, 83.20 W, 480.00 W, 974 MiB
2026/10/09 01:42:09.320, 1, GPU-81ac6e96-0bfe-390d-beb1-241466569d6b, 0 %, 0 %, 47, 2625 MHz, 10251 MHz, 76.48 W, 480.00 W, 974 MiB
2026/10/09 01:42:10.320, 0, GPU-6c849b47-7111-9265-9d42-ff8eddc05a2d, 100 %, 0 %, 42, 2790 MHz, 10251 MHz, 83.71 W, 480.00 W, 974 MiB
2026/10/09 01:42:10.320, 1, GPU-81ac6e96-0bfe-390d-beb1-241466569d6b, 100 %, 0 %, 47, 2670 MHz, 10251 MHz, 77.53 W, 480.00 W, 974 MiB
2026/10/09 01:42:11.321, 0, GPU-6c849b47-7111-9265-9d42-ff8eddc05a2d, 100 %, 0 %, 43, 2790 MHz, 10251 MHz, 108.42 W, 480.00 W, 974 MiB
2026/10/09 01:42:11.321, 1, GPU-81ac6e96-0bfe-390d-beb1-241466569d6b, 100 %, 0 %, 48, 2805 MHz, 10251 MHz, 109.25 W, 480.00 W, 974 MiB
2026/10/09 01:42:12.322, 0, GPU-6c849b47-7111-9265-9d42-ff8eddc05a2d, 100 %, 0 %, 54, 2775 MHz, 10251 MHz, 136.84 W, 480.00 W, 974 MiB
2026/10/09 01:42:12.322, 1, GPU-81ac6e96-0bfe-390d-beb1-241466569d6b, 100 %, 0 %, 64, 2775 MHz, 10251 MHz, 336.07 W, 480.00 W, 974 MiB
2026/10/09 01:42:13.322, 0, GPU-6c849b47-7111-9265-9d42-ff8eddc05a2d, 100 %, 0 %, 63, 2760 MHz, 10251 MHz, 448.28 W, 480.00 W, 974 MiB
2026/10/09 01:42:13.323, 1, GPU-81ac6e96-0bfe-390d-beb1-241466569d6b, 100 %, 0 %, 68, 2715 MHz, 10251 MHz, 438.60 W, 480.00 W, 974 MiB
2026/10/09 01:42:14.323, 0, GPU-6c849b47-7111-9265-9d42-ff8eddc05a2d, 100 %, 0 %, 68, 2625 MHz, 10251 MHz, 455.70 W, 480.00 W, 974 MiB
2026/10/09 01:42:14.323, 1, GPU-81ac6e96-0bfe-390d-beb1-241466569d6b, 100 %, 0 %, 67, 2685 MHz, 10251 MHz, 486.52 W, 480.00 W, 974 MiB
2026/10/09 01:42:15.324, 0, GPU-6c849b47-7111-9265-9d42-ff8eddc05a2d, 100 %, 0 %, 66, 2730 MHz, 10251 MHz, 452.98 W, 480.00 W, 974 MiB
2026/10/09 01:42:15.324, 1, GPU-81ac6e96-0bfe-390d-beb1-241466569d6b, 100 %, 0 %, 68, 2685 MHz, 10251 MHz, 472.96 W, 480.00 W, 974 MiB
2026/10/09 01:42:16.356, 0, GPU-6c849b47-7111-9265-9d42-ff8eddc05a2d, 100 %, 0 %, 67, 2670 MHz, 10251 MHz, 490.70 W, 480.00 W, 974 MiB
2026/10/09 01:42:16.356, 1, GPU-81ac6e96-0bfe-390d-beb1-241466569d6b, 100 %, 0 %, 67, 2760 MHz, 10251 MHz, 449.48 W, 480.00 W, 974 MiB
2026/10/09 01:42:17.356, 0, GPU-6c849b47-7111-9265-9d42-ff8eddc05a2d, 100 %, 0 %, 68, 2760 MHz, 10251 MHz, 453.97 W, 480.00 W, 974 MiB
2026/10/09 01:42:17.357, 1, GPU-81ac6e96-0bfe-390d-beb1-241466569d6b, 100 %, 0 %, 67, 2700 MHz, 10251 MHz, 485.78 W, 480.00 W, 974 MiB
2026/10/09 01:42:18.357, 0, GPU-6c849b47-7111-9265-9d42-ff8eddc05a2d, 100 %, 0 %, 62, 2760 MHz, 10251 MHz, 471.61 W, 480.00 W, 974 MiB
2026/10/09 01:42:18.357, 1, GPU-81ac6e96-0bfe-390d-beb1-241466569d6b, 100 %, 0 %, 68, 2775 MHz, 10251 MHz, 454.43 W, 480.00 W, 974 MiB
2026/10/09 01:42:19.358, 0, GPU-6c849b47-7111-9265-9d42-ff8eddc05a2d, 100 %, 0 %, 67, 2700 MHz, 10251 MHz, 455.26 W, 480.00 W, 974 MiB
2026/10/09 01:42:19.358, 1, GPU-81ac6e96-0bfe-390d-beb1-241466569d6b, 100 %, 0 %, 58, 2775 MHz, 10251 MHz, 457.69 W, 480.00 W, 974 MiB
2026/10/09 01:42:20.359, 0, GPU-6c849b47-7111-9265-9d42-ff8eddc05a2d, 100 %, 0 %, 67, 2760 MHz, 10251 MHz, 444.92 W, 480.00 W, 974 MiB
2026/10/09 01:42:20.359, 1, GPU-81ac6e96-0bfe-390d-beb1-241466569d6b, 100 %, 0 %, 67, 2715 MHz, 10251 MHz, 455.65 W, 480.00 W, 974 MiB
2026/10/09 01:42:21.390, 0, GPU-6c849b47-7111-9265-9d42-ff8eddc05a2d, 100 %, 0 %, 68, 2760 MHz, 10251 MHz, 477.97 W, 480.00 W, 974 MiB
2026/10/09 01:42:21.391, 1, GPU-81ac6e96-0bfe-390d-beb1-241466569d6b, 100 %, 0 %, 67, 2775 MHz, 10251 MHz, 444.58 W, 480.00 W, 974 MiB
2026/10/09 01:42:22.391, 0, GPU-6c849b47-7111-9265-9d42-ff8eddc05a2d, 100 %, 0 %, 68, 2760 MHz, 10251 MHz, 442.64 W, 480.00 W, 974 MiB
2026/10/09 01:42:22.392, 1, GPU-81ac6e96-0bfe-390d-beb1-241466569d6b, 100 %, 0 %, 65, 2775 MHz, 10251 MHz, 474.36 W, 480.00 W, 974 MiB
2026/10/09 01:42:23.392, 0, GPU-6c849b47-7111-9265-9d42-ff8eddc05a2d, 0 %, 0 %, 50, 2775 MHz, 10251 MHz, 375.26 W, 480.00 W, 974 MiB
2026/10/09 01:42:23.392, 1, GPU-81ac6e96-0bfe-390d-beb1-241466569d6b, 0 %, 0 %, 48, 2790 MHz, 10251 MHz, 152.95 W, 480.00 W, 974 MiB
2026/10/09 01:42:24.393, 0, GPU-6c849b47-7111-9265-9d42-ff8eddc05a2d, 0 %, 0 %, 45, 2790 MHz, 10251 MHz, 95.02 W, 480.00 W, 974 MiB
2026/10/09 01:42:24.393, 1, GPU-81ac6e96-0bfe-390d-beb1-241466569d6b, 0 %, 0 %, 48, 2790 MHz, 10251 MHz, 85.68 W, 480.00 W, 974 MiB
2026/10/09 01:42:25.394, 0, GPU-6c849b47-7111-9265-9d42-ff8eddc05a2d, 0 %, 0 %, 49, 2625 MHz, 10251 MHz, 92.40 W, 480.00 W, 974 MiB
2026/10/09 01:42:25.394, 1, GPU-81ac6e96-0bfe-390d-beb1-241466569d6b, 100 %, 0 %, 65, 2775 MHz, 10251 MHz, 258.37 W, 480.00 W, 974 MiB
2026/10/09 01:42:26.395, 0, GPU-6c849b47-7111-9265-9d42-ff8eddc05a2d, 100 %, 0 %, 67, 2745 MHz, 10251 MHz, 291.02 W, 480.00 W, 974 MiB
2026/10/09 01:42:26.395, 1, GPU-81ac6e96-0bfe-390d-beb1-241466569d6b, 100 %, 0 %, 68, 2700 MHz, 10251 MHz, 426.92 W, 480.00 W, 974 MiB
2026/10/09 01:42:27.396, 0, GPU-6c849b47-7111-9265-9d42-ff8eddc05a2d, 100 %, 0 %, 69, 2700 MHz, 10251 MHz, 452.00 W, 480.00 W, 974 MiB
2026/10/09 01:42:27.396, 1, GPU-81ac6e96-0bfe-390d-beb1-241466569d6b, 100 %, 0 %, 67, 2625 MHz, 10251 MHz, 492.57 W, 480.00 W, 974 MiB
2026/10/09 01:42:28.396, 0, GPU-6c849b47-7111-9265-9d42-ff8eddc05a2d, 100 %, 0 %, 62, 2760 MHz, 10251 MHz, 454.74 W, 480.00 W, 974 MiB
2026/10/09 01:42:28.397, 1, GPU-81ac6e96-0bfe-390d-beb1-241466569d6b, 100 %, 0 %, 68, 2745 MHz, 10251 MHz, 465.87 W, 480.00 W, 974 MiB
2026/10/09 01:42:29.397, 0, GPU-6c849b47-7111-9265-9d42-ff8eddc05a2d, 100 %, 0 %, 68, 2655 MHz, 10251 MHz, 477.27 W, 480.00 W, 974 MiB
2026/10/09 01:42:29.398, 1, GPU-81ac6e96-0bfe-390d-beb1-241466569d6b, 100 %, 0 %, 65, 2760 MHz, 10251 MHz, 445.46 W, 480.00 W, 974 MiB
2026/10/09 01:42:30.398, 0, GPU-6c849b47-7111-9265-9d42-ff8eddc05a2d, 100 %, 0 %, 69, 2745 MHz, 10251 MHz, 455.93 W, 480.00 W, 974 MiB
2026/10/09 01:42:30.398, 1, GPU-81ac6e96-0bfe-390d-beb1-241466569d6b, 100 %, 0 %, 67, 2685 MHz, 10251 MHz, 469.71 W, 480.00 W, 974 MiB
2026/10/09 01:42:31.399, 0, GPU-6c849b47-7111-9265-9d42-ff8eddc05a2d, 100 %, 0 %, 69, 2745 MHz, 10251 MHz, 479.37 W, 480.00 W, 974 MiB
2026/10/09 01:42:31.399, 1, GPU-81ac6e96-0bfe-390d-beb1-241466569d6b, 100 %, 0 %, 68, 2775 MHz, 10251 MHz, 449.52 W, 480.00 W, 974 MiB
2026/10/09 01:42:32.400, 0, GPU-6c849b47-7111-9265-9d42-ff8eddc05a2d, 100 %, 0 %, 69, 2760 MHz, 10251 MHz, 455.95 W, 480.00 W, 974 MiB
2026/10/09 01:42:32.400, 1, GPU-81ac6e96-0bfe-390d-beb1-241466569d6b, 100 %, 0 %, 65, 2775 MHz, 10251 MHz, 477.33 W, 480.00 W, 974 MiB
2026/10/09 01:42:33.400, 0, GPU-6c849b47-7111-9265-9d42-ff8eddc05a2d, 100 %, 0 %, 67, 2760 MHz, 10251 MHz, 445.44 W, 480.00 W, 974 MiB
2026/10/09 01:42:33.401, 1, GPU-81ac6e96-0bfe-390d-beb1-241466569d6b, 100 %, 0 %, 68, 2715 MHz, 10251 MHz, 451.72 W, 480.00 W, 974 MiB
2026/10/09 01:42:34.401, 0, GPU-6c849b47-7111-9265-9d42-ff8eddc05a2d, 100 %, 0 %, 69, 2730 MHz, 10251 MHz, 478.57 W, 480.00 W, 974 MiB
2026/10/09 01:42:34.401, 1, GPU-81ac6e96-0bfe-390d-beb1-241466569d6b, 100 %, 0 %, 67, 2775 MHz, 10251 MHz, 445.36 W, 480.00 W, 974 MiB
2026/10/09 01:42:35.402, 0, GPU-6c849b47-7111-9265-9d42-ff8eddc05a2d, 100 %, 0 %, 68, 2760 MHz, 10251 MHz, 445.75 W, 480.00 W, 974 MiB
2026/10/09 01:42:35.402, 1, GPU-81ac6e96-0bfe-390d-beb1-241466569d6b, 100 %, 0 %, 68, 2775 MHz, 10251 MHz, 476.64 W, 480.00 W, 974 MiB
2026/10/09 01:42:36.403, 0, GPU-6c849b47-7111-9265-9d42-ff8eddc05a2d, 100 %, 0 %, 56, 2760 MHz, 10251 MHz, 415.90 W, 480.00 W, 974 MiB
2026/10/09 01:42:36.403, 1, GPU-81ac6e96-0bfe-390d-beb1-241466569d6b, 0 %, 0 %, 49, 2805 MHz, 10251 MHz, 164.82 W, 480.00 W, 974 MiB
2026/10/09 01:42:37.434, 0, GPU-6c849b47-7111-9265-9d42-ff8eddc05a2d, 0 %, 0 %, 46, 2775 MHz, 10251 MHz, 97.03 W, 480.00 W, 974 MiB
2026/10/09 01:42:37.435, 1, GPU-81ac6e96-0bfe-390d-beb1-241466569d6b, 0 %, 0 %, 48, 2805 MHz, 10251 MHz, 85.38 W, 480.00 W, 974 MiB
2026/10/09 01:42:38.435, 0, GPU-6c849b47-7111-9265-9d42-ff8eddc05a2d, 0 %, 0 %, 45, 2790 MHz, 10251 MHz, 94.83 W, 480.00 W, 974 MiB
2026/10/09 01:42:38.436, 1, GPU-81ac6e96-0bfe-390d-beb1-241466569d6b, 0 %, 0 %, 47, 2625 MHz, 10251 MHz, 77.35 W, 480.00 W, 974 MiB
2026/10/09 01:42:39.436, 0, GPU-6c849b47-7111-9265-9d42-ff8eddc05a2d, 0 %, 0 %, 44, 2625 MHz, 10251 MHz, 87.15 W, 480.00 W, 974 MiB
2026/10/09 01:42:39.437, 1, GPU-81ac6e96-0bfe-390d-beb1-241466569d6b, 0 %, 0 %, 47, 2625 MHz, 10251 MHz, 76.14 W, 480.00 W, 974 MiB
2026/10/09 01:42:40.437, 0, GPU-6c849b47-7111-9265-9d42-ff8eddc05a2d, 0 %, 0 %, 44, 2625 MHz, 10251 MHz, 84.62 W, 480.00 W, 974 MiB
2026/10/09 01:42:40.438, 1, GPU-81ac6e96-0bfe-390d-beb1-241466569d6b, 0 %, 0 %, 47, 2625 MHz, 10251 MHz, 75.88 W, 480.00 W, 974 MiB
2026/10/09 01:42:41.438, 0, GPU-6c849b47-7111-9265-9d42-ff8eddc05a2d, 0 %, 0 %, 43, 2625 MHz, 10251 MHz, 82.31 W, 480.00 W, 974 MiB
2026/10/09 01:42:41.438, 1, GPU-81ac6e96-0bfe-390d-beb1-241466569d6b, 0 %, 0 %, 47, 2625 MHz, 10251 MHz, 75.68 W, 480.00 W, 974 MiB
2026/10/09 01:42:42.439, 0, GPU-6c849b47-7111-9265-9d42-ff8eddc05a2d, 100 %, 0 %, 45, 2790 MHz, 10251 MHz, 106.11 W, 480.00 W, 974 MiB
2026/10/09 01:42:42.439, 1, GPU-81ac6e96-0bfe-390d-beb1-241466569d6b, 0 %, 0 %, 47, 2625 MHz, 10251 MHz, 75.80 W, 480.00 W, 974 MiB
2026/10/09 01:42:43.440, 0, GPU-6c849b47-7111-9265-9d42-ff8eddc05a2d, 100 %, 0 %, 45, 2790 MHz, 10251 MHz, 110.55 W, 480.00 W, 974 MiB
2026/10/09 01:42:43.440, 1, GPU-81ac6e96-0bfe-390d-beb1-241466569d6b, 0 %, 0 %, 46, 2625 MHz, 10251 MHz, 75.67 W, 480.00 W, 974 MiB
2026/10/09 01:42:44.441, 0, GPU-6c849b47-7111-9265-9d42-ff8eddc05a2d, 100 %, 0 %, 64, 2760 MHz, 10251 MHz, 378.45 W, 480.00 W, 974 MiB
2026/10/09 01:42:44.441, 1, GPU-81ac6e96-0bfe-390d-beb1-241466569d6b, 0 %, 0 %, 46, 2625 MHz, 10251 MHz, 75.12 W, 480.00 W, 974 MiB
2026/10/09 01:42:45.441, 0, GPU-6c849b47-7111-9265-9d42-ff8eddc05a2d, 100 %, 0 %, 69, 2700 MHz, 10251 MHz, 442.53 W, 480.00 W, 974 MiB
2026/10/09 01:42:45.442, 1, GPU-81ac6e96-0bfe-390d-beb1-241466569d6b, 0 %, 0 %, 46, 2625 MHz, 10251 MHz, 75.22 W, 480.00 W, 974 MiB
2026/10/09 01:42:46.442, 0, GPU-6c849b47-7111-9265-9d42-ff8eddc05a2d, 100 %, 0 %, 68, 2760 MHz, 10251 MHz, 479.22 W, 480.00 W, 974 MiB
2026/10/09 01:42:46.442, 1, GPU-81ac6e96-0bfe-390d-beb1-241466569d6b, 0 %, 0 %, 46, 2625 MHz, 10251 MHz, 75.36 W, 480.00 W, 974 MiB
2026/10/09 01:42:47.443, 0, GPU-6c849b47-7111-9265-9d42-ff8eddc05a2d, 100 %, 0 %, 70, 2655 MHz, 10251 MHz, 471.19 W, 480.00 W, 974 MiB
2026/10/09 01:42:47.443, 1, GPU-81ac6e96-0bfe-390d-beb1-241466569d6b, 0 %, 0 %, 46, 2625 MHz, 10251 MHz, 75.12 W, 480.00 W, 974 MiB
2026/10/09 01:42:48.444, 0, GPU-6c849b47-7111-9265-9d42-ff8eddc05a2d, 100 %, 0 %, 68, 2745 MHz, 10251 MHz, 449.03 W, 480.00 W, 974 MiB
2026/10/09 01:42:48.444, 1, GPU-81ac6e96-0bfe-390d-beb1-241466569d6b, 0 %, 0 %, 46, 2625 MHz, 10251 MHz, 74.82 W, 480.00 W, 974 MiB
2026/10/09 01:42:49.445, 0, GPU-6c849b47-7111-9265-9d42-ff8eddc05a2d, 100 %, 0 %, 69, 2700 MHz, 10251 MHz, 481.70 W, 480.00 W, 974 MiB
2026/10/09 01:42:49.445, 1, GPU-81ac6e96-0bfe-390d-beb1-241466569d6b, 0 %, 0 %, 46, 2625 MHz, 10251 MHz, 74.66 W, 480.00 W, 974 MiB
2026/10/09 01:42:50.445, 0, GPU-6c849b47-7111-9265-9d42-ff8eddc05a2d, 100 %, 0 %, 69, 2760 MHz, 10251 MHz, 457.52 W, 480.00 W, 974 MiB
2026/10/09 01:42:50.446, 1, GPU-81ac6e96-0bfe-390d-beb1-241466569d6b, 0 %, 0 %, 46, 2625 MHz, 10251 MHz, 74.43 W, 480.00 W, 974 MiB
2026/10/09 01:42:51.446, 0, GPU-6c849b47-7111-9265-9d42-ff8eddc05a2d, 100 %, 0 %, 59, 2775 MHz, 10251 MHz, 446.23 W, 480.00 W, 974 MiB
2026/10/09 01:42:51.447, 1, GPU-81ac6e96-0bfe-390d-beb1-241466569d6b, 0 %, 0 %, 46, 2625 MHz, 10251 MHz, 74.46 W, 480.00 W, 974 MiB
2026/10/09 01:42:52.447, 0, GPU-6c849b47-7111-9265-9d42-ff8eddc05a2d, 100 %, 0 %, 69, 2730 MHz, 10251 MHz, 467.11 W, 480.00 W, 974 MiB
2026/10/09 01:42:52.448, 1, GPU-81ac6e96-0bfe-390d-beb1-241466569d6b, 0 %, 0 %, 46, 2625 MHz, 10251 MHz, 74.65 W, 480.00 W, 974 MiB
2026/10/09 01:42:53.448, 0, GPU-6c849b47-7111-9265-9d42-ff8eddc05a2d, 100 %, 0 %, 69, 2760 MHz, 10251 MHz, 446.29 W, 480.00 W, 974 MiB
2026/10/09 01:42:53.448, 1, GPU-81ac6e96-0bfe-390d-beb1-241466569d6b, 0 %, 0 %, 46, 525 MHz, 810 MHz, 73.23 W, 480.00 W, 974 MiB
2026/10/09 01:42:54.449, 0, GPU-6c849b47-7111-9265-9d42-ff8eddc05a2d, 100 %, 0 %, 67, 2760 MHz, 10251 MHz, 463.48 W, 480.00 W, 974 MiB
2026/10/09 01:42:54.449, 1, GPU-81ac6e96-0bfe-390d-beb1-241466569d6b, 0 %, 0 %, 45, 360 MHz, 810 MHz, 54.17 W, 480.00 W, 974 MiB
2026/10/09 01:42:55.450, 0, GPU-6c849b47-7111-9265-9d42-ff8eddc05a2d, 0 %, 0 %, 47, 2790 MHz, 10251 MHz, 129.65 W, 480.00 W, 974 MiB
2026/10/09 01:42:55.450, 1, GPU-81ac6e96-0bfe-390d-beb1-241466569d6b, 0 %, 0 %, 45, 225 MHz, 405 MHz, 34.55 W, 480.00 W, 974 MiB
2026/10/09 01:42:56.451, 0, GPU-6c849b47-7111-9265-9d42-ff8eddc05a2d, 100 %, 0 %, 68, 2715 MHz, 10251 MHz, 295.37 W, 480.00 W, 974 MiB
2026/10/09 01:42:56.451, 1, GPU-81ac6e96-0bfe-390d-beb1-241466569d6b, 0 %, 0 %, 45, 210 MHz, 405 MHz, 32.42 W, 480.00 W, 974 MiB
2026/10/09 01:42:57.452, 0, GPU-6c849b47-7111-9265-9d42-ff8eddc05a2d, 100 %, 0 %, 69, 2700 MHz, 10251 MHz, 438.57 W, 480.00 W, 974 MiB
2026/10/09 01:42:57.452, 1, GPU-81ac6e96-0bfe-390d-beb1-241466569d6b, 0 %, 0 %, 44, 210 MHz, 405 MHz, 32.47 W, 480.00 W, 974 MiB
2026/10/09 01:42:58.453, 0, GPU-6c849b47-7111-9265-9d42-ff8eddc05a2d, 100 %, 0 %, 69, 2610 MHz, 10251 MHz, 489.84 W, 480.00 W, 974 MiB
2026/10/09 01:42:58.453, 1, GPU-81ac6e96-0bfe-390d-beb1-241466569d6b, 0 %, 0 %, 44, 210 MHz, 405 MHz, 32.51 W, 480.00 W, 974 MiB
2026/10/09 01:42:59.454, 0, GPU-6c849b47-7111-9265-9d42-ff8eddc05a2d, 100 %, 0 %, 71, 2730 MHz, 10251 MHz, 469.91 W, 480.00 W, 974 MiB
2026/10/09 01:42:59.454, 1, GPU-81ac6e96-0bfe-390d-beb1-241466569d6b, 0 %, 0 %, 44, 210 MHz, 405 MHz, 32.30 W, 480.00 W, 974 MiB
2026/10/09 01:43:00.455, 0, GPU-6c849b47-7111-9265-9d42-ff8eddc05a2d, 100 %, 0 %, 65, 2760 MHz, 10251 MHz, 448.10 W, 480.00 W, 974 MiB
2026/10/09 01:43:00.455, 1, GPU-81ac6e96-0bfe-390d-beb1-241466569d6b, 0 %, 0 %, 44, 210 MHz, 405 MHz, 32.30 W, 480.00 W, 974 MiB
2026/10/09 01:43:01.480, 0, GPU-6c849b47-7111-9265-9d42-ff8eddc05a2d, 100 %, 0 %, 70, 2670 MHz, 10251 MHz, 469.08 W, 480.00 W, 974 MiB
2026/10/09 01:43:01.481, 1, GPU-81ac6e96-0bfe-390d-beb1-241466569d6b, 0 %, 0 %, 44, 210 MHz, 405 MHz, 32.37 W, 480.00 W, 974 MiB
2026/10/09 01:43:02.481, 0, GPU-6c849b47-7111-9265-9d42-ff8eddc05a2d, 100 %, 0 %, 70, 2760 MHz, 10251 MHz, 447.48 W, 480.00 W, 974 MiB
2026/10/09 01:43:02.482, 1, GPU-81ac6e96-0bfe-390d-beb1-241466569d6b, 0 %, 0 %, 44, 210 MHz, 405 MHz, 32.28 W, 480.00 W, 974 MiB
2026/10/09 01:43:03.482, 0, GPU-6c849b47-7111-9265-9d42-ff8eddc05a2d, 100 %, 0 %, 70, 2730 MHz, 10251 MHz, 479.23 W, 480.00 W, 974 MiB
2026/10/09 01:43:03.483, 1, GPU-81ac6e96-0bfe-390d-beb1-241466569d6b, 0 %, 0 %, 44, 210 MHz, 405 MHz, 32.17 W, 480.00 W, 974 MiB
2026/10/09 01:43:04.483, 0, GPU-6c849b47-7111-9265-9d42-ff8eddc05a2d, 100 %, 0 %, 70, 2760 MHz, 10251 MHz, 452.30 W, 480.00 W, 974 MiB
2026/10/09 01:43:04.484, 1, GPU-81ac6e96-0bfe-390d-beb1-241466569d6b, 0 %, 0 %, 44, 210 MHz, 405 MHz, 32.10 W, 480.00 W, 974 MiB
2026/10/09 01:43:05.484, 0, GPU-6c849b47-7111-9265-9d42-ff8eddc05a2d, 100 %, 0 %, 68, 2760 MHz, 10251 MHz, 446.34 W, 480.00 W, 974 MiB
2026/10/09 01:43:05.485, 1, GPU-81ac6e96-0bfe-390d-beb1-241466569d6b, 0 %, 0 %, 43, 210 MHz, 405 MHz, 32.16 W, 480.00 W, 974 MiB
2026/10/09 01:43:06.485, 0, GPU-6c849b47-7111-9265-9d42-ff8eddc05a2d, 100 %, 0 %, 70, 2745 MHz, 10251 MHz, 477.08 W, 480.00 W, 974 MiB
2026/10/09 01:43:06.486, 1, GPU-81ac6e96-0bfe-390d-beb1-241466569d6b, 0 %, 0 %, 43, 210 MHz, 405 MHz, 32.22 W, 480.00 W, 974 MiB
2026/10/09 01:43:07.486, 0, GPU-6c849b47-7111-9265-9d42-ff8eddc05a2d, 0 %, 0 %, 49, 2775 MHz, 10251 MHz, 194.72 W, 480.00 W, 974 MiB
2026/10/09 01:43:07.487, 1, GPU-81ac6e96-0bfe-390d-beb1-241466569d6b, 0 %, 0 %, 43, 210 MHz, 405 MHz, 32.17 W, 480.00 W, 974 MiB
2026/10/09 01:43:08.487, 0, GPU-6c849b47-7111-9265-9d42-ff8eddc05a2d, 100 %, 0 %, 60, 2775 MHz, 10251 MHz, 178.19 W, 480.00 W, 974 MiB
2026/10/09 01:43:08.487, 1, GPU-81ac6e96-0bfe-390d-beb1-241466569d6b, 0 %, 0 %, 43, 210 MHz, 405 MHz, 32.03 W, 480.00 W, 974 MiB
2026/10/09 01:43:09.488, 0, GPU-6c849b47-7111-9265-9d42-ff8eddc05a2d, 100 %, 0 %, 61, 2760 MHz, 10251 MHz, 436.51 W, 480.00 W, 974 MiB
2026/10/09 01:43:09.488, 1, GPU-81ac6e96-0bfe-390d-beb1-241466569d6b, 0 %, 0 %, 43, 210 MHz, 405 MHz, 32.01 W, 480.00 W, 974 MiB
2026/10/09 01:43:10.489, 0, GPU-6c849b47-7111-9265-9d42-ff8eddc05a2d, 100 %, 0 %, 70, 2595 MHz, 10251 MHz, 463.30 W, 480.00 W, 974 MiB
2026/10/09 01:43:10.489, 1, GPU-81ac6e96-0bfe-390d-beb1-241466569d6b, 0 %, 0 %, 43, 210 MHz, 405 MHz, 32.08 W, 480.00 W, 974 MiB
2026/10/09 01:43:11.490, 0, GPU-6c849b47-7111-9265-9d42-ff8eddc05a2d, 100 %, 0 %, 70, 2715 MHz, 10251 MHz, 455.03 W, 480.00 W, 974 MiB
2026/10/09 01:43:11.490, 1, GPU-81ac6e96-0bfe-390d-beb1-241466569d6b, 0 %, 0 %, 43, 210 MHz, 405 MHz, 31.91 W, 480.00 W, 974 MiB
2026/10/09 01:43:12.491, 0, GPU-6c849b47-7111-9265-9d42-ff8eddc05a2d, 100 %, 0 %, 70, 2700 MHz, 10251 MHz, 483.19 W, 480.00 W, 974 MiB
2026/10/09 01:43:12.491, 1, GPU-81ac6e96-0bfe-390d-beb1-241466569d6b, 0 %, 0 %, 43, 210 MHz, 405 MHz, 31.69 W, 480.00 W, 974 MiB
2026/10/09 01:43:13.492, 0, GPU-6c849b47-7111-9265-9d42-ff8eddc05a2d, 100 %, 0 %, 71, 2745 MHz, 10251 MHz, 464.64 W, 480.00 W, 974 MiB
2026/10/09 01:43:13.492, 1, GPU-81ac6e96-0bfe-390d-beb1-241466569d6b, 0 %, 0 %, 43, 210 MHz, 405 MHz, 31.73 W, 480.00 W, 974 MiB
2026/10/09 01:43:14.493, 0, GPU-6c849b47-7111-9265-9d42-ff8eddc05a2d, 100 %, 0 %, 61, 2760 MHz, 10251 MHz, 447.45 W, 480.00 W, 974 MiB
2026/10/09 01:43:14.493, 1, GPU-81ac6e96-0bfe-390d-beb1-241466569d6b, 0 %, 0 %, 43, 210 MHz, 405 MHz, 31.86 W, 480.00 W, 974 MiB
2026/10/09 01:43:15.494, 0, GPU-6c849b47-7111-9265-9d42-ff8eddc05a2d, 100 %, 0 %, 70, 2685 MHz, 10251 MHz, 472.28 W, 480.00 W, 974 MiB
2026/10/09 01:43:15.494, 1, GPU-81ac6e96-0bfe-390d-beb1-241466569d6b, 0 %, 0 %, 43, 210 MHz, 405 MHz, 31.88 W, 480.00 W, 974 MiB
2026/10/09 01:43:16.495, 0, GPU-6c849b47-7111-9265-9d42-ff8eddc05a2d, 100 %, 0 %, 70, 2760 MHz, 10251 MHz, 447.79 W, 480.00 W, 974 MiB
2026/10/09 01:43:16.495, 1, GPU-81ac6e96-0bfe-390d-beb1-241466569d6b, 0 %, 0 %, 42, 210 MHz, 405 MHz, 31.89 W, 480.00 W, 974 MiB
2026/10/09 01:43:17.496, 0, GPU-6c849b47-7111-9265-9d42-ff8eddc05a2d, 100 %, 0 %, 69, 2760 MHz, 10251 MHz, 471.55 W, 480.00 W, 974 MiB
2026/10/09 01:43:17.496, 1, GPU-81ac6e96-0bfe-390d-beb1-241466569d6b, 0 %, 0 %, 42, 210 MHz, 405 MHz, 31.67 W, 480.00 W, 974 MiB
2026/10/09 01:43:18.497, 0, GPU-6c849b47-7111-9265-9d42-ff8eddc05a2d, 100 %, 0 %, 70, 2745 MHz, 10251 MHz, 444.50 W, 480.00 W, 974 MiB
2026/10/09 01:43:18.497, 1, GPU-81ac6e96-0bfe-390d-beb1-241466569d6b, 0 %, 0 %, 42, 210 MHz, 405 MHz, 31.64 W, 480.00 W, 974 MiB
2026/10/09 01:43:19.498, 0, GPU-6c849b47-7111-9265-9d42-ff8eddc05a2d, 0 %, 0 %, 52, 2775 MHz, 10251 MHz, 339.56 W, 480.00 W, 974 MiB
2026/10/09 01:43:19.498, 1, GPU-81ac6e96-0bfe-390d-beb1-241466569d6b, 0 %, 0 %, 42, 210 MHz, 405 MHz, 31.76 W, 480.00 W, 974 MiB
2026/10/09 01:43:20.499, 0, GPU-6c849b47-7111-9265-9d42-ff8eddc05a2d, 0 %, 0 %, 47, 2775 MHz, 10251 MHz, 96.94 W, 480.00 W, 974 MiB
2026/10/09 01:43:20.499, 1, GPU-81ac6e96-0bfe-390d-beb1-241466569d6b, 0 %, 0 %, 42, 210 MHz, 405 MHz, 31.63 W, 480.00 W, 974 MiB
2026/10/09 01:43:21.500, 0, GPU-6c849b47-7111-9265-9d42-ff8eddc05a2d, 100 %, 0 %, 67, 2760 MHz, 10251 MHz, 394.58 W, 480.00 W, 974 MiB
2026/10/09 01:43:21.500, 1, GPU-81ac6e96-0bfe-390d-beb1-241466569d6b, 0 %, 0 %, 42, 210 MHz, 405 MHz, 31.58 W, 480.00 W, 974 MiB
2026/10/09 01:43:22.501, 0, GPU-6c849b47-7111-9265-9d42-ff8eddc05a2d, 100 %, 0 %, 71, 2700 MHz, 10251 MHz, 443.81 W, 480.00 W, 974 MiB
2026/10/09 01:43:22.501, 1, GPU-81ac6e96-0bfe-390d-beb1-241466569d6b, 0 %, 0 %, 42, 210 MHz, 405 MHz, 31.69 W, 480.00 W, 974 MiB
2026/10/09 01:43:23.515, 0, GPU-6c849b47-7111-9265-9d42-ff8eddc05a2d, 100 %, 0 %, 71, 2730 MHz, 10251 MHz, 459.96 W, 480.00 W, 974 MiB
2026/10/09 01:43:23.516, 1, GPU-81ac6e96-0bfe-390d-beb1-241466569d6b, 0 %, 0 %, 42, 210 MHz, 405 MHz, 31.80 W, 480.00 W, 974 MiB
2026/10/09 01:43:24.516, 0, GPU-6c849b47-7111-9265-9d42-ff8eddc05a2d, 100 %, 0 %, 70, 2715 MHz, 10251 MHz, 482.48 W, 480.00 W, 974 MiB
2026/10/09 01:43:24.517, 1, GPU-81ac6e96-0bfe-390d-beb1-241466569d6b, 0 %, 0 %, 42, 210 MHz, 405 MHz, 31.66 W, 480.00 W, 974 MiB
2026/10/09 01:43:25.517, 0, GPU-6c849b47-7111-9265-9d42-ff8eddc05a2d, 100 %, 0 %, 71, 2745 MHz, 10251 MHz, 466.24 W, 480.00 W, 974 MiB
2026/10/09 01:43:25.518, 1, GPU-81ac6e96-0bfe-390d-beb1-241466569d6b, 0 %, 0 %, 42, 210 MHz, 405 MHz, 31.58 W, 480.00 W, 974 MiB
2026/10/09 01:43:26.518, 0, GPU-6c849b47-7111-9265-9d42-ff8eddc05a2d, 100 %, 0 %, 69, 2760 MHz, 10251 MHz, 448.49 W, 480.00 W, 974 MiB
2026/10/09 01:43:26.519, 1, GPU-81ac6e96-0bfe-390d-beb1-241466569d6b, 0 %, 0 %, 41, 210 MHz, 405 MHz, 31.53 W, 480.00 W, 974 MiB
2026/10/09 01:43:27.519, 0, GPU-6c849b47-7111-9265-9d42-ff8eddc05a2d, 100 %, 0 %, 70, 2700 MHz, 10251 MHz, 482.27 W, 480.00 W, 974 MiB
2026/10/09 01:43:27.520, 1, GPU-81ac6e96-0bfe-390d-beb1-241466569d6b, 0 %, 0 %, 41, 210 MHz, 405 MHz, 31.54 W, 480.00 W, 974 MiB
2026/10/09 01:43:28.520, 0, GPU-6c849b47-7111-9265-9d42-ff8eddc05a2d, 100 %, 0 %, 70, 2760 MHz, 10251 MHz, 449.46 W, 480.00 W, 974 MiB
2026/10/09 01:43:28.521, 1, GPU-81ac6e96-0bfe-390d-beb1-241466569d6b, 0 %, 0 %, 41, 210 MHz, 405 MHz, 31.73 W, 480.00 W, 974 MiB
2026/10/09 01:43:29.521, 0, GPU-6c849b47-7111-9265-9d42-ff8eddc05a2d, 100 %, 0 %, 64, 2760 MHz, 10251 MHz, 446.26 W, 480.00 W, 974 MiB
2026/10/09 01:43:29.522, 1, GPU-81ac6e96-0bfe-390d-beb1-241466569d6b, 0 %, 0 %, 41, 210 MHz, 405 MHz, 31.73 W, 480.00 W, 974 MiB
2026/10/09 01:43:30.522, 0, GPU-6c849b47-7111-9265-9d42-ff8eddc05a2d, 100 %, 0 %, 70, 2745 MHz, 10251 MHz, 455.91 W, 480.00 W, 974 MiB
2026/10/09 01:43:30.523, 1, GPU-81ac6e96-0bfe-390d-beb1-241466569d6b, 0 %, 0 %, 41, 210 MHz, 405 MHz, 31.71 W, 480.00 W, 974 MiB
2026/10/09 01:43:31.523, 0, GPU-6c849b47-7111-9265-9d42-ff8eddc05a2d, 0 %, 0 %, 51, 2775 MHz, 10251 MHz, 275.82 W, 480.00 W, 974 MiB
2026/10/09 01:43:31.524, 1, GPU-81ac6e96-0bfe-390d-beb1-241466569d6b, 0 %, 0 %, 41, 210 MHz, 405 MHz, 31.88 W, 480.00 W, 974 MiB
2026/10/09 01:43:32.524, 0, GPU-6c849b47-7111-9265-9d42-ff8eddc05a2d, 0 %, 0 %, 47, 2790 MHz, 10251 MHz, 96.72 W, 480.00 W, 974 MiB
2026/10/09 01:43:32.525, 1, GPU-81ac6e96-0bfe-390d-beb1-241466569d6b, 0 %, 0 %, 41, 210 MHz, 405 MHz, 31.91 W, 480.00 W, 974 MiB
2026/10/09 01:43:33.525, 0, GPU-6c849b47-7111-9265-9d42-ff8eddc05a2d, 0 %, 0 %, 47, 2790 MHz, 10251 MHz, 96.36 W, 480.00 W, 974 MiB
2026/10/09 01:43:33.526, 1, GPU-81ac6e96-0bfe-390d-beb1-241466569d6b, 0 %, 0 %, 41, 210 MHz, 405 MHz, 31.75 W, 480.00 W, 974 MiB
2026/10/09 01:43:34.526, 0, GPU-6c849b47-7111-9265-9d42-ff8eddc05a2d, 0 %, 0 %, 46, 2625 MHz, 10251 MHz, 86.08 W, 480.00 W, 974 MiB
2026/10/09 01:43:34.527, 1, GPU-81ac6e96-0bfe-390d-beb1-241466569d6b, 0 %, 0 %, 41, 210 MHz, 405 MHz, 31.60 W, 480.00 W, 974 MiB
2026/10/09 01:43:35.527, 0, GPU-6c849b47-7111-9265-9d42-ff8eddc05a2d, 0 %, 0 %, 46, 2625 MHz, 10251 MHz, 84.25 W, 480.00 W, 974 MiB
2026/10/09 01:43:35.528, 1, GPU-81ac6e96-0bfe-390d-beb1-241466569d6b, 0 %, 0 %, 41, 210 MHz, 405 MHz, 31.63 W, 480.00 W, 974 MiB
2026/10/09 01:43:36.528, 0, GPU-6c849b47-7111-9265-9d42-ff8eddc05a2d, 100 %, 0 %, 46, 2790 MHz, 10251 MHz, 88.48 W, 480.00 W, 974 MiB
2026/10/09 01:43:36.529, 1, GPU-81ac6e96-0bfe-390d-beb1-241466569d6b, 0 %, 0 %, 41, 210 MHz, 405 MHz, 31.49 W, 480.00 W, 974 MiB
2026/10/09 01:43:37.529, 0, GPU-6c849b47-7111-9265-9d42-ff8eddc05a2d, 100 %, 0 %, 46, 2790 MHz, 10251 MHz, 112.10 W, 480.00 W, 974 MiB
2026/10/09 01:43:37.530, 1, GPU-81ac6e96-0bfe-390d-beb1-241466569d6b, 0 %, 0 %, 41, 210 MHz, 405 MHz, 31.50 W, 480.00 W, 974 MiB
2026/10/09 01:43:38.530, 0, GPU-6c849b47-7111-9265-9d42-ff8eddc05a2d, 100 %, 0 %, 60, 2775 MHz, 10251 MHz, 204.75 W, 480.00 W, 974 MiB
2026/10/09 01:43:38.531, 1, GPU-81ac6e96-0bfe-390d-beb1-241466569d6b, 0 %, 0 %, 41, 210 MHz, 405 MHz, 31.66 W, 480.00 W, 974 MiB
2026/10/09 01:43:39.531, 0, GPU-6c849b47-7111-9265-9d42-ff8eddc05a2d, 100 %, 0 %, 58, 2775 MHz, 10251 MHz, 429.25 W, 480.00 W, 974 MiB
2026/10/09 01:43:39.532, 1, GPU-81ac6e96-0bfe-390d-beb1-241466569d6b, 0 %, 0 %, 40, 210 MHz, 405 MHz, 31.66 W, 480.00 W, 974 MiB
2026/10/09 01:43:40.532, 0, GPU-6c849b47-7111-9265-9d42-ff8eddc05a2d, 100 %, 0 %, 70, 2610 MHz, 10251 MHz, 466.86 W, 480.00 W, 974 MiB
2026/10/09 01:43:40.533, 1, GPU-81ac6e96-0bfe-390d-beb1-241466569d6b, 0 %, 0 %, 40, 210 MHz, 405 MHz, 31.58 W, 480.00 W, 974 MiB
2026/10/09 01:43:41.533, 0, GPU-6c849b47-7111-9265-9d42-ff8eddc05a2d, 100 %, 0 %, 70, 2730 MHz, 10251 MHz, 454.54 W, 480.00 W, 974 MiB
2026/10/09 01:43:41.534, 1, GPU-81ac6e96-0bfe-390d-beb1-241466569d6b, 0 %, 0 %, 40, 210 MHz, 405 MHz, 31.57 W, 480.00 W, 974 MiB
2026/10/09 01:43:42.534, 0, GPU-6c849b47-7111-9265-9d42-ff8eddc05a2d, 100 %, 0 %, 69, 2700 MHz, 10251 MHz, 482.72 W, 480.00 W, 974 MiB
2026/10/09 01:43:42.534, 1, GPU-81ac6e96-0bfe-390d-beb1-241466569d6b, 0 %, 0 %, 40, 210 MHz, 405 MHz, 31.53 W, 480.00 W, 974 MiB
2026/10/09 01:43:43.535, 0, GPU-6c849b47-7111-9265-9d42-ff8eddc05a2d, 100 %, 0 %, 71, 2745 MHz, 10251 MHz, 461.33 W, 480.00 W, 974 MiB
2026/10/09 01:43:43.535, 1, GPU-81ac6e96-0bfe-390d-beb1-241466569d6b, 0 %, 0 %, 40, 210 MHz, 405 MHz, 31.36 W, 480.00 W, 974 MiB
2026/10/09 01:43:44.536, 0, GPU-6c849b47-7111-9265-9d42-ff8eddc05a2d, 100 %, 0 %, 66, 2760 MHz, 10251 MHz, 448.88 W, 480.00 W, 974 MiB
2026/10/09 01:43:44.536, 1, GPU-81ac6e96-0bfe-390d-beb1-241466569d6b, 0 %, 0 %, 40, 210 MHz, 405 MHz, 31.24 W, 480.00 W, 974 MiB
2026/10/09 01:43:45.537, 0, GPU-6c849b47-7111-9265-9d42-ff8eddc05a2d, 100 %, 0 %, 70, 2700 MHz, 10251 MHz, 475.27 W, 480.00 W, 974 MiB
2026/10/09 01:43:45.537, 1, GPU-81ac6e96-0bfe-390d-beb1-241466569d6b, 0 %, 0 %, 40, 210 MHz, 405 MHz, 31.30 W, 480.00 W, 974 MiB
2026/10/09 01:43:46.538, 0, GPU-6c849b47-7111-9265-9d42-ff8eddc05a2d, 100 %, 0 %, 70, 2760 MHz, 10251 MHz, 449.53 W, 480.00 W, 974 MiB
2026/10/09 01:43:46.538, 1, GPU-81ac6e96-0bfe-390d-beb1-241466569d6b, 0 %, 0 %, 40, 210 MHz, 405 MHz, 31.45 W, 480.00 W, 974 MiB
2026/10/09 01:43:47.539, 0, GPU-6c849b47-7111-9265-9d42-ff8eddc05a2d, 100 %, 0 %, 68, 2760 MHz, 10251 MHz, 467.27 W, 480.00 W, 974 MiB
2026/10/09 01:43:47.539, 1, GPU-81ac6e96-0bfe-390d-beb1-241466569d6b, 0 %, 0 %, 40, 210 MHz, 405 MHz, 31.35 W, 480.00 W, 974 MiB
2026/10/09 01:43:48.540, 0, GPU-6c849b47-7111-9265-9d42-ff8eddc05a2d, 100 %, 0 %, 70, 2760 MHz, 10251 MHz, 453.02 W, 480.00 W, 974 MiB
2026/10/09 01:43:48.540, 1, GPU-81ac6e96-0bfe-390d-beb1-241466569d6b, 0 %, 0 %, 40, 210 MHz, 405 MHz, 31.43 W, 480.00 W, 974 MiB
2026/10/09 01:43:49.541, 0, GPU-6c849b47-7111-9265-9d42-ff8eddc05a2d, 0 %, 0 %, 52, 2775 MHz, 10251 MHz, 328.06 W, 480.00 W, 974 MiB
2026/10/09 01:43:49.541, 1, GPU-81ac6e96-0bfe-390d-beb1-241466569d6b, 0 %, 0 %, 40, 210 MHz, 405 MHz, 31.46 W, 480.00 W, 974 MiB
2026/10/09 01:43:50.542, 0, GPU-6c849b47-7111-9265-9d42-ff8eddc05a2d, 0 %, 0 %, 48, 2775 MHz, 10251 MHz, 97.14 W, 480.00 W, 974 MiB
2026/10/09 01:43:50.542, 1, GPU-81ac6e96-0bfe-390d-beb1-241466569d6b, 0 %, 0 %, 40, 210 MHz, 405 MHz, 31.36 W, 480.00 W, 974 MiB
2026/10/09 01:43:51.543, 0, GPU-6c849b47-7111-9265-9d42-ff8eddc05a2d, 100 %, 0 %, 58, 2775 MHz, 10251 MHz, 142.46 W, 480.00 W, 974 MiB
2026/10/09 01:43:51.543, 1, GPU-81ac6e96-0bfe-390d-beb1-241466569d6b, 0 %, 0 %, 40, 210 MHz, 405 MHz, 31.52 W, 480.00 W, 974 MiB
2026/10/09 01:43:52.544, 0, GPU-6c849b47-7111-9265-9d42-ff8eddc05a2d, 100 %, 0 %, 68, 2760 MHz, 10251 MHz, 453.98 W, 480.00 W, 974 MiB
2026/10/09 01:43:52.544, 1, GPU-81ac6e96-0bfe-390d-beb1-241466569d6b, 0 %, 0 %, 40, 210 MHz, 405 MHz, 31.55 W, 480.00 W, 974 MiB
2026/10/09 01:43:53.545, 0, GPU-6c849b47-7111-9265-9d42-ff8eddc05a2d, 100 %, 0 %, 72, 2610 MHz, 10251 MHz, 459.83 W, 480.00 W, 974 MiB
2026/10/09 01:43:53.545, 1, GPU-81ac6e96-0bfe-390d-beb1-241466569d6b, 0 %, 0 %, 39, 210 MHz, 405 MHz, 31.50 W, 480.00 W, 974 MiB
2026/10/09 01:43:54.546, 0, GPU-6c849b47-7111-9265-9d42-ff8eddc05a2d, 100 %, 0 %, 70, 2715 MHz, 10251 MHz, 453.89 W, 480.00 W, 974 MiB
2026/10/09 01:43:54.546, 1, GPU-81ac6e96-0bfe-390d-beb1-241466569d6b, 0 %, 0 %, 39, 210 MHz, 405 MHz, 31.64 W, 480.00 W, 974 MiB
2026/10/09 01:43:55.547, 0, GPU-6c849b47-7111-9265-9d42-ff8eddc05a2d, 100 %, 0 %, 70, 2670 MHz, 10251 MHz, 484.65 W, 480.00 W, 974 MiB
2026/10/09 01:43:55.547, 1, GPU-81ac6e96-0bfe-390d-beb1-241466569d6b, 0 %, 0 %, 39, 210 MHz, 405 MHz, 31.81 W, 480.00 W, 974 MiB
2026/10/09 01:43:56.548, 0, GPU-6c849b47-7111-9265-9d42-ff8eddc05a2d, 100 %, 0 %, 71, 2745 MHz, 10251 MHz, 461.34 W, 480.00 W, 974 MiB
2026/10/09 01:43:56.548, 1, GPU-81ac6e96-0bfe-390d-beb1-241466569d6b, 0 %, 0 %, 39, 210 MHz, 405 MHz, 31.98 W, 480.00 W, 974 MiB
2026/10/09 01:43:57.549, 0, GPU-6c849b47-7111-9265-9d42-ff8eddc05a2d, 100 %, 0 %, 67, 2760 MHz, 10251 MHz, 455.63 W, 480.00 W, 974 MiB
2026/10/09 01:43:57.549, 1, GPU-81ac6e96-0bfe-390d-beb1-241466569d6b, 0 %, 0 %, 39, 210 MHz, 405 MHz, 31.80 W, 480.00 W, 974 MiB
2026/10/09 01:43:58.550, 0, GPU-6c849b47-7111-9265-9d42-ff8eddc05a2d, 100 %, 0 %, 70, 2670 MHz, 10251 MHz, 462.49 W, 480.00 W, 974 MiB
2026/10/09 01:43:58.550, 1, GPU-81ac6e96-0bfe-390d-beb1-241466569d6b, 0 %, 0 %, 39, 210 MHz, 405 MHz, 31.50 W, 480.00 W, 974 MiB
2026/10/09 01:43:59.551, 0, GPU-6c849b47-7111-9265-9d42-ff8eddc05a2d, 100 %, 0 %, 70, 2760 MHz, 10251 MHz, 445.49 W, 480.00 W, 974 MiB
2026/10/09 01:43:59.551, 1, GPU-81ac6e96-0bfe-390d-beb1-241466569d6b, 0 %, 0 %, 39, 210 MHz, 405 MHz, 31.65 W, 480.00 W, 974 MiB
2026/10/09 01:44:00.552, 0, GPU-6c849b47-7111-9265-9d42-ff8eddc05a2d, 100 %, 0 %, 71, 2760 MHz, 10251 MHz, 477.47 W, 480.00 W, 974 MiB
2026/10/09 01:44:00.566, 1, GPU-81ac6e96-0bfe-390d-beb1-241466569d6b, 0 %, 0 %, 39, 210 MHz, 405 MHz, 31.42 W, 480.00 W, 974 MiB
2026/10/09 01:44:01.566, 0, GPU-6c849b47-7111-9265-9d42-ff8eddc05a2d, 100 %, 0 %, 70, 2760 MHz, 10251 MHz, 446.91 W, 480.00 W, 974 MiB
2026/10/09 01:44:01.567, 1, GPU-81ac6e96-0bfe-390d-beb1-241466569d6b, 0 %, 0 %, 39, 210 MHz, 405 MHz, 31.24 W, 480.00 W, 974 MiB
2026/10/09 01:44:02.567, 0, GPU-6c849b47-7111-9265-9d42-ff8eddc05a2d, 0 %, 0 %, 54, 2775 MHz, 10251 MHz, 347.87 W, 480.00 W, 974 MiB
2026/10/09 01:44:02.568, 1, GPU-81ac6e96-0bfe-390d-beb1-241466569d6b, 0 %, 0 %, 39, 210 MHz, 405 MHz, 31.56 W, 480.00 W, 974 MiB
2026/10/09 01:44:03.569, 0, GPU-6c849b47-7111-9265-9d42-ff8eddc05a2d, 0 %, 0 %, 48, 2790 MHz, 10251 MHz, 97.19 W, 480.00 W, 974 MiB
2026/10/09 01:44:03.569, 1, GPU-81ac6e96-0bfe-390d-beb1-241466569d6b, 0 %, 0 %, 39, 210 MHz, 405 MHz, 31.74 W, 480.00 W, 974 MiB
2026/10/09 01:44:04.570, 0, GPU-6c849b47-7111-9265-9d42-ff8eddc05a2d, 100 %, 0 %, 56, 2625 MHz, 10251 MHz, 102.86 W, 480.00 W, 974 MiB
2026/10/09 01:44:04.570, 1, GPU-81ac6e96-0bfe-390d-beb1-241466569d6b, 0 %, 0 %, 39, 210 MHz, 405 MHz, 31.89 W, 480.00 W, 974 MiB
2026/10/09 01:44:05.571, 0, GPU-6c849b47-7111-9265-9d42-ff8eddc05a2d, 100 %, 0 %, 69, 2730 MHz, 10251 MHz, 442.85 W, 480.00 W, 974 MiB
2026/10/09 01:44:05.602, 1, GPU-81ac6e96-0bfe-390d-beb1-241466569d6b, 0 %, 0 %, 39, 210 MHz, 405 MHz, 31.90 W, 480.00 W, 974 MiB
2026/10/09 01:44:06.603, 0, GPU-6c849b47-7111-9265-9d42-ff8eddc05a2d, 100 %, 0 %, 72, 2700 MHz, 10251 MHz, 455.82 W, 480.00 W, 974 MiB
2026/10/09 01:44:06.604, 1, GPU-81ac6e96-0bfe-390d-beb1-241466569d6b, 0 %, 0 %, 39, 210 MHz, 405 MHz, 31.93 W, 480.00 W, 974 MiB
2026/10/09 01:44:07.604, 0, GPU-6c849b47-7111-9265-9d42-ff8eddc05a2d, 100 %, 0 %, 69, 2715 MHz, 10251 MHz, 454.54 W, 480.00 W, 974 MiB
2026/10/09 01:44:07.605, 1, GPU-81ac6e96-0bfe-390d-beb1-241466569d6b, 0 %, 0 %, 39, 210 MHz, 405 MHz, 31.91 W, 480.00 W, 974 MiB
2026/10/09 01:44:08.605, 0, GPU-6c849b47-7111-9265-9d42-ff8eddc05a2d, 100 %, 0 %, 70, 2655 MHz, 10251 MHz, 479.24 W, 480.00 W, 974 MiB
2026/10/09 01:44:08.606, 1, GPU-81ac6e96-0bfe-390d-beb1-241466569d6b, 0 %, 0 %, 39, 210 MHz, 405 MHz, 31.90 W, 480.00 W, 974 MiB
2026/10/09 01:44:09.606, 0, GPU-6c849b47-7111-9265-9d42-ff8eddc05a2d, 100 %, 0 %, 71, 2745 MHz, 10251 MHz, 453.56 W, 480.00 W, 974 MiB
2026/10/09 01:44:09.607, 1, GPU-81ac6e96-0bfe-390d-beb1-241466569d6b, 0 %, 0 %, 39, 210 MHz, 405 MHz, 32.05 W, 480.00 W, 974 MiB
2026/10/09 01:44:10.607, 0, GPU-6c849b47-7111-9265-9d42-ff8eddc05a2d, 100 %, 0 %, 70, 2760 MHz, 10251 MHz, 479.60 W, 480.00 W, 974 MiB
2026/10/09 01:44:10.621, 1, GPU-81ac6e96-0bfe-390d-beb1-241466569d6b, 0 %, 0 %, 39, 210 MHz, 405 MHz, 32.11 W, 480.00 W, 974 MiB
2026/10/09 01:44:11.622, 0, GPU-6c849b47-7111-9265-9d42-ff8eddc05a2d, 100 %, 0 %, 71, 2745 MHz, 10251 MHz, 459.66 W, 480.00 W, 974 MiB
2026/10/09 01:44:11.622, 1, GPU-81ac6e96-0bfe-390d-beb1-241466569d6b, 0 %, 0 %, 38, 210 MHz, 405 MHz, 31.89 W, 480.00 W, 974 MiB
2026/10/09 01:44:12.623, 0, GPU-6c849b47-7111-9265-9d42-ff8eddc05a2d, 100 %, 0 %, 70, 2760 MHz, 10251 MHz, 445.80 W, 480.00 W, 974 MiB
2026/10/09 01:44:12.623, 1, GPU-81ac6e96-0bfe-390d-beb1-241466569d6b, 0 %, 0 %, 38, 210 MHz, 405 MHz, 31.70 W, 480.00 W, 974 MiB
2026/10/09 01:44:13.624, 0, GPU-6c849b47-7111-9265-9d42-ff8eddc05a2d, 100 %, 0 %, 71, 2730 MHz, 10251 MHz, 479.13 W, 480.00 W, 974 MiB
2026/10/09 01:44:13.624, 1, GPU-81ac6e96-0bfe-390d-beb1-241466569d6b, 0 %, 0 %, 38, 210 MHz, 405 MHz, 31.80 W, 480.00 W, 974 MiB
2026/10/09 01:44:14.625, 0, GPU-6c849b47-7111-9265-9d42-ff8eddc05a2d, 100 %, 0 %, 70, 2760 MHz, 10251 MHz, 445.76 W, 480.00 W, 974 MiB
2026/10/09 01:44:14.625, 1, GPU-81ac6e96-0bfe-390d-beb1-241466569d6b, 0 %, 0 %, 38, 210 MHz, 405 MHz, 31.77 W, 480.00 W, 974 MiB
2026/10/09 01:44:15.626, 0, GPU-6c849b47-7111-9265-9d42-ff8eddc05a2d, 38 %, 0 %, 55, 2775 MHz, 10251 MHz, 423.67 W, 480.00 W, 974 MiB
2026/10/09 01:44:15.626, 1, GPU-81ac6e96-0bfe-390d-beb1-241466569d6b, 0 %, 0 %, 38, 210 MHz, 405 MHz, 31.82 W, 480.00 W, 974 MiB
2026/10/09 01:44:16.640, 0, GPU-6c849b47-7111-9265-9d42-ff8eddc05a2d, 0 %, 0 %, 48, 2790 MHz, 10251 MHz, 101.07 W, 480.00 W, 974 MiB
2026/10/09 01:44:16.640, 1, GPU-81ac6e96-0bfe-390d-beb1-241466569d6b, 0 %, 0 %, 38, 210 MHz, 405 MHz, 31.78 W, 480.00 W, 974 MiB
2026/10/09 01:44:17.641, 0, GPU-6c849b47-7111-9265-9d42-ff8eddc05a2d, 0 %, 0 %, 47, 2790 MHz, 10251 MHz, 97.00 W, 480.00 W, 974 MiB
2026/10/09 01:44:17.641, 1, GPU-81ac6e96-0bfe-390d-beb1-241466569d6b, 0 %, 0 %, 38, 210 MHz, 405 MHz, 31.59 W, 480.00 W, 974 MiB
2026/10/09 01:44:18.642, 0, GPU-6c849b47-7111-9265-9d42-ff8eddc05a2d, 100 %, 0 %, 68, 2760 MHz, 10251 MHz, 282.27 W, 480.00 W, 974 MiB
2026/10/09 01:44:18.642, 1, GPU-81ac6e96-0bfe-390d-beb1-241466569d6b, 0 %, 0 %, 38, 210 MHz, 405 MHz, 31.67 W, 480.00 W, 974 MiB
2026/10/09 01:44:19.643, 0, GPU-6c849b47-7111-9265-9d42-ff8eddc05a2d, 100 %, 0 %, 71, 2685 MHz, 10251 MHz, 437.33 W, 480.00 W, 974 MiB
2026/10/09 01:44:19.643, 1, GPU-81ac6e96-0bfe-390d-beb1-241466569d6b, 0 %, 0 %, 38, 210 MHz, 405 MHz, 31.77 W, 480.00 W, 974 MiB
2026/10/09 01:44:20.644, 0, GPU-6c849b47-7111-9265-9d42-ff8eddc05a2d, 100 %, 0 %, 70, 2760 MHz, 10251 MHz, 482.18 W, 480.00 W, 974 MiB
2026/10/09 01:44:20.644, 1, GPU-81ac6e96-0bfe-390d-beb1-241466569d6b, 0 %, 0 %, 38, 210 MHz, 405 MHz, 31.90 W, 480.00 W, 974 MiB
2026/10/09 01:44:21.645, 0, GPU-6c849b47-7111-9265-9d42-ff8eddc05a2d, 100 %, 0 %, 71, 2655 MHz, 10251 MHz, 474.79 W, 480.00 W, 974 MiB
2026/10/09 01:44:21.645, 1, GPU-81ac6e96-0bfe-390d-beb1-241466569d6b, 0 %, 0 %, 38, 210 MHz, 405 MHz, 31.78 W, 480.00 W, 974 MiB
2026/10/09 01:44:22.646, 0, GPU-6c849b47-7111-9265-9d42-ff8eddc05a2d, 100 %, 0 %, 70, 2745 MHz, 10251 MHz, 448.03 W, 480.00 W, 974 MiB
2026/10/09 01:44:22.646, 1, GPU-81ac6e96-0bfe-390d-beb1-241466569d6b, 0 %, 0 %, 38, 210 MHz, 405 MHz, 31.46 W, 480.00 W, 974 MiB
2026/10/09 01:44:23.647, 0, GPU-6c849b47-7111-9265-9d42-ff8eddc05a2d, 100 %, 0 %, 70, 2700 MHz, 10251 MHz, 482.56 W, 480.00 W, 974 MiB
2026/10/09 01:44:23.647, 1, GPU-81ac6e96-0bfe-390d-beb1-241466569d6b, 0 %, 0 %, 38, 210 MHz, 405 MHz, 31.51 W, 480.00 W, 974 MiB
2026/10/09 01:44:24.648, 0, GPU-6c849b47-7111-9265-9d42-ff8eddc05a2d, 100 %, 0 %, 71, 2760 MHz, 10251 MHz, 456.15 W, 480.00 W, 974 MiB
2026/10/09 01:44:24.648, 1, GPU-81ac6e96-0bfe-390d-beb1-241466569d6b, 0 %, 0 %, 38, 210 MHz, 405 MHz, 31.75 W, 480.00 W, 974 MiB
2026/10/09 01:44:25.648, 0, GPU-6c849b47-7111-9265-9d42-ff8eddc05a2d, 100 %, 0 %, 67, 2760 MHz, 10251 MHz, 450.94 W, 480.00 W, 974 MiB
2026/10/09 01:44:25.649, 1, GPU-81ac6e96-0bfe-390d-beb1-241466569d6b, 0 %, 0 %, 38, 210 MHz, 405 MHz, 31.72 W, 480.00 W, 974 MiB
2026/10/09 01:44:26.649, 0, GPU-6c849b47-7111-9265-9d42-ff8eddc05a2d, 100 %, 0 %, 71, 2700 MHz, 10251 MHz, 458.43 W, 480.00 W, 974 MiB
2026/10/09 01:44:26.650, 1, GPU-81ac6e96-0bfe-390d-beb1-241466569d6b, 0 %, 0 %, 38, 210 MHz, 405 MHz, 31.64 W, 480.00 W, 974 MiB
2026/10/09 01:44:27.650, 0, GPU-6c849b47-7111-9265-9d42-ff8eddc05a2d, 100 %, 0 %, 70, 2760 MHz, 10251 MHz, 442.58 W, 480.00 W, 974 MiB
2026/10/09 01:44:27.650, 1, GPU-81ac6e96-0bfe-390d-beb1-241466569d6b, 0 %, 0 %, 38, 210 MHz, 405 MHz, 31.88 W, 480.00 W, 974 MiB
2026/10/09 01:44:28.651, 0, GPU-6c849b47-7111-9265-9d42-ff8eddc05a2d, 100 %, 0 %, 68, 2760 MHz, 10251 MHz, 472.93 W, 480.00 W, 974 MiB
2026/10/09 01:44:28.651, 1, GPU-81ac6e96-0bfe-390d-beb1-241466569d6b, 0 %, 0 %, 38, 210 MHz, 405 MHz, 31.77 W, 480.00 W, 974 MiB
2026/10/09 01:44:29.652, 0, GPU-6c849b47-7111-9265-9d42-ff8eddc05a2d, 0 %, 0 %, 49, 2790 MHz, 10251 MHz, 157.16 W, 480.00 W, 974 MiB
2026/10/09 01:44:29.652, 1, GPU-81ac6e96-0bfe-390d-beb1-241466569d6b, 0 %, 0 %, 38, 210 MHz, 405 MHz, 31.55 W, 480.00 W, 974 MiB
2026/10/09 01:44:30.653, 0, GPU-6c849b47-7111-9265-9d42-ff8eddc05a2d, 0 %, 0 %, 48, 2790 MHz, 10251 MHz, 96.73 W, 480.00 W, 974 MiB
2026/10/09 01:44:30.653, 1, GPU-81ac6e96-0bfe-390d-beb1-241466569d6b, 0 %, 0 %, 38, 210 MHz, 405 MHz, 31.50 W, 480.00 W, 974 MiB
2026/10/09 01:44:31.654, 0, GPU-6c849b47-7111-9265-9d42-ff8eddc05a2d, 0 %, 0 %, 46, 2625 MHz, 10251 MHz, 85.86 W, 480.00 W, 974 MiB
2026/10/09 01:44:31.655, 1, GPU-81ac6e96-0bfe-390d-beb1-241466569d6b, 0 %, 0 %, 38, 210 MHz, 405 MHz, 31.53 W, 480.00 W, 974 MiB
2026/10/09 01:44:32.655, 0, GPU-6c849b47-7111-9265-9d42-ff8eddc05a2d, 0 %, 0 %, 46, 2625 MHz, 10251 MHz, 84.09 W, 480.00 W, 974 MiB
2026/10/09 01:44:32.656, 1, GPU-81ac6e96-0bfe-390d-beb1-241466569d6b, 0 %, 0 %, 38, 210 MHz, 405 MHz, 31.84 W, 480.00 W, 974 MiB
2026/10/09 01:44:33.656, 0, GPU-6c849b47-7111-9265-9d42-ff8eddc05a2d, 0 %, 0 %, 46, 2625 MHz, 10251 MHz, 83.04 W, 480.00 W, 974 MiB
2026/10/09 01:44:33.657, 1, GPU-81ac6e96-0bfe-390d-beb1-241466569d6b, 0 %, 0 %, 38, 210 MHz, 405 MHz, 31.95 W, 480.00 W, 974 MiB
2026/10/09 01:44:34.658, 0, GPU-6c849b47-7111-9265-9d42-ff8eddc05a2d, 100 %, 0 %, 46, 2625 MHz, 10251 MHz, 83.62 W, 480.00 W, 974 MiB
2026/10/09 01:44:34.658, 1, GPU-81ac6e96-0bfe-390d-beb1-241466569d6b, 100 %, 0 %, 39, 2625 MHz, 10251 MHz, 32.47 W, 480.00 W, 974 MiB
2026/10/09 01:44:35.659, 0, GPU-6c849b47-7111-9265-9d42-ff8eddc05a2d, 100 %, 0 %, 47, 2790 MHz, 10251 MHz, 108.10 W, 480.00 W, 974 MiB
2026/10/09 01:44:35.659, 1, GPU-81ac6e96-0bfe-390d-beb1-241466569d6b, 100 %, 0 %, 43, 2805 MHz, 10251 MHz, 101.07 W, 480.00 W, 974 MiB
2026/10/09 01:44:36.659, 0, GPU-6c849b47-7111-9265-9d42-ff8eddc05a2d, 99 %, 0 %, 57, 2775 MHz, 10251 MHz, 123.65 W, 480.00 W, 974 MiB
2026/10/09 01:44:36.660, 1, GPU-81ac6e96-0bfe-390d-beb1-241466569d6b, 100 %, 0 %, 67, 2775 MHz, 10251 MHz, 309.22 W, 480.00 W, 974 MiB
2026/10/09 01:44:37.660, 0, GPU-6c849b47-7111-9265-9d42-ff8eddc05a2d, 100 %, 0 %, 69, 2715 MHz, 10251 MHz, 427.57 W, 480.00 W, 974 MiB
2026/10/09 01:44:37.661, 1, GPU-81ac6e96-0bfe-390d-beb1-241466569d6b, 100 %, 0 %, 69, 2700 MHz, 10251 MHz, 439.81 W, 480.00 W, 974 MiB
2026/10/09 01:44:38.661, 0, GPU-6c849b47-7111-9265-9d42-ff8eddc05a2d, 100 %, 0 %, 71, 2700 MHz, 10251 MHz, 441.23 W, 480.00 W, 974 MiB
2026/10/09 01:44:38.662, 1, GPU-81ac6e96-0bfe-390d-beb1-241466569d6b, 100 %, 0 %, 62, 2625 MHz, 10251 MHz, 488.92 W, 480.00 W, 974 MiB
2026/10/09 01:44:39.662, 0, GPU-6c849b47-7111-9265-9d42-ff8eddc05a2d, 100 %, 0 %, 68, 2760 MHz, 10251 MHz, 459.13 W, 480.00 W, 974 MiB
2026/10/09 01:44:39.662, 1, GPU-81ac6e96-0bfe-390d-beb1-241466569d6b, 100 %, 0 %, 62, 2775 MHz, 10251 MHz, 463.41 W, 480.00 W, 974 MiB
2026/10/09 01:44:40.663, 0, GPU-6c849b47-7111-9265-9d42-ff8eddc05a2d, 100 %, 0 %, 70, 2655 MHz, 10251 MHz, 474.87 W, 480.00 W, 974 MiB
2026/10/09 01:44:40.663, 1, GPU-81ac6e96-0bfe-390d-beb1-241466569d6b, 100 %, 0 %, 56, 2775 MHz, 10251 MHz, 445.70 W, 480.00 W, 974 MiB
2026/10/09 01:44:41.663, 0, GPU-6c849b47-7111-9265-9d42-ff8eddc05a2d, 100 %, 0 %, 71, 2745 MHz, 10251 MHz, 452.84 W, 480.00 W, 974 MiB
2026/10/09 01:44:41.664, 1, GPU-81ac6e96-0bfe-390d-beb1-241466569d6b, 100 %, 0 %, 60, 2715 MHz, 10251 MHz, 476.63 W, 480.00 W, 974 MiB
2026/10/09 01:44:42.664, 0, GPU-6c849b47-7111-9265-9d42-ff8eddc05a2d, 100 %, 0 %, 70, 2760 MHz, 10251 MHz, 480.66 W, 480.00 W, 974 MiB
2026/10/09 01:44:42.665, 1, GPU-81ac6e96-0bfe-390d-beb1-241466569d6b, 100 %, 0 %, 61, 2790 MHz, 10251 MHz, 450.00 W, 480.00 W, 974 MiB
2026/10/09 01:44:43.665, 0, GPU-6c849b47-7111-9265-9d42-ff8eddc05a2d, 100 %, 0 %, 71, 2760 MHz, 10251 MHz, 459.41 W, 480.00 W, 974 MiB
2026/10/09 01:44:43.666, 1, GPU-81ac6e96-0bfe-390d-beb1-241466569d6b, 100 %, 0 %, 58, 2790 MHz, 10251 MHz, 465.62 W, 480.00 W, 974 MiB
2026/10/09 01:44:44.666, 0, GPU-6c849b47-7111-9265-9d42-ff8eddc05a2d, 100 %, 0 %, 70, 2760 MHz, 10251 MHz, 446.60 W, 480.00 W, 974 MiB
2026/10/09 01:44:44.666, 1, GPU-81ac6e96-0bfe-390d-beb1-241466569d6b, 100 %, 0 %, 60, 2790 MHz, 10251 MHz, 446.27 W, 480.00 W, 974 MiB
2026/10/09 01:44:45.667, 0, GPU-6c849b47-7111-9265-9d42-ff8eddc05a2d, 100 %, 0 %, 71, 2730 MHz, 10251 MHz, 479.16 W, 480.00 W, 974 MiB
2026/10/09 01:44:45.667, 1, GPU-81ac6e96-0bfe-390d-beb1-241466569d6b, 100 %, 0 %, 60, 2790 MHz, 10251 MHz, 442.85 W, 480.00 W, 974 MiB
2026/10/09 01:44:46.668, 0, GPU-6c849b47-7111-9265-9d42-ff8eddc05a2d, 100 %, 0 %, 70, 2760 MHz, 10251 MHz, 446.67 W, 480.00 W, 974 MiB
2026/10/09 01:44:46.668, 1, GPU-81ac6e96-0bfe-390d-beb1-241466569d6b, 100 %, 0 %, 60, 2790 MHz, 10251 MHz, 468.20 W, 480.00 W, 974 MiB
2026/10/09 01:44:47.668, 0, GPU-6c849b47-7111-9265-9d42-ff8eddc05a2d, 73 %, 0 %, 57, 2775 MHz, 10251 MHz, 435.26 W, 480.00 W, 974 MiB
2026/10/09 01:44:47.669, 1, GPU-81ac6e96-0bfe-390d-beb1-241466569d6b, 0 %, 0 %, 41, 2805 MHz, 10251 MHz, 156.72 W, 480.00 W, 974 MiB
2026/10/09 01:44:48.669, 0, GPU-6c849b47-7111-9265-9d42-ff8eddc05a2d, 0 %, 0 %, 48, 2775 MHz, 10251 MHz, 105.35 W, 480.00 W, 974 MiB
2026/10/09 01:44:48.670, 1, GPU-81ac6e96-0bfe-390d-beb1-241466569d6b, 0 %, 0 %, 40, 2805 MHz, 10251 MHz, 83.12 W, 480.00 W, 974 MiB
2026/10/09 01:44:49.670, 0, GPU-6c849b47-7111-9265-9d42-ff8eddc05a2d, 0 %, 0 %, 48, 2790 MHz, 10251 MHz, 96.40 W, 480.00 W, 974 MiB
2026/10/09 01:44:49.671, 1, GPU-81ac6e96-0bfe-390d-beb1-241466569d6b, 100 %, 0 %, 60, 2760 MHz, 10251 MHz, 244.14 W, 480.00 W, 974 MiB
2026/10/09 01:44:50.671, 0, GPU-6c849b47-7111-9265-9d42-ff8eddc05a2d, 100 %, 0 %, 68, 2760 MHz, 10251 MHz, 281.72 W, 480.00 W, 974 MiB
2026/10/09 01:44:50.671, 1, GPU-81ac6e96-0bfe-390d-beb1-241466569d6b, 100 %, 0 %, 60, 2715 MHz, 10251 MHz, 423.43 W, 480.00 W, 974 MiB
2026/10/09 01:44:51.672, 0, GPU-6c849b47-7111-9265-9d42-ff8eddc05a2d, 100 %, 0 %, 72, 2700 MHz, 10251 MHz, 448.60 W, 480.00 W, 974 MiB
2026/10/09 01:44:51.672, 1, GPU-81ac6e96-0bfe-390d-beb1-241466569d6b, 100 %, 0 %, 61, 2640 MHz, 10251 MHz, 495.46 W, 480.00 W, 974 MiB
2026/10/09 01:44:52.672, 0, GPU-6c849b47-7111-9265-9d42-ff8eddc05a2d, 100 %, 0 %, 69, 2760 MHz, 10251 MHz, 480.85 W, 480.00 W, 974 MiB
2026/10/09 01:44:52.678, 1, GPU-81ac6e96-0bfe-390d-beb1-241466569d6b, 100 %, 0 %, 61, 2775 MHz, 10251 MHz, 463.41 W, 480.00 W, 974 MiB
2026/10/09 01:44:53.678, 0, GPU-6c849b47-7111-9265-9d42-ff8eddc05a2d, 100 %, 0 %, 71, 2640 MHz, 10251 MHz, 474.62 W, 480.00 W, 974 MiB
2026/10/09 01:44:53.679, 1, GPU-81ac6e96-0bfe-390d-beb1-241466569d6b, 100 %, 0 %, 56, 2790 MHz, 10251 MHz, 453.51 W, 480.00 W, 974 MiB
2026/10/09 01:44:54.679, 0, GPU-6c849b47-7111-9265-9d42-ff8eddc05a2d, 100 %, 0 %, 71, 2745 MHz, 10251 MHz, 451.19 W, 480.00 W, 974 MiB
2026/10/09 01:44:54.680, 1, GPU-81ac6e96-0bfe-390d-beb1-241466569d6b, 100 %, 0 %, 61, 2700 MHz, 10251 MHz, 463.38 W, 480.00 W, 974 MiB
2026/10/09 01:44:55.680, 0, GPU-6c849b47-7111-9265-9d42-ff8eddc05a2d, 100 %, 0 %, 71, 2700 MHz, 10251 MHz, 483.89 W, 480.00 W, 974 MiB
2026/10/09 01:44:55.681, 1, GPU-81ac6e96-0bfe-390d-beb1-241466569d6b, 100 %, 0 %, 62, 2790 MHz, 10251 MHz, 448.94 W, 480.00 W, 974 MiB
2026/10/09 01:44:56.681, 0, GPU-6c849b47-7111-9265-9d42-ff8eddc05a2d, 100 %, 0 %, 71, 2745 MHz, 10251 MHz, 455.84 W, 480.00 W, 974 MiB
2026/10/09 01:44:56.681, 1, GPU-81ac6e96-0bfe-390d-beb1-241466569d6b, 100 %, 0 %, 62, 2790 MHz, 10251 MHz, 475.85 W, 480.00 W, 974 MiB
2026/10/09 01:44:57.682, 0, GPU-6c849b47-7111-9265-9d42-ff8eddc05a2d, 100 %, 0 %, 68, 2760 MHz, 10251 MHz, 447.72 W, 480.00 W, 974 MiB
2026/10/09 01:44:57.682, 1, GPU-81ac6e96-0bfe-390d-beb1-241466569d6b, 100 %, 0 %, 62, 2790 MHz, 10251 MHz, 447.39 W, 480.00 W, 974 MiB
2026/10/09 01:44:58.696, 0, GPU-6c849b47-7111-9265-9d42-ff8eddc05a2d, 100 %, 0 %, 71, 2700 MHz, 10251 MHz, 460.85 W, 480.00 W, 974 MiB
2026/10/09 01:44:58.696, 1, GPU-81ac6e96-0bfe-390d-beb1-241466569d6b, 100 %, 0 %, 61, 2790 MHz, 10251 MHz, 442.10 W, 480.00 W, 974 MiB
2026/10/09 01:44:59.697, 0, GPU-6c849b47-7111-9265-9d42-ff8eddc05a2d, 100 %, 0 %, 71, 2760 MHz, 10251 MHz, 446.92 W, 480.00 W, 974 MiB
2026/10/09 01:44:59.697, 1, GPU-81ac6e96-0bfe-390d-beb1-241466569d6b, 100 %, 0 %, 62, 2790 MHz, 10251 MHz, 471.05 W, 480.00 W, 974 MiB
2026/10/09 01:45:00.698, 0, GPU-6c849b47-7111-9265-9d42-ff8eddc05a2d, 100 %, 0 %, 67, 2760 MHz, 10251 MHz, 470.94 W, 480.00 W, 974 MiB
2026/10/09 01:45:00.698, 1, GPU-81ac6e96-0bfe-390d-beb1-241466569d6b, 0 %, 0 %, 44, 2805 MHz, 10251 MHz, 187.10 W, 480.00 W, 974 MiB
2026/10/09 01:45:01.699, 0, GPU-6c849b47-7111-9265-9d42-ff8eddc05a2d, 0 %, 0 %, 49, 2775 MHz, 10251 MHz, 147.13 W, 480.00 W, 974 MiB
2026/10/09 01:45:01.699, 1, GPU-81ac6e96-0bfe-390d-beb1-241466569d6b, 0 %, 0 %, 43, 2805 MHz, 10251 MHz, 82.99 W, 480.00 W, 974 MiB
2026/10/09 01:45:02.699, 0, GPU-6c849b47-7111-9265-9d42-ff8eddc05a2d, 0 %, 0 %, 48, 2790 MHz, 10251 MHz, 97.08 W, 480.00 W, 974 MiB
2026/10/09 01:45:02.700, 1, GPU-81ac6e96-0bfe-390d-beb1-241466569d6b, 0 %, 0 %, 42, 2625 MHz, 10251 MHz, 75.44 W, 480.00 W, 974 MiB
2026/10/09 01:45:03.700, 0, GPU-6c849b47-7111-9265-9d42-ff8eddc05a2d, 0 %, 0 %, 46, 2625 MHz, 10251 MHz, 87.30 W, 480.00 W, 974 MiB
2026/10/09 01:45:03.701, 1, GPU-81ac6e96-0bfe-390d-beb1-241466569d6b, 0 %, 0 %, 42, 2625 MHz, 10251 MHz, 73.90 W, 480.00 W, 974 MiB
2026/10/09 01:45:04.702, 0, GPU-6c849b47-7111-9265-9d42-ff8eddc05a2d, 0 %, 0 %, 46, 2625 MHz, 10251 MHz, 84.92 W, 480.00 W, 974 MiB
2026/10/09 01:45:04.703, 1, GPU-81ac6e96-0bfe-390d-beb1-241466569d6b, 0 %, 0 %, 42, 2625 MHz, 10251 MHz, 73.18 W, 480.00 W, 974 MiB
2026/10/09 01:45:05.703, 0, GPU-6c849b47-7111-9265-9d42-ff8eddc05a2d, 0 %, 0 %, 46, 2625 MHz, 10251 MHz, 83.19 W, 480.00 W, 974 MiB
2026/10/09 01:45:05.704, 1, GPU-81ac6e96-0bfe-390d-beb1-241466569d6b, 0 %, 0 %, 42, 2625 MHz, 10251 MHz, 73.36 W, 480.00 W, 974 MiB
2026/10/09 01:45:06.704, 0, GPU-6c849b47-7111-9265-9d42-ff8eddc05a2d, 100 %, 0 %, 47, 2790 MHz, 10251 MHz, 99.13 W, 480.00 W, 974 MiB
2026/10/09 01:45:06.704, 1, GPU-81ac6e96-0bfe-390d-beb1-241466569d6b, 100 %, 0 %, 43, 2805 MHz, 10251 MHz, 92.93 W, 480.00 W, 974 MiB
2026/10/09 01:45:07.705, 0, GPU-6c849b47-7111-9265-9d42-ff8eddc05a2d, 100 %, 0 %, 47, 2790 MHz, 10251 MHz, 111.81 W, 480.00 W, 974 MiB
2026/10/09 01:45:07.705, 1, GPU-81ac6e96-0bfe-390d-beb1-241466569d6b, 100 %, 0 %, 56, 2790 MHz, 10251 MHz, 193.68 W, 480.00 W, 974 MiB
2026/10/09 01:45:08.705, 0, GPU-6c849b47-7111-9265-9d42-ff8eddc05a2d, 100 %, 0 %, 66, 2760 MHz, 10251 MHz, 325.58 W, 480.00 W, 974 MiB
2026/10/09 01:45:08.706, 1, GPU-81ac6e96-0bfe-390d-beb1-241466569d6b, 100 %, 0 %, 53, 2790 MHz, 10251 MHz, 425.09 W, 480.00 W, 974 MiB
2026/10/09 01:45:09.706, 0, GPU-6c849b47-7111-9265-9d42-ff8eddc05a2d, 100 %, 0 %, 70, 2700 MHz, 10251 MHz, 430.62 W, 480.00 W, 974 MiB
2026/10/09 01:45:09.707, 1, GPU-81ac6e96-0bfe-390d-beb1-241466569d6b, 100 %, 0 %, 63, 2640 MHz, 10251 MHz, 468.75 W, 480.00 W, 974 MiB
2026/10/09 01:45:10.707, 0, GPU-6c849b47-7111-9265-9d42-ff8eddc05a2d, 100 %, 0 %, 69, 2640 MHz, 10251 MHz, 488.43 W, 480.00 W, 974 MiB
2026/10/09 01:45:10.707, 1, GPU-81ac6e96-0bfe-390d-beb1-241466569d6b, 100 %, 0 %, 64, 2745 MHz, 10251 MHz, 453.84 W, 480.00 W, 974 MiB
2026/10/09 01:45:11.708, 0, GPU-6c849b47-7111-9265-9d42-ff8eddc05a2d, 100 %, 0 %, 71, 2700 MHz, 10251 MHz, 469.85 W, 480.00 W, 974 MiB
2026/10/09 01:45:11.708, 1, GPU-81ac6e96-0bfe-390d-beb1-241466569d6b, 100 %, 0 %, 63, 2730 MHz, 10251 MHz, 482.35 W, 480.00 W, 974 MiB
2026/10/09 01:45:12.709, 0, GPU-6c849b47-7111-9265-9d42-ff8eddc05a2d, 100 %, 0 %, 69, 2745 MHz, 10251 MHz, 450.27 W, 480.00 W, 974 MiB
2026/10/09 01:45:12.709, 1, GPU-81ac6e96-0bfe-390d-beb1-241466569d6b, 100 %, 0 %, 65, 2790 MHz, 10251 MHz, 461.87 W, 480.00 W, 974 MiB
2026/10/09 01:45:13.709, 0, GPU-6c849b47-7111-9265-9d42-ff8eddc05a2d, 100 %, 0 %, 70, 2670 MHz, 10251 MHz, 475.67 W, 480.00 W, 974 MiB
2026/10/09 01:45:13.710, 1, GPU-81ac6e96-0bfe-390d-beb1-241466569d6b, 100 %, 0 %, 62, 2775 MHz, 10251 MHz, 448.08 W, 480.00 W, 974 MiB
2026/10/09 01:45:14.710, 0, GPU-6c849b47-7111-9265-9d42-ff8eddc05a2d, 100 %, 0 %, 71, 2760 MHz, 10251 MHz, 452.92 W, 480.00 W, 974 MiB
2026/10/09 01:45:14.710, 1, GPU-81ac6e96-0bfe-390d-beb1-241466569d6b, 100 %, 0 %, 64, 2730 MHz, 10251 MHz, 481.10 W, 480.00 W, 974 MiB
2026/10/09 01:45:15.711, 0, GPU-6c849b47-7111-9265-9d42-ff8eddc05a2d, 100 %, 0 %, 67, 2760 MHz, 10251 MHz, 475.63 W, 480.00 W, 974 MiB
2026/10/09 01:45:15.711, 1, GPU-81ac6e96-0bfe-390d-beb1-241466569d6b, 100 %, 0 %, 64, 2790 MHz, 10251 MHz, 450.17 W, 480.00 W, 974 MiB
2026/10/09 01:45:16.712, 0, GPU-6c849b47-7111-9265-9d42-ff8eddc05a2d, 100 %, 0 %, 71, 2685 MHz, 10251 MHz, 453.06 W, 480.00 W, 974 MiB
2026/10/09 01:45:16.712, 1, GPU-81ac6e96-0bfe-390d-beb1-241466569d6b, 100 %, 0 %, 58, 2790 MHz, 10251 MHz, 450.13 W, 480.00 W, 974 MiB
2026/10/09 01:45:17.712, 0, GPU-6c849b47-7111-9265-9d42-ff8eddc05a2d, 100 %, 0 %, 70, 2760 MHz, 10251 MHz, 445.80 W, 480.00 W, 974 MiB
2026/10/09 01:45:17.713, 1, GPU-81ac6e96-0bfe-390d-beb1-241466569d6b, 100 %, 0 %, 64, 2775 MHz, 10251 MHz, 449.42 W, 480.00 W, 974 MiB
2026/10/09 01:45:18.713, 0, GPU-6c849b47-7111-9265-9d42-ff8eddc05a2d, 100 %, 0 %, 71, 2745 MHz, 10251 MHz, 478.16 W, 480.00 W, 974 MiB
2026/10/09 01:45:18.714, 1, GPU-81ac6e96-0bfe-390d-beb1-241466569d6b, 0 %, 0 %, 46, 2805 MHz, 10251 MHz, 292.47 W, 480.00 W, 974 MiB
2026/10/09 01:45:19.714, 0, GPU-6c849b47-7111-9265-9d42-ff8eddc05a2d, 0 %, 0 %, 49, 2790 MHz, 10251 MHz, 201.62 W, 480.00 W, 974 MiB
2026/10/09 01:45:19.714, 1, GPU-81ac6e96-0bfe-390d-beb1-241466569d6b, 100 %, 0 %, 55, 2790 MHz, 10251 MHz, 119.36 W, 480.00 W, 974 MiB
2026/10/09 01:45:20.715, 0, GPU-6c849b47-7111-9265-9d42-ff8eddc05a2d, 100 %, 0 %, 67, 2730 MHz, 10251 MHz, 217.39 W, 480.00 W, 974 MiB
2026/10/09 01:45:20.715, 1, GPU-81ac6e96-0bfe-390d-beb1-241466569d6b, 100 %, 0 %, 64, 2790 MHz, 10251 MHz, 451.14 W, 480.00 W, 974 MiB
2026/10/09 01:45:21.715, 0, GPU-6c849b47-7111-9265-9d42-ff8eddc05a2d, 100 %, 0 %, 68, 2685 MHz, 10251 MHz, 432.35 W, 480.00 W, 974 MiB
2026/10/09 01:45:21.716, 1, GPU-81ac6e96-0bfe-390d-beb1-241466569d6b, 100 %, 0 %, 65, 2715 MHz, 10251 MHz, 449.34 W, 480.00 W, 974 MiB
2026/10/09 01:45:22.716, 0, GPU-6c849b47-7111-9265-9d42-ff8eddc05a2d, 100 %, 0 %, 70, 2595 MHz, 10251 MHz, 491.97 W, 480.00 W, 974 MiB
2026/10/09 01:45:22.717, 1, GPU-81ac6e96-0bfe-390d-beb1-241466569d6b, 100 %, 0 %, 62, 2745 MHz, 10251 MHz, 449.40 W, 480.00 W, 974 MiB
2026/10/09 01:45:23.717, 0, GPU-6c849b47-7111-9265-9d42-ff8eddc05a2d, 100 %, 0 %, 72, 2730 MHz, 10251 MHz, 459.47 W, 480.00 W, 974 MiB
2026/10/09 01:45:23.717, 1, GPU-81ac6e96-0bfe-390d-beb1-241466569d6b, 100 %, 0 %, 64, 2685 MHz, 10251 MHz, 489.18 W, 480.00 W, 974 MiB
2026/10/09 01:45:24.718, 0, GPU-6c849b47-7111-9265-9d42-ff8eddc05a2d, 100 %, 0 %, 70, 2760 MHz, 10251 MHz, 483.30 W, 480.00 W, 974 MiB
2026/10/09 01:45:24.718, 1, GPU-81ac6e96-0bfe-390d-beb1-241466569d6b, 100 %, 0 %, 65, 2775 MHz, 10251 MHz, 456.84 W, 480.00 W, 974 MiB
2026/10/09 01:45:25.719, 0, GPU-6c849b47-7111-9265-9d42-ff8eddc05a2d, 100 %, 0 %, 72, 2700 MHz, 10251 MHz, 466.48 W, 480.00 W, 974 MiB
2026/10/09 01:45:25.719, 1, GPU-81ac6e96-0bfe-390d-beb1-241466569d6b, 100 %, 0 %, 63, 2790 MHz, 10251 MHz, 469.91 W, 480.00 W, 974 MiB
2026/10/09 01:45:26.719, 0, GPU-6c849b47-7111-9265-9d42-ff8eddc05a2d, 100 %, 0 %, 70, 2745 MHz, 10251 MHz, 447.54 W, 480.00 W, 974 MiB
2026/10/09 01:45:26.720, 1, GPU-81ac6e96-0bfe-390d-beb1-241466569d6b, 100 %, 0 %, 64, 2715 MHz, 10251 MHz, 457.47 W, 480.00 W, 974 MiB
2026/10/09 01:45:27.720, 0, GPU-6c849b47-7111-9265-9d42-ff8eddc05a2d, 100 %, 0 %, 71, 2715 MHz, 10251 MHz, 481.85 W, 480.00 W, 974 MiB
2026/10/09 01:45:27.721, 1, GPU-81ac6e96-0bfe-390d-beb1-241466569d6b, 100 %, 0 %, 64, 2775 MHz, 10251 MHz, 445.77 W, 480.00 W, 974 MiB
2026/10/09 01:45:28.721, 0, GPU-6c849b47-7111-9265-9d42-ff8eddc05a2d, 100 %, 0 %, 71, 2760 MHz, 10251 MHz, 453.65 W, 480.00 W, 974 MiB
2026/10/09 01:45:28.721, 1, GPU-81ac6e96-0bfe-390d-beb1-241466569d6b, 100 %, 0 %, 64, 2775 MHz, 10251 MHz, 478.52 W, 480.00 W, 974 MiB
2026/10/09 01:45:29.722, 0, GPU-6c849b47-7111-9265-9d42-ff8eddc05a2d, 100 %, 0 %, 67, 2760 MHz, 10251 MHz, 451.24 W, 480.00 W, 974 MiB
2026/10/09 01:45:29.722, 1, GPU-81ac6e96-0bfe-390d-beb1-241466569d6b, 100 %, 0 %, 64, 2775 MHz, 10251 MHz, 445.31 W, 480.00 W, 974 MiB
2026/10/09 01:45:30.754, 0, GPU-6c849b47-7111-9265-9d42-ff8eddc05a2d, 100 %, 0 %, 71, 2730 MHz, 10251 MHz, 455.38 W, 480.00 W, 974 MiB
2026/10/09 01:45:30.754, 1, GPU-81ac6e96-0bfe-390d-beb1-241466569d6b, 0 %, 0 %, 48, 2790 MHz, 10251 MHz, 366.81 W, 480.00 W, 974 MiB
2026/10/09 01:45:31.755, 0, GPU-6c849b47-7111-9265-9d42-ff8eddc05a2d, 0 %, 0 %, 51, 2775 MHz, 10251 MHz, 302.89 W, 480.00 W, 974 MiB
2026/10/09 01:45:31.755, 1, GPU-81ac6e96-0bfe-390d-beb1-241466569d6b, 0 %, 0 %, 45, 2805 MHz, 10251 MHz, 84.52 W, 480.00 W, 974 MiB
2026/10/09 01:45:32.756, 0, GPU-6c849b47-7111-9265-9d42-ff8eddc05a2d, 0 %, 0 %, 48, 2790 MHz, 10251 MHz, 97.12 W, 480.00 W, 974 MiB
2026/10/09 01:45:32.756, 1, GPU-81ac6e96-0bfe-390d-beb1-241466569d6b, 0 %, 0 %, 45, 2805 MHz, 10251 MHz, 84.12 W, 480.00 W, 974 MiB
2026/10/09 01:45:33.756, 0, GPU-6c849b47-7111-9265-9d42-ff8eddc05a2d, 0 %, 0 %, 48, 2790 MHz, 10251 MHz, 96.78 W, 480.00 W, 974 MiB
2026/10/09 01:45:33.757, 1, GPU-81ac6e96-0bfe-390d-beb1-241466569d6b, 0 %, 0 %, 44, 2625 MHz, 10251 MHz, 77.03 W, 480.00 W, 974 MiB
2026/10/09 01:45:34.757, 0, GPU-6c849b47-7111-9265-9d42-ff8eddc05a2d, 0 %, 0 %, 46, 2625 MHz, 10251 MHz, 86.26 W, 480.00 W, 974 MiB
2026/10/09 01:45:34.758, 1, GPU-81ac6e96-0bfe-390d-beb1-241466569d6b, 0 %, 0 %, 44, 2625 MHz, 10251 MHz, 75.82 W, 480.00 W, 974 MiB
2026/10/09 01:45:35.758, 0, GPU-6c849b47-7111-9265-9d42-ff8eddc05a2d, 100 %, 0 %, 46, 2625 MHz, 10251 MHz, 84.23 W, 480.00 W, 974 MiB
2026/10/09 01:45:35.759, 1, GPU-81ac6e96-0bfe-390d-beb1-241466569d6b, 0 %, 0 %, 44, 2625 MHz, 10251 MHz, 75.05 W, 480.00 W, 974 MiB
2026/10/09 01:45:36.759, 0, GPU-6c849b47-7111-9265-9d42-ff8eddc05a2d, 100 %, 0 %, 47, 2790 MHz, 10251 MHz, 108.98 W, 480.00 W, 974 MiB
2026/10/09 01:45:36.759, 1, GPU-81ac6e96-0bfe-390d-beb1-241466569d6b, 0 %, 0 %, 44, 2625 MHz, 10251 MHz, 74.64 W, 480.00 W, 974 MiB
2026/10/09 01:45:37.760, 0, GPU-6c849b47-7111-9265-9d42-ff8eddc05a2d, 99 %, 0 %, 58, 2790 MHz, 10251 MHz, 124.92 W, 480.00 W, 974 MiB
2026/10/09 01:45:37.760, 1, GPU-81ac6e96-0bfe-390d-beb1-241466569d6b, 0 %, 0 %, 44, 2625 MHz, 10251 MHz, 74.15 W, 480.00 W, 974 MiB
2026/10/09 01:45:38.761, 0, GPU-6c849b47-7111-9265-9d42-ff8eddc05a2d, 100 %, 0 %, 69, 2745 MHz, 10251 MHz, 429.66 W, 480.00 W, 974 MiB
2026/10/09 01:45:38.761, 1, GPU-81ac6e96-0bfe-390d-beb1-241466569d6b, 0 %, 0 %, 44, 2625 MHz, 10251 MHz, 73.64 W, 480.00 W, 974 MiB
2026/10/09 01:45:39.762, 0, GPU-6c849b47-7111-9265-9d42-ff8eddc05a2d, 100 %, 0 %, 72, 2700 MHz, 10251 MHz, 458.16 W, 480.00 W, 974 MiB
2026/10/09 01:45:39.762, 1, GPU-81ac6e96-0bfe-390d-beb1-241466569d6b, 0 %, 0 %, 44, 2625 MHz, 10251 MHz, 73.73 W, 480.00 W, 974 MiB
2026/10/09 01:45:40.762, 0, GPU-6c849b47-7111-9265-9d42-ff8eddc05a2d, 100 %, 0 %, 69, 2730 MHz, 10251 MHz, 454.70 W, 480.00 W, 974 MiB
2026/10/09 01:45:40.763, 1, GPU-81ac6e96-0bfe-390d-beb1-241466569d6b, 0 %, 0 %, 44, 2625 MHz, 10251 MHz, 73.96 W, 480.00 W, 974 MiB
2026/10/09 01:45:41.763, 0, GPU-6c849b47-7111-9265-9d42-ff8eddc05a2d, 100 %, 0 %, 70, 2655 MHz, 10251 MHz, 477.86 W, 480.00 W, 974 MiB
2026/10/09 01:45:41.764, 1, GPU-81ac6e96-0bfe-390d-beb1-241466569d6b, 0 %, 0 %, 44, 2625 MHz, 10251 MHz, 74.13 W, 480.00 W, 974 MiB
2026/10/09 01:45:42.764, 0, GPU-6c849b47-7111-9265-9d42-ff8eddc05a2d, 100 %, 0 %, 71, 2745 MHz, 10251 MHz, 454.33 W, 480.00 W, 974 MiB
2026/10/09 01:45:42.765, 1, GPU-81ac6e96-0bfe-390d-beb1-241466569d6b, 0 %, 0 %, 44, 2625 MHz, 10251 MHz, 74.26 W, 480.00 W, 974 MiB
2026/10/09 01:45:43.765, 0, GPU-6c849b47-7111-9265-9d42-ff8eddc05a2d, 100 %, 0 %, 69, 2760 MHz, 10251 MHz, 478.58 W, 480.00 W, 974 MiB
2026/10/09 01:45:43.766, 1, GPU-81ac6e96-0bfe-390d-beb1-241466569d6b, 0 %, 0 %, 44, 2625 MHz, 10251 MHz, 74.27 W, 480.00 W, 974 MiB
2026/10/09 01:45:44.766, 0, GPU-6c849b47-7111-9265-9d42-ff8eddc05a2d, 100 %, 0 %, 71, 2685 MHz, 10251 MHz, 459.69 W, 480.00 W, 974 MiB
2026/10/09 01:45:44.766, 1, GPU-81ac6e96-0bfe-390d-beb1-241466569d6b, 0 %, 0 %, 44, 2625 MHz, 10251 MHz, 74.52 W, 480.00 W, 974 MiB
2026/10/09 01:45:45.767, 0, GPU-6c849b47-7111-9265-9d42-ff8eddc05a2d, 100 %, 0 %, 70, 2760 MHz, 10251 MHz, 445.65 W, 480.00 W, 974 MiB
2026/10/09 01:45:45.767, 1, GPU-81ac6e96-0bfe-390d-beb1-241466569d6b, 0 %, 0 %, 44, 2625 MHz, 10251 MHz, 74.55 W, 480.00 W, 974 MiB
2026/10/09 01:45:46.768, 0, GPU-6c849b47-7111-9265-9d42-ff8eddc05a2d, 100 %, 0 %, 71, 2730 MHz, 10251 MHz, 479.36 W, 480.00 W, 974 MiB
2026/10/09 01:45:46.768, 1, GPU-81ac6e96-0bfe-390d-beb1-241466569d6b, 0 %, 0 %, 44, 2625 MHz, 10251 MHz, 74.46 W, 480.00 W, 974 MiB
2026/10/09 01:45:47.768, 0, GPU-6c849b47-7111-9265-9d42-ff8eddc05a2d, 100 %, 0 %, 70, 2760 MHz, 10251 MHz, 446.97 W, 480.00 W, 974 MiB
2026/10/09 01:45:47.769, 1, GPU-81ac6e96-0bfe-390d-beb1-241466569d6b, 0 %, 0 %, 44, 2625 MHz, 10251 MHz, 74.43 W, 480.00 W, 974 MiB
2026/10/09 01:45:48.769, 0, GPU-6c849b47-7111-9265-9d42-ff8eddc05a2d, 31 %, 0 %, 55, 2775 MHz, 10251 MHz, 420.64 W, 480.00 W, 974 MiB
2026/10/09 01:45:48.770, 1, GPU-81ac6e96-0bfe-390d-beb1-241466569d6b, 0 %, 0 %, 44, 525 MHz, 810 MHz, 72.26 W, 480.00 W, 974 MiB
2026/10/09 01:45:49.770, 0, GPU-6c849b47-7111-9265-9d42-ff8eddc05a2d, 0 %, 0 %, 48, 2775 MHz, 10251 MHz, 99.73 W, 480.00 W, 974 MiB
2026/10/09 01:45:49.771, 1, GPU-81ac6e96-0bfe-390d-beb1-241466569d6b, 0 %, 0 %, 43, 330 MHz, 810 MHz, 53.99 W, 480.00 W, 974 MiB
2026/10/09 01:45:50.771, 0, GPU-6c849b47-7111-9265-9d42-ff8eddc05a2d, 0 %, 0 %, 47, 2625 MHz, 10251 MHz, 92.34 W, 480.00 W, 974 MiB
2026/10/09 01:45:50.771, 1, GPU-81ac6e96-0bfe-390d-beb1-241466569d6b, 0 %, 0 %, 43, 210 MHz, 405 MHz, 35.47 W, 480.00 W, 974 MiB
2026/10/09 01:45:51.772, 0, GPU-6c849b47-7111-9265-9d42-ff8eddc05a2d, 100 %, 0 %, 69, 2730 MHz, 10251 MHz, 283.54 W, 480.00 W, 974 MiB
2026/10/09 01:45:51.772, 1, GPU-81ac6e96-0bfe-390d-beb1-241466569d6b, 0 %, 0 %, 43, 210 MHz, 405 MHz, 32.83 W, 480.00 W, 974 MiB
2026/10/09 01:45:52.773, 0, GPU-6c849b47-7111-9265-9d42-ff8eddc05a2d, 100 %, 0 %, 72, 2700 MHz, 10251 MHz, 454.40 W, 480.00 W, 974 MiB
2026/10/09 01:45:52.773, 1, GPU-81ac6e96-0bfe-390d-beb1-241466569d6b, 0 %, 0 %, 42, 210 MHz, 405 MHz, 32.49 W, 480.00 W, 974 MiB
2026/10/09 01:45:53.774, 0, GPU-6c849b47-7111-9265-9d42-ff8eddc05a2d, 100 %, 0 %, 65, 2760 MHz, 10251 MHz, 474.08 W, 480.00 W, 974 MiB
2026/10/09 01:45:53.774, 1, GPU-81ac6e96-0bfe-390d-beb1-241466569d6b, 0 %, 0 %, 42, 210 MHz, 405 MHz, 32.50 W, 480.00 W, 974 MiB
2026/10/09 01:45:54.775, 0, GPU-6c849b47-7111-9265-9d42-ff8eddc05a2d, 100 %, 0 %, 71, 2640 MHz, 10251 MHz, 473.72 W, 480.00 W, 974 MiB
2026/10/09 01:45:54.775, 1, GPU-81ac6e96-0bfe-390d-beb1-241466569d6b, 0 %, 0 %, 42, 210 MHz, 405 MHz, 32.37 W, 480.00 W, 974 MiB
2026/10/09 01:45:55.775, 0, GPU-6c849b47-7111-9265-9d42-ff8eddc05a2d, 100 %, 0 %, 71, 2745 MHz, 10251 MHz, 451.96 W, 480.00 W, 974 MiB
2026/10/09 01:45:55.776, 1, GPU-81ac6e96-0bfe-390d-beb1-241466569d6b, 0 %, 0 %, 42, 210 MHz, 405 MHz, 32.25 W, 480.00 W, 974 MiB
2026/10/09 01:45:56.776, 0, GPU-6c849b47-7111-9265-9d42-ff8eddc05a2d, 100 %, 0 %, 71, 2715 MHz, 10251 MHz, 480.42 W, 480.00 W, 974 MiB
2026/10/09 01:45:56.777, 1, GPU-81ac6e96-0bfe-390d-beb1-241466569d6b, 0 %, 0 %, 42, 210 MHz, 405 MHz, 32.35 W, 480.00 W, 974 MiB
2026/10/09 01:45:57.791, 0, GPU-6c849b47-7111-9265-9d42-ff8eddc05a2d, 100 %, 0 %, 71, 2760 MHz, 10251 MHz, 459.31 W, 480.00 W, 974 MiB
2026/10/09 01:45:57.791, 1, GPU-81ac6e96-0bfe-390d-beb1-241466569d6b, 0 %, 0 %, 42, 210 MHz, 405 MHz, 32.42 W, 480.00 W, 974 MiB
2026/10/09 01:45:58.792, 0, GPU-6c849b47-7111-9265-9d42-ff8eddc05a2d, 100 %, 0 %, 69, 2760 MHz, 10251 MHz, 445.25 W, 480.00 W, 974 MiB
2026/10/09 01:45:58.792, 1, GPU-81ac6e96-0bfe-390d-beb1-241466569d6b, 0 %, 0 %, 42, 210 MHz, 405 MHz, 32.55 W, 480.00 W, 974 MiB
2026/10/09 01:45:59.793, 0, GPU-6c849b47-7111-9265-9d42-ff8eddc05a2d, 100 %, 0 %, 71, 2715 MHz, 10251 MHz, 479.62 W, 480.00 W, 974 MiB
2026/10/09 01:45:59.793, 1, GPU-81ac6e96-0bfe-390d-beb1-241466569d6b, 0 %, 0 %, 42, 210 MHz, 405 MHz, 32.62 W, 480.00 W, 974 MiB
2026/10/09 01:46:00.794, 0, GPU-6c849b47-7111-9265-9d42-ff8eddc05a2d, 100 %, 0 %, 71, 2760 MHz, 10251 MHz, 447.42 W, 480.00 W, 974 MiB
2026/10/09 01:46:00.794, 1, GPU-81ac6e96-0bfe-390d-beb1-241466569d6b, 0 %, 0 %, 41, 210 MHz, 405 MHz, 32.65 W, 480.00 W, 974 MiB
2026/10/09 01:46:01.794, 0, GPU-6c849b47-7111-9265-9d42-ff8eddc05a2d, 100 %, 0 %, 62, 2760 MHz, 10251 MHz, 431.38 W, 480.00 W, 974 MiB
2026/10/09 01:46:01.818, 1, GPU-81ac6e96-0bfe-390d-beb1-241466569d6b, 0 %, 0 %, 41, 210 MHz, 405 MHz, 32.38 W, 480.00 W, 974 MiB
2026/10/09 01:46:02.832, 0, GPU-6c849b47-7111-9265-9d42-ff8eddc05a2d, 0 %, 0 %, 49, 2790 MHz, 10251 MHz, 104.86 W, 480.00 W, 974 MiB
2026/10/09 01:46:02.833, 1, GPU-81ac6e96-0bfe-390d-beb1-241466569d6b, 0 %, 0 %, 41, 210 MHz, 405 MHz, 32.14 W, 480.00 W, 974 MiB
2026/10/09 01:46:03.833, 0, GPU-6c849b47-7111-9265-9d42-ff8eddc05a2d, 0 %, 0 %, 48, 2790 MHz, 10251 MHz, 96.88 W, 480.00 W, 974 MiB
2026/10/09 01:46:03.834, 1, GPU-81ac6e96-0bfe-390d-beb1-241466569d6b, 0 %, 0 %, 41, 210 MHz, 405 MHz, 32.14 W, 480.00 W, 974 MiB
2026/10/09 01:46:04.834, 0, GPU-6c849b47-7111-9265-9d42-ff8eddc05a2d, 100 %, 0 %, 67, 2760 MHz, 10251 MHz, 278.83 W, 480.00 W, 974 MiB
2026/10/09 01:46:04.835, 1, GPU-81ac6e96-0bfe-390d-beb1-241466569d6b, 0 %, 0 %, 41, 210 MHz, 405 MHz, 32.12 W, 480.00 W, 974 MiB
2026/10/09 01:46:05.835, 0, GPU-6c849b47-7111-9265-9d42-ff8eddc05a2d, 100 %, 0 %, 72, 2685 MHz, 10251 MHz, 447.06 W, 480.00 W, 974 MiB
2026/10/09 01:46:05.836, 1, GPU-81ac6e96-0bfe-390d-beb1-241466569d6b, 0 %, 0 %, 41, 210 MHz, 405 MHz, 32.33 W, 480.00 W, 974 MiB
2026/10/09 01:46:06.836, 0, GPU-6c849b47-7111-9265-9d42-ff8eddc05a2d, 100 %, 0 %, 71, 2745 MHz, 10251 MHz, 482.60 W, 480.00 W, 974 MiB
2026/10/09 01:46:06.836, 1, GPU-81ac6e96-0bfe-390d-beb1-241466569d6b, 0 %, 0 %, 41, 210 MHz, 405 MHz, 32.36 W, 480.00 W, 974 MiB
2026/10/09 01:46:07.837, 0, GPU-6c849b47-7111-9265-9d42-ff8eddc05a2d, 100 %, 0 %, 73, 2625 MHz, 10251 MHz, 475.92 W, 480.00 W, 974 MiB
2026/10/09 01:46:07.837, 1, GPU-81ac6e96-0bfe-390d-beb1-241466569d6b, 0 %, 0 %, 41, 210 MHz, 405 MHz, 32.29 W, 480.00 W, 974 MiB
2026/10/09 01:46:08.838, 0, GPU-6c849b47-7111-9265-9d42-ff8eddc05a2d, 100 %, 0 %, 70, 2745 MHz, 10251 MHz, 451.08 W, 480.00 W, 974 MiB
2026/10/09 01:46:08.838, 1, GPU-81ac6e96-0bfe-390d-beb1-241466569d6b, 0 %, 0 %, 41, 210 MHz, 405 MHz, 32.48 W, 480.00 W, 974 MiB
2026/10/09 01:46:09.839, 0, GPU-6c849b47-7111-9265-9d42-ff8eddc05a2d, 100 %, 0 %, 70, 2700 MHz, 10251 MHz, 483.00 W, 480.00 W, 974 MiB
2026/10/09 01:46:09.839, 1, GPU-81ac6e96-0bfe-390d-beb1-241466569d6b, 0 %, 0 %, 41, 210 MHz, 405 MHz, 32.60 W, 480.00 W, 974 MiB
2026/10/09 01:46:10.840, 0, GPU-6c849b47-7111-9265-9d42-ff8eddc05a2d, 100 %, 0 %, 71, 2760 MHz, 10251 MHz, 455.83 W, 480.00 W, 974 MiB
2026/10/09 01:46:10.840, 1, GPU-81ac6e96-0bfe-390d-beb1-241466569d6b, 0 %, 0 %, 41, 210 MHz, 405 MHz, 32.41 W, 480.00 W, 974 MiB
2026/10/09 01:46:11.841, 0, GPU-6c849b47-7111-9265-9d42-ff8eddc05a2d, 100 %, 0 %, 65, 2760 MHz, 10251 MHz, 447.09 W, 480.00 W, 974 MiB
2026/10/09 01:46:11.841, 1, GPU-81ac6e96-0bfe-390d-beb1-241466569d6b, 0 %, 0 %, 41, 210 MHz, 405 MHz, 32.15 W, 480.00 W, 974 MiB
2026/10/09 01:46:12.842, 0, GPU-6c849b47-7111-9265-9d42-ff8eddc05a2d, 100 %, 0 %, 70, 2700 MHz, 10251 MHz, 458.20 W, 480.00 W, 974 MiB
2026/10/09 01:46:12.842, 1, GPU-81ac6e96-0bfe-390d-beb1-241466569d6b, 0 %, 0 %, 40, 210 MHz, 405 MHz, 32.04 W, 480.00 W, 974 MiB
2026/10/09 01:46:13.843, 0, GPU-6c849b47-7111-9265-9d42-ff8eddc05a2d, 100 %, 0 %, 71, 2760 MHz, 10251 MHz, 443.95 W, 480.00 W, 974 MiB
2026/10/09 01:46:13.843, 1, GPU-81ac6e96-0bfe-390d-beb1-241466569d6b, 0 %, 0 %, 40, 210 MHz, 405 MHz, 32.13 W, 480.00 W, 974 MiB
2026/10/09 01:46:14.844, 0, GPU-6c849b47-7111-9265-9d42-ff8eddc05a2d, 100 %, 0 %, 70, 2760 MHz, 10251 MHz, 472.71 W, 480.00 W, 974 MiB
2026/10/09 01:46:14.844, 1, GPU-81ac6e96-0bfe-390d-beb1-241466569d6b, 0 %, 0 %, 40, 210 MHz, 405 MHz, 32.18 W, 480.00 W, 974 MiB
2026/10/09 01:46:15.845, 0, GPU-6c849b47-7111-9265-9d42-ff8eddc05a2d, 0 %, 0 %, 49, 2775 MHz, 10251 MHz, 153.14 W, 480.00 W, 974 MiB
2026/10/09 01:46:15.845, 1, GPU-81ac6e96-0bfe-390d-beb1-241466569d6b, 0 %, 0 %, 40, 210 MHz, 405 MHz, 32.09 W, 480.00 W, 974 MiB
2026/10/09 01:46:16.846, 0, GPU-6c849b47-7111-9265-9d42-ff8eddc05a2d, 0 %, 0 %, 48, 2790 MHz, 10251 MHz, 97.70 W, 480.00 W, 974 MiB
2026/10/09 01:46:16.846, 1, GPU-81ac6e96-0bfe-390d-beb1-241466569d6b, 0 %, 0 %, 40, 210 MHz, 405 MHz, 31.96 W, 480.00 W, 974 MiB
2026/10/09 01:46:17.847, 0, GPU-6c849b47-7111-9265-9d42-ff8eddc05a2d, 100 %, 0 %, 69, 2715 MHz, 10251 MHz, 248.88 W, 480.00 W, 974 MiB
2026/10/09 01:46:17.847, 1, GPU-81ac6e96-0bfe-390d-beb1-241466569d6b, 0 %, 0 %, 40, 210 MHz, 405 MHz, 31.86 W, 480.00 W, 974 MiB
2026/10/09 01:46:18.861, 0, GPU-6c849b47-7111-9265-9d42-ff8eddc05a2d, 100 %, 0 %, 69, 2700 MHz, 10251 MHz, 426.71 W, 480.00 W, 974 MiB
2026/10/09 01:46:18.861, 1, GPU-81ac6e96-0bfe-390d-beb1-241466569d6b, 0 %, 0 %, 40, 210 MHz, 405 MHz, 31.93 W, 480.00 W, 974 MiB
2026/10/09 01:46:19.862, 0, GPU-6c849b47-7111-9265-9d42-ff8eddc05a2d, 100 %, 0 %, 70, 2595 MHz, 10251 MHz, 492.60 W, 480.00 W, 974 MiB
2026/10/09 01:46:19.862, 1, GPU-81ac6e96-0bfe-390d-beb1-241466569d6b, 0 %, 0 %, 40, 210 MHz, 405 MHz, 32.04 W, 480.00 W, 974 MiB
2026/10/09 01:46:20.863, 0, GPU-6c849b47-7111-9265-9d42-ff8eddc05a2d, 100 %, 0 %, 72, 2715 MHz, 10251 MHz, 469.17 W, 480.00 W, 974 MiB
2026/10/09 01:46:20.863, 1, GPU-81ac6e96-0bfe-390d-beb1-241466569d6b, 0 %, 0 %, 40, 210 MHz, 405 MHz, 32.14 W, 480.00 W, 974 MiB
2026/10/09 01:46:21.864, 0, GPU-6c849b47-7111-9265-9d42-ff8eddc05a2d, 100 %, 0 %, 68, 2760 MHz, 10251 MHz, 463.35 W, 480.00 W, 974 MiB
2026/10/09 01:46:21.864, 1, GPU-81ac6e96-0bfe-390d-beb1-241466569d6b, 0 %, 0 %, 40, 210 MHz, 405 MHz, 32.28 W, 480.00 W, 974 MiB
2026/10/09 01:46:22.865, 0, GPU-6c849b47-7111-9265-9d42-ff8eddc05a2d, 100 %, 0 %, 71, 2670 MHz, 10251 MHz, 463.79 W, 480.00 W, 974 MiB
2026/10/09 01:46:22.865, 1, GPU-81ac6e96-0bfe-390d-beb1-241466569d6b, 0 %, 0 %, 40, 210 MHz, 405 MHz, 32.20 W, 480.00 W, 974 MiB
2026/10/09 01:46:23.865, 0, GPU-6c849b47-7111-9265-9d42-ff8eddc05a2d, 100 %, 0 %, 71, 2745 MHz, 10251 MHz, 446.95 W, 480.00 W, 974 MiB
2026/10/09 01:46:23.866, 1, GPU-81ac6e96-0bfe-390d-beb1-241466569d6b, 0 %, 0 %, 40, 210 MHz, 405 MHz, 31.94 W, 480.00 W, 974 MiB
2026/10/09 01:46:24.866, 0, GPU-6c849b47-7111-9265-9d42-ff8eddc05a2d, 100 %, 0 %, 71, 2715 MHz, 10251 MHz, 480.75 W, 480.00 W, 974 MiB
2026/10/09 01:46:24.867, 1, GPU-81ac6e96-0bfe-390d-beb1-241466569d6b, 0 %, 0 %, 40, 210 MHz, 405 MHz, 31.90 W, 480.00 W, 974 MiB
2026/10/09 01:46:25.867, 0, GPU-6c849b47-7111-9265-9d42-ff8eddc05a2d, 100 %, 0 %, 71, 2760 MHz, 10251 MHz, 453.18 W, 480.00 W, 974 MiB
2026/10/09 01:46:25.868, 1, GPU-81ac6e96-0bfe-390d-beb1-241466569d6b, 0 %, 0 %, 40, 210 MHz, 405 MHz, 32.00 W, 480.00 W, 974 MiB
2026/10/09 01:46:26.868, 0, GPU-6c849b47-7111-9265-9d42-ff8eddc05a2d, 100 %, 0 %, 69, 2760 MHz, 10251 MHz, 443.20 W, 480.00 W, 974 MiB
2026/10/09 01:46:26.869, 1, GPU-81ac6e96-0bfe-390d-beb1-241466569d6b, 0 %, 0 %, 39, 210 MHz, 405 MHz, 32.06 W, 480.00 W, 974 MiB
2026/10/09 01:46:27.869, 0, GPU-6c849b47-7111-9265-9d42-ff8eddc05a2d, 100 %, 0 %, 71, 2745 MHz, 10251 MHz, 478.28 W, 480.00 W, 974 MiB
2026/10/09 01:46:27.869, 1, GPU-81ac6e96-0bfe-390d-beb1-241466569d6b, 0 %, 0 %, 39, 210 MHz, 405 MHz, 32.01 W, 480.00 W, 974 MiB
2026/10/09 01:46:28.870, 0, GPU-6c849b47-7111-9265-9d42-ff8eddc05a2d, 0 %, 0 %, 50, 2775 MHz, 10251 MHz, 241.29 W, 480.00 W, 974 MiB
2026/10/09 01:46:28.870, 1, GPU-81ac6e96-0bfe-390d-beb1-241466569d6b, 0 %, 0 %, 39, 210 MHz, 405 MHz, 32.02 W, 480.00 W, 974 MiB
2026/10/09 01:46:29.871, 0, GPU-6c849b47-7111-9265-9d42-ff8eddc05a2d, 0 %, 0 %, 48, 2790 MHz, 10251 MHz, 97.00 W, 480.00 W, 974 MiB
2026/10/09 01:46:29.871, 1, GPU-81ac6e96-0bfe-390d-beb1-241466569d6b, 0 %, 0 %, 39, 210 MHz, 405 MHz, 31.93 W, 480.00 W, 974 MiB
2026/10/09 01:46:30.872, 0, GPU-6c849b47-7111-9265-9d42-ff8eddc05a2d, 0 %, 0 %, 48, 2790 MHz, 10251 MHz, 87.27 W, 480.00 W, 974 MiB
2026/10/09 01:46:30.872, 1, GPU-81ac6e96-0bfe-390d-beb1-241466569d6b, 0 %, 0 %, 39, 210 MHz, 405 MHz, 31.79 W, 480.00 W, 974 MiB
2026/10/09 01:46:31.873, 0, GPU-6c849b47-7111-9265-9d42-ff8eddc05a2d, 0 %, 0 %, 47, 2625 MHz, 10251 MHz, 84.95 W, 480.00 W, 974 MiB
2026/10/09 01:46:31.873, 1, GPU-81ac6e96-0bfe-390d-beb1-241466569d6b, 0 %, 0 %, 39, 210 MHz, 405 MHz, 31.82 W, 480.00 W, 974 MiB
2026/10/09 01:46:32.874, 0, GPU-6c849b47-7111-9265-9d42-ff8eddc05a2d, 0 %, 0 %, 46, 2625 MHz, 10251 MHz, 83.28 W, 480.00 W, 974 MiB
2026/10/09 01:46:32.874, 1, GPU-81ac6e96-0bfe-390d-beb1-241466569d6b, 0 %, 0 %, 39, 210 MHz, 405 MHz, 31.73 W, 480.00 W, 974 MiB
2026/10/09 01:46:33.875, 0, GPU-6c849b47-7111-9265-9d42-ff8eddc05a2d, 0 %, 0 %, 46, 2625 MHz, 10251 MHz, 82.85 W, 480.00 W, 974 MiB
2026/10/09 01:46:33.875, 1, GPU-81ac6e96-0bfe-390d-beb1-241466569d6b, 0 %, 0 %, 39, 210 MHz, 405 MHz, 31.68 W, 480.00 W, 974 MiB
2026/10/09 01:46:34.876, 0, GPU-6c849b47-7111-9265-9d42-ff8eddc05a2d, 100 %, 0 %, 47, 2790 MHz, 10251 MHz, 92.43 W, 480.00 W, 974 MiB
2026/10/09 01:46:34.876, 1, GPU-81ac6e96-0bfe-390d-beb1-241466569d6b, 0 %, 0 %, 39, 210 MHz, 405 MHz, 31.77 W, 480.00 W, 974 MiB
2026/10/09 01:46:35.876, 0, GPU-6c849b47-7111-9265-9d42-ff8eddc05a2d, 100 %, 0 %, 47, 2790 MHz, 10251 MHz, 111.75 W, 480.00 W, 974 MiB
2026/10/09 01:46:35.877, 1, GPU-81ac6e96-0bfe-390d-beb1-241466569d6b, 0 %, 0 %, 39, 210 MHz, 405 MHz, 31.72 W, 480.00 W, 974 MiB
2026/10/09 01:46:36.877, 0, GPU-6c849b47-7111-9265-9d42-ff8eddc05a2d, 100 %, 0 %, 68, 2760 MHz, 10251 MHz, 324.10 W, 480.00 W, 974 MiB
2026/10/09 01:46:36.878, 1, GPU-81ac6e96-0bfe-390d-beb1-241466569d6b, 0 %, 0 %, 39, 210 MHz, 405 MHz, 31.81 W, 480.00 W, 974 MiB
2026/10/09 01:46:37.878, 0, GPU-6c849b47-7111-9265-9d42-ff8eddc05a2d, 100 %, 0 %, 70, 2685 MHz, 10251 MHz, 432.97 W, 480.00 W, 974 MiB
2026/10/09 01:46:37.879, 1, GPU-81ac6e96-0bfe-390d-beb1-241466569d6b, 0 %, 0 %, 39, 210 MHz, 405 MHz, 31.81 W, 480.00 W, 974 MiB
2026/10/09 01:46:38.879, 0, GPU-6c849b47-7111-9265-9d42-ff8eddc05a2d, 100 %, 0 %, 70, 2610 MHz, 10251 MHz, 489.60 W, 480.00 W, 974 MiB
2026/10/09 01:46:38.880, 1, GPU-81ac6e96-0bfe-390d-beb1-241466569d6b, 0 %, 0 %, 39, 210 MHz, 405 MHz, 31.47 W, 480.00 W, 974 MiB
2026/10/09 01:46:39.880, 0, GPU-6c849b47-7111-9265-9d42-ff8eddc05a2d, 100 %, 0 %, 72, 2730 MHz, 10251 MHz, 468.69 W, 480.00 W, 974 MiB
2026/10/09 01:46:39.880, 1, GPU-81ac6e96-0bfe-390d-beb1-241466569d6b, 0 %, 0 %, 39, 210 MHz, 405 MHz, 31.56 W, 480.00 W, 974 MiB
2026/10/09 01:46:40.881, 0, GPU-6c849b47-7111-9265-9d42-ff8eddc05a2d, 100 %, 0 %, 61, 2760 MHz, 10251 MHz, 450.74 W, 480.00 W, 974 MiB
2026/10/09 01:46:40.881, 1, GPU-81ac6e96-0bfe-390d-beb1-241466569d6b, 0 %, 0 %, 39, 210 MHz, 405 MHz, 31.77 W, 480.00 W, 974 MiB
2026/10/09 01:46:41.882, 0, GPU-6c849b47-7111-9265-9d42-ff8eddc05a2d, 100 %, 0 %, 70, 2670 MHz, 10251 MHz, 477.29 W, 480.00 W, 974 MiB
2026/10/09 01:46:41.882, 1, GPU-81ac6e96-0bfe-390d-beb1-241466569d6b, 0 %, 0 %, 39, 210 MHz, 405 MHz, 31.68 W, 480.00 W, 974 MiB
2026/10/09 01:46:42.883, 0, GPU-6c849b47-7111-9265-9d42-ff8eddc05a2d, 100 %, 0 %, 71, 2760 MHz, 10251 MHz, 452.40 W, 480.00 W, 974 MiB
2026/10/09 01:46:42.883, 1, GPU-81ac6e96-0bfe-390d-beb1-241466569d6b, 0 %, 0 %, 38, 210 MHz, 405 MHz, 31.56 W, 480.00 W, 974 MiB
2026/10/09 01:46:43.884, 0, GPU-6c849b47-7111-9265-9d42-ff8eddc05a2d, 100 %, 0 %, 70, 2760 MHz, 10251 MHz, 474.22 W, 480.00 W, 974 MiB
2026/10/09 01:46:43.884, 1, GPU-81ac6e96-0bfe-390d-beb1-241466569d6b, 0 %, 0 %, 38, 210 MHz, 405 MHz, 31.43 W, 480.00 W, 974 MiB
2026/10/09 01:46:44.885, 0, GPU-6c849b47-7111-9265-9d42-ff8eddc05a2d, 100 %, 0 %, 71, 2700 MHz, 10251 MHz, 451.51 W, 480.00 W, 974 MiB
2026/10/09 01:46:44.917, 1, GPU-81ac6e96-0bfe-390d-beb1-241466569d6b, 0 %, 0 %, 38, 210 MHz, 405 MHz, 31.55 W, 480.00 W, 974 MiB
2026/10/09 01:46:45.917, 0, GPU-6c849b47-7111-9265-9d42-ff8eddc05a2d, 100 %, 0 %, 70, 2760 MHz, 10251 MHz, 445.84 W, 480.00 W, 974 MiB
2026/10/09 01:46:45.918, 1, GPU-81ac6e96-0bfe-390d-beb1-241466569d6b, 0 %, 0 %, 38, 210 MHz, 405 MHz, 31.82 W, 480.00 W, 974 MiB
2026/10/09 01:46:46.918, 0, GPU-6c849b47-7111-9265-9d42-ff8eddc05a2d, 100 %, 0 %, 71, 2745 MHz, 10251 MHz, 478.11 W, 480.00 W, 974 MiB
2026/10/09 01:46:46.919, 1, GPU-81ac6e96-0bfe-390d-beb1-241466569d6b, 0 %, 0 %, 38, 210 MHz, 405 MHz, 31.78 W, 480.00 W, 974 MiB
2026/10/09 01:46:47.919, 0, GPU-6c849b47-7111-9265-9d42-ff8eddc05a2d, 0 %, 0 %, 50, 2775 MHz, 10251 MHz, 198.98 W, 480.00 W, 974 MiB
2026/10/09 01:46:47.920, 1, GPU-81ac6e96-0bfe-390d-beb1-241466569d6b, 0 %, 0 %, 38, 210 MHz, 405 MHz, 31.78 W, 480.00 W, 974 MiB
2026/10/09 01:46:48.920, 0, GPU-6c849b47-7111-9265-9d42-ff8eddc05a2d, 100 %, 0 %, 64, 2775 MHz, 10251 MHz, 209.80 W, 480.00 W, 974 MiB
2026/10/09 01:46:48.921, 1, GPU-81ac6e96-0bfe-390d-beb1-241466569d6b, 0 %, 0 %, 38, 210 MHz, 405 MHz, 31.96 W, 480.00 W, 974 MiB
2026/10/09 01:46:49.921, 0, GPU-6c849b47-7111-9265-9d42-ff8eddc05a2d, 100 %, 0 %, 57, 2685 MHz, 10251 MHz, 432.29 W, 480.00 W, 974 MiB
2026/10/09 01:46:49.922, 1, GPU-81ac6e96-0bfe-390d-beb1-241466569d6b, 0 %, 0 %, 38, 210 MHz, 405 MHz, 32.03 W, 480.00 W, 974 MiB
2026/10/09 01:46:50.953, 0, GPU-6c849b47-7111-9265-9d42-ff8eddc05a2d, 100 %, 0 %, 71, 2595 MHz, 10251 MHz, 488.11 W, 480.00 W, 974 MiB
2026/10/09 01:46:50.954, 1, GPU-81ac6e96-0bfe-390d-beb1-241466569d6b, 0 %, 0 %, 38, 210 MHz, 405 MHz, 31.83 W, 480.00 W, 974 MiB
2026/10/09 01:46:51.954, 0, GPU-6c849b47-7111-9265-9d42-ff8eddc05a2d, 100 %, 0 %, 72, 2730 MHz, 10251 MHz, 460.77 W, 480.00 W, 974 MiB
2026/10/09 01:46:51.955, 1, GPU-81ac6e96-0bfe-390d-beb1-241466569d6b, 0 %, 0 %, 38, 210 MHz, 405 MHz, 31.41 W, 480.00 W, 974 MiB
2026/10/09 01:46:52.955, 0, GPU-6c849b47-7111-9265-9d42-ff8eddc05a2d, 100 %, 0 %, 71, 2715 MHz, 10251 MHz, 482.64 W, 480.00 W, 974 MiB
2026/10/09 01:46:52.955, 1, GPU-81ac6e96-0bfe-390d-beb1-241466569d6b, 0 %, 0 %, 38, 210 MHz, 405 MHz, 31.47 W, 480.00 W, 974 MiB
2026/10/09 01:46:53.956, 0, GPU-6c849b47-7111-9265-9d42-ff8eddc05a2d, 100 %, 0 %, 72, 2745 MHz, 10251 MHz, 467.63 W, 480.00 W, 974 MiB
2026/10/09 01:46:53.956, 1, GPU-81ac6e96-0bfe-390d-beb1-241466569d6b, 0 %, 0 %, 38, 210 MHz, 405 MHz, 31.53 W, 480.00 W, 974 MiB
2026/10/09 01:46:54.957, 0, GPU-6c849b47-7111-9265-9d42-ff8eddc05a2d, 100 %, 0 %, 71, 2745 MHz, 10251 MHz, 448.27 W, 480.00 W, 974 MiB
2026/10/09 01:46:54.957, 1, GPU-81ac6e96-0bfe-390d-beb1-241466569d6b, 0 %, 0 %, 38, 210 MHz, 405 MHz, 31.36 W, 480.00 W, 974 MiB
2026/10/09 01:46:55.971, 0, GPU-6c849b47-7111-9265-9d42-ff8eddc05a2d, 100 %, 0 %, 71, 2700 MHz, 10251 MHz, 482.35 W, 480.00 W, 974 MiB
2026/10/09 01:46:55.971, 1, GPU-81ac6e96-0bfe-390d-beb1-241466569d6b, 0 %, 0 %, 38, 210 MHz, 405 MHz, 31.22 W, 480.00 W, 974 MiB
2026/10/09 01:46:56.972, 0, GPU-6c849b47-7111-9265-9d42-ff8eddc05a2d, 100 %, 0 %, 71, 2760 MHz, 10251 MHz, 453.36 W, 480.00 W, 974 MiB
2026/10/09 01:46:56.972, 1, GPU-81ac6e96-0bfe-390d-beb1-241466569d6b, 0 %, 0 %, 38, 210 MHz, 405 MHz, 31.26 W, 480.00 W, 974 MiB
2026/10/09 01:46:57.973, 0, GPU-6c849b47-7111-9265-9d42-ff8eddc05a2d, 100 %, 0 %, 66, 2760 MHz, 10251 MHz, 454.58 W, 480.00 W, 974 MiB
2026/10/09 01:46:57.973, 1, GPU-81ac6e96-0bfe-390d-beb1-241466569d6b, 0 %, 0 %, 38, 210 MHz, 405 MHz, 31.49 W, 480.00 W, 974 MiB
2026/10/09 01:46:58.974, 0, GPU-6c849b47-7111-9265-9d42-ff8eddc05a2d, 100 %, 0 %, 71, 2730 MHz, 10251 MHz, 454.40 W, 480.00 W, 974 MiB
2026/10/09 01:46:58.974, 1, GPU-81ac6e96-0bfe-390d-beb1-241466569d6b, 0 %, 0 %, 38, 210 MHz, 405 MHz, 31.53 W, 480.00 W, 974 MiB
2026/10/09 01:46:59.975, 0, GPU-6c849b47-7111-9265-9d42-ff8eddc05a2d, 0 %, 0 %, 51, 2775 MHz, 10251 MHz, 305.63 W, 480.00 W, 974 MiB
2026/10/09 01:46:59.981, 1, GPU-81ac6e96-0bfe-390d-beb1-241466569d6b, 0 %, 0 %, 38, 210 MHz, 405 MHz, 31.42 W, 480.00 W, 974 MiB
2026/10/09 01:47:00.981, 0, GPU-6c849b47-7111-9265-9d42-ff8eddc05a2d, 56 %, 0 %, 59, 2775 MHz, 10251 MHz, 113.82 W, 480.00 W, 974 MiB
2026/10/09 01:47:00.982, 1, GPU-81ac6e96-0bfe-390d-beb1-241466569d6b, 0 %, 0 %, 38, 210 MHz, 405 MHz, 31.42 W, 480.00 W, 974 MiB
2026/10/09 01:47:01.982, 0, GPU-6c849b47-7111-9265-9d42-ff8eddc05a2d, 100 %, 0 %, 71, 2730 MHz, 10251 MHz, 443.26 W, 480.00 W, 974 MiB
2026/10/09 01:47:01.983, 1, GPU-81ac6e96-0bfe-390d-beb1-241466569d6b, 0 %, 0 %, 38, 210 MHz, 405 MHz, 31.62 W, 480.00 W, 974 MiB
2026/10/09 01:47:02.983, 0, GPU-6c849b47-7111-9265-9d42-ff8eddc05a2d, 100 %, 0 %, 72, 2685 MHz, 10251 MHz, 455.72 W, 480.00 W, 974 MiB
2026/10/09 01:47:02.984, 1, GPU-81ac6e96-0bfe-390d-beb1-241466569d6b, 0 %, 0 %, 37, 210 MHz, 405 MHz, 31.69 W, 480.00 W, 974 MiB
2026/10/09 01:47:03.984, 0, GPU-6c849b47-7111-9265-9d42-ff8eddc05a2d, 100 %, 0 %, 70, 2730 MHz, 10251 MHz, 450.31 W, 480.00 W, 974 MiB
2026/10/09 01:47:03.985, 1, GPU-81ac6e96-0bfe-390d-beb1-241466569d6b, 0 %, 0 %, 37, 210 MHz, 405 MHz, 31.62 W, 480.00 W, 974 MiB
2026/10/09 01:47:04.985, 0, GPU-6c849b47-7111-9265-9d42-ff8eddc05a2d, 100 %, 0 %, 70, 2655 MHz, 10251 MHz, 479.31 W, 480.00 W, 974 MiB
2026/10/09 01:47:04.986, 1, GPU-81ac6e96-0bfe-390d-beb1-241466569d6b, 0 %, 0 %, 38, 210 MHz, 405 MHz, 30.25 W, 480.00 W, 974 MiB
2026/10/09 01:47:05.986, 0, GPU-6c849b47-7111-9265-9d42-ff8eddc05a2d, 100 %, 0 %, 72, 2745 MHz, 10251 MHz, 455.73 W, 480.00 W, 974 MiB
2026/10/09 01:47:05.987, 1, GPU-81ac6e96-0bfe-390d-beb1-241466569d6b, 0 %, 0 %, 38, 210 MHz, 405 MHz, 28.09 W, 480.00 W, 974 MiB
2026/10/09 01:47:06.987, 0, GPU-6c849b47-7111-9265-9d42-ff8eddc05a2d, 100 %, 0 %, 70, 2760 MHz, 10251 MHz, 479.98 W, 480.00 W, 974 MiB
2026/10/09 01:47:06.988, 1, GPU-81ac6e96-0bfe-390d-beb1-241466569d6b, 0 %, 0 %, 38, 210 MHz, 405 MHz, 27.22 W, 480.00 W, 974 MiB
2026/10/09 01:47:07.988, 0, GPU-6c849b47-7111-9265-9d42-ff8eddc05a2d, 100 %, 0 %, 72, 2685 MHz, 10251 MHz, 461.04 W, 480.00 W, 974 MiB
2026/10/09 01:47:07.989, 1, GPU-81ac6e96-0bfe-390d-beb1-241466569d6b, 0 %, 0 %, 39, 210 MHz, 405 MHz, 27.22 W, 480.00 W, 974 MiB
2026/10/09 01:47:08.989, 0, GPU-6c849b47-7111-9265-9d42-ff8eddc05a2d, 100 %, 0 %, 71, 2760 MHz, 10251 MHz, 447.46 W, 480.00 W, 974 MiB
2026/10/09 01:47:08.990, 1, GPU-81ac6e96-0bfe-390d-beb1-241466569d6b, 0 %, 0 %, 39, 210 MHz, 405 MHz, 27.03 W, 480.00 W, 974 MiB
2026/10/09 01:47:09.990, 0, GPU-6c849b47-7111-9265-9d42-ff8eddc05a2d, 100 %, 0 %, 71, 2730 MHz, 10251 MHz, 479.49 W, 480.00 W, 974 MiB
2026/10/09 01:47:09.990, 1, GPU-81ac6e96-0bfe-390d-beb1-241466569d6b, 0 %, 0 %, 39, 210 MHz, 405 MHz, 26.80 W, 480.00 W, 974 MiB
2026/10/09 01:47:10.991, 0, GPU-6c849b47-7111-9265-9d42-ff8eddc05a2d, 100 %, 0 %, 71, 2760 MHz, 10251 MHz, 449.22 W, 480.00 W, 974 MiB
2026/10/09 01:47:11.012, 1, GPU-81ac6e96-0bfe-390d-beb1-241466569d6b, 0 %, 0 %, 39, 210 MHz, 405 MHz, 26.78 W, 480.00 W, 974 MiB
2026/10/09 01:47:12.012, 0, GPU-6c849b47-7111-9265-9d42-ff8eddc05a2d, 37 %, 0 %, 56, 2775 MHz, 10251 MHz, 423.71 W, 480.00 W, 974 MiB
2026/10/09 01:47:12.013, 1, GPU-81ac6e96-0bfe-390d-beb1-241466569d6b, 0 %, 0 %, 39, 210 MHz, 405 MHz, 26.90 W, 480.00 W, 974 MiB
2026/10/09 01:47:13.013, 0, GPU-6c849b47-7111-9265-9d42-ff8eddc05a2d, 0 %, 0 %, 49, 2775 MHz, 10251 MHz, 100.58 W, 480.00 W, 974 MiB
2026/10/09 01:47:13.014, 1, GPU-81ac6e96-0bfe-390d-beb1-241466569d6b, 0 %, 0 %, 39, 210 MHz, 405 MHz, 26.92 W, 480.00 W, 974 MiB
2026/10/09 01:47:14.014, 0, GPU-6c849b47-7111-9265-9d42-ff8eddc05a2d, 100 %, 0 %, 68, 2760 MHz, 10251 MHz, 311.10 W, 480.00 W, 974 MiB
2026/10/09 01:47:14.015, 1, GPU-81ac6e96-0bfe-390d-beb1-241466569d6b, 0 %, 0 %, 39, 210 MHz, 405 MHz, 26.82 W, 480.00 W, 974 MiB
2026/10/09 01:47:15.016, 0, GPU-6c849b47-7111-9265-9d42-ff8eddc05a2d, 100 %, 0 %, 71, 2685 MHz, 10251 MHz, 427.10 W, 480.00 W, 974 MiB
2026/10/09 01:47:15.016, 1, GPU-81ac6e96-0bfe-390d-beb1-241466569d6b, 0 %, 0 %, 39, 210 MHz, 405 MHz, 26.70 W, 480.00 W, 974 MiB
2026/10/09 01:47:16.017, 0, GPU-6c849b47-7111-9265-9d42-ff8eddc05a2d, 100 %, 0 %, 70, 2640 MHz, 10251 MHz, 488.38 W, 480.00 W, 974 MiB
2026/10/09 01:47:16.017, 1, GPU-81ac6e96-0bfe-390d-beb1-241466569d6b, 0 %, 0 %, 39, 210 MHz, 405 MHz, 26.77 W, 480.00 W, 974 MiB
2026/10/09 01:47:17.018, 0, GPU-6c849b47-7111-9265-9d42-ff8eddc05a2d, 100 %, 0 %, 72, 2715 MHz, 10251 MHz, 470.51 W, 480.00 W, 974 MiB
2026/10/09 01:47:17.032, 1, GPU-81ac6e96-0bfe-390d-beb1-241466569d6b, 0 %, 0 %, 39, 210 MHz, 405 MHz, 26.96 W, 480.00 W, 974 MiB
2026/10/09 01:47:18.032, 0, GPU-6c849b47-7111-9265-9d42-ff8eddc05a2d, 100 %, 0 %, 69, 2760 MHz, 10251 MHz, 447.72 W, 480.00 W, 974 MiB
2026/10/09 01:47:18.033, 1, GPU-81ac6e96-0bfe-390d-beb1-241466569d6b, 0 %, 0 %, 39, 210 MHz, 405 MHz, 26.78 W, 480.00 W, 974 MiB
2026/10/09 01:47:19.033, 0, GPU-6c849b47-7111-9265-9d42-ff8eddc05a2d, 100 %, 0 %, 71, 2655 MHz, 10251 MHz, 470.70 W, 480.00 W, 974 MiB
2026/10/09 01:47:19.034, 1, GPU-81ac6e96-0bfe-390d-beb1-241466569d6b, 0 %, 0 %, 39, 210 MHz, 405 MHz, 26.87 W, 480.00 W, 974 MiB
2026/10/09 01:47:20.034, 0, GPU-6c849b47-7111-9265-9d42-ff8eddc05a2d, 100 %, 0 %, 71, 2760 MHz, 10251 MHz, 449.25 W, 480.00 W, 974 MiB
2026/10/09 01:47:20.035, 1, GPU-81ac6e96-0bfe-390d-beb1-241466569d6b, 0 %, 0 %, 39, 210 MHz, 405 MHz, 27.16 W, 480.00 W, 974 MiB
2026/10/09 01:47:21.035, 0, GPU-6c849b47-7111-9265-9d42-ff8eddc05a2d, 100 %, 0 %, 70, 2760 MHz, 10251 MHz, 479.16 W, 480.00 W, 974 MiB
2026/10/09 01:47:21.036, 1, GPU-81ac6e96-0bfe-390d-beb1-241466569d6b, 0 %, 0 %, 39, 210 MHz, 405 MHz, 27.27 W, 480.00 W, 974 MiB
2026/10/09 01:47:22.036, 0, GPU-6c849b47-7111-9265-9d42-ff8eddc05a2d, 100 %, 0 %, 72, 2760 MHz, 10251 MHz, 455.08 W, 480.00 W, 974 MiB
2026/10/09 01:47:22.037, 1, GPU-81ac6e96-0bfe-390d-beb1-241466569d6b, 0 %, 0 %, 39, 210 MHz, 405 MHz, 27.32 W, 480.00 W, 974 MiB
2026/10/09 01:47:23.037, 0, GPU-6c849b47-7111-9265-9d42-ff8eddc05a2d, 100 %, 0 %, 70, 2760 MHz, 10251 MHz, 445.93 W, 480.00 W, 974 MiB
2026/10/09 01:47:23.037, 1, GPU-81ac6e96-0bfe-390d-beb1-241466569d6b, 0 %, 0 %, 39, 210 MHz, 405 MHz, 27.36 W, 480.00 W, 974 MiB
2026/10/09 01:47:24.038, 0, GPU-6c849b47-7111-9265-9d42-ff8eddc05a2d, 100 %, 0 %, 71, 2745 MHz, 10251 MHz, 478.02 W, 480.00 W, 974 MiB
2026/10/09 01:47:24.039, 1, GPU-81ac6e96-0bfe-390d-beb1-241466569d6b, 0 %, 0 %, 39, 210 MHz, 405 MHz, 27.09 W, 480.00 W, 974 MiB
2026/10/09 01:47:25.039, 0, GPU-6c849b47-7111-9265-9d42-ff8eddc05a2d, 0 %, 0 %, 50, 2775 MHz, 10251 MHz, 222.37 W, 480.00 W, 974 MiB
2026/10/09 01:47:25.040, 1, GPU-81ac6e96-0bfe-390d-beb1-241466569d6b, 0 %, 0 %, 39, 210 MHz, 405 MHz, 26.62 W, 480.00 W, 974 MiB
2026/10/09 01:47:26.040, 0, GPU-6c849b47-7111-9265-9d42-ff8eddc05a2d, 0 %, 0 %, 48, 2775 MHz, 10251 MHz, 96.78 W, 480.00 W, 974 MiB
2026/10/09 01:47:26.041, 1, GPU-81ac6e96-0bfe-390d-beb1-241466569d6b, 0 %, 0 %, 39, 210 MHz, 405 MHz, 26.65 W, 480.00 W, 974 MiB
2026/10/09 01:47:27.041, 0, GPU-6c849b47-7111-9265-9d42-ff8eddc05a2d, 0 %, 0 %, 46, 2625 MHz, 10251 MHz, 87.10 W, 480.00 W, 974 MiB
2026/10/09 01:47:27.042, 1, GPU-81ac6e96-0bfe-390d-beb1-241466569d6b, 0 %, 0 %, 39, 210 MHz, 405 MHz, 26.86 W, 480.00 W, 974 MiB
2026/10/09 01:47:28.042, 0, GPU-6c849b47-7111-9265-9d42-ff8eddc05a2d, 0 %, 0 %, 46, 2625 MHz, 10251 MHz, 84.87 W, 480.00 W, 974 MiB
2026/10/09 01:47:28.043, 1, GPU-81ac6e96-0bfe-390d-beb1-241466569d6b, 0 %, 0 %, 39, 210 MHz, 405 MHz, 27.03 W, 480.00 W, 974 MiB
2026/10/09 01:47:29.043, 0, GPU-6c849b47-7111-9265-9d42-ff8eddc05a2d, 0 %, 0 %, 46, 2625 MHz, 10251 MHz, 83.25 W, 480.00 W, 974 MiB
2026/10/09 01:47:29.044, 1, GPU-81ac6e96-0bfe-390d-beb1-241466569d6b, 0 %, 0 %, 39, 2625 MHz, 10251 MHz, 27.54 W, 480.00 W, 974 MiB
2026/10/09 01:47:30.044, 0, GPU-6c849b47-7111-9265-9d42-ff8eddc05a2d, 0 %, 0 %, 46, 2625 MHz, 10251 MHz, 82.79 W, 480.00 W, 974 MiB
2026/10/09 01:47:30.044, 1, GPU-81ac6e96-0bfe-390d-beb1-241466569d6b, 100 %, 0 %, 43, 2805 MHz, 10251 MHz, 94.57 W, 480.00 W, 974 MiB
2026/10/09 01:47:31.045, 0, GPU-6c849b47-7111-9265-9d42-ff8eddc05a2d, 0 %, 0 %, 45, 2625 MHz, 10251 MHz, 82.37 W, 480.00 W, 974 MiB
2026/10/09 01:47:31.045, 1, GPU-81ac6e96-0bfe-390d-beb1-241466569d6b, 100 %, 0 %, 44, 2805 MHz, 10251 MHz, 106.50 W, 480.00 W, 974 MiB
2026/10/09 01:47:32.046, 0, GPU-6c849b47-7111-9265-9d42-ff8eddc05a2d, 0 %, 0 %, 45, 2625 MHz, 10251 MHz, 82.07 W, 480.00 W, 974 MiB
2026/10/09 01:47:32.046, 1, GPU-81ac6e96-0bfe-390d-beb1-241466569d6b, 100 %, 0 %, 69, 2775 MHz, 10251 MHz, 372.03 W, 480.00 W, 974 MiB
2026/10/09 01:47:33.046, 0, GPU-6c849b47-7111-9265-9d42-ff8eddc05a2d, 0 %, 0 %, 45, 2625 MHz, 10251 MHz, 81.95 W, 480.00 W, 974 MiB
2026/10/09 01:47:33.047, 1, GPU-81ac6e96-0bfe-390d-beb1-241466569d6b, 100 %, 0 %, 68, 2715 MHz, 10251 MHz, 448.47 W, 480.00 W, 974 MiB
2026/10/09 01:47:34.047, 0, GPU-6c849b47-7111-9265-9d42-ff8eddc05a2d, 0 %, 0 %, 45, 2625 MHz, 10251 MHz, 81.84 W, 480.00 W, 974 MiB
2026/10/09 01:47:34.047, 1, GPU-81ac6e96-0bfe-390d-beb1-241466569d6b, 100 %, 0 %, 59, 2775 MHz, 10251 MHz, 476.75 W, 480.00 W, 974 MiB
2026/10/09 01:47:35.048, 0, GPU-6c849b47-7111-9265-9d42-ff8eddc05a2d, 0 %, 0 %, 45, 2625 MHz, 10251 MHz, 81.72 W, 480.00 W, 974 MiB
2026/10/09 01:47:35.048, 1, GPU-81ac6e96-0bfe-390d-beb1-241466569d6b, 100 %, 0 %, 60, 2670 MHz, 10251 MHz, 469.22 W, 480.00 W, 974 MiB
2026/10/09 01:47:36.049, 0, GPU-6c849b47-7111-9265-9d42-ff8eddc05a2d, 0 %, 0 %, 45, 2625 MHz, 10251 MHz, 81.63 W, 480.00 W, 974 MiB
2026/10/09 01:47:36.049, 1, GPU-81ac6e96-0bfe-390d-beb1-241466569d6b, 100 %, 0 %, 61, 2775 MHz, 10251 MHz, 448.44 W, 480.00 W, 974 MiB
2026/10/09 01:47:37.049, 0, GPU-6c849b47-7111-9265-9d42-ff8eddc05a2d, 0 %, 0 %, 45, 2625 MHz, 10251 MHz, 81.53 W, 480.00 W, 974 MiB
2026/10/09 01:47:37.050, 1, GPU-81ac6e96-0bfe-390d-beb1-241466569d6b, 100 %, 0 %, 61, 2745 MHz, 10251 MHz, 480.80 W, 480.00 W, 974 MiB
2026/10/09 01:47:38.050, 0, GPU-6c849b47-7111-9265-9d42-ff8eddc05a2d, 0 %, 0 %, 45, 2625 MHz, 10251 MHz, 81.50 W, 480.00 W, 974 MiB
2026/10/09 01:47:38.051, 1, GPU-81ac6e96-0bfe-390d-beb1-241466569d6b, 100 %, 0 %, 60, 2790 MHz, 10251 MHz, 452.65 W, 480.00 W, 974 MiB
2026/10/09 01:47:39.051, 0, GPU-6c849b47-7111-9265-9d42-ff8eddc05a2d, 0 %, 0 %, 45, 2625 MHz, 10251 MHz, 81.56 W, 480.00 W, 974 MiB
2026/10/09 01:47:39.051, 1, GPU-81ac6e96-0bfe-390d-beb1-241466569d6b, 100 %, 0 %, 59, 2790 MHz, 10251 MHz, 442.60 W, 480.00 W, 974 MiB
2026/10/09 01:47:40.052, 0, GPU-6c849b47-7111-9265-9d42-ff8eddc05a2d, 0 %, 0 %, 45, 2625 MHz, 10251 MHz, 81.57 W, 480.00 W, 974 MiB
2026/10/09 01:47:40.052, 1, GPU-81ac6e96-0bfe-390d-beb1-241466569d6b, 100 %, 0 %, 60, 2790 MHz, 10251 MHz, 476.40 W, 480.00 W, 974 MiB
2026/10/09 01:47:41.066, 0, GPU-6c849b47-7111-9265-9d42-ff8eddc05a2d, 0 %, 0 %, 45, 2625 MHz, 10251 MHz, 81.55 W, 480.00 W, 974 MiB
2026/10/09 01:47:41.067, 1, GPU-81ac6e96-0bfe-390d-beb1-241466569d6b, 100 %, 0 %, 60, 2790 MHz, 10251 MHz, 440.44 W, 480.00 W, 974 MiB
2026/10/09 01:47:42.067, 0, GPU-6c849b47-7111-9265-9d42-ff8eddc05a2d, 0 %, 0 %, 44, 525 MHz, 810 MHz, 80.94 W, 480.00 W, 974 MiB
2026/10/09 01:47:42.068, 1, GPU-81ac6e96-0bfe-390d-beb1-241466569d6b, 100 %, 0 %, 47, 2790 MHz, 10251 MHz, 440.50 W, 480.00 W, 974 MiB
2026/10/09 01:47:43.068, 0, GPU-6c849b47-7111-9265-9d42-ff8eddc05a2d, 0 %, 0 %, 44, 330 MHz, 810 MHz, 63.67 W, 480.00 W, 974 MiB
2026/10/09 01:47:43.069, 1, GPU-81ac6e96-0bfe-390d-beb1-241466569d6b, 0 %, 0 %, 41, 2805 MHz, 10251 MHz, 98.50 W, 480.00 W, 974 MiB
2026/10/09 01:47:44.069, 0, GPU-6c849b47-7111-9265-9d42-ff8eddc05a2d, 0 %, 0 %, 43, 210 MHz, 405 MHz, 43.83 W, 480.00 W, 974 MiB
2026/10/09 01:47:44.070, 1, GPU-81ac6e96-0bfe-390d-beb1-241466569d6b, 0 %, 0 %, 40, 2805 MHz, 10251 MHz, 83.10 W, 480.00 W, 974 MiB
2026/10/09 01:47:45.070, 0, GPU-6c849b47-7111-9265-9d42-ff8eddc05a2d, 0 %, 0 %, 43, 210 MHz, 405 MHz, 40.14 W, 480.00 W, 974 MiB
2026/10/09 01:47:45.070, 1, GPU-81ac6e96-0bfe-390d-beb1-241466569d6b, 100 %, 0 %, 58, 2790 MHz, 10251 MHz, 267.99 W, 480.00 W, 974 MiB
2026/10/09 01:47:46.071, 0, GPU-6c849b47-7111-9265-9d42-ff8eddc05a2d, 0 %, 0 %, 43, 210 MHz, 405 MHz, 39.49 W, 480.00 W, 974 MiB
2026/10/09 01:47:46.071, 1, GPU-81ac6e96-0bfe-390d-beb1-241466569d6b, 100 %, 0 %, 62, 2730 MHz, 10251 MHz, 444.80 W, 480.00 W, 974 MiB
2026/10/09 01:47:47.072, 0, GPU-6c849b47-7111-9265-9d42-ff8eddc05a2d, 0 %, 0 %, 43, 210 MHz, 405 MHz, 39.57 W, 480.00 W, 974 MiB
2026/10/09 01:47:47.072, 1, GPU-81ac6e96-0bfe-390d-beb1-241466569d6b, 100 %, 0 %, 58, 2790 MHz, 10251 MHz, 481.34 W, 480.00 W, 974 MiB
2026/10/09 01:47:48.073, 0, GPU-6c849b47-7111-9265-9d42-ff8eddc05a2d, 0 %, 0 %, 43, 210 MHz, 405 MHz, 39.92 W, 480.00 W, 974 MiB
2026/10/09 01:47:48.073, 1, GPU-81ac6e96-0bfe-390d-beb1-241466569d6b, 100 %, 0 %, 61, 2685 MHz, 10251 MHz, 470.21 W, 480.00 W, 974 MiB
2026/10/09 01:47:49.074, 0, GPU-6c849b47-7111-9265-9d42-ff8eddc05a2d, 0 %, 0 %, 43, 210 MHz, 405 MHz, 39.91 W, 480.00 W, 974 MiB
2026/10/09 01:47:49.074, 1, GPU-81ac6e96-0bfe-390d-beb1-241466569d6b, 100 %, 0 %, 62, 2775 MHz, 10251 MHz, 449.08 W, 480.00 W, 974 MiB
2026/10/09 01:47:50.075, 0, GPU-6c849b47-7111-9265-9d42-ff8eddc05a2d, 0 %, 0 %, 43, 210 MHz, 405 MHz, 39.64 W, 480.00 W, 974 MiB
2026/10/09 01:47:50.075, 1, GPU-81ac6e96-0bfe-390d-beb1-241466569d6b, 100 %, 0 %, 62, 2760 MHz, 10251 MHz, 480.98 W, 480.00 W, 974 MiB
2026/10/09 01:47:51.076, 0, GPU-6c849b47-7111-9265-9d42-ff8eddc05a2d, 0 %, 0 %, 43, 210 MHz, 405 MHz, 39.30 W, 480.00 W, 974 MiB
2026/10/09 01:47:51.076, 1, GPU-81ac6e96-0bfe-390d-beb1-241466569d6b, 100 %, 0 %, 62, 2790 MHz, 10251 MHz, 454.89 W, 480.00 W, 974 MiB
2026/10/09 01:47:52.077, 0, GPU-6c849b47-7111-9265-9d42-ff8eddc05a2d, 0 %, 0 %, 43, 210 MHz, 405 MHz, 39.33 W, 480.00 W, 974 MiB
2026/10/09 01:47:52.077, 1, GPU-81ac6e96-0bfe-390d-beb1-241466569d6b, 100 %, 0 %, 61, 2790 MHz, 10251 MHz, 445.67 W, 480.00 W, 974 MiB
2026/10/09 01:47:53.078, 0, GPU-6c849b47-7111-9265-9d42-ff8eddc05a2d, 0 %, 0 %, 43, 210 MHz, 405 MHz, 39.54 W, 480.00 W, 974 MiB
2026/10/09 01:47:53.078, 1, GPU-81ac6e96-0bfe-390d-beb1-241466569d6b, 100 %, 0 %, 62, 2775 MHz, 10251 MHz, 471.70 W, 480.00 W, 974 MiB
2026/10/09 01:47:54.079, 0, GPU-6c849b47-7111-9265-9d42-ff8eddc05a2d, 0 %, 0 %, 43, 210 MHz, 405 MHz, 39.61 W, 480.00 W, 974 MiB
2026/10/09 01:47:54.079, 1, GPU-81ac6e96-0bfe-390d-beb1-241466569d6b, 100 %, 0 %, 62, 2790 MHz, 10251 MHz, 444.39 W, 480.00 W, 974 MiB
2026/10/09 01:47:55.080, 0, GPU-6c849b47-7111-9265-9d42-ff8eddc05a2d, 0 %, 0 %, 43, 210 MHz, 405 MHz, 39.55 W, 480.00 W, 974 MiB
2026/10/09 01:47:55.080, 1, GPU-81ac6e96-0bfe-390d-beb1-241466569d6b, 100 %, 0 %, 51, 2790 MHz, 10251 MHz, 449.30 W, 480.00 W, 974 MiB
2026/10/09 01:47:56.081, 0, GPU-6c849b47-7111-9265-9d42-ff8eddc05a2d, 0 %, 0 %, 43, 210 MHz, 405 MHz, 39.21 W, 480.00 W, 974 MiB
2026/10/09 01:47:56.081, 1, GPU-81ac6e96-0bfe-390d-beb1-241466569d6b, 0 %, 0 %, 43, 2805 MHz, 10251 MHz, 104.46 W, 480.00 W, 974 MiB
2026/10/09 01:47:57.082, 0, GPU-6c849b47-7111-9265-9d42-ff8eddc05a2d, 0 %, 0 %, 43, 210 MHz, 405 MHz, 39.18 W, 480.00 W, 974 MiB
2026/10/09 01:47:57.092, 1, GPU-81ac6e96-0bfe-390d-beb1-241466569d6b, 0 %, 0 %, 43, 2805 MHz, 10251 MHz, 83.07 W, 480.00 W, 974 MiB
2026/10/09 01:47:58.093, 0, GPU-6c849b47-7111-9265-9d42-ff8eddc05a2d, 0 %, 0 %, 43, 210 MHz, 405 MHz, 39.23 W, 480.00 W, 974 MiB
2026/10/09 01:47:58.093, 1, GPU-81ac6e96-0bfe-390d-beb1-241466569d6b, 100 %, 0 %, 60, 2790 MHz, 10251 MHz, 268.07 W, 480.00 W, 974 MiB
2026/10/09 01:47:59.094, 0, GPU-6c849b47-7111-9265-9d42-ff8eddc05a2d, 0 %, 0 %, 43, 210 MHz, 405 MHz, 39.19 W, 480.00 W, 974 MiB
2026/10/09 01:47:59.094, 1, GPU-81ac6e96-0bfe-390d-beb1-241466569d6b, 100 %, 0 %, 64, 2715 MHz, 10251 MHz, 441.81 W, 480.00 W, 974 MiB
2026/10/09 01:48:00.095, 0, GPU-6c849b47-7111-9265-9d42-ff8eddc05a2d, 0 %, 0 %, 43, 210 MHz, 405 MHz, 39.33 W, 480.00 W, 974 MiB
2026/10/09 01:48:00.095, 1, GPU-81ac6e96-0bfe-390d-beb1-241466569d6b, 100 %, 0 %, 63, 2790 MHz, 10251 MHz, 484.99 W, 480.00 W, 974 MiB
2026/10/09 01:48:01.095, 0, GPU-6c849b47-7111-9265-9d42-ff8eddc05a2d, 0 %, 0 %, 43, 210 MHz, 405 MHz, 39.34 W, 480.00 W, 974 MiB
2026/10/09 01:48:01.096, 1, GPU-81ac6e96-0bfe-390d-beb1-241466569d6b, 100 %, 0 %, 64, 2670 MHz, 10251 MHz, 469.69 W, 480.00 W, 974 MiB
2026/10/09 01:48:02.096, 0, GPU-6c849b47-7111-9265-9d42-ff8eddc05a2d, 0 %, 0 %, 43, 210 MHz, 405 MHz, 39.21 W, 480.00 W, 974 MiB
2026/10/09 01:48:02.097, 1, GPU-81ac6e96-0bfe-390d-beb1-241466569d6b, 100 %, 0 %, 64, 2775 MHz, 10251 MHz, 451.23 W, 480.00 W, 974 MiB
2026/10/09 01:48:03.111, 0, GPU-6c849b47-7111-9265-9d42-ff8eddc05a2d, 0 %, 0 %, 43, 210 MHz, 405 MHz, 39.00 W, 480.00 W, 974 MiB
2026/10/09 01:48:03.112, 1, GPU-81ac6e96-0bfe-390d-beb1-241466569d6b, 100 %, 0 %, 64, 2730 MHz, 10251 MHz, 482.49 W, 480.00 W, 974 MiB
2026/10/09 01:48:04.112, 0, GPU-6c849b47-7111-9265-9d42-ff8eddc05a2d, 0 %, 0 %, 42, 210 MHz, 405 MHz, 38.77 W, 480.00 W, 974 MiB
2026/10/09 01:48:04.113, 1, GPU-81ac6e96-0bfe-390d-beb1-241466569d6b, 100 %, 0 %, 64, 2790 MHz, 10251 MHz, 454.87 W, 480.00 W, 974 MiB
2026/10/09 01:48:05.113, 0, GPU-6c849b47-7111-9265-9d42-ff8eddc05a2d, 0 %, 0 %, 42, 210 MHz, 405 MHz, 38.73 W, 480.00 W, 974 MiB
2026/10/09 01:48:05.114, 1, GPU-81ac6e96-0bfe-390d-beb1-241466569d6b, 100 %, 0 %, 61, 2790 MHz, 10251 MHz, 446.57 W, 480.00 W, 974 MiB
2026/10/09 01:48:06.114, 0, GPU-6c849b47-7111-9265-9d42-ff8eddc05a2d, 0 %, 0 %, 42, 210 MHz, 405 MHz, 38.75 W, 480.00 W, 974 MiB
2026/10/09 01:48:06.115, 1, GPU-81ac6e96-0bfe-390d-beb1-241466569d6b, 100 %, 0 %, 64, 2760 MHz, 10251 MHz, 457.07 W, 480.00 W, 974 MiB
2026/10/09 01:48:07.115, 0, GPU-6c849b47-7111-9265-9d42-ff8eddc05a2d, 0 %, 0 %, 42, 210 MHz, 405 MHz, 38.69 W, 480.00 W, 974 MiB
2026/10/09 01:48:07.116, 1, GPU-81ac6e96-0bfe-390d-beb1-241466569d6b, 100 %, 0 %, 64, 2775 MHz, 10251 MHz, 444.33 W, 480.00 W, 974 MiB
2026/10/09 01:48:08.116, 0, GPU-6c849b47-7111-9265-9d42-ff8eddc05a2d, 0 %, 0 %, 42, 210 MHz, 405 MHz, 38.60 W, 480.00 W, 974 MiB
2026/10/09 01:48:08.117, 1, GPU-81ac6e96-0bfe-390d-beb1-241466569d6b, 100 %, 0 %, 59, 2775 MHz, 10251 MHz, 466.39 W, 480.00 W, 974 MiB
2026/10/09 01:48:09.117, 0, GPU-6c849b47-7111-9265-9d42-ff8eddc05a2d, 0 %, 0 %, 42, 210 MHz, 405 MHz, 38.45 W, 480.00 W, 974 MiB
2026/10/09 01:48:09.117, 1, GPU-81ac6e96-0bfe-390d-beb1-241466569d6b, 0 %, 0 %, 45, 2805 MHz, 10251 MHz, 131.12 W, 480.00 W, 974 MiB
2026/10/09 01:48:10.118, 0, GPU-6c849b47-7111-9265-9d42-ff8eddc05a2d, 0 %, 0 %, 42, 210 MHz, 405 MHz, 38.67 W, 480.00 W, 974 MiB
2026/10/09 01:48:10.118, 1, GPU-81ac6e96-0bfe-390d-beb1-241466569d6b, 0 %, 0 %, 45, 2805 MHz, 10251 MHz, 83.99 W, 480.00 W, 974 MiB
2026/10/09 01:48:11.119, 0, GPU-6c849b47-7111-9265-9d42-ff8eddc05a2d, 0 %, 0 %, 42, 210 MHz, 405 MHz, 39.35 W, 480.00 W, 974 MiB
2026/10/09 01:48:11.119, 1, GPU-81ac6e96-0bfe-390d-beb1-241466569d6b, 100 %, 0 %, 62, 2775 MHz, 10251 MHz, 258.10 W, 480.00 W, 974 MiB
2026/10/09 01:48:12.120, 0, GPU-6c849b47-7111-9265-9d42-ff8eddc05a2d, 0 %, 0 %, 42, 210 MHz, 405 MHz, 39.48 W, 480.00 W, 974 MiB
2026/10/09 01:48:12.120, 1, GPU-81ac6e96-0bfe-390d-beb1-241466569d6b, 100 %, 0 %, 65, 2715 MHz, 10251 MHz, 428.56 W, 480.00 W, 974 MiB
2026/10/09 01:48:13.121, 0, GPU-6c849b47-7111-9265-9d42-ff8eddc05a2d, 0 %, 0 %, 42, 210 MHz, 405 MHz, 39.55 W, 480.00 W, 974 MiB
2026/10/09 01:48:13.122, 1, GPU-81ac6e96-0bfe-390d-beb1-241466569d6b, 100 %, 0 %, 64, 2670 MHz, 10251 MHz, 486.85 W, 480.00 W, 974 MiB
2026/10/09 01:48:14.122, 0, GPU-6c849b47-7111-9265-9d42-ff8eddc05a2d, 0 %, 0 %, 42, 210 MHz, 405 MHz, 39.71 W, 480.00 W, 974 MiB
2026/10/09 01:48:14.123, 1, GPU-81ac6e96-0bfe-390d-beb1-241466569d6b, 100 %, 0 %, 66, 2760 MHz, 10251 MHz, 471.49 W, 480.00 W, 974 MiB
2026/10/09 01:48:15.123, 0, GPU-6c849b47-7111-9265-9d42-ff8eddc05a2d, 0 %, 0 %, 42, 210 MHz, 405 MHz, 39.57 W, 480.00 W, 974 MiB
2026/10/09 01:48:15.124, 1, GPU-81ac6e96-0bfe-390d-beb1-241466569d6b, 100 %, 0 %, 63, 2760 MHz, 10251 MHz, 450.52 W, 480.00 W, 974 MiB
2026/10/09 01:48:16.124, 0, GPU-6c849b47-7111-9265-9d42-ff8eddc05a2d, 0 %, 0 %, 42, 210 MHz, 405 MHz, 39.52 W, 480.00 W, 974 MiB
2026/10/09 01:48:16.124, 1, GPU-81ac6e96-0bfe-390d-beb1-241466569d6b, 100 %, 0 %, 64, 2700 MHz, 10251 MHz, 484.98 W, 480.00 W, 974 MiB
2026/10/09 01:48:17.125, 0, GPU-6c849b47-7111-9265-9d42-ff8eddc05a2d, 0 %, 0 %, 42, 210 MHz, 405 MHz, 39.43 W, 480.00 W, 974 MiB
2026/10/09 01:48:17.125, 1, GPU-81ac6e96-0bfe-390d-beb1-241466569d6b, 100 %, 0 %, 65, 2775 MHz, 10251 MHz, 452.22 W, 480.00 W, 974 MiB
2026/10/09 01:48:18.126, 0, GPU-6c849b47-7111-9265-9d42-ff8eddc05a2d, 0 %, 0 %, 42, 210 MHz, 405 MHz, 39.19 W, 480.00 W, 974 MiB
2026/10/09 01:48:18.126, 1, GPU-81ac6e96-0bfe-390d-beb1-241466569d6b, 100 %, 0 %, 62, 2775 MHz, 10251 MHz, 463.85 W, 480.00 W, 974 MiB
2026/10/09 01:48:19.127, 0, GPU-6c849b47-7111-9265-9d42-ff8eddc05a2d, 0 %, 0 %, 41, 210 MHz, 405 MHz, 38.89 W, 480.00 W, 974 MiB
2026/10/09 01:48:19.127, 1, GPU-81ac6e96-0bfe-390d-beb1-241466569d6b, 100 %, 0 %, 65, 2730 MHz, 10251 MHz, 450.72 W, 480.00 W, 974 MiB
2026/10/09 01:48:20.128, 0, GPU-6c849b47-7111-9265-9d42-ff8eddc05a2d, 0 %, 0 %, 41, 210 MHz, 405 MHz, 38.62 W, 480.00 W, 974 MiB
2026/10/09 01:48:20.128, 1, GPU-81ac6e96-0bfe-390d-beb1-241466569d6b, 100 %, 0 %, 65, 2775 MHz, 10251 MHz, 444.32 W, 480.00 W, 974 MiB
2026/10/09 01:48:21.129, 0, GPU-6c849b47-7111-9265-9d42-ff8eddc05a2d, 0 %, 0 %, 41, 210 MHz, 405 MHz, 38.63 W, 480.00 W, 974 MiB
2026/10/09 01:48:21.129, 1, GPU-81ac6e96-0bfe-390d-beb1-241466569d6b, 100 %, 0 %, 65, 2775 MHz, 10251 MHz, 474.30 W, 480.00 W, 974 MiB
2026/10/09 01:48:22.130, 0, GPU-6c849b47-7111-9265-9d42-ff8eddc05a2d, 0 %, 0 %, 41, 210 MHz, 405 MHz, 38.77 W, 480.00 W, 974 MiB
2026/10/09 01:48:22.130, 1, GPU-81ac6e96-0bfe-390d-beb1-241466569d6b, 0 %, 0 %, 46, 2805 MHz, 10251 MHz, 158.61 W, 480.00 W, 974 MiB
2026/10/09 01:48:23.131, 0, GPU-6c849b47-7111-9265-9d42-ff8eddc05a2d, 0 %, 0 %, 41, 210 MHz, 405 MHz, 38.37 W, 480.00 W, 974 MiB
2026/10/09 01:48:23.132, 1, GPU-81ac6e96-0bfe-390d-beb1-241466569d6b, 0 %, 0 %, 46, 2805 MHz, 10251 MHz, 84.48 W, 480.00 W, 974 MiB
2026/10/09 01:48:24.132, 0, GPU-6c849b47-7111-9265-9d42-ff8eddc05a2d, 0 %, 0 %, 41, 210 MHz, 405 MHz, 38.03 W, 480.00 W, 974 MiB
2026/10/09 01:48:24.133, 1, GPU-81ac6e96-0bfe-390d-beb1-241466569d6b, 0 %, 0 %, 45, 2625 MHz, 10251 MHz, 77.26 W, 480.00 W, 974 MiB
2026/10/09 01:48:25.133, 0, GPU-6c849b47-7111-9265-9d42-ff8eddc05a2d, 0 %, 0 %, 41, 210 MHz, 405 MHz, 38.13 W, 480.00 W, 974 MiB
2026/10/09 01:48:25.134, 1, GPU-81ac6e96-0bfe-390d-beb1-241466569d6b, 0 %, 0 %, 45, 2625 MHz, 10251 MHz, 76.12 W, 480.00 W, 974 MiB
2026/10/09 01:48:26.134, 0, GPU-6c849b47-7111-9265-9d42-ff8eddc05a2d, 0 %, 0 %, 41, 210 MHz, 405 MHz, 38.12 W, 480.00 W, 974 MiB
2026/10/09 01:48:26.135, 1, GPU-81ac6e96-0bfe-390d-beb1-241466569d6b, 0 %, 0 %, 45, 2625 MHz, 10251 MHz, 75.52 W, 480.00 W, 974 MiB
2026/10/09 01:48:27.135, 0, GPU-6c849b47-7111-9265-9d42-ff8eddc05a2d, 0 %, 0 %, 41, 210 MHz, 405 MHz, 38.18 W, 480.00 W, 974 MiB
2026/10/09 01:48:27.136, 1, GPU-81ac6e96-0bfe-390d-beb1-241466569d6b, 1 %, 0 %, 44, 2625 MHz, 10251 MHz, 75.42 W, 480.00 W, 974 MiB
2026/10/09 01:48:28.136, 0, GPU-6c849b47-7111-9265-9d42-ff8eddc05a2d, 0 %, 0 %, 41, 210 MHz, 405 MHz, 38.35 W, 480.00 W, 974 MiB
2026/10/09 01:48:28.137, 1, GPU-81ac6e96-0bfe-390d-beb1-241466569d6b, 100 %, 0 %, 46, 2805 MHz, 10251 MHz, 108.38 W, 480.00 W, 974 MiB
2026/10/09 01:48:29.137, 0, GPU-6c849b47-7111-9265-9d42-ff8eddc05a2d, 0 %, 0 %, 41, 210 MHz, 405 MHz, 38.33 W, 480.00 W, 974 MiB
2026/10/09 01:48:29.138, 1, GPU-81ac6e96-0bfe-390d-beb1-241466569d6b, 100 %, 0 %, 46, 2805 MHz, 10251 MHz, 111.78 W, 480.00 W, 974 MiB
2026/10/09 01:48:30.138, 0, GPU-6c849b47-7111-9265-9d42-ff8eddc05a2d, 0 %, 0 %, 41, 210 MHz, 405 MHz, 38.35 W, 480.00 W, 974 MiB
2026/10/09 01:48:30.139, 1, GPU-81ac6e96-0bfe-390d-beb1-241466569d6b, 100 %, 0 %, 63, 2775 MHz, 10251 MHz, 389.06 W, 480.00 W, 974 MiB
2026/10/09 01:48:31.139, 0, GPU-6c849b47-7111-9265-9d42-ff8eddc05a2d, 0 %, 0 %, 41, 210 MHz, 405 MHz, 38.68 W, 480.00 W, 974 MiB
2026/10/09 01:48:31.140, 1, GPU-81ac6e96-0bfe-390d-beb1-241466569d6b, 100 %, 0 %, 66, 2715 MHz, 10251 MHz, 449.56 W, 480.00 W, 974 MiB
2026/10/09 01:48:32.140, 0, GPU-6c849b47-7111-9265-9d42-ff8eddc05a2d, 0 %, 0 %, 41, 210 MHz, 405 MHz, 38.54 W, 480.00 W, 974 MiB
2026/10/09 01:48:32.141, 1, GPU-81ac6e96-0bfe-390d-beb1-241466569d6b, 100 %, 0 %, 65, 2775 MHz, 10251 MHz, 473.42 W, 480.00 W, 974 MiB
2026/10/09 01:48:33.141, 0, GPU-6c849b47-7111-9265-9d42-ff8eddc05a2d, 0 %, 0 %, 41, 210 MHz, 405 MHz, 38.16 W, 480.00 W, 974 MiB
2026/10/09 01:48:33.141, 1, GPU-81ac6e96-0bfe-390d-beb1-241466569d6b, 100 %, 0 %, 66, 2670 MHz, 10251 MHz, 472.20 W, 480.00 W, 974 MiB
2026/10/09 01:48:34.142, 0, GPU-6c849b47-7111-9265-9d42-ff8eddc05a2d, 0 %, 0 %, 41, 210 MHz, 405 MHz, 38.05 W, 480.00 W, 974 MiB
2026/10/09 01:48:34.142, 1, GPU-81ac6e96-0bfe-390d-beb1-241466569d6b, 100 %, 0 %, 66, 2760 MHz, 10251 MHz, 451.67 W, 480.00 W, 974 MiB
2026/10/09 01:48:35.143, 0, GPU-6c849b47-7111-9265-9d42-ff8eddc05a2d, 0 %, 0 %, 41, 210 MHz, 405 MHz, 38.00 W, 480.00 W, 974 MiB
2026/10/09 01:48:35.143, 1, GPU-81ac6e96-0bfe-390d-beb1-241466569d6b, 100 %, 0 %, 66, 2730 MHz, 10251 MHz, 482.01 W, 480.00 W, 974 MiB
2026/10/09 01:48:36.144, 0, GPU-6c849b47-7111-9265-9d42-ff8eddc05a2d, 0 %, 0 %, 40, 210 MHz, 405 MHz, 38.00 W, 480.00 W, 974 MiB
2026/10/09 01:48:36.144, 1, GPU-81ac6e96-0bfe-390d-beb1-241466569d6b, 100 %, 0 %, 67, 2775 MHz, 10251 MHz, 459.71 W, 480.00 W, 974 MiB
2026/10/09 01:48:37.145, 0, GPU-6c849b47-7111-9265-9d42-ff8eddc05a2d, 0 %, 0 %, 40, 210 MHz, 405 MHz, 37.97 W, 480.00 W, 974 MiB
2026/10/09 01:48:37.145, 1, GPU-81ac6e96-0bfe-390d-beb1-241466569d6b, 100 %, 0 %, 64, 2790 MHz, 10251 MHz, 442.92 W, 480.00 W, 974 MiB
2026/10/09 01:48:38.146, 0, GPU-6c849b47-7111-9265-9d42-ff8eddc05a2d, 0 %, 0 %, 40, 210 MHz, 405 MHz, 37.58 W, 480.00 W, 974 MiB
2026/10/09 01:48:38.146, 1, GPU-81ac6e96-0bfe-390d-beb1-241466569d6b, 100 %, 0 %, 66, 2730 MHz, 10251 MHz, 479.86 W, 480.00 W, 974 MiB
2026/10/09 01:48:39.160, 0, GPU-6c849b47-7111-9265-9d42-ff8eddc05a2d, 0 %, 0 %, 40, 210 MHz, 405 MHz, 37.41 W, 480.00 W, 974 MiB
2026/10/09 01:48:39.161, 1, GPU-81ac6e96-0bfe-390d-beb1-241466569d6b, 100 %, 0 %, 66, 2775 MHz, 10251 MHz, 446.04 W, 480.00 W, 974 MiB
2026/10/09 01:48:40.161, 0, GPU-6c849b47-7111-9265-9d42-ff8eddc05a2d, 0 %, 0 %, 40, 210 MHz, 405 MHz, 37.72 W, 480.00 W, 974 MiB
2026/10/09 01:48:40.162, 1, GPU-81ac6e96-0bfe-390d-beb1-241466569d6b, 93 %, 0 %, 59, 2775 MHz, 10251 MHz, 443.66 W, 480.00 W, 974 MiB
2026/10/09 01:48:41.162, 0, GPU-6c849b47-7111-9265-9d42-ff8eddc05a2d, 0 %, 0 %, 40, 210 MHz, 405 MHz, 37.89 W, 480.00 W, 974 MiB
2026/10/09 01:48:41.163, 1, GPU-81ac6e96-0bfe-390d-beb1-241466569d6b, 0 %, 0 %, 47, 2790 MHz, 10251 MHz, 98.44 W, 480.00 W, 974 MiB
2026/10/09 01:48:42.163, 0, GPU-6c849b47-7111-9265-9d42-ff8eddc05a2d, 0 %, 0 %, 40, 210 MHz, 405 MHz, 37.79 W, 480.00 W, 974 MiB
2026/10/09 01:48:42.163, 1, GPU-81ac6e96-0bfe-390d-beb1-241466569d6b, 100 %, 0 %, 65, 2775 MHz, 10251 MHz, 315.16 W, 480.00 W, 974 MiB
2026/10/09 01:48:43.164, 0, GPU-6c849b47-7111-9265-9d42-ff8eddc05a2d, 0 %, 0 %, 40, 210 MHz, 405 MHz, 37.62 W, 480.00 W, 974 MiB
2026/10/09 01:48:43.164, 1, GPU-81ac6e96-0bfe-390d-beb1-241466569d6b, 100 %, 0 %, 66, 2700 MHz, 10251 MHz, 433.61 W, 480.00 W, 974 MiB
2026/10/09 01:48:44.165, 0, GPU-6c849b47-7111-9265-9d42-ff8eddc05a2d, 0 %, 0 %, 40, 210 MHz, 405 MHz, 37.47 W, 480.00 W, 974 MiB
2026/10/09 01:48:44.165, 1, GPU-81ac6e96-0bfe-390d-beb1-241466569d6b, 100 %, 0 %, 65, 2640 MHz, 10251 MHz, 488.87 W, 480.00 W, 974 MiB
2026/10/09 01:48:45.166, 0, GPU-6c849b47-7111-9265-9d42-ff8eddc05a2d, 0 %, 0 %, 40, 210 MHz, 405 MHz, 37.65 W, 480.00 W, 974 MiB
2026/10/09 01:48:45.166, 1, GPU-81ac6e96-0bfe-390d-beb1-241466569d6b, 100 %, 0 %, 66, 2745 MHz, 10251 MHz, 470.86 W, 480.00 W, 974 MiB
2026/10/09 01:48:46.167, 0, GPU-6c849b47-7111-9265-9d42-ff8eddc05a2d, 0 %, 0 %, 40, 210 MHz, 405 MHz, 37.89 W, 480.00 W, 974 MiB
2026/10/09 01:48:46.167, 1, GPU-81ac6e96-0bfe-390d-beb1-241466569d6b, 100 %, 0 %, 63, 2775 MHz, 10251 MHz, 451.40 W, 480.00 W, 974 MiB
2026/10/09 01:48:47.168, 0, GPU-6c849b47-7111-9265-9d42-ff8eddc05a2d, 0 %, 0 %, 40, 210 MHz, 405 MHz, 37.72 W, 480.00 W, 974 MiB
2026/10/09 01:48:47.168, 1, GPU-81ac6e96-0bfe-390d-beb1-241466569d6b, 100 %, 0 %, 65, 2700 MHz, 10251 MHz, 484.51 W, 480.00 W, 974 MiB
2026/10/09 01:48:48.169, 0, GPU-6c849b47-7111-9265-9d42-ff8eddc05a2d, 0 %, 0 %, 40, 210 MHz, 405 MHz, 37.58 W, 480.00 W, 974 MiB
2026/10/09 01:48:48.169, 1, GPU-81ac6e96-0bfe-390d-beb1-241466569d6b, 100 %, 0 %, 66, 2775 MHz, 10251 MHz, 452.55 W, 480.00 W, 974 MiB
2026/10/09 01:48:49.170, 0, GPU-6c849b47-7111-9265-9d42-ff8eddc05a2d, 0 %, 0 %, 40, 210 MHz, 405 MHz, 37.53 W, 480.00 W, 974 MiB
2026/10/09 01:48:49.170, 1, GPU-81ac6e96-0bfe-390d-beb1-241466569d6b, 100 %, 0 %, 64, 2775 MHz, 10251 MHz, 467.66 W, 480.00 W, 974 MiB
2026/10/09 01:48:50.171, 0, GPU-6c849b47-7111-9265-9d42-ff8eddc05a2d, 0 %, 0 %, 40, 210 MHz, 405 MHz, 37.55 W, 480.00 W, 974 MiB
2026/10/09 01:48:50.171, 1, GPU-81ac6e96-0bfe-390d-beb1-241466569d6b, 100 %, 0 %, 66, 2700 MHz, 10251 MHz, 453.76 W, 480.00 W, 974 MiB
2026/10/09 01:48:51.172, 0, GPU-6c849b47-7111-9265-9d42-ff8eddc05a2d, 0 %, 0 %, 40, 210 MHz, 405 MHz, 37.65 W, 480.00 W, 974 MiB
2026/10/09 01:48:51.172, 1, GPU-81ac6e96-0bfe-390d-beb1-241466569d6b, 100 %, 0 %, 66, 2775 MHz, 10251 MHz, 446.09 W, 480.00 W, 974 MiB
2026/10/09 01:48:52.173, 0, GPU-6c849b47-7111-9265-9d42-ff8eddc05a2d, 0 %, 0 %, 40, 210 MHz, 405 MHz, 37.65 W, 480.00 W, 974 MiB
2026/10/09 01:48:52.173, 1, GPU-81ac6e96-0bfe-390d-beb1-241466569d6b, 100 %, 0 %, 66, 2775 MHz, 10251 MHz, 477.59 W, 480.00 W, 974 MiB
2026/10/09 01:48:53.174, 0, GPU-6c849b47-7111-9265-9d42-ff8eddc05a2d, 0 %, 0 %, 40, 210 MHz, 405 MHz, 37.85 W, 480.00 W, 974 MiB
2026/10/09 01:48:53.174, 1, GPU-81ac6e96-0bfe-390d-beb1-241466569d6b, 0 %, 0 %, 48, 2805 MHz, 10251 MHz, 165.38 W, 480.00 W, 974 MiB
2026/10/09 01:48:54.174, 0, GPU-6c849b47-7111-9265-9d42-ff8eddc05a2d, 0 %, 0 %, 40, 210 MHz, 405 MHz, 37.96 W, 480.00 W, 974 MiB
2026/10/09 01:48:54.175, 1, GPU-81ac6e96-0bfe-390d-beb1-241466569d6b, 100 %, 0 %, 63, 2790 MHz, 10251 MHz, 221.75 W, 480.00 W, 974 MiB
2026/10/09 01:48:55.175, 0, GPU-6c849b47-7111-9265-9d42-ff8eddc05a2d, 0 %, 0 %, 40, 210 MHz, 405 MHz, 37.81 W, 480.00 W, 974 MiB
2026/10/09 01:48:55.176, 1, GPU-81ac6e96-0bfe-390d-beb1-241466569d6b, 100 %, 0 %, 65, 2715 MHz, 10251 MHz, 437.89 W, 480.00 W, 974 MiB
2026/10/09 01:48:56.176, 0, GPU-6c849b47-7111-9265-9d42-ff8eddc05a2d, 0 %, 0 %, 40, 210 MHz, 405 MHz, 37.87 W, 480.00 W, 974 MiB
2026/10/09 01:48:56.177, 1, GPU-81ac6e96-0bfe-390d-beb1-241466569d6b, 100 %, 0 %, 66, 2610 MHz, 10251 MHz, 496.82 W, 480.00 W, 974 MiB
2026/10/09 01:48:57.177, 0, GPU-6c849b47-7111-9265-9d42-ff8eddc05a2d, 0 %, 0 %, 39, 210 MHz, 405 MHz, 37.66 W, 480.00 W, 974 MiB
2026/10/09 01:48:57.178, 1, GPU-81ac6e96-0bfe-390d-beb1-241466569d6b, 100 %, 0 %, 68, 2745 MHz, 10251 MHz, 461.34 W, 480.00 W, 974 MiB
2026/10/09 01:48:58.178, 0, GPU-6c849b47-7111-9265-9d42-ff8eddc05a2d, 0 %, 0 %, 39, 210 MHz, 405 MHz, 37.54 W, 480.00 W, 974 MiB
2026/10/09 01:48:58.179, 1, GPU-81ac6e96-0bfe-390d-beb1-241466569d6b, 100 %, 0 %, 67, 2775 MHz, 10251 MHz, 480.40 W, 480.00 W, 974 MiB
2026/10/09 01:48:59.179, 0, GPU-6c849b47-7111-9265-9d42-ff8eddc05a2d, 0 %, 0 %, 39, 210 MHz, 405 MHz, 37.51 W, 480.00 W, 974 MiB
2026/10/09 01:48:59.180, 1, GPU-81ac6e96-0bfe-390d-beb1-241466569d6b, 100 %, 0 %, 67, 2700 MHz, 10251 MHz, 466.18 W, 480.00 W, 974 MiB
2026/10/09 01:49:00.180, 0, GPU-6c849b47-7111-9265-9d42-ff8eddc05a2d, 0 %, 0 %, 39, 210 MHz, 405 MHz, 37.38 W, 480.00 W, 974 MiB
2026/10/09 01:49:00.181, 1, GPU-81ac6e96-0bfe-390d-beb1-241466569d6b, 100 %, 0 %, 66, 2775 MHz, 10251 MHz, 446.85 W, 480.00 W, 974 MiB
2026/10/09 01:49:01.181, 0, GPU-6c849b47-7111-9265-9d42-ff8eddc05a2d, 0 %, 0 %, 39, 210 MHz, 405 MHz, 37.49 W, 480.00 W, 974 MiB
2026/10/09 01:49:01.182, 1, GPU-81ac6e96-0bfe-390d-beb1-241466569d6b, 100 %, 0 %, 67, 2715 MHz, 10251 MHz, 482.15 W, 480.00 W, 974 MiB
2026/10/09 01:49:02.182, 0, GPU-6c849b47-7111-9265-9d42-ff8eddc05a2d, 0 %, 0 %, 39, 210 MHz, 405 MHz, 37.59 W, 480.00 W, 974 MiB
2026/10/09 01:49:02.183, 1, GPU-81ac6e96-0bfe-390d-beb1-241466569d6b, 100 %, 0 %, 67, 2775 MHz, 10251 MHz, 451.93 W, 480.00 W, 974 MiB
2026/10/09 01:49:03.183, 0, GPU-6c849b47-7111-9265-9d42-ff8eddc05a2d, 0 %, 0 %, 39, 210 MHz, 405 MHz, 37.56 W, 480.00 W, 974 MiB
2026/10/09 01:49:03.184, 1, GPU-81ac6e96-0bfe-390d-beb1-241466569d6b, 100 %, 0 %, 63, 2775 MHz, 10251 MHz, 446.89 W, 480.00 W, 974 MiB
2026/10/09 01:49:04.184, 0, GPU-6c849b47-7111-9265-9d42-ff8eddc05a2d, 0 %, 0 %, 39, 210 MHz, 405 MHz, 37.52 W, 480.00 W, 974 MiB
2026/10/09 01:49:04.185, 1, GPU-81ac6e96-0bfe-390d-beb1-241466569d6b, 100 %, 0 %, 67, 2760 MHz, 10251 MHz, 477.24 W, 480.00 W, 974 MiB
2026/10/09 01:49:05.185, 0, GPU-6c849b47-7111-9265-9d42-ff8eddc05a2d, 0 %, 0 %, 39, 210 MHz, 405 MHz, 37.69 W, 480.00 W, 974 MiB
2026/10/09 01:49:05.185, 1, GPU-81ac6e96-0bfe-390d-beb1-241466569d6b, 0 %, 0 %, 49, 2790 MHz, 10251 MHz, 259.21 W, 480.00 W, 974 MiB
2026/10/09 01:49:06.186, 0, GPU-6c849b47-7111-9265-9d42-ff8eddc05a2d, 0 %, 0 %, 39, 210 MHz, 405 MHz, 37.76 W, 480.00 W, 974 MiB
2026/10/09 01:49:06.186, 1, GPU-81ac6e96-0bfe-390d-beb1-241466569d6b, 100 %, 0 %, 58, 2790 MHz, 10251 MHz, 124.28 W, 480.00 W, 974 MiB
2026/10/09 01:49:07.187, 0, GPU-6c849b47-7111-9265-9d42-ff8eddc05a2d, 0 %, 0 %, 39, 210 MHz, 405 MHz, 37.70 W, 480.00 W, 974 MiB
2026/10/09 01:49:07.187, 1, GPU-81ac6e96-0bfe-390d-beb1-241466569d6b, 100 %, 0 %, 67, 2775 MHz, 10251 MHz, 454.49 W, 480.00 W, 974 MiB
2026/10/09 01:49:08.187, 0, GPU-6c849b47-7111-9265-9d42-ff8eddc05a2d, 0 %, 0 %, 39, 210 MHz, 405 MHz, 37.80 W, 480.00 W, 974 MiB
2026/10/09 01:49:08.188, 1, GPU-81ac6e96-0bfe-390d-beb1-241466569d6b, 100 %, 0 %, 69, 2715 MHz, 10251 MHz, 452.33 W, 480.00 W, 974 MiB
2026/10/09 01:49:09.188, 0, GPU-6c849b47-7111-9265-9d42-ff8eddc05a2d, 0 %, 0 %, 39, 210 MHz, 405 MHz, 37.90 W, 480.00 W, 974 MiB
2026/10/09 01:49:09.189, 1, GPU-81ac6e96-0bfe-390d-beb1-241466569d6b, 100 %, 0 %, 66, 2745 MHz, 10251 MHz, 448.02 W, 480.00 W, 974 MiB
2026/10/09 01:49:10.189, 0, GPU-6c849b47-7111-9265-9d42-ff8eddc05a2d, 0 %, 0 %, 39, 210 MHz, 405 MHz, 37.86 W, 480.00 W, 974 MiB
2026/10/09 01:49:10.190, 1, GPU-81ac6e96-0bfe-390d-beb1-241466569d6b, 100 %, 0 %, 66, 2670 MHz, 10251 MHz, 489.22 W, 480.00 W, 974 MiB
2026/10/09 01:49:11.190, 0, GPU-6c849b47-7111-9265-9d42-ff8eddc05a2d, 0 %, 0 %, 39, 210 MHz, 405 MHz, 37.60 W, 480.00 W, 974 MiB
2026/10/09 01:49:11.190, 1, GPU-81ac6e96-0bfe-390d-beb1-241466569d6b, 100 %, 0 %, 68, 2760 MHz, 10251 MHz, 459.10 W, 480.00 W, 974 MiB
2026/10/09 01:49:12.191, 0, GPU-6c849b47-7111-9265-9d42-ff8eddc05a2d, 0 %, 0 %, 39, 210 MHz, 405 MHz, 37.50 W, 480.00 W, 974 MiB
2026/10/09 01:49:12.191, 1, GPU-81ac6e96-0bfe-390d-beb1-241466569d6b, 100 %, 0 %, 66, 2775 MHz, 10251 MHz, 471.07 W, 480.00 W, 974 MiB
2026/10/09 01:49:13.192, 0, GPU-6c849b47-7111-9265-9d42-ff8eddc05a2d, 0 %, 0 %, 39, 210 MHz, 405 MHz, 37.76 W, 480.00 W, 974 MiB
2026/10/09 01:49:13.192, 1, GPU-81ac6e96-0bfe-390d-beb1-241466569d6b, 100 %, 0 %, 68, 2700 MHz, 10251 MHz, 461.40 W, 480.00 W, 974 MiB
2026/10/09 01:49:14.192, 0, GPU-6c849b47-7111-9265-9d42-ff8eddc05a2d, 0 %, 0 %, 39, 210 MHz, 405 MHz, 37.72 W, 480.00 W, 974 MiB
2026/10/09 01:49:14.193, 1, GPU-81ac6e96-0bfe-390d-beb1-241466569d6b, 100 %, 0 %, 67, 2775 MHz, 10251 MHz, 445.37 W, 480.00 W, 974 MiB
2026/10/09 01:49:15.193, 0, GPU-6c849b47-7111-9265-9d42-ff8eddc05a2d, 0 %, 0 %, 39, 210 MHz, 405 MHz, 37.49 W, 480.00 W, 974 MiB
2026/10/09 01:49:15.194, 1, GPU-81ac6e96-0bfe-390d-beb1-241466569d6b, 100 %, 0 %, 68, 2760 MHz, 10251 MHz, 478.83 W, 480.00 W, 974 MiB
2026/10/09 01:49:16.194, 0, GPU-6c849b47-7111-9265-9d42-ff8eddc05a2d, 0 %, 0 %, 39, 210 MHz, 405 MHz, 37.49 W, 480.00 W, 974 MiB
2026/10/09 01:49:16.195, 1, GPU-81ac6e96-0bfe-390d-beb1-241466569d6b, 100 %, 0 %, 67, 2775 MHz, 10251 MHz, 449.96 W, 480.00 W, 974 MiB
2026/10/09 01:49:17.195, 0, GPU-6c849b47-7111-9265-9d42-ff8eddc05a2d, 0 %, 0 %, 39, 210 MHz, 405 MHz, 37.49 W, 480.00 W, 974 MiB
2026/10/09 01:49:17.196, 1, GPU-81ac6e96-0bfe-390d-beb1-241466569d6b, 0 %, 0 %, 52, 2790 MHz, 10251 MHz, 363.95 W, 480.00 W, 974 MiB
2026/10/09 01:49:18.196, 0, GPU-6c849b47-7111-9265-9d42-ff8eddc05a2d, 0 %, 0 %, 39, 210 MHz, 405 MHz, 37.44 W, 480.00 W, 974 MiB
2026/10/09 01:49:18.197, 1, GPU-81ac6e96-0bfe-390d-beb1-241466569d6b, 0 %, 0 %, 48, 2790 MHz, 10251 MHz, 86.58 W, 480.00 W, 974 MiB
2026/10/09 01:49:19.197, 0, GPU-6c849b47-7111-9265-9d42-ff8eddc05a2d, 0 %, 0 %, 39, 210 MHz, 405 MHz, 37.30 W, 480.00 W, 974 MiB
2026/10/09 01:49:19.198, 1, GPU-81ac6e96-0bfe-390d-beb1-241466569d6b, 0 %, 0 %, 48, 2790 MHz, 10251 MHz, 85.93 W, 480.00 W, 974 MiB
2026/10/09 01:49:20.198, 0, GPU-6c849b47-7111-9265-9d42-ff8eddc05a2d, 0 %, 0 %, 39, 210 MHz, 405 MHz, 37.36 W, 480.00 W, 974 MiB
2026/10/09 01:49:20.199, 1, GPU-81ac6e96-0bfe-390d-beb1-241466569d6b, 0 %, 0 %, 47, 2625 MHz, 10251 MHz, 78.60 W, 480.00 W, 974 MiB
2026/10/09 01:49:21.199, 0, GPU-6c849b47-7111-9265-9d42-ff8eddc05a2d, 0 %, 0 %, 39, 210 MHz, 405 MHz, 37.55 W, 480.00 W, 974 MiB
2026/10/09 01:49:21.200, 1, GPU-81ac6e96-0bfe-390d-beb1-241466569d6b, 0 %, 0 %, 47, 2625 MHz, 10251 MHz, 77.48 W, 480.00 W, 974 MiB
2026/10/09 01:49:22.200, 0, GPU-6c849b47-7111-9265-9d42-ff8eddc05a2d, 100 %, 0 %, 40, 2790 MHz, 10251 MHz, 51.40 W, 480.00 W, 974 MiB
2026/10/09 01:49:22.200, 1, GPU-81ac6e96-0bfe-390d-beb1-241466569d6b, 0 %, 0 %, 47, 2625 MHz, 10251 MHz, 77.07 W, 480.00 W, 974 MiB
2026/10/09 01:49:23.201, 0, GPU-6c849b47-7111-9265-9d42-ff8eddc05a2d, 100 %, 0 %, 41, 2790 MHz, 10251 MHz, 107.32 W, 480.00 W, 974 MiB
2026/10/09 01:49:23.201, 1, GPU-81ac6e96-0bfe-390d-beb1-241466569d6b, 0 %, 0 %, 46, 2625 MHz, 10251 MHz, 77.06 W, 480.00 W, 974 MiB
2026/10/09 01:49:24.202, 0, GPU-6c849b47-7111-9265-9d42-ff8eddc05a2d, 100 %, 0 %, 41, 2790 MHz, 10251 MHz, 107.50 W, 480.00 W, 974 MiB
2026/10/09 01:49:24.202, 1, GPU-81ac6e96-0bfe-390d-beb1-241466569d6b, 0 %, 0 %, 46, 2625 MHz, 10251 MHz, 76.43 W, 480.00 W, 974 MiB
2026/10/09 01:49:25.203, 0, GPU-6c849b47-7111-9265-9d42-ff8eddc05a2d, 100 %, 0 %, 41, 2790 MHz, 10251 MHz, 107.77 W, 480.00 W, 974 MiB
2026/10/09 01:49:25.203, 1, GPU-81ac6e96-0bfe-390d-beb1-241466569d6b, 0 %, 0 %, 46, 2625 MHz, 10251 MHz, 75.81 W, 480.00 W, 974 MiB
2026/10/09 01:49:26.204, 0, GPU-6c849b47-7111-9265-9d42-ff8eddc05a2d, 100 %, 0 %, 65, 2685 MHz, 10251 MHz, 398.21 W, 480.00 W, 974 MiB
2026/10/09 01:49:26.204, 1, GPU-81ac6e96-0bfe-390d-beb1-241466569d6b, 0 %, 0 %, 46, 2625 MHz, 10251 MHz, 75.64 W, 480.00 W, 974 MiB
2026/10/09 01:49:27.204, 0, GPU-6c849b47-7111-9265-9d42-ff8eddc05a2d, 100 %, 0 %, 66, 2715 MHz, 10251 MHz, 476.61 W, 480.00 W, 974 MiB
2026/10/09 01:49:27.205, 1, GPU-81ac6e96-0bfe-390d-beb1-241466569d6b, 0 %, 0 %, 46, 2625 MHz, 10251 MHz, 75.69 W, 480.00 W, 974 MiB
2026/10/09 01:49:28.205, 0, GPU-6c849b47-7111-9265-9d42-ff8eddc05a2d, 100 %, 0 %, 64, 2685 MHz, 10251 MHz, 428.03 W, 480.00 W, 974 MiB
2026/10/09 01:49:28.205, 1, GPU-81ac6e96-0bfe-390d-beb1-241466569d6b, 0 %, 0 %, 46, 2625 MHz, 10251 MHz, 75.73 W, 480.00 W, 974 MiB
2026/10/09 01:49:29.206, 0, GPU-6c849b47-7111-9265-9d42-ff8eddc05a2d, 100 %, 0 %, 66, 2640 MHz, 10251 MHz, 492.34 W, 480.00 W, 974 MiB
2026/10/09 01:49:29.206, 1, GPU-81ac6e96-0bfe-390d-beb1-241466569d6b, 0 %, 0 %, 46, 2625 MHz, 10251 MHz, 75.50 W, 480.00 W, 974 MiB
2026/10/09 01:49:30.207, 0, GPU-6c849b47-7111-9265-9d42-ff8eddc05a2d, 100 %, 0 %, 66, 2610 MHz, 10251 MHz, 476.86 W, 480.00 W, 974 MiB
2026/10/09 01:49:30.207, 1, GPU-81ac6e96-0bfe-390d-beb1-241466569d6b, 0 %, 0 %, 46, 2625 MHz, 10251 MHz, 75.19 W, 480.00 W, 974 MiB
2026/10/09 01:49:31.208, 0, GPU-6c849b47-7111-9265-9d42-ff8eddc05a2d, 100 %, 0 %, 67, 2730 MHz, 10251 MHz, 444.87 W, 480.00 W, 974 MiB
2026/10/09 01:49:31.208, 1, GPU-81ac6e96-0bfe-390d-beb1-241466569d6b, 0 %, 0 %, 46, 2625 MHz, 10251 MHz, 74.83 W, 480.00 W, 974 MiB
2026/10/09 01:49:32.208, 0, GPU-6c849b47-7111-9265-9d42-ff8eddc05a2d, 100 %, 0 %, 66, 2685 MHz, 10251 MHz, 486.45 W, 480.00 W, 974 MiB
2026/10/09 01:49:32.209, 1, GPU-81ac6e96-0bfe-390d-beb1-241466569d6b, 0 %, 0 %, 46, 2625 MHz, 10251 MHz, 74.70 W, 480.00 W, 974 MiB
2026/10/09 01:49:33.223, 0, GPU-6c849b47-7111-9265-9d42-ff8eddc05a2d, 100 %, 0 %, 67, 2670 MHz, 10251 MHz, 479.09 W, 480.00 W, 974 MiB
2026/10/09 01:49:33.223, 1, GPU-81ac6e96-0bfe-390d-beb1-241466569d6b, 0 %, 0 %, 46, 2625 MHz, 10251 MHz, 74.95 W, 480.00 W, 974 MiB
2026/10/09 01:49:34.224, 0, GPU-6c849b47-7111-9265-9d42-ff8eddc05a2d, 100 %, 0 %, 67, 2730 MHz, 10251 MHz, 443.90 W, 480.00 W, 974 MiB
2026/10/09 01:49:34.224, 1, GPU-81ac6e96-0bfe-390d-beb1-241466569d6b, 0 %, 0 %, 46, 2625 MHz, 10251 MHz, 75.26 W, 480.00 W, 974 MiB
2026/10/09 01:49:35.225, 0, GPU-6c849b47-7111-9265-9d42-ff8eddc05a2d, 100 %, 0 %, 67, 2715 MHz, 10251 MHz, 480.53 W, 480.00 W, 974 MiB
2026/10/09 01:49:35.225, 1, GPU-81ac6e96-0bfe-390d-beb1-241466569d6b, 0 %, 0 %, 46, 2625 MHz, 10251 MHz, 75.07 W, 480.00 W, 974 MiB
2026/10/09 01:49:36.226, 0, GPU-6c849b47-7111-9265-9d42-ff8eddc05a2d, 100 %, 0 %, 65, 2760 MHz, 10251 MHz, 467.32 W, 480.00 W, 974 MiB
2026/10/09 01:49:36.226, 1, GPU-81ac6e96-0bfe-390d-beb1-241466569d6b, 0 %, 0 %, 45, 420 MHz, 810 MHz, 62.83 W, 480.00 W, 974 MiB
2026/10/09 01:49:37.226, 0, GPU-6c849b47-7111-9265-9d42-ff8eddc05a2d, 100 %, 0 %, 68, 2745 MHz, 10251 MHz, 449.20 W, 480.00 W, 974 MiB
2026/10/09 01:49:37.241, 1, GPU-81ac6e96-0bfe-390d-beb1-241466569d6b, 0 %, 0 %, 45, 270 MHz, 405 MHz, 42.37 W, 480.00 W, 974 MiB
2026/10/09 01:49:38.241, 0, GPU-6c849b47-7111-9265-9d42-ff8eddc05a2d, 100 %, 0 %, 68, 2730 MHz, 10251 MHz, 478.94 W, 480.00 W, 974 MiB
2026/10/09 01:49:38.242, 1, GPU-81ac6e96-0bfe-390d-beb1-241466569d6b, 0 %, 0 %, 44, 210 MHz, 405 MHz, 33.06 W, 480.00 W, 974 MiB
2026/10/09 01:49:39.242, 0, GPU-6c849b47-7111-9265-9d42-ff8eddc05a2d, 100 %, 0 %, 61, 2745 MHz, 10251 MHz, 420.84 W, 480.00 W, 974 MiB
2026/10/09 01:49:39.242, 1, GPU-81ac6e96-0bfe-390d-beb1-241466569d6b, 0 %, 0 %, 44, 210 MHz, 405 MHz, 32.49 W, 480.00 W, 974 MiB
2026/10/09 01:49:40.243, 0, GPU-6c849b47-7111-9265-9d42-ff8eddc05a2d, 100 %, 0 %, 67, 2685 MHz, 10251 MHz, 478.96 W, 480.00 W, 974 MiB
2026/10/09 01:49:40.243, 1, GPU-81ac6e96-0bfe-390d-beb1-241466569d6b, 0 %, 0 %, 44, 210 MHz, 405 MHz, 32.49 W, 480.00 W, 974 MiB
2026/10/09 01:49:41.244, 0, GPU-6c849b47-7111-9265-9d42-ff8eddc05a2d, 100 %, 0 %, 67, 2670 MHz, 10251 MHz, 477.19 W, 480.00 W, 974 MiB
2026/10/09 01:49:41.244, 1, GPU-81ac6e96-0bfe-390d-beb1-241466569d6b, 0 %, 0 %, 44, 210 MHz, 405 MHz, 32.31 W, 480.00 W, 974 MiB
2026/10/09 01:49:42.245, 0, GPU-6c849b47-7111-9265-9d42-ff8eddc05a2d, 100 %, 0 %, 67, 2760 MHz, 10251 MHz, 426.93 W, 480.00 W, 974 MiB
2026/10/09 01:49:42.245, 1, GPU-81ac6e96-0bfe-390d-beb1-241466569d6b, 0 %, 0 %, 44, 210 MHz, 405 MHz, 32.28 W, 480.00 W, 974 MiB
2026/10/09 01:49:43.276, 0, GPU-6c849b47-7111-9265-9d42-ff8eddc05a2d, 100 %, 0 %, 67, 2730 MHz, 10251 MHz, 479.46 W, 480.00 W, 974 MiB
2026/10/09 01:49:43.277, 1, GPU-81ac6e96-0bfe-390d-beb1-241466569d6b, 0 %, 0 %, 44, 210 MHz, 405 MHz, 32.37 W, 480.00 W, 974 MiB
2026/10/09 01:49:44.277, 0, GPU-6c849b47-7111-9265-9d42-ff8eddc05a2d, 100 %, 0 %, 67, 2760 MHz, 10251 MHz, 477.62 W, 480.00 W, 974 MiB
2026/10/09 01:49:44.278, 1, GPU-81ac6e96-0bfe-390d-beb1-241466569d6b, 0 %, 0 %, 44, 210 MHz, 405 MHz, 32.42 W, 480.00 W, 974 MiB
2026/10/09 01:49:45.278, 0, GPU-6c849b47-7111-9265-9d42-ff8eddc05a2d, 0 %, 0 %, 46, 2790 MHz, 10251 MHz, 192.05 W, 480.00 W, 974 MiB
2026/10/09 01:49:45.279, 1, GPU-81ac6e96-0bfe-390d-beb1-241466569d6b, 0 %, 0 %, 44, 210 MHz, 405 MHz, 32.27 W, 480.00 W, 974 MiB
2026/10/09 01:49:46.279, 0, GPU-6c849b47-7111-9265-9d42-ff8eddc05a2d, 0 %, 0 %, 44, 2790 MHz, 10251 MHz, 93.04 W, 480.00 W, 974 MiB
2026/10/09 01:49:46.279, 1, GPU-81ac6e96-0bfe-390d-beb1-241466569d6b, 0 %, 0 %, 43, 210 MHz, 405 MHz, 32.10 W, 480.00 W, 974 MiB
2026/10/09 01:49:47.280, 0, GPU-6c849b47-7111-9265-9d42-ff8eddc05a2d, 100 %, 0 %, 54, 2775 MHz, 10251 MHz, 172.08 W, 480.00 W, 974 MiB
2026/10/09 01:49:47.281, 1, GPU-81ac6e96-0bfe-390d-beb1-241466569d6b, 0 %, 0 %, 43, 210 MHz, 405 MHz, 32.13 W, 480.00 W, 974 MiB
2026/10/09 01:49:48.281, 0, GPU-6c849b47-7111-9265-9d42-ff8eddc05a2d, 100 %, 0 %, 66, 2685 MHz, 10251 MHz, 470.58 W, 480.00 W, 974 MiB
2026/10/09 01:49:48.282, 1, GPU-81ac6e96-0bfe-390d-beb1-241466569d6b, 0 %, 0 %, 43, 210 MHz, 405 MHz, 32.31 W, 480.00 W, 974 MiB
2026/10/09 01:49:49.282, 0, GPU-6c849b47-7111-9265-9d42-ff8eddc05a2d, 100 %, 0 %, 67, 2670 MHz, 10251 MHz, 475.25 W, 480.00 W, 974 MiB
2026/10/09 01:49:49.282, 1, GPU-81ac6e96-0bfe-390d-beb1-241466569d6b, 0 %, 0 %, 43, 210 MHz, 405 MHz, 32.38 W, 480.00 W, 974 MiB
2026/10/09 01:49:50.283, 0, GPU-6c849b47-7111-9265-9d42-ff8eddc05a2d, 100 %, 0 %, 68, 2685 MHz, 10251 MHz, 413.06 W, 480.00 W, 974 MiB
2026/10/09 01:49:50.283, 1, GPU-81ac6e96-0bfe-390d-beb1-241466569d6b, 0 %, 0 %, 43, 210 MHz, 405 MHz, 32.41 W, 480.00 W, 974 MiB
2026/10/09 01:49:51.284, 0, GPU-6c849b47-7111-9265-9d42-ff8eddc05a2d, 100 %, 0 %, 68, 2670 MHz, 10251 MHz, 483.18 W, 480.00 W, 974 MiB
2026/10/09 01:49:51.284, 1, GPU-81ac6e96-0bfe-390d-beb1-241466569d6b, 0 %, 0 %, 43, 210 MHz, 405 MHz, 32.45 W, 480.00 W, 974 MiB
2026/10/09 01:49:52.285, 0, GPU-6c849b47-7111-9265-9d42-ff8eddc05a2d, 100 %, 0 %, 68, 2760 MHz, 10251 MHz, 479.08 W, 480.00 W, 974 MiB
2026/10/09 01:49:52.285, 1, GPU-81ac6e96-0bfe-390d-beb1-241466569d6b, 0 %, 0 %, 43, 210 MHz, 405 MHz, 32.42 W, 480.00 W, 974 MiB
2026/10/09 01:49:53.285, 0, GPU-6c849b47-7111-9265-9d42-ff8eddc05a2d, 100 %, 0 %, 69, 2715 MHz, 10251 MHz, 458.86 W, 480.00 W, 974 MiB
2026/10/09 01:49:53.286, 1, GPU-81ac6e96-0bfe-390d-beb1-241466569d6b, 0 %, 0 %, 43, 210 MHz, 405 MHz, 32.30 W, 480.00 W, 974 MiB
2026/10/09 01:49:54.286, 0, GPU-6c849b47-7111-9265-9d42-ff8eddc05a2d, 100 %, 0 %, 69, 2670 MHz, 10251 MHz, 481.50 W, 480.00 W, 974 MiB
2026/10/09 01:49:54.287, 1, GPU-81ac6e96-0bfe-390d-beb1-241466569d6b, 0 %, 0 %, 43, 210 MHz, 405 MHz, 32.08 W, 480.00 W, 974 MiB
2026/10/09 01:49:55.287, 0, GPU-6c849b47-7111-9265-9d42-ff8eddc05a2d, 100 %, 0 %, 63, 2760 MHz, 10251 MHz, 448.93 W, 480.00 W, 974 MiB
2026/10/09 01:49:55.288, 1, GPU-81ac6e96-0bfe-390d-beb1-241466569d6b, 0 %, 0 %, 43, 210 MHz, 405 MHz, 32.09 W, 480.00 W, 974 MiB
2026/10/09 01:49:56.288, 0, GPU-6c849b47-7111-9265-9d42-ff8eddc05a2d, 100 %, 0 %, 69, 2655 MHz, 10251 MHz, 461.92 W, 480.00 W, 974 MiB
2026/10/09 01:49:56.288, 1, GPU-81ac6e96-0bfe-390d-beb1-241466569d6b, 0 %, 0 %, 42, 210 MHz, 405 MHz, 32.19 W, 480.00 W, 974 MiB
2026/10/09 01:49:57.289, 0, GPU-6c849b47-7111-9265-9d42-ff8eddc05a2d, 100 %, 0 %, 69, 2670 MHz, 10251 MHz, 477.13 W, 480.00 W, 974 MiB
2026/10/09 01:49:57.289, 1, GPU-81ac6e96-0bfe-390d-beb1-241466569d6b, 0 %, 0 %, 42, 210 MHz, 405 MHz, 32.27 W, 480.00 W, 974 MiB
2026/10/09 01:49:58.290, 0, GPU-6c849b47-7111-9265-9d42-ff8eddc05a2d, 100 %, 0 %, 66, 2745 MHz, 10251 MHz, 430.29 W, 480.00 W, 974 MiB
2026/10/09 01:49:58.290, 1, GPU-81ac6e96-0bfe-390d-beb1-241466569d6b, 0 %, 0 %, 42, 210 MHz, 405 MHz, 32.25 W, 480.00 W, 974 MiB
2026/10/09 01:49:59.291, 0, GPU-6c849b47-7111-9265-9d42-ff8eddc05a2d, 100 %, 0 %, 68, 2685 MHz, 10251 MHz, 490.02 W, 480.00 W, 974 MiB
2026/10/09 01:49:59.305, 1, GPU-81ac6e96-0bfe-390d-beb1-241466569d6b, 0 %, 0 %, 42, 210 MHz, 405 MHz, 32.06 W, 480.00 W, 974 MiB
2026/10/09 01:50:00.306, 0, GPU-6c849b47-7111-9265-9d42-ff8eddc05a2d, 100 %, 0 %, 68, 2670 MHz, 10251 MHz, 476.76 W, 480.00 W, 974 MiB
2026/10/09 01:50:00.306, 1, GPU-81ac6e96-0bfe-390d-beb1-241466569d6b, 0 %, 0 %, 42, 210 MHz, 405 MHz, 31.99 W, 480.00 W, 974 MiB
2026/10/09 01:50:01.307, 0, GPU-6c849b47-7111-9265-9d42-ff8eddc05a2d, 100 %, 0 %, 69, 2745 MHz, 10251 MHz, 432.71 W, 480.00 W, 974 MiB
2026/10/09 01:50:01.307, 1, GPU-81ac6e96-0bfe-390d-beb1-241466569d6b, 0 %, 0 %, 42, 210 MHz, 405 MHz, 31.90 W, 480.00 W, 974 MiB
2026/10/09 01:50:02.308, 0, GPU-6c849b47-7111-9265-9d42-ff8eddc05a2d, 100 %, 0 %, 69, 2730 MHz, 10251 MHz, 480.77 W, 480.00 W, 974 MiB
2026/10/09 01:50:02.308, 1, GPU-81ac6e96-0bfe-390d-beb1-241466569d6b, 0 %, 0 %, 42, 210 MHz, 405 MHz, 31.80 W, 480.00 W, 974 MiB
2026/10/09 01:50:03.309, 0, GPU-6c849b47-7111-9265-9d42-ff8eddc05a2d, 100 %, 0 %, 68, 2760 MHz, 10251 MHz, 476.87 W, 480.00 W, 974 MiB
2026/10/09 01:50:03.309, 1, GPU-81ac6e96-0bfe-390d-beb1-241466569d6b, 0 %, 0 %, 42, 210 MHz, 405 MHz, 31.79 W, 480.00 W, 974 MiB
2026/10/09 01:50:04.310, 0, GPU-6c849b47-7111-9265-9d42-ff8eddc05a2d, 100 %, 0 %, 69, 2760 MHz, 10251 MHz, 437.11 W, 480.00 W, 974 MiB
2026/10/09 01:50:04.310, 1, GPU-81ac6e96-0bfe-390d-beb1-241466569d6b, 0 %, 0 %, 42, 210 MHz, 405 MHz, 31.92 W, 480.00 W, 974 MiB
2026/10/09 01:50:05.311, 0, GPU-6c849b47-7111-9265-9d42-ff8eddc05a2d, 100 %, 0 %, 70, 2730 MHz, 10251 MHz, 479.70 W, 480.00 W, 974 MiB
2026/10/09 01:50:05.311, 1, GPU-81ac6e96-0bfe-390d-beb1-241466569d6b, 0 %, 0 %, 42, 210 MHz, 405 MHz, 32.02 W, 480.00 W, 974 MiB
2026/10/09 01:50:06.311, 0, GPU-6c849b47-7111-9265-9d42-ff8eddc05a2d, 93 %, 0 %, 60, 2760 MHz, 10251 MHz, 420.17 W, 480.00 W, 974 MiB
2026/10/09 01:50:06.320, 1, GPU-81ac6e96-0bfe-390d-beb1-241466569d6b, 0 %, 0 %, 42, 210 MHz, 405 MHz, 32.15 W, 480.00 W, 974 MiB
2026/10/09 01:50:07.321, 0, GPU-6c849b47-7111-9265-9d42-ff8eddc05a2d, 0 %, 0 %, 47, 2775 MHz, 10251 MHz, 105.47 W, 480.00 W, 974 MiB
2026/10/09 01:50:07.321, 1, GPU-81ac6e96-0bfe-390d-beb1-241466569d6b, 0 %, 0 %, 41, 210 MHz, 405 MHz, 32.34 W, 480.00 W, 974 MiB
2026/10/09 01:50:08.322, 0, GPU-6c849b47-7111-9265-9d42-ff8eddc05a2d, 0 %, 0 %, 46, 2790 MHz, 10251 MHz, 94.66 W, 480.00 W, 974 MiB
2026/10/09 01:50:08.322, 1, GPU-81ac6e96-0bfe-390d-beb1-241466569d6b, 0 %, 0 %, 41, 210 MHz, 405 MHz, 32.31 W, 480.00 W, 974 MiB
2026/10/09 01:50:09.323, 0, GPU-6c849b47-7111-9265-9d42-ff8eddc05a2d, 100 %, 0 %, 65, 2760 MHz, 10251 MHz, 239.72 W, 480.00 W, 974 MiB
2026/10/09 01:50:09.323, 1, GPU-81ac6e96-0bfe-390d-beb1-241466569d6b, 0 %, 0 %, 41, 210 MHz, 405 MHz, 32.28 W, 480.00 W, 974 MiB
2026/10/09 01:50:10.324, 0, GPU-6c849b47-7111-9265-9d42-ff8eddc05a2d, 100 %, 0 %, 67, 2760 MHz, 10251 MHz, 482.46 W, 480.00 W, 974 MiB
2026/10/09 01:50:10.324, 1, GPU-81ac6e96-0bfe-390d-beb1-241466569d6b, 0 %, 0 %, 41, 210 MHz, 405 MHz, 32.15 W, 480.00 W, 974 MiB
2026/10/09 01:50:11.325, 0, GPU-6c849b47-7111-9265-9d42-ff8eddc05a2d, 100 %, 0 %, 61, 2760 MHz, 10251 MHz, 440.49 W, 480.00 W, 974 MiB
2026/10/09 01:50:11.325, 1, GPU-81ac6e96-0bfe-390d-beb1-241466569d6b, 0 %, 0 %, 41, 210 MHz, 405 MHz, 31.75 W, 480.00 W, 974 MiB
2026/10/09 01:50:12.326, 0, GPU-6c849b47-7111-9265-9d42-ff8eddc05a2d, 100 %, 0 %, 70, 2610 MHz, 10251 MHz, 449.60 W, 480.00 W, 974 MiB
2026/10/09 01:50:12.326, 1, GPU-81ac6e96-0bfe-390d-beb1-241466569d6b, 0 %, 0 %, 41, 210 MHz, 405 MHz, 31.60 W, 480.00 W, 974 MiB
2026/10/09 01:50:13.327, 0, GPU-6c849b47-7111-9265-9d42-ff8eddc05a2d, 100 %, 0 %, 70, 2610 MHz, 10251 MHz, 478.05 W, 480.00 W, 974 MiB
2026/10/09 01:50:13.327, 1, GPU-81ac6e96-0bfe-390d-beb1-241466569d6b, 0 %, 0 %, 41, 210 MHz, 405 MHz, 31.66 W, 480.00 W, 974 MiB
2026/10/09 01:50:14.328, 0, GPU-6c849b47-7111-9265-9d42-ff8eddc05a2d, 100 %, 0 %, 62, 2715 MHz, 10251 MHz, 439.45 W, 480.00 W, 974 MiB
2026/10/09 01:50:14.328, 1, GPU-81ac6e96-0bfe-390d-beb1-241466569d6b, 0 %, 0 %, 41, 210 MHz, 405 MHz, 31.49 W, 480.00 W, 974 MiB
2026/10/09 01:50:15.342, 0, GPU-6c849b47-7111-9265-9d42-ff8eddc05a2d, 100 %, 0 %, 69, 2655 MHz, 10251 MHz, 481.70 W, 480.00 W, 974 MiB
2026/10/09 01:50:15.342, 1, GPU-81ac6e96-0bfe-390d-beb1-241466569d6b, 0 %, 0 %, 41, 210 MHz, 405 MHz, 31.40 W, 480.00 W, 974 MiB
2026/10/09 01:50:16.343, 0, GPU-6c849b47-7111-9265-9d42-ff8eddc05a2d, 100 %, 0 %, 70, 2655 MHz, 10251 MHz, 477.28 W, 480.00 W, 974 MiB
2026/10/09 01:50:16.343, 1, GPU-81ac6e96-0bfe-390d-beb1-241466569d6b, 0 %, 0 %, 41, 210 MHz, 405 MHz, 31.42 W, 480.00 W, 974 MiB
2026/10/09 01:50:17.344, 0, GPU-6c849b47-7111-9265-9d42-ff8eddc05a2d, 100 %, 0 %, 69, 2715 MHz, 10251 MHz, 435.85 W, 480.00 W, 974 MiB
2026/10/09 01:50:17.345, 1, GPU-81ac6e96-0bfe-390d-beb1-241466569d6b, 0 %, 0 %, 41, 210 MHz, 405 MHz, 31.35 W, 480.00 W, 974 MiB
2026/10/09 01:50:18.346, 0, GPU-6c849b47-7111-9265-9d42-ff8eddc05a2d, 100 %, 0 %, 69, 2655 MHz, 10251 MHz, 487.26 W, 480.00 W, 974 MiB
2026/10/09 01:50:18.347, 1, GPU-81ac6e96-0bfe-390d-beb1-241466569d6b, 0 %, 0 %, 41, 210 MHz, 405 MHz, 31.42 W, 480.00 W, 974 MiB
2026/10/09 01:50:19.347, 0, GPU-6c849b47-7111-9265-9d42-ff8eddc05a2d, 100 %, 0 %, 69, 2655 MHz, 10251 MHz, 477.26 W, 480.00 W, 974 MiB
2026/10/09 01:50:19.348, 1, GPU-81ac6e96-0bfe-390d-beb1-241466569d6b, 0 %, 0 %, 41, 210 MHz, 405 MHz, 31.58 W, 480.00 W, 974 MiB
2026/10/09 01:50:20.348, 0, GPU-6c849b47-7111-9265-9d42-ff8eddc05a2d, 100 %, 0 %, 71, 2730 MHz, 10251 MHz, 437.64 W, 480.00 W, 974 MiB
2026/10/09 01:50:20.349, 1, GPU-81ac6e96-0bfe-390d-beb1-241466569d6b, 0 %, 0 %, 40, 210 MHz, 405 MHz, 31.67 W, 480.00 W, 974 MiB
2026/10/09 01:50:21.349, 0, GPU-6c849b47-7111-9265-9d42-ff8eddc05a2d, 100 %, 0 %, 70, 2730 MHz, 10251 MHz, 482.14 W, 480.00 W, 974 MiB
2026/10/09 01:50:21.350, 1, GPU-81ac6e96-0bfe-390d-beb1-241466569d6b, 0 %, 0 %, 40, 210 MHz, 405 MHz, 31.77 W, 480.00 W, 974 MiB
2026/10/09 01:50:22.350, 0, GPU-6c849b47-7111-9265-9d42-ff8eddc05a2d, 100 %, 0 %, 69, 2760 MHz, 10251 MHz, 476.05 W, 480.00 W, 974 MiB
2026/10/09 01:50:22.351, 1, GPU-81ac6e96-0bfe-390d-beb1-241466569d6b, 0 %, 0 %, 40, 210 MHz, 405 MHz, 31.92 W, 480.00 W, 974 MiB
2026/10/09 01:50:23.351, 0, GPU-6c849b47-7111-9265-9d42-ff8eddc05a2d, 100 %, 0 %, 71, 2745 MHz, 10251 MHz, 446.11 W, 480.00 W, 974 MiB
2026/10/09 01:50:23.352, 1, GPU-81ac6e96-0bfe-390d-beb1-241466569d6b, 0 %, 0 %, 40, 210 MHz, 405 MHz, 32.09 W, 480.00 W, 974 MiB
2026/10/09 01:50:24.352, 0, GPU-6c849b47-7111-9265-9d42-ff8eddc05a2d, 100 %, 0 %, 71, 2715 MHz, 10251 MHz, 479.76 W, 480.00 W, 974 MiB
2026/10/09 01:50:24.353, 1, GPU-81ac6e96-0bfe-390d-beb1-241466569d6b, 0 %, 0 %, 40, 210 MHz, 405 MHz, 32.15 W, 480.00 W, 974 MiB
2026/10/09 01:50:25.353, 0, GPU-6c849b47-7111-9265-9d42-ff8eddc05a2d, 100 %, 0 %, 62, 2745 MHz, 10251 MHz, 418.80 W, 480.00 W, 974 MiB
2026/10/09 01:50:25.354, 1, GPU-81ac6e96-0bfe-390d-beb1-241466569d6b, 0 %, 0 %, 40, 210 MHz, 405 MHz, 32.01 W, 480.00 W, 974 MiB
2026/10/09 01:50:26.354, 0, GPU-6c849b47-7111-9265-9d42-ff8eddc05a2d, 100 %, 0 %, 70, 2670 MHz, 10251 MHz, 465.55 W, 480.00 W, 974 MiB
2026/10/09 01:50:26.355, 1, GPU-81ac6e96-0bfe-390d-beb1-241466569d6b, 0 %, 0 %, 40, 210 MHz, 405 MHz, 31.78 W, 480.00 W, 974 MiB
2026/10/09 01:50:27.355, 0, GPU-6c849b47-7111-9265-9d42-ff8eddc05a2d, 100 %, 0 %, 70, 2670 MHz, 10251 MHz, 477.14 W, 480.00 W, 974 MiB
2026/10/09 01:50:27.355, 1, GPU-81ac6e96-0bfe-390d-beb1-241466569d6b, 0 %, 0 %, 40, 210 MHz, 405 MHz, 32.00 W, 480.00 W, 974 MiB
2026/10/09 01:50:28.356, 0, GPU-6c849b47-7111-9265-9d42-ff8eddc05a2d, 0 %, 0 %, 52, 2775 MHz, 10251 MHz, 316.26 W, 480.00 W, 974 MiB
2026/10/09 01:50:28.357, 1, GPU-81ac6e96-0bfe-390d-beb1-241466569d6b, 0 %, 0 %, 40, 210 MHz, 405 MHz, 32.11 W, 480.00 W, 974 MiB
2026/10/09 01:50:29.357, 0, GPU-6c849b47-7111-9265-9d42-ff8eddc05a2d, 0 %, 0 %, 47, 2775 MHz, 10251 MHz, 96.34 W, 480.00 W, 974 MiB
2026/10/09 01:50:29.357, 1, GPU-81ac6e96-0bfe-390d-beb1-241466569d6b, 0 %, 0 %, 40, 210 MHz, 405 MHz, 31.81 W, 480.00 W, 974 MiB
2026/10/09 01:50:30.358, 0, GPU-6c849b47-7111-9265-9d42-ff8eddc05a2d, 0 %, 0 %, 46, 2625 MHz, 10251 MHz, 93.58 W, 480.00 W, 974 MiB
2026/10/09 01:50:30.359, 1, GPU-81ac6e96-0bfe-390d-beb1-241466569d6b, 0 %, 0 %, 40, 210 MHz, 405 MHz, 31.74 W, 480.00 W, 974 MiB
2026/10/09 01:50:31.359, 0, GPU-6c849b47-7111-9265-9d42-ff8eddc05a2d, 100 %, 0 %, 70, 2685 MHz, 10251 MHz, 284.41 W, 480.00 W, 974 MiB
2026/10/09 01:50:31.359, 1, GPU-81ac6e96-0bfe-390d-beb1-241466569d6b, 0 %, 0 %, 40, 210 MHz, 405 MHz, 31.89 W, 480.00 W, 974 MiB
2026/10/09 01:50:32.360, 0, GPU-6c849b47-7111-9265-9d42-ff8eddc05a2d, 100 %, 0 %, 71, 2700 MHz, 10251 MHz, 479.20 W, 480.00 W, 974 MiB
2026/10/09 01:50:32.360, 1, GPU-81ac6e96-0bfe-390d-beb1-241466569d6b, 0 %, 0 %, 40, 210 MHz, 405 MHz, 32.01 W, 480.00 W, 974 MiB
2026/10/09 01:50:33.361, 0, GPU-6c849b47-7111-9265-9d42-ff8eddc05a2d, 100 %, 0 %, 67, 2670 MHz, 10251 MHz, 414.87 W, 480.00 W, 974 MiB
2026/10/09 01:50:33.361, 1, GPU-81ac6e96-0bfe-390d-beb1-241466569d6b, 0 %, 0 %, 40, 210 MHz, 405 MHz, 32.03 W, 480.00 W, 974 MiB
2026/10/09 01:50:34.362, 0, GPU-6c849b47-7111-9265-9d42-ff8eddc05a2d, 100 %, 0 %, 70, 2610 MHz, 10251 MHz, 493.19 W, 480.00 W, 974 MiB
2026/10/09 01:50:34.363, 1, GPU-81ac6e96-0bfe-390d-beb1-241466569d6b, 0 %, 0 %, 40, 210 MHz, 405 MHz, 31.93 W, 480.00 W, 974 MiB
2026/10/09 01:50:35.363, 0, GPU-6c849b47-7111-9265-9d42-ff8eddc05a2d, 100 %, 0 %, 70, 2610 MHz, 10251 MHz, 478.03 W, 480.00 W, 974 MiB
2026/10/09 01:50:35.364, 1, GPU-81ac6e96-0bfe-390d-beb1-241466569d6b, 0 %, 0 %, 39, 210 MHz, 405 MHz, 31.66 W, 480.00 W, 974 MiB
2026/10/09 01:50:36.364, 0, GPU-6c849b47-7111-9265-9d42-ff8eddc05a2d, 100 %, 0 %, 71, 2700 MHz, 10251 MHz, 448.65 W, 480.00 W, 974 MiB
2026/10/09 01:50:36.364, 1, GPU-81ac6e96-0bfe-390d-beb1-241466569d6b, 0 %, 0 %, 39, 210 MHz, 405 MHz, 31.71 W, 480.00 W, 974 MiB
2026/10/09 01:50:37.365, 0, GPU-6c849b47-7111-9265-9d42-ff8eddc05a2d, 100 %, 0 %, 70, 2655 MHz, 10251 MHz, 485.70 W, 480.00 W, 974 MiB
2026/10/09 01:50:37.366, 1, GPU-81ac6e96-0bfe-390d-beb1-241466569d6b, 0 %, 0 %, 39, 210 MHz, 405 MHz, 31.85 W, 480.00 W, 974 MiB
2026/10/09 01:50:38.366, 0, GPU-6c849b47-7111-9265-9d42-ff8eddc05a2d, 100 %, 0 %, 70, 2670 MHz, 10251 MHz, 478.87 W, 480.00 W, 974 MiB
2026/10/09 01:50:38.367, 1, GPU-81ac6e96-0bfe-390d-beb1-241466569d6b, 0 %, 0 %, 39, 210 MHz, 405 MHz, 31.87 W, 480.00 W, 974 MiB
2026/10/09 01:50:39.367, 0, GPU-6c849b47-7111-9265-9d42-ff8eddc05a2d, 100 %, 0 %, 71, 2715 MHz, 10251 MHz, 446.47 W, 480.00 W, 974 MiB
2026/10/09 01:50:39.367, 1, GPU-81ac6e96-0bfe-390d-beb1-241466569d6b, 0 %, 0 %, 39, 210 MHz, 405 MHz, 31.98 W, 480.00 W, 974 MiB
2026/10/09 01:50:40.368, 0, GPU-6c849b47-7111-9265-9d42-ff8eddc05a2d, 100 %, 0 %, 71, 2700 MHz, 10251 MHz, 482.52 W, 480.00 W, 974 MiB
2026/10/09 01:50:40.368, 1, GPU-81ac6e96-0bfe-390d-beb1-241466569d6b, 0 %, 0 %, 39, 210 MHz, 405 MHz, 32.03 W, 480.00 W, 974 MiB
2026/10/09 01:50:41.369, 0, GPU-6c849b47-7111-9265-9d42-ff8eddc05a2d, 100 %, 0 %, 68, 2760 MHz, 10251 MHz, 476.50 W, 480.00 W, 974 MiB
2026/10/09 01:50:41.369, 1, GPU-81ac6e96-0bfe-390d-beb1-241466569d6b, 0 %, 0 %, 39, 210 MHz, 405 MHz, 32.01 W, 480.00 W, 974 MiB
2026/10/09 01:50:42.370, 0, GPU-6c849b47-7111-9265-9d42-ff8eddc05a2d, 100 %, 0 %, 72, 2730 MHz, 10251 MHz, 448.30 W, 480.00 W, 974 MiB
2026/10/09 01:50:42.370, 1, GPU-81ac6e96-0bfe-390d-beb1-241466569d6b, 0 %, 0 %, 39, 210 MHz, 405 MHz, 32.06 W, 480.00 W, 974 MiB
2026/10/09 01:50:43.371, 0, GPU-6c849b47-7111-9265-9d42-ff8eddc05a2d, 100 %, 0 %, 72, 2700 MHz, 10251 MHz, 480.93 W, 480.00 W, 974 MiB
2026/10/09 01:50:43.371, 1, GPU-81ac6e96-0bfe-390d-beb1-241466569d6b, 0 %, 0 %, 39, 210 MHz, 405 MHz, 31.99 W, 480.00 W, 974 MiB
2026/10/09 01:50:44.372, 0, GPU-6c849b47-7111-9265-9d42-ff8eddc05a2d, 100 %, 0 %, 66, 2760 MHz, 10251 MHz, 433.96 W, 480.00 W, 974 MiB
2026/10/09 01:50:44.372, 1, GPU-81ac6e96-0bfe-390d-beb1-241466569d6b, 0 %, 0 %, 39, 210 MHz, 405 MHz, 31.79 W, 480.00 W, 974 MiB
2026/10/09 01:50:45.373, 0, GPU-6c849b47-7111-9265-9d42-ff8eddc05a2d, 100 %, 0 %, 70, 2670 MHz, 10251 MHz, 465.76 W, 480.00 W, 974 MiB
2026/10/09 01:50:45.373, 1, GPU-81ac6e96-0bfe-390d-beb1-241466569d6b, 0 %, 0 %, 39, 210 MHz, 405 MHz, 31.67 W, 480.00 W, 974 MiB
2026/10/09 01:50:46.374, 0, GPU-6c849b47-7111-9265-9d42-ff8eddc05a2d, 100 %, 0 %, 71, 2670 MHz, 10251 MHz, 476.46 W, 480.00 W, 974 MiB
2026/10/09 01:50:46.374, 1, GPU-81ac6e96-0bfe-390d-beb1-241466569d6b, 0 %, 0 %, 39, 210 MHz, 405 MHz, 31.65 W, 480.00 W, 974 MiB
2026/10/09 01:50:47.375, 0, GPU-6c849b47-7111-9265-9d42-ff8eddc05a2d, 100 %, 0 %, 70, 2745 MHz, 10251 MHz, 424.61 W, 480.00 W, 974 MiB
2026/10/09 01:50:47.375, 1, GPU-81ac6e96-0bfe-390d-beb1-241466569d6b, 0 %, 0 %, 39, 210 MHz, 405 MHz, 31.87 W, 480.00 W, 974 MiB
2026/10/09 01:50:48.376, 0, GPU-6c849b47-7111-9265-9d42-ff8eddc05a2d, 100 %, 0 %, 70, 2700 MHz, 10251 MHz, 481.73 W, 480.00 W, 974 MiB
2026/10/09 01:50:48.376, 1, GPU-81ac6e96-0bfe-390d-beb1-241466569d6b, 0 %, 0 %, 39, 210 MHz, 405 MHz, 31.87 W, 480.00 W, 974 MiB
2026/10/09 01:50:49.376, 0, GPU-6c849b47-7111-9265-9d42-ff8eddc05a2d, 100 %, 0 %, 71, 2700 MHz, 10251 MHz, 479.45 W, 480.00 W, 974 MiB
2026/10/09 01:50:49.377, 1, GPU-81ac6e96-0bfe-390d-beb1-241466569d6b, 0 %, 0 %, 39, 210 MHz, 405 MHz, 31.76 W, 480.00 W, 974 MiB
2026/10/09 01:50:50.377, 0, GPU-6c849b47-7111-9265-9d42-ff8eddc05a2d, 0 %, 0 %, 50, 2775 MHz, 10251 MHz, 234.79 W, 480.00 W, 974 MiB
2026/10/09 01:50:50.378, 1, GPU-81ac6e96-0bfe-390d-beb1-241466569d6b, 0 %, 0 %, 39, 210 MHz, 405 MHz, 31.85 W, 480.00 W, 974 MiB
2026/10/09 01:50:51.378, 0, GPU-6c849b47-7111-9265-9d42-ff8eddc05a2d, 0 %, 0 %, 48, 2775 MHz, 10251 MHz, 96.78 W, 480.00 W, 974 MiB
2026/10/09 01:50:51.378, 1, GPU-81ac6e96-0bfe-390d-beb1-241466569d6b, 0 %, 0 %, 39, 210 MHz, 405 MHz, 31.93 W, 480.00 W, 974 MiB
2026/10/09 01:50:52.379, 0, GPU-6c849b47-7111-9265-9d42-ff8eddc05a2d, 0 %, 0 %, 46, 2775 MHz, 10251 MHz, 96.56 W, 480.00 W, 974 MiB
2026/10/09 01:50:52.379, 1, GPU-81ac6e96-0bfe-390d-beb1-241466569d6b, 0 %, 0 %, 39, 210 MHz, 405 MHz, 31.83 W, 480.00 W, 974 MiB
2026/10/09 01:50:53.380, 0, GPU-6c849b47-7111-9265-9d42-ff8eddc05a2d, 0 %, 0 %, 46, 2625 MHz, 10251 MHz, 85.93 W, 480.00 W, 974 MiB
2026/10/09 01:50:53.380, 1, GPU-81ac6e96-0bfe-390d-beb1-241466569d6b, 0 %, 0 %, 39, 210 MHz, 405 MHz, 31.54 W, 480.00 W, 974 MiB
2026/10/09 01:50:54.381, 0, GPU-6c849b47-7111-9265-9d42-ff8eddc05a2d, 0 %, 0 %, 46, 2625 MHz, 10251 MHz, 84.20 W, 480.00 W, 974 MiB
2026/10/09 01:50:54.381, 1, GPU-81ac6e96-0bfe-390d-beb1-241466569d6b, 0 %, 0 %, 38, 210 MHz, 405 MHz, 31.46 W, 480.00 W, 974 MiB
2026/10/09 01:50:55.382, 0, GPU-6c849b47-7111-9265-9d42-ff8eddc05a2d, 0 %, 0 %, 45, 2625 MHz, 10251 MHz, 83.17 W, 480.00 W, 974 MiB
2026/10/09 01:50:55.382, 1, GPU-81ac6e96-0bfe-390d-beb1-241466569d6b, 0 %, 0 %, 38, 210 MHz, 405 MHz, 31.54 W, 480.00 W, 974 MiB
2026/10/09 01:50:56.383, 0, GPU-6c849b47-7111-9265-9d42-ff8eddc05a2d, 100 %, 0 %, 47, 2790 MHz, 10251 MHz, 89.67 W, 480.00 W, 974 MiB
2026/10/09 01:50:56.383, 1, GPU-81ac6e96-0bfe-390d-beb1-241466569d6b, 0 %, 0 %, 38, 210 MHz, 405 MHz, 31.64 W, 480.00 W, 974 MiB
2026/10/09 01:50:57.384, 0, GPU-6c849b47-7111-9265-9d42-ff8eddc05a2d, 100 %, 0 %, 47, 2790 MHz, 10251 MHz, 111.47 W, 480.00 W, 974 MiB
2026/10/09 01:50:57.384, 1, GPU-81ac6e96-0bfe-390d-beb1-241466569d6b, 0 %, 0 %, 38, 210 MHz, 405 MHz, 31.71 W, 480.00 W, 974 MiB
2026/10/09 01:50:58.384, 0, GPU-6c849b47-7111-9265-9d42-ff8eddc05a2d, 100 %, 0 %, 47, 2790 MHz, 10251 MHz, 111.15 W, 480.00 W, 974 MiB
2026/10/09 01:50:58.385, 1, GPU-81ac6e96-0bfe-390d-beb1-241466569d6b, 0 %, 0 %, 38, 210 MHz, 405 MHz, 31.69 W, 480.00 W, 974 MiB
2026/10/09 01:50:59.385, 0, GPU-6c849b47-7111-9265-9d42-ff8eddc05a2d, 100 %, 0 %, 59, 2775 MHz, 10251 MHz, 177.36 W, 480.00 W, 974 MiB
2026/10/09 01:50:59.386, 1, GPU-81ac6e96-0bfe-390d-beb1-241466569d6b, 0 %, 0 %, 38, 210 MHz, 405 MHz, 31.72 W, 480.00 W, 974 MiB
2026/10/09 01:51:00.386, 0, GPU-6c849b47-7111-9265-9d42-ff8eddc05a2d, 100 %, 0 %, 69, 2640 MHz, 10251 MHz, 454.87 W, 480.00 W, 974 MiB
2026/10/09 01:51:00.387, 1, GPU-81ac6e96-0bfe-390d-beb1-241466569d6b, 0 %, 0 %, 38, 210 MHz, 405 MHz, 31.70 W, 480.00 W, 974 MiB
2026/10/09 01:51:01.388, 0, GPU-6c849b47-7111-9265-9d42-ff8eddc05a2d, 100 %, 0 %, 69, 2625 MHz, 10251 MHz, 477.05 W, 480.00 W, 974 MiB
2026/10/09 01:51:01.388, 1, GPU-81ac6e96-0bfe-390d-beb1-241466569d6b, 0 %, 0 %, 38, 210 MHz, 405 MHz, 31.62 W, 480.00 W, 974 MiB
2026/10/09 01:51:02.388, 0, GPU-6c849b47-7111-9265-9d42-ff8eddc05a2d, 100 %, 0 %, 71, 2670 MHz, 10251 MHz, 427.11 W, 480.00 W, 974 MiB
2026/10/09 01:51:02.389, 1, GPU-81ac6e96-0bfe-390d-beb1-241466569d6b, 0 %, 0 %, 38, 210 MHz, 405 MHz, 31.54 W, 480.00 W, 974 MiB
2026/10/09 01:51:03.390, 0, GPU-6c849b47-7111-9265-9d42-ff8eddc05a2d, 100 %, 0 %, 71, 2655 MHz, 10251 MHz, 482.04 W, 480.00 W, 974 MiB
2026/10/09 01:51:03.390, 1, GPU-81ac6e96-0bfe-390d-beb1-241466569d6b, 0 %, 0 %, 38, 210 MHz, 405 MHz, 31.64 W, 480.00 W, 974 MiB
2026/10/09 01:51:04.390, 0, GPU-6c849b47-7111-9265-9d42-ff8eddc05a2d, 100 %, 0 %, 71, 2745 MHz, 10251 MHz, 479.74 W, 480.00 W, 974 MiB
2026/10/09 01:51:04.391, 1, GPU-81ac6e96-0bfe-390d-beb1-241466569d6b, 0 %, 0 %, 38, 210 MHz, 405 MHz, 31.65 W, 480.00 W, 974 MiB
2026/10/09 01:51:05.391, 0, GPU-6c849b47-7111-9265-9d42-ff8eddc05a2d, 100 %, 0 %, 72, 2700 MHz, 10251 MHz, 457.74 W, 480.00 W, 974 MiB
2026/10/09 01:51:05.392, 1, GPU-81ac6e96-0bfe-390d-beb1-241466569d6b, 0 %, 0 %, 38, 210 MHz, 405 MHz, 31.40 W, 480.00 W, 974 MiB
2026/10/09 01:51:06.393, 0, GPU-6c849b47-7111-9265-9d42-ff8eddc05a2d, 100 %, 0 %, 72, 2700 MHz, 10251 MHz, 481.63 W, 480.00 W, 974 MiB
2026/10/09 01:51:06.393, 1, GPU-81ac6e96-0bfe-390d-beb1-241466569d6b, 0 %, 0 %, 38, 210 MHz, 405 MHz, 31.41 W, 480.00 W, 974 MiB
2026/10/09 01:51:07.394, 0, GPU-6c849b47-7111-9265-9d42-ff8eddc05a2d, 100 %, 0 %, 65, 2760 MHz, 10251 MHz, 462.04 W, 480.00 W, 974 MiB
2026/10/09 01:51:07.394, 1, GPU-81ac6e96-0bfe-390d-beb1-241466569d6b, 0 %, 0 %, 38, 210 MHz, 405 MHz, 31.62 W, 480.00 W, 974 MiB
2026/10/09 01:51:08.395, 0, GPU-6c849b47-7111-9265-9d42-ff8eddc05a2d, 100 %, 0 %, 71, 2640 MHz, 10251 MHz, 461.05 W, 480.00 W, 974 MiB
2026/10/09 01:51:08.395, 1, GPU-81ac6e96-0bfe-390d-beb1-241466569d6b, 0 %, 0 %, 38, 210 MHz, 405 MHz, 31.58 W, 480.00 W, 974 MiB
2026/10/09 01:51:09.395, 0, GPU-6c849b47-7111-9265-9d42-ff8eddc05a2d, 100 %, 0 %, 71, 2670 MHz, 10251 MHz, 479.85 W, 480.00 W, 974 MiB
2026/10/09 01:51:09.396, 1, GPU-81ac6e96-0bfe-390d-beb1-241466569d6b, 0 %, 0 %, 38, 210 MHz, 405 MHz, 31.46 W, 480.00 W, 974 MiB
2026/10/09 01:51:10.396, 0, GPU-6c849b47-7111-9265-9d42-ff8eddc05a2d, 100 %, 0 %, 69, 2730 MHz, 10251 MHz, 422.44 W, 480.00 W, 974 MiB
2026/10/09 01:51:10.397, 1, GPU-81ac6e96-0bfe-390d-beb1-241466569d6b, 0 %, 0 %, 38, 210 MHz, 405 MHz, 31.48 W, 480.00 W, 974 MiB
2026/10/09 01:51:11.397, 0, GPU-6c849b47-7111-9265-9d42-ff8eddc05a2d, 100 %, 0 %, 71, 2655 MHz, 10251 MHz, 487.32 W, 480.00 W, 974 MiB
2026/10/09 01:51:11.429, 1, GPU-81ac6e96-0bfe-390d-beb1-241466569d6b, 0 %, 0 %, 38, 210 MHz, 405 MHz, 31.35 W, 480.00 W, 974 MiB
2026/10/09 01:51:12.430, 0, GPU-6c849b47-7111-9265-9d42-ff8eddc05a2d, 100 %, 0 %, 71, 2655 MHz, 10251 MHz, 477.30 W, 480.00 W, 974 MiB
2026/10/09 01:51:12.430, 1, GPU-81ac6e96-0bfe-390d-beb1-241466569d6b, 0 %, 0 %, 38, 210 MHz, 405 MHz, 31.16 W, 480.00 W, 974 MiB
2026/10/09 01:51:13.431, 0, GPU-6c849b47-7111-9265-9d42-ff8eddc05a2d, 100 %, 0 %, 71, 2730 MHz, 10251 MHz, 431.28 W, 480.00 W, 974 MiB
2026/10/09 01:51:13.431, 1, GPU-81ac6e96-0bfe-390d-beb1-241466569d6b, 0 %, 0 %, 38, 210 MHz, 405 MHz, 31.04 W, 480.00 W, 974 MiB
2026/10/09 01:51:14.432, 0, GPU-6c849b47-7111-9265-9d42-ff8eddc05a2d, 100 %, 0 %, 71, 2715 MHz, 10251 MHz, 483.05 W, 480.00 W, 974 MiB
2026/10/09 01:51:14.432, 1, GPU-81ac6e96-0bfe-390d-beb1-241466569d6b, 0 %, 0 %, 38, 210 MHz, 405 MHz, 31.20 W, 480.00 W, 974 MiB
2026/10/09 01:51:15.432, 0, GPU-6c849b47-7111-9265-9d42-ff8eddc05a2d, 100 %, 0 %, 70, 2715 MHz, 10251 MHz, 478.72 W, 480.00 W, 974 MiB
2026/10/09 01:51:15.433, 1, GPU-81ac6e96-0bfe-390d-beb1-241466569d6b, 0 %, 0 %, 38, 210 MHz, 405 MHz, 31.52 W, 480.00 W, 974 MiB
2026/10/09 01:51:16.433, 0, GPU-6c849b47-7111-9265-9d42-ff8eddc05a2d, 100 %, 0 %, 71, 2730 MHz, 10251 MHz, 436.81 W, 480.00 W, 974 MiB
2026/10/09 01:51:16.434, 1, GPU-81ac6e96-0bfe-390d-beb1-241466569d6b, 0 %, 0 %, 38, 210 MHz, 405 MHz, 31.17 W, 480.00 W, 974 MiB
2026/10/09 01:51:17.434, 0, GPU-6c849b47-7111-9265-9d42-ff8eddc05a2d, 100 %, 0 %, 72, 2730 MHz, 10251 MHz, 479.75 W, 480.00 W, 974 MiB
2026/10/09 01:51:17.435, 1, GPU-81ac6e96-0bfe-390d-beb1-241466569d6b, 0 %, 0 %, 38, 210 MHz, 405 MHz, 29.02 W, 480.00 W, 974 MiB
2026/10/09 01:51:18.435, 0, GPU-6c849b47-7111-9265-9d42-ff8eddc05a2d, 100 %, 0 %, 63, 2760 MHz, 10251 MHz, 451.15 W, 480.00 W, 974 MiB
2026/10/09 01:51:18.436, 1, GPU-81ac6e96-0bfe-390d-beb1-241466569d6b, 0 %, 0 %, 38, 210 MHz, 405 MHz, 27.00 W, 480.00 W, 974 MiB
2026/10/09 01:51:19.436, 0, GPU-6c849b47-7111-9265-9d42-ff8eddc05a2d, 0 %, 0 %, 49, 2775 MHz, 10251 MHz, 126.23 W, 480.00 W, 974 MiB
2026/10/09 01:51:19.437, 1, GPU-81ac6e96-0bfe-390d-beb1-241466569d6b, 0 %, 0 %, 39, 210 MHz, 405 MHz, 26.70 W, 480.00 W, 974 MiB
2026/10/09 01:51:20.437, 0, GPU-6c849b47-7111-9265-9d42-ff8eddc05a2d, 100 %, 0 %, 65, 2775 MHz, 10251 MHz, 229.30 W, 480.00 W, 974 MiB
2026/10/09 01:51:20.438, 1, GPU-81ac6e96-0bfe-390d-beb1-241466569d6b, 0 %, 0 %, 39, 210 MHz, 405 MHz, 26.70 W, 480.00 W, 974 MiB
2026/10/09 01:51:21.439, 0, GPU-6c849b47-7111-9265-9d42-ff8eddc05a2d, 100 %, 0 %, 68, 2760 MHz, 10251 MHz, 478.23 W, 480.00 W, 974 MiB
2026/10/09 01:51:21.439, 1, GPU-81ac6e96-0bfe-390d-beb1-241466569d6b, 0 %, 0 %, 39, 210 MHz, 405 MHz, 26.90 W, 480.00 W, 974 MiB
2026/10/09 01:51:22.439, 0, GPU-6c849b47-7111-9265-9d42-ff8eddc05a2d, 100 %, 0 %, 67, 2760 MHz, 10251 MHz, 471.97 W, 480.00 W, 974 MiB
2026/10/09 01:51:22.440, 1, GPU-81ac6e96-0bfe-390d-beb1-241466569d6b, 0 %, 0 %, 39, 210 MHz, 405 MHz, 27.14 W, 480.00 W, 974 MiB
2026/10/09 01:51:23.454, 0, GPU-6c849b47-7111-9265-9d42-ff8eddc05a2d, 100 %, 0 %, 73, 2670 MHz, 10251 MHz, 428.39 W, 480.00 W, 974 MiB
2026/10/09 01:51:23.454, 1, GPU-81ac6e96-0bfe-390d-beb1-241466569d6b, 0 %, 0 %, 39, 210 MHz, 405 MHz, 27.23 W, 480.00 W, 974 MiB
2026/10/09 01:51:24.455, 0, GPU-6c849b47-7111-9265-9d42-ff8eddc05a2d, 100 %, 0 %, 72, 2625 MHz, 10251 MHz, 481.83 W, 480.00 W, 974 MiB
2026/10/09 01:51:24.455, 1, GPU-81ac6e96-0bfe-390d-beb1-241466569d6b, 0 %, 0 %, 39, 210 MHz, 405 MHz, 27.19 W, 480.00 W, 974 MiB
2026/10/09 01:51:25.456, 0, GPU-6c849b47-7111-9265-9d42-ff8eddc05a2d, 100 %, 0 %, 67, 2760 MHz, 10251 MHz, 469.74 W, 480.00 W, 974 MiB
2026/10/09 01:51:25.456, 1, GPU-81ac6e96-0bfe-390d-beb1-241466569d6b, 0 %, 0 %, 39, 210 MHz, 405 MHz, 27.26 W, 480.00 W, 974 MiB
2026/10/09 01:51:26.456, 0, GPU-6c849b47-7111-9265-9d42-ff8eddc05a2d, 100 %, 0 %, 71, 2640 MHz, 10251 MHz, 463.66 W, 480.00 W, 974 MiB
2026/10/09 01:51:26.457, 1, GPU-81ac6e96-0bfe-390d-beb1-241466569d6b, 0 %, 0 %, 39, 210 MHz, 405 MHz, 27.32 W, 480.00 W, 974 MiB
2026/10/09 01:51:27.457, 0, GPU-6c849b47-7111-9265-9d42-ff8eddc05a2d, 100 %, 0 %, 71, 2655 MHz, 10251 MHz, 478.91 W, 480.00 W, 974 MiB
2026/10/09 01:51:27.457, 1, GPU-81ac6e96-0bfe-390d-beb1-241466569d6b, 0 %, 0 %, 39, 210 MHz, 405 MHz, 27.41 W, 480.00 W, 974 MiB
2026/10/09 01:51:28.458, 0, GPU-6c849b47-7111-9265-9d42-ff8eddc05a2d, 100 %, 0 %, 68, 2715 MHz, 10251 MHz, 430.49 W, 480.00 W, 974 MiB
2026/10/09 01:51:28.475, 1, GPU-81ac6e96-0bfe-390d-beb1-241466569d6b, 0 %, 0 %, 39, 210 MHz, 405 MHz, 26.99 W, 480.00 W, 974 MiB
2026/10/09 01:51:29.475, 0, GPU-6c849b47-7111-9265-9d42-ff8eddc05a2d, 100 %, 0 %, 71, 2640 MHz, 10251 MHz, 475.15 W, 480.00 W, 974 MiB
2026/10/09 01:51:29.476, 1, GPU-81ac6e96-0bfe-390d-beb1-241466569d6b, 0 %, 0 %, 39, 210 MHz, 405 MHz, 26.93 W, 480.00 W, 974 MiB
2026/10/09 01:51:30.476, 0, GPU-6c849b47-7111-9265-9d42-ff8eddc05a2d, 100 %, 0 %, 71, 2655 MHz, 10251 MHz, 477.33 W, 480.00 W, 974 MiB
2026/10/09 01:51:30.477, 1, GPU-81ac6e96-0bfe-390d-beb1-241466569d6b, 0 %, 0 %, 39, 210 MHz, 405 MHz, 27.13 W, 480.00 W, 974 MiB
2026/10/09 01:51:31.477, 0, GPU-6c849b47-7111-9265-9d42-ff8eddc05a2d, 100 %, 0 %, 71, 2730 MHz, 10251 MHz, 433.87 W, 480.00 W, 974 MiB
2026/10/09 01:51:31.477, 1, GPU-81ac6e96-0bfe-390d-beb1-241466569d6b, 0 %, 0 %, 39, 210 MHz, 405 MHz, 27.18 W, 480.00 W, 974 MiB
2026/10/09 01:51:32.478, 0, GPU-6c849b47-7111-9265-9d42-ff8eddc05a2d, 100 %, 0 %, 70, 2670 MHz, 10251 MHz, 486.77 W, 480.00 W, 974 MiB
2026/10/09 01:51:32.478, 1, GPU-81ac6e96-0bfe-390d-beb1-241466569d6b, 0 %, 0 %, 39, 210 MHz, 405 MHz, 27.17 W, 480.00 W, 974 MiB
2026/10/09 01:51:33.479, 0, GPU-6c849b47-7111-9265-9d42-ff8eddc05a2d, 100 %, 0 %, 70, 2670 MHz, 10251 MHz, 477.58 W, 480.00 W, 974 MiB
2026/10/09 01:51:33.479, 1, GPU-81ac6e96-0bfe-390d-beb1-241466569d6b, 0 %, 0 %, 39, 210 MHz, 405 MHz, 27.18 W, 480.00 W, 974 MiB
2026/10/09 01:51:34.480, 0, GPU-6c849b47-7111-9265-9d42-ff8eddc05a2d, 100 %, 0 %, 72, 2745 MHz, 10251 MHz, 433.00 W, 480.00 W, 974 MiB
2026/10/09 01:51:34.480, 1, GPU-81ac6e96-0bfe-390d-beb1-241466569d6b, 0 %, 0 %, 39, 210 MHz, 405 MHz, 27.18 W, 480.00 W, 974 MiB
2026/10/09 01:51:35.481, 0, GPU-6c849b47-7111-9265-9d42-ff8eddc05a2d, 100 %, 0 %, 72, 2715 MHz, 10251 MHz, 481.31 W, 480.00 W, 974 MiB
2026/10/09 01:51:35.481, 1, GPU-81ac6e96-0bfe-390d-beb1-241466569d6b, 0 %, 0 %, 39, 210 MHz, 405 MHz, 27.29 W, 480.00 W, 974 MiB
2026/10/09 01:51:36.482, 0, GPU-6c849b47-7111-9265-9d42-ff8eddc05a2d, 100 %, 0 %, 68, 2760 MHz, 10251 MHz, 472.14 W, 480.00 W, 974 MiB
2026/10/09 01:51:36.482, 1, GPU-81ac6e96-0bfe-390d-beb1-241466569d6b, 0 %, 0 %, 39, 210 MHz, 405 MHz, 27.30 W, 480.00 W, 974 MiB
2026/10/09 01:51:37.483, 0, GPU-6c849b47-7111-9265-9d42-ff8eddc05a2d, 100 %, 0 %, 72, 2745 MHz, 10251 MHz, 440.24 W, 480.00 W, 974 MiB
2026/10/09 01:51:37.483, 1, GPU-81ac6e96-0bfe-390d-beb1-241466569d6b, 0 %, 0 %, 39, 210 MHz, 405 MHz, 27.30 W, 480.00 W, 974 MiB
2026/10/09 01:51:38.484, 0, GPU-6c849b47-7111-9265-9d42-ff8eddc05a2d, 100 %, 0 %, 72, 2715 MHz, 10251 MHz, 479.86 W, 480.00 W, 974 MiB
2026/10/09 01:51:38.484, 1, GPU-81ac6e96-0bfe-390d-beb1-241466569d6b, 0 %, 0 %, 39, 210 MHz, 405 MHz, 27.40 W, 480.00 W, 974 MiB
2026/10/09 01:51:39.485, 0, GPU-6c849b47-7111-9265-9d42-ff8eddc05a2d, 45 %, 0 %, 55, 2760 MHz, 10251 MHz, 405.04 W, 480.00 W, 974 MiB
2026/10/09 01:51:39.485, 1, GPU-81ac6e96-0bfe-390d-beb1-241466569d6b, 0 %, 0 %, 39, 210 MHz, 405 MHz, 27.41 W, 480.00 W, 974 MiB
2026/10/09 01:51:40.499, 0, GPU-6c849b47-7111-9265-9d42-ff8eddc05a2d, 0 %, 0 %, 48, 2790 MHz, 10251 MHz, 100.21 W, 480.00 W, 974 MiB
2026/10/09 01:51:40.500, 1, GPU-81ac6e96-0bfe-390d-beb1-241466569d6b, 0 %, 0 %, 39, 210 MHz, 405 MHz, 27.24 W, 480.00 W, 974 MiB
2026/10/09 01:51:41.500, 0, GPU-6c849b47-7111-9265-9d42-ff8eddc05a2d, 100 %, 0 %, 68, 2760 MHz, 10251 MHz, 263.30 W, 480.00 W, 974 MiB
2026/10/09 01:51:41.501, 1, GPU-81ac6e96-0bfe-390d-beb1-241466569d6b, 0 %, 0 %, 39, 210 MHz, 405 MHz, 27.18 W, 480.00 W, 974 MiB
2026/10/09 01:51:42.501, 0, GPU-6c849b47-7111-9265-9d42-ff8eddc05a2d, 100 %, 0 %, 69, 2760 MHz, 10251 MHz, 479.87 W, 480.00 W, 974 MiB
2026/10/09 01:51:42.502, 1, GPU-81ac6e96-0bfe-390d-beb1-241466569d6b, 0 %, 0 %, 39, 210 MHz, 405 MHz, 27.18 W, 480.00 W, 974 MiB
2026/10/09 01:51:43.502, 0, GPU-6c849b47-7111-9265-9d42-ff8eddc05a2d, 100 %, 0 %, 62, 2760 MHz, 10251 MHz, 460.86 W, 480.00 W, 974 MiB
2026/10/09 01:51:43.503, 1, GPU-81ac6e96-0bfe-390d-beb1-241466569d6b, 0 %, 0 %, 39, 210 MHz, 405 MHz, 27.20 W, 480.00 W, 974 MiB
2026/10/09 01:51:44.503, 0, GPU-6c849b47-7111-9265-9d42-ff8eddc05a2d, 100 %, 0 %, 72, 2595 MHz, 10251 MHz, 435.29 W, 480.00 W, 974 MiB
2026/10/09 01:51:44.503, 1, GPU-81ac6e96-0bfe-390d-beb1-241466569d6b, 0 %, 0 %, 39, 210 MHz, 405 MHz, 27.09 W, 480.00 W, 974 MiB
2026/10/09 01:51:45.504, 0, GPU-6c849b47-7111-9265-9d42-ff8eddc05a2d, 100 %, 0 %, 72, 2610 MHz, 10251 MHz, 480.91 W, 480.00 W, 974 MiB
2026/10/09 01:51:45.505, 1, GPU-81ac6e96-0bfe-390d-beb1-241466569d6b, 0 %, 0 %, 39, 210 MHz, 405 MHz, 26.92 W, 480.00 W, 974 MiB
2026/10/09 01:51:46.505, 0, GPU-6c849b47-7111-9265-9d42-ff8eddc05a2d, 100 %, 0 %, 63, 2760 MHz, 10251 MHz, 451.95 W, 480.00 W, 974 MiB
2026/10/09 01:51:46.506, 1, GPU-81ac6e96-0bfe-390d-beb1-241466569d6b, 0 %, 0 %, 39, 210 MHz, 405 MHz, 27.02 W, 480.00 W, 974 MiB
2026/10/09 01:51:47.506, 0, GPU-6c849b47-7111-9265-9d42-ff8eddc05a2d, 100 %, 0 %, 71, 2640 MHz, 10251 MHz, 468.65 W, 480.00 W, 974 MiB
2026/10/09 01:51:47.507, 1, GPU-81ac6e96-0bfe-390d-beb1-241466569d6b, 0 %, 0 %, 39, 210 MHz, 405 MHz, 27.05 W, 480.00 W, 974 MiB
2026/10/09 01:51:48.507, 0, GPU-6c849b47-7111-9265-9d42-ff8eddc05a2d, 100 %, 0 %, 71, 2640 MHz, 10251 MHz, 477.22 W, 480.00 W, 974 MiB
2026/10/09 01:51:48.508, 1, GPU-81ac6e96-0bfe-390d-beb1-241466569d6b, 0 %, 0 %, 39, 210 MHz, 405 MHz, 27.08 W, 480.00 W, 974 MiB
2026/10/09 01:51:49.508, 0, GPU-6c849b47-7111-9265-9d42-ff8eddc05a2d, 100 %, 0 %, 70, 2715 MHz, 10251 MHz, 429.78 W, 480.00 W, 974 MiB
2026/10/09 01:51:49.508, 1, GPU-81ac6e96-0bfe-390d-beb1-241466569d6b, 0 %, 0 %, 39, 210 MHz, 405 MHz, 27.11 W, 480.00 W, 974 MiB
2026/10/09 01:51:50.509, 0, GPU-6c849b47-7111-9265-9d42-ff8eddc05a2d, 100 %, 0 %, 70, 2655 MHz, 10251 MHz, 490.82 W, 480.00 W, 974 MiB
2026/10/09 01:51:50.509, 1, GPU-81ac6e96-0bfe-390d-beb1-241466569d6b, 0 %, 0 %, 39, 210 MHz, 405 MHz, 27.07 W, 480.00 W, 974 MiB
2026/10/09 01:51:51.510, 0, GPU-6c849b47-7111-9265-9d42-ff8eddc05a2d, 100 %, 0 %, 71, 2640 MHz, 10251 MHz, 477.89 W, 480.00 W, 974 MiB
2026/10/09 01:51:51.510, 1, GPU-81ac6e96-0bfe-390d-beb1-241466569d6b, 0 %, 0 %, 39, 210 MHz, 405 MHz, 27.20 W, 480.00 W, 974 MiB
2026/10/09 01:51:52.511, 0, GPU-6c849b47-7111-9265-9d42-ff8eddc05a2d, 100 %, 0 %, 72, 2730 MHz, 10251 MHz, 437.44 W, 480.00 W, 974 MiB
2026/10/09 01:51:52.511, 1, GPU-81ac6e96-0bfe-390d-beb1-241466569d6b, 0 %, 0 %, 39, 210 MHz, 405 MHz, 27.38 W, 480.00 W, 974 MiB
2026/10/09 01:51:53.512, 0, GPU-6c849b47-7111-9265-9d42-ff8eddc05a2d, 100 %, 0 %, 71, 2700 MHz, 10251 MHz, 484.62 W, 480.00 W, 974 MiB
2026/10/09 01:51:53.512, 1, GPU-81ac6e96-0bfe-390d-beb1-241466569d6b, 0 %, 0 %, 39, 210 MHz, 405 MHz, 27.44 W, 480.00 W, 974 MiB
2026/10/09 01:51:54.513, 0, GPU-6c849b47-7111-9265-9d42-ff8eddc05a2d, 100 %, 0 %, 71, 2745 MHz, 10251 MHz, 478.45 W, 480.00 W, 974 MiB
2026/10/09 01:51:54.513, 1, GPU-81ac6e96-0bfe-390d-beb1-241466569d6b, 0 %, 0 %, 39, 210 MHz, 405 MHz, 27.42 W, 480.00 W, 974 MiB
2026/10/09 01:51:55.514, 0, GPU-6c849b47-7111-9265-9d42-ff8eddc05a2d, 100 %, 0 %, 72, 2730 MHz, 10251 MHz, 440.58 W, 480.00 W, 974 MiB
2026/10/09 01:51:55.514, 1, GPU-81ac6e96-0bfe-390d-beb1-241466569d6b, 0 %, 0 %, 39, 210 MHz, 405 MHz, 27.46 W, 480.00 W, 974 MiB
2026/10/09 01:51:56.515, 0, GPU-6c849b47-7111-9265-9d42-ff8eddc05a2d, 100 %, 0 %, 72, 2730 MHz, 10251 MHz, 481.08 W, 480.00 W, 974 MiB
2026/10/09 01:51:56.515, 1, GPU-81ac6e96-0bfe-390d-beb1-241466569d6b, 0 %, 0 %, 39, 210 MHz, 405 MHz, 27.54 W, 480.00 W, 974 MiB
2026/10/09 01:51:57.546, 0, GPU-6c849b47-7111-9265-9d42-ff8eddc05a2d, 100 %, 0 %, 64, 2760 MHz, 10251 MHz, 457.31 W, 480.00 W, 974 MiB
2026/10/09 01:51:57.547, 1, GPU-81ac6e96-0bfe-390d-beb1-241466569d6b, 0 %, 0 %, 39, 210 MHz, 405 MHz, 27.61 W, 480.00 W, 974 MiB
2026/10/09 01:51:58.547, 0, GPU-6c849b47-7111-9265-9d42-ff8eddc05a2d, 100 %, 0 %, 71, 2685 MHz, 10251 MHz, 450.67 W, 480.00 W, 974 MiB
2026/10/09 01:51:58.548, 1, GPU-81ac6e96-0bfe-390d-beb1-241466569d6b, 0 %, 0 %, 39, 210 MHz, 405 MHz, 27.59 W, 480.00 W, 974 MiB
2026/10/09 01:51:59.548, 0, GPU-6c849b47-7111-9265-9d42-ff8eddc05a2d, 100 %, 0 %, 72, 2670 MHz, 10251 MHz, 479.45 W, 480.00 W, 974 MiB
2026/10/09 01:51:59.549, 1, GPU-81ac6e96-0bfe-390d-beb1-241466569d6b, 0 %, 0 %, 39, 210 MHz, 405 MHz, 27.59 W, 480.00 W, 974 MiB
2026/10/09 01:52:00.549, 0, GPU-6c849b47-7111-9265-9d42-ff8eddc05a2d, 0 %, 0 %, 53, 2775 MHz, 10251 MHz, 364.10 W, 480.00 W, 974 MiB
2026/10/09 01:52:00.550, 1, GPU-81ac6e96-0bfe-390d-beb1-241466569d6b, 0 %, 0 %, 39, 210 MHz, 405 MHz, 27.52 W, 480.00 W, 974 MiB
2026/10/09 01:52:01.550, 0, GPU-6c849b47-7111-9265-9d42-ff8eddc05a2d, 0 %, 0 %, 48, 2775 MHz, 10251 MHz, 97.87 W, 480.00 W, 974 MiB
2026/10/09 01:52:01.551, 1, GPU-81ac6e96-0bfe-390d-beb1-241466569d6b, 0 %, 0 %, 39, 210 MHz, 405 MHz, 27.50 W, 480.00 W, 974 MiB
2026/10/09 01:52:02.551, 0, GPU-6c849b47-7111-9265-9d42-ff8eddc05a2d, 100 %, 0 %, 69, 2700 MHz, 10251 MHz, 302.15 W, 480.00 W, 974 MiB
2026/10/09 01:52:02.551, 1, GPU-81ac6e96-0bfe-390d-beb1-241466569d6b, 0 %, 0 %, 39, 210 MHz, 405 MHz, 27.64 W, 480.00 W, 974 MiB
2026/10/09 01:52:03.552, 0, GPU-6c849b47-7111-9265-9d42-ff8eddc05a2d, 100 %, 0 %, 70, 2760 MHz, 10251 MHz, 480.38 W, 480.00 W, 974 MiB
2026/10/09 01:52:03.552, 1, GPU-81ac6e96-0bfe-390d-beb1-241466569d6b, 0 %, 0 %, 39, 210 MHz, 405 MHz, 27.68 W, 480.00 W, 974 MiB
2026/10/09 01:52:04.553, 0, GPU-6c849b47-7111-9265-9d42-ff8eddc05a2d, 100 %, 0 %, 57, 2760 MHz, 10251 MHz, 440.42 W, 480.00 W, 974 MiB
2026/10/09 01:52:04.553, 1, GPU-81ac6e96-0bfe-390d-beb1-241466569d6b, 0 %, 0 %, 39, 210 MHz, 405 MHz, 27.64 W, 480.00 W, 974 MiB
2026/10/09 01:52:05.554, 0, GPU-6c849b47-7111-9265-9d42-ff8eddc05a2d, 100 %, 0 %, 71, 2595 MHz, 10251 MHz, 445.40 W, 480.00 W, 974 MiB
2026/10/09 01:52:05.554, 1, GPU-81ac6e96-0bfe-390d-beb1-241466569d6b, 0 %, 0 %, 39, 210 MHz, 405 MHz, 27.47 W, 480.00 W, 974 MiB
2026/10/09 01:52:06.555, 0, GPU-6c849b47-7111-9265-9d42-ff8eddc05a2d, 100 %, 0 %, 71, 2595 MHz, 10251 MHz, 477.85 W, 480.00 W, 974 MiB
2026/10/09 01:52:06.556, 1, GPU-81ac6e96-0bfe-390d-beb1-241466569d6b, 0 %, 0 %, 39, 210 MHz, 405 MHz, 27.48 W, 480.00 W, 974 MiB
2026/10/09 01:52:07.556, 0, GPU-6c849b47-7111-9265-9d42-ff8eddc05a2d, 100 %, 0 %, 68, 2760 MHz, 10251 MHz, 438.29 W, 480.00 W, 974 MiB
2026/10/09 01:52:07.556, 1, GPU-81ac6e96-0bfe-390d-beb1-241466569d6b, 0 %, 0 %, 39, 210 MHz, 405 MHz, 27.60 W, 480.00 W, 974 MiB
2026/10/09 01:52:08.557, 0, GPU-6c849b47-7111-9265-9d42-ff8eddc05a2d, 100 %, 0 %, 71, 2625 MHz, 10251 MHz, 480.84 W, 480.00 W, 974 MiB
2026/10/09 01:52:08.557, 1, GPU-81ac6e96-0bfe-390d-beb1-241466569d6b, 0 %, 0 %, 39, 210 MHz, 405 MHz, 27.48 W, 480.00 W, 974 MiB
2026/10/09 01:52:09.558, 0, GPU-6c849b47-7111-9265-9d42-ff8eddc05a2d, 100 %, 0 %, 71, 2640 MHz, 10251 MHz, 477.58 W, 480.00 W, 974 MiB
2026/10/09 01:52:09.558, 1, GPU-81ac6e96-0bfe-390d-beb1-241466569d6b, 0 %, 0 %, 39, 210 MHz, 405 MHz, 27.42 W, 480.00 W, 974 MiB
2026/10/09 01:52:10.559, 0, GPU-6c849b47-7111-9265-9d42-ff8eddc05a2d, 100 %, 0 %, 71, 2715 MHz, 10251 MHz, 432.07 W, 480.00 W, 974 MiB
2026/10/09 01:52:10.559, 1, GPU-81ac6e96-0bfe-390d-beb1-241466569d6b, 0 %, 0 %, 39, 210 MHz, 405 MHz, 27.54 W, 480.00 W, 974 MiB
2026/10/09 01:52:11.560, 0, GPU-6c849b47-7111-9265-9d42-ff8eddc05a2d, 100 %, 0 %, 70, 2655 MHz, 10251 MHz, 490.25 W, 480.00 W, 974 MiB
2026/10/09 01:52:11.561, 1, GPU-81ac6e96-0bfe-390d-beb1-241466569d6b, 0 %, 0 %, 39, 210 MHz, 405 MHz, 27.66 W, 480.00 W, 974 MiB
2026/10/09 01:52:12.561, 0, GPU-6c849b47-7111-9265-9d42-ff8eddc05a2d, 100 %, 0 %, 71, 2655 MHz, 10251 MHz, 477.77 W, 480.00 W, 974 MiB
2026/10/09 01:52:12.562, 1, GPU-81ac6e96-0bfe-390d-beb1-241466569d6b, 0 %, 0 %, 39, 210 MHz, 405 MHz, 27.59 W, 480.00 W, 974 MiB
2026/10/09 01:52:13.562, 0, GPU-6c849b47-7111-9265-9d42-ff8eddc05a2d, 100 %, 0 %, 72, 2730 MHz, 10251 MHz, 438.65 W, 480.00 W, 974 MiB
2026/10/09 01:52:13.594, 1, GPU-81ac6e96-0bfe-390d-beb1-241466569d6b, 0 %, 0 %, 39, 210 MHz, 405 MHz, 27.51 W, 480.00 W, 974 MiB
2026/10/09 01:52:14.595, 0, GPU-6c849b47-7111-9265-9d42-ff8eddc05a2d, 100 %, 0 %, 71, 2655 MHz, 10251 MHz, 476.93 W, 480.00 W, 974 MiB
2026/10/09 01:52:14.595, 1, GPU-81ac6e96-0bfe-390d-beb1-241466569d6b, 0 %, 0 %, 39, 210 MHz, 405 MHz, 27.48 W, 480.00 W, 974 MiB
2026/10/09 01:52:15.595, 0, GPU-6c849b47-7111-9265-9d42-ff8eddc05a2d, 100 %, 0 %, 71, 2730 MHz, 10251 MHz, 426.72 W, 480.00 W, 974 MiB
2026/10/09 01:52:15.596, 1, GPU-81ac6e96-0bfe-390d-beb1-241466569d6b, 0 %, 0 %, 39, 210 MHz, 405 MHz, 27.42 W, 480.00 W, 974 MiB
2026/10/09 01:52:16.596, 0, GPU-6c849b47-7111-9265-9d42-ff8eddc05a2d, 100 %, 0 %, 70, 2685 MHz, 10251 MHz, 487.55 W, 480.00 W, 974 MiB
2026/10/09 01:52:16.597, 1, GPU-81ac6e96-0bfe-390d-beb1-241466569d6b, 0 %, 0 %, 39, 210 MHz, 405 MHz, 27.42 W, 480.00 W, 974 MiB
2026/10/09 01:52:17.597, 0, GPU-6c849b47-7111-9265-9d42-ff8eddc05a2d, 100 %, 0 %, 71, 2700 MHz, 10251 MHz, 477.06 W, 480.00 W, 974 MiB
2026/10/09 01:52:17.598, 1, GPU-81ac6e96-0bfe-390d-beb1-241466569d6b, 0 %, 0 %, 39, 210 MHz, 405 MHz, 27.46 W, 480.00 W, 974 MiB
2026/10/09 01:52:18.598, 0, GPU-6c849b47-7111-9265-9d42-ff8eddc05a2d, 100 %, 0 %, 72, 2745 MHz, 10251 MHz, 432.35 W, 480.00 W, 974 MiB
2026/10/09 01:52:18.599, 1, GPU-81ac6e96-0bfe-390d-beb1-241466569d6b, 0 %, 0 %, 39, 210 MHz, 405 MHz, 27.59 W, 480.00 W, 974 MiB
2026/10/09 01:52:19.613, 0, GPU-6c849b47-7111-9265-9d42-ff8eddc05a2d, 100 %, 0 %, 72, 2730 MHz, 10251 MHz, 480.51 W, 480.00 W, 974 MiB
2026/10/09 01:52:19.613, 1, GPU-81ac6e96-0bfe-390d-beb1-241466569d6b, 0 %, 0 %, 39, 210 MHz, 405 MHz, 27.67 W, 480.00 W, 974 MiB
2026/10/09 01:52:20.614, 0, GPU-6c849b47-7111-9265-9d42-ff8eddc05a2d, 100 %, 0 %, 68, 2760 MHz, 10251 MHz, 472.18 W, 480.00 W, 974 MiB
2026/10/09 01:52:20.614, 1, GPU-81ac6e96-0bfe-390d-beb1-241466569d6b, 0 %, 0 %, 39, 210 MHz, 405 MHz, 27.60 W, 480.00 W, 974 MiB
2026/10/09 01:52:21.615, 0, GPU-6c849b47-7111-9265-9d42-ff8eddc05a2d, 0 %, 0 %, 49, 2775 MHz, 10251 MHz, 165.62 W, 480.00 W, 974 MiB
2026/10/09 01:52:21.616, 1, GPU-81ac6e96-0bfe-390d-beb1-241466569d6b, 0 %, 0 %, 39, 210 MHz, 405 MHz, 27.47 W, 480.00 W, 974 MiB
2026/10/09 01:52:22.616, 0, GPU-6c849b47-7111-9265-9d42-ff8eddc05a2d, 0 %, 0 %, 48, 2775 MHz, 10251 MHz, 96.72 W, 480.00 W, 974 MiB
2026/10/09 01:52:22.616, 1, GPU-81ac6e96-0bfe-390d-beb1-241466569d6b, 0 %, 0 %, 39, 210 MHz, 405 MHz, 27.50 W, 480.00 W, 974 MiB
2026/10/09 01:52:23.617, 0, GPU-6c849b47-7111-9265-9d42-ff8eddc05a2d, 0 %, 0 %, 47, 2625 MHz, 10251 MHz, 87.42 W, 480.00 W, 974 MiB
2026/10/09 01:52:23.617, 1, GPU-81ac6e96-0bfe-390d-beb1-241466569d6b, 0 %, 0 %, 39, 210 MHz, 405 MHz, 27.48 W, 480.00 W, 974 MiB
2026/10/09 01:52:24.618, 0, GPU-6c849b47-7111-9265-9d42-ff8eddc05a2d, 0 %, 0 %, 46, 2625 MHz, 10251 MHz, 85.17 W, 480.00 W, 974 MiB
2026/10/09 01:52:24.618, 1, GPU-81ac6e96-0bfe-390d-beb1-241466569d6b, 0 %, 0 %, 39, 210 MHz, 405 MHz, 27.37 W, 480.00 W, 974 MiB
2026/10/09 01:52:25.619, 0, GPU-6c849b47-7111-9265-9d42-ff8eddc05a2d, 0 %, 0 %, 46, 2625 MHz, 10251 MHz, 83.48 W, 480.00 W, 974 MiB
2026/10/09 01:52:25.619, 1, GPU-81ac6e96-0bfe-390d-beb1-241466569d6b, 0 %, 0 %, 39, 210 MHz, 405 MHz, 27.33 W, 480.00 W, 974 MiB
2026/10/09 01:52:26.620, 0, GPU-6c849b47-7111-9265-9d42-ff8eddc05a2d, 0 %, 0 %, 46, 2625 MHz, 10251 MHz, 82.94 W, 480.00 W, 974 MiB
2026/10/09 01:52:26.620, 1, GPU-81ac6e96-0bfe-390d-beb1-241466569d6b, 100 %, 0 %, 42, 2805 MHz, 10251 MHz, 65.45 W, 480.00 W, 974 MiB
2026/10/09 01:52:27.621, 0, GPU-6c849b47-7111-9265-9d42-ff8eddc05a2d, 0 %, 0 %, 45, 2625 MHz, 10251 MHz, 82.53 W, 480.00 W, 974 MiB
2026/10/09 01:52:27.623, 1, GPU-81ac6e96-0bfe-390d-beb1-241466569d6b, 100 %, 0 %, 44, 2805 MHz, 10251 MHz, 106.67 W, 480.00 W, 974 MiB
2026/10/09 01:52:28.625, 0, GPU-6c849b47-7111-9265-9d42-ff8eddc05a2d, 0 %, 0 %, 45, 2625 MHz, 10251 MHz, 82.24 W, 480.00 W, 974 MiB
2026/10/09 01:52:28.625, 1, GPU-81ac6e96-0bfe-390d-beb1-241466569d6b, 100 %, 0 %, 44, 2805 MHz, 10251 MHz, 106.73 W, 480.00 W, 974 MiB
2026/10/09 01:52:29.625, 0, GPU-6c849b47-7111-9265-9d42-ff8eddc05a2d, 0 %, 0 %, 45, 2625 MHz, 10251 MHz, 82.06 W, 480.00 W, 974 MiB
2026/10/09 01:52:29.626, 1, GPU-81ac6e96-0bfe-390d-beb1-241466569d6b, 100 %, 0 %, 51, 2790 MHz, 10251 MHz, 172.56 W, 480.00 W, 974 MiB
2026/10/09 01:52:30.626, 0, GPU-6c849b47-7111-9265-9d42-ff8eddc05a2d, 0 %, 0 %, 45, 2625 MHz, 10251 MHz, 81.92 W, 480.00 W, 974 MiB
2026/10/09 01:52:30.627, 1, GPU-81ac6e96-0bfe-390d-beb1-241466569d6b, 100 %, 0 %, 72, 2625 MHz, 10251 MHz, 446.37 W, 480.00 W, 974 MiB
2026/10/09 01:52:31.627, 0, GPU-6c849b47-7111-9265-9d42-ff8eddc05a2d, 0 %, 0 %, 45, 2625 MHz, 10251 MHz, 81.77 W, 480.00 W, 974 MiB
2026/10/09 01:52:31.627, 1, GPU-81ac6e96-0bfe-390d-beb1-241466569d6b, 100 %, 0 %, 65, 2655 MHz, 10251 MHz, 476.81 W, 480.00 W, 974 MiB
2026/10/09 01:52:32.628, 0, GPU-6c849b47-7111-9265-9d42-ff8eddc05a2d, 0 %, 0 %, 45, 2625 MHz, 10251 MHz, 81.74 W, 480.00 W, 974 MiB
2026/10/09 01:52:32.628, 1, GPU-81ac6e96-0bfe-390d-beb1-241466569d6b, 100 %, 0 %, 62, 2700 MHz, 10251 MHz, 421.29 W, 480.00 W, 974 MiB
2026/10/09 01:52:33.629, 0, GPU-6c849b47-7111-9265-9d42-ff8eddc05a2d, 0 %, 0 %, 45, 2625 MHz, 10251 MHz, 81.72 W, 480.00 W, 974 MiB
2026/10/09 01:52:33.629, 1, GPU-81ac6e96-0bfe-390d-beb1-241466569d6b, 100 %, 0 %, 61, 2685 MHz, 10251 MHz, 485.81 W, 480.00 W, 974 MiB
2026/10/09 01:52:34.630, 0, GPU-6c849b47-7111-9265-9d42-ff8eddc05a2d, 0 %, 0 %, 45, 2625 MHz, 10251 MHz, 81.61 W, 480.00 W, 974 MiB
2026/10/09 01:52:34.630, 1, GPU-81ac6e96-0bfe-390d-beb1-241466569d6b, 100 %, 0 %, 60, 2790 MHz, 10251 MHz, 479.03 W, 480.00 W, 974 MiB
2026/10/09 01:52:35.630, 0, GPU-6c849b47-7111-9265-9d42-ff8eddc05a2d, 0 %, 0 %, 45, 2625 MHz, 10251 MHz, 81.53 W, 480.00 W, 974 MiB
2026/10/09 01:52:35.631, 1, GPU-81ac6e96-0bfe-390d-beb1-241466569d6b, 100 %, 0 %, 62, 2745 MHz, 10251 MHz, 458.40 W, 480.00 W, 974 MiB
2026/10/09 01:52:36.631, 0, GPU-6c849b47-7111-9265-9d42-ff8eddc05a2d, 0 %, 0 %, 45, 2625 MHz, 10251 MHz, 81.51 W, 480.00 W, 974 MiB
2026/10/09 01:52:36.632, 1, GPU-81ac6e96-0bfe-390d-beb1-241466569d6b, 100 %, 0 %, 62, 2715 MHz, 10251 MHz, 482.06 W, 480.00 W, 974 MiB
2026/10/09 01:52:37.632, 0, GPU-6c849b47-7111-9265-9d42-ff8eddc05a2d, 0 %, 0 %, 45, 2625 MHz, 10251 MHz, 81.46 W, 480.00 W, 974 MiB
2026/10/09 01:52:37.633, 1, GPU-81ac6e96-0bfe-390d-beb1-241466569d6b, 100 %, 0 %, 54, 2790 MHz, 10251 MHz, 464.08 W, 480.00 W, 974 MiB
2026/10/09 01:52:38.633, 0, GPU-6c849b47-7111-9265-9d42-ff8eddc05a2d, 0 %, 0 %, 45, 2625 MHz, 10251 MHz, 81.43 W, 480.00 W, 974 MiB
2026/10/09 01:52:38.633, 1, GPU-81ac6e96-0bfe-390d-beb1-241466569d6b, 100 %, 0 %, 61, 2700 MHz, 10251 MHz, 453.07 W, 480.00 W, 974 MiB
2026/10/09 01:52:39.634, 0, GPU-6c849b47-7111-9265-9d42-ff8eddc05a2d, 0 %, 0 %, 44, 345 MHz, 810 MHz, 65.49 W, 480.00 W, 974 MiB
2026/10/09 01:52:39.634, 1, GPU-81ac6e96-0bfe-390d-beb1-241466569d6b, 100 %, 0 %, 61, 2700 MHz, 10251 MHz, 479.40 W, 480.00 W, 974 MiB
2026/10/09 01:52:40.635, 0, GPU-6c849b47-7111-9265-9d42-ff8eddc05a2d, 0 %, 0 %, 43, 225 MHz, 405 MHz, 45.30 W, 480.00 W, 974 MiB
2026/10/09 01:52:40.635, 1, GPU-81ac6e96-0bfe-390d-beb1-241466569d6b, 100 %, 0 %, 60, 2760 MHz, 10251 MHz, 428.75 W, 480.00 W, 974 MiB
2026/10/09 01:52:41.636, 0, GPU-6c849b47-7111-9265-9d42-ff8eddc05a2d, 0 %, 0 %, 43, 210 MHz, 405 MHz, 40.20 W, 480.00 W, 974 MiB
2026/10/09 01:52:41.636, 1, GPU-81ac6e96-0bfe-390d-beb1-241466569d6b, 100 %, 0 %, 60, 2715 MHz, 10251 MHz, 486.94 W, 480.00 W, 974 MiB
2026/10/09 01:52:42.636, 0, GPU-6c849b47-7111-9265-9d42-ff8eddc05a2d, 0 %, 0 %, 43, 210 MHz, 405 MHz, 39.28 W, 480.00 W, 974 MiB
2026/10/09 01:52:42.651, 1, GPU-81ac6e96-0bfe-390d-beb1-241466569d6b, 100 %, 0 %, 61, 2715 MHz, 10251 MHz, 477.88 W, 480.00 W, 974 MiB
2026/10/09 01:52:43.651, 0, GPU-6c849b47-7111-9265-9d42-ff8eddc05a2d, 0 %, 0 %, 43, 210 MHz, 405 MHz, 39.39 W, 480.00 W, 974 MiB
2026/10/09 01:52:43.652, 1, GPU-81ac6e96-0bfe-390d-beb1-241466569d6b, 100 %, 0 %, 61, 2775 MHz, 10251 MHz, 433.18 W, 480.00 W, 974 MiB
2026/10/09 01:52:44.652, 0, GPU-6c849b47-7111-9265-9d42-ff8eddc05a2d, 0 %, 0 %, 43, 210 MHz, 405 MHz, 39.44 W, 480.00 W, 974 MiB
2026/10/09 01:52:44.653, 1, GPU-81ac6e96-0bfe-390d-beb1-241466569d6b, 100 %, 0 %, 62, 2760 MHz, 10251 MHz, 479.90 W, 480.00 W, 974 MiB
2026/10/09 01:52:45.653, 0, GPU-6c849b47-7111-9265-9d42-ff8eddc05a2d, 0 %, 0 %, 43, 210 MHz, 405 MHz, 39.18 W, 480.00 W, 974 MiB
2026/10/09 01:52:45.654, 1, GPU-81ac6e96-0bfe-390d-beb1-241466569d6b, 100 %, 0 %, 59, 2790 MHz, 10251 MHz, 476.80 W, 480.00 W, 974 MiB
2026/10/09 01:52:46.654, 0, GPU-6c849b47-7111-9265-9d42-ff8eddc05a2d, 0 %, 0 %, 43, 210 MHz, 405 MHz, 39.34 W, 480.00 W, 974 MiB
2026/10/09 01:52:46.655, 1, GPU-81ac6e96-0bfe-390d-beb1-241466569d6b, 100 %, 0 %, 62, 2790 MHz, 10251 MHz, 436.09 W, 480.00 W, 974 MiB
2026/10/09 01:52:47.655, 0, GPU-6c849b47-7111-9265-9d42-ff8eddc05a2d, 0 %, 0 %, 43, 210 MHz, 405 MHz, 39.54 W, 480.00 W, 974 MiB
2026/10/09 01:52:47.656, 1, GPU-81ac6e96-0bfe-390d-beb1-241466569d6b, 100 %, 0 %, 62, 2745 MHz, 10251 MHz, 478.43 W, 480.00 W, 974 MiB
2026/10/09 01:52:48.656, 0, GPU-6c849b47-7111-9265-9d42-ff8eddc05a2d, 0 %, 0 %, 43, 210 MHz, 405 MHz, 39.44 W, 480.00 W, 974 MiB
2026/10/09 01:52:48.657, 1, GPU-81ac6e96-0bfe-390d-beb1-241466569d6b, 51 %, 0 %, 47, 2790 MHz, 10251 MHz, 370.54 W, 480.00 W, 974 MiB
2026/10/09 01:52:49.657, 0, GPU-6c849b47-7111-9265-9d42-ff8eddc05a2d, 0 %, 0 %, 43, 210 MHz, 405 MHz, 39.53 W, 480.00 W, 974 MiB
2026/10/09 01:52:49.658, 1, GPU-81ac6e96-0bfe-390d-beb1-241466569d6b, 0 %, 0 %, 43, 2805 MHz, 10251 MHz, 85.05 W, 480.00 W, 974 MiB
2026/10/09 01:52:50.658, 0, GPU-6c849b47-7111-9265-9d42-ff8eddc05a2d, 0 %, 0 %, 43, 210 MHz, 405 MHz, 39.36 W, 480.00 W, 974 MiB
2026/10/09 01:52:50.659, 1, GPU-81ac6e96-0bfe-390d-beb1-241466569d6b, 0 %, 0 %, 43, 2805 MHz, 10251 MHz, 83.84 W, 480.00 W, 974 MiB
2026/10/09 01:52:51.659, 0, GPU-6c849b47-7111-9265-9d42-ff8eddc05a2d, 0 %, 0 %, 43, 210 MHz, 405 MHz, 39.09 W, 480.00 W, 974 MiB
2026/10/09 01:52:51.660, 1, GPU-81ac6e96-0bfe-390d-beb1-241466569d6b, 100 %, 0 %, 62, 2730 MHz, 10251 MHz, 256.41 W, 480.00 W, 974 MiB
2026/10/09 01:52:52.660, 0, GPU-6c849b47-7111-9265-9d42-ff8eddc05a2d, 0 %, 0 %, 43, 210 MHz, 405 MHz, 39.27 W, 480.00 W, 974 MiB
2026/10/09 01:52:52.661, 1, GPU-81ac6e96-0bfe-390d-beb1-241466569d6b, 100 %, 0 %, 63, 2745 MHz, 10251 MHz, 480.69 W, 480.00 W, 974 MiB
2026/10/09 01:52:53.661, 0, GPU-6c849b47-7111-9265-9d42-ff8eddc05a2d, 0 %, 0 %, 43, 210 MHz, 405 MHz, 39.13 W, 480.00 W, 974 MiB
2026/10/09 01:52:53.662, 1, GPU-81ac6e96-0bfe-390d-beb1-241466569d6b, 100 %, 0 %, 60, 2715 MHz, 10251 MHz, 413.64 W, 480.00 W, 974 MiB
2026/10/09 01:52:54.662, 0, GPU-6c849b47-7111-9265-9d42-ff8eddc05a2d, 0 %, 0 %, 43, 210 MHz, 405 MHz, 38.97 W, 480.00 W, 974 MiB
2026/10/09 01:52:54.662, 1, GPU-81ac6e96-0bfe-390d-beb1-241466569d6b, 100 %, 0 %, 62, 2625 MHz, 10251 MHz, 499.58 W, 480.00 W, 974 MiB
2026/10/09 01:52:55.663, 0, GPU-6c849b47-7111-9265-9d42-ff8eddc05a2d, 0 %, 0 %, 43, 210 MHz, 405 MHz, 38.96 W, 480.00 W, 974 MiB
2026/10/09 01:52:55.663, 1, GPU-81ac6e96-0bfe-390d-beb1-241466569d6b, 100 %, 0 %, 63, 2640 MHz, 10251 MHz, 476.05 W, 480.00 W, 974 MiB
2026/10/09 01:52:56.664, 0, GPU-6c849b47-7111-9265-9d42-ff8eddc05a2d, 0 %, 0 %, 43, 210 MHz, 405 MHz, 39.15 W, 480.00 W, 974 MiB
2026/10/09 01:52:56.664, 1, GPU-81ac6e96-0bfe-390d-beb1-241466569d6b, 100 %, 0 %, 64, 2730 MHz, 10251 MHz, 444.12 W, 480.00 W, 974 MiB
2026/10/09 01:52:57.664, 0, GPU-6c849b47-7111-9265-9d42-ff8eddc05a2d, 0 %, 0 %, 43, 210 MHz, 405 MHz, 39.43 W, 480.00 W, 974 MiB
2026/10/09 01:52:57.665, 1, GPU-81ac6e96-0bfe-390d-beb1-241466569d6b, 100 %, 0 %, 63, 2685 MHz, 10251 MHz, 487.25 W, 480.00 W, 974 MiB
2026/10/09 01:52:58.665, 0, GPU-6c849b47-7111-9265-9d42-ff8eddc05a2d, 0 %, 0 %, 43, 210 MHz, 405 MHz, 39.44 W, 480.00 W, 974 MiB
2026/10/09 01:52:58.666, 1, GPU-81ac6e96-0bfe-390d-beb1-241466569d6b, 100 %, 0 %, 63, 2670 MHz, 10251 MHz, 478.06 W, 480.00 W, 974 MiB
2026/10/09 01:52:59.666, 0, GPU-6c849b47-7111-9265-9d42-ff8eddc05a2d, 0 %, 0 %, 43, 210 MHz, 405 MHz, 39.47 W, 480.00 W, 974 MiB
2026/10/09 01:52:59.667, 1, GPU-81ac6e96-0bfe-390d-beb1-241466569d6b, 100 %, 0 %, 65, 2745 MHz, 10251 MHz, 445.83 W, 480.00 W, 974 MiB
2026/10/09 01:53:00.667, 0, GPU-6c849b47-7111-9265-9d42-ff8eddc05a2d, 0 %, 0 %, 43, 210 MHz, 405 MHz, 39.29 W, 480.00 W, 974 MiB
2026/10/09 01:53:00.667, 1, GPU-81ac6e96-0bfe-390d-beb1-241466569d6b, 100 %, 0 %, 65, 2730 MHz, 10251 MHz, 480.41 W, 480.00 W, 974 MiB
2026/10/09 01:53:01.668, 0, GPU-6c849b47-7111-9265-9d42-ff8eddc05a2d, 0 %, 0 %, 42, 210 MHz, 405 MHz, 39.15 W, 480.00 W, 974 MiB
2026/10/09 01:53:01.668, 1, GPU-81ac6e96-0bfe-390d-beb1-241466569d6b, 100 %, 0 %, 63, 2775 MHz, 10251 MHz, 473.47 W, 480.00 W, 974 MiB
2026/10/09 01:53:02.669, 0, GPU-6c849b47-7111-9265-9d42-ff8eddc05a2d, 0 %, 0 %, 42, 210 MHz, 405 MHz, 39.03 W, 480.00 W, 974 MiB
2026/10/09 01:53:02.669, 1, GPU-81ac6e96-0bfe-390d-beb1-241466569d6b, 100 %, 0 %, 66, 2760 MHz, 10251 MHz, 446.90 W, 480.00 W, 974 MiB
2026/10/09 01:53:03.670, 0, GPU-6c849b47-7111-9265-9d42-ff8eddc05a2d, 0 %, 0 %, 42, 210 MHz, 405 MHz, 38.86 W, 480.00 W, 974 MiB
2026/10/09 01:53:03.670, 1, GPU-81ac6e96-0bfe-390d-beb1-241466569d6b, 100 %, 0 %, 65, 2745 MHz, 10251 MHz, 479.86 W, 480.00 W, 974 MiB
2026/10/09 01:53:04.671, 0, GPU-6c849b47-7111-9265-9d42-ff8eddc05a2d, 0 %, 0 %, 42, 210 MHz, 405 MHz, 38.61 W, 480.00 W, 974 MiB
2026/10/09 01:53:04.671, 1, GPU-81ac6e96-0bfe-390d-beb1-241466569d6b, 100 %, 0 %, 53, 2775 MHz, 10251 MHz, 425.80 W, 480.00 W, 974 MiB
2026/10/09 01:53:05.672, 0, GPU-6c849b47-7111-9265-9d42-ff8eddc05a2d, 0 %, 0 %, 42, 210 MHz, 405 MHz, 38.40 W, 480.00 W, 974 MiB
2026/10/09 01:53:05.672, 1, GPU-81ac6e96-0bfe-390d-beb1-241466569d6b, 100 %, 0 %, 64, 2700 MHz, 10251 MHz, 472.12 W, 480.00 W, 974 MiB
2026/10/09 01:53:06.673, 0, GPU-6c849b47-7111-9265-9d42-ff8eddc05a2d, 0 %, 0 %, 42, 210 MHz, 405 MHz, 38.41 W, 480.00 W, 974 MiB
2026/10/09 01:53:06.673, 1, GPU-81ac6e96-0bfe-390d-beb1-241466569d6b, 100 %, 0 %, 64, 2700 MHz, 10251 MHz, 476.40 W, 480.00 W, 974 MiB
2026/10/09 01:53:07.674, 0, GPU-6c849b47-7111-9265-9d42-ff8eddc05a2d, 0 %, 0 %, 42, 210 MHz, 405 MHz, 38.69 W, 480.00 W, 974 MiB
2026/10/09 01:53:07.674, 1, GPU-81ac6e96-0bfe-390d-beb1-241466569d6b, 100 %, 0 %, 64, 2760 MHz, 10251 MHz, 425.00 W, 480.00 W, 974 MiB
2026/10/09 01:53:08.675, 0, GPU-6c849b47-7111-9265-9d42-ff8eddc05a2d, 0 %, 0 %, 42, 210 MHz, 405 MHz, 38.83 W, 480.00 W, 974 MiB
2026/10/09 01:53:08.675, 1, GPU-81ac6e96-0bfe-390d-beb1-241466569d6b, 100 %, 0 %, 64, 2745 MHz, 10251 MHz, 480.81 W, 480.00 W, 974 MiB
2026/10/09 01:53:09.676, 0, GPU-6c849b47-7111-9265-9d42-ff8eddc05a2d, 0 %, 0 %, 42, 210 MHz, 405 MHz, 38.66 W, 480.00 W, 974 MiB
2026/10/09 01:53:09.676, 1, GPU-81ac6e96-0bfe-390d-beb1-241466569d6b, 100 %, 0 %, 64, 2760 MHz, 10251 MHz, 478.13 W, 480.00 W, 974 MiB
2026/10/09 01:53:10.676, 0, GPU-6c849b47-7111-9265-9d42-ff8eddc05a2d, 0 %, 0 %, 42, 210 MHz, 405 MHz, 38.38 W, 480.00 W, 974 MiB
2026/10/09 01:53:10.677, 1, GPU-81ac6e96-0bfe-390d-beb1-241466569d6b, 0 %, 0 %, 46, 2805 MHz, 10251 MHz, 192.98 W, 480.00 W, 974 MiB
2026/10/09 01:53:11.678, 0, GPU-6c849b47-7111-9265-9d42-ff8eddc05a2d, 0 %, 0 %, 42, 210 MHz, 405 MHz, 38.10 W, 480.00 W, 974 MiB
2026/10/09 01:53:11.678, 1, GPU-81ac6e96-0bfe-390d-beb1-241466569d6b, 0 %, 0 %, 45, 2805 MHz, 10251 MHz, 84.25 W, 480.00 W, 974 MiB
2026/10/09 01:53:12.678, 0, GPU-6c849b47-7111-9265-9d42-ff8eddc05a2d, 0 %, 0 %, 42, 210 MHz, 405 MHz, 38.32 W, 480.00 W, 974 MiB
2026/10/09 01:53:12.679, 1, GPU-81ac6e96-0bfe-390d-beb1-241466569d6b, 100 %, 0 %, 56, 2790 MHz, 10251 MHz, 171.52 W, 480.00 W, 974 MiB
2026/10/09 01:53:13.679, 0, GPU-6c849b47-7111-9265-9d42-ff8eddc05a2d, 0 %, 0 %, 42, 210 MHz, 405 MHz, 38.41 W, 480.00 W, 974 MiB
2026/10/09 01:53:13.680, 1, GPU-81ac6e96-0bfe-390d-beb1-241466569d6b, 100 %, 0 %, 64, 2700 MHz, 10251 MHz, 474.80 W, 480.00 W, 974 MiB
2026/10/09 01:53:14.680, 0, GPU-6c849b47-7111-9265-9d42-ff8eddc05a2d, 0 %, 0 %, 42, 210 MHz, 405 MHz, 38.18 W, 480.00 W, 974 MiB
2026/10/09 01:53:14.681, 1, GPU-81ac6e96-0bfe-390d-beb1-241466569d6b, 100 %, 0 %, 65, 2685 MHz, 10251 MHz, 474.99 W, 480.00 W, 974 MiB
2026/10/09 01:53:15.681, 0, GPU-6c849b47-7111-9265-9d42-ff8eddc05a2d, 0 %, 0 %, 42, 210 MHz, 405 MHz, 38.33 W, 480.00 W, 974 MiB
2026/10/09 01:53:15.682, 1, GPU-81ac6e96-0bfe-390d-beb1-241466569d6b, 100 %, 0 %, 66, 2700 MHz, 10251 MHz, 414.23 W, 480.00 W, 974 MiB
2026/10/09 01:53:16.682, 0, GPU-6c849b47-7111-9265-9d42-ff8eddc05a2d, 0 %, 0 %, 41, 210 MHz, 405 MHz, 38.41 W, 480.00 W, 974 MiB
2026/10/09 01:53:16.683, 1, GPU-81ac6e96-0bfe-390d-beb1-241466569d6b, 100 %, 0 %, 66, 2685 MHz, 10251 MHz, 481.81 W, 480.00 W, 974 MiB
2026/10/09 01:53:17.683, 0, GPU-6c849b47-7111-9265-9d42-ff8eddc05a2d, 0 %, 0 %, 41, 210 MHz, 405 MHz, 38.25 W, 480.00 W, 974 MiB
2026/10/09 01:53:17.684, 1, GPU-81ac6e96-0bfe-390d-beb1-241466569d6b, 100 %, 0 %, 66, 2775 MHz, 10251 MHz, 478.11 W, 480.00 W, 974 MiB
2026/10/09 01:53:18.684, 0, GPU-6c849b47-7111-9265-9d42-ff8eddc05a2d, 0 %, 0 %, 41, 210 MHz, 405 MHz, 38.38 W, 480.00 W, 974 MiB
2026/10/09 01:53:18.685, 1, GPU-81ac6e96-0bfe-390d-beb1-241466569d6b, 100 %, 0 %, 67, 2730 MHz, 10251 MHz, 462.85 W, 480.00 W, 974 MiB
2026/10/09 01:53:19.685, 0, GPU-6c849b47-7111-9265-9d42-ff8eddc05a2d, 0 %, 0 %, 41, 210 MHz, 405 MHz, 38.28 W, 480.00 W, 974 MiB
2026/10/09 01:53:19.685, 1, GPU-81ac6e96-0bfe-390d-beb1-241466569d6b, 100 %, 0 %, 67, 2700 MHz, 10251 MHz, 480.33 W, 480.00 W, 974 MiB
2026/10/09 01:53:20.686, 0, GPU-6c849b47-7111-9265-9d42-ff8eddc05a2d, 0 %, 0 %, 41, 210 MHz, 405 MHz, 38.15 W, 480.00 W, 974 MiB
2026/10/09 01:53:20.686, 1, GPU-81ac6e96-0bfe-390d-beb1-241466569d6b, 100 %, 0 %, 59, 2775 MHz, 10251 MHz, 439.04 W, 480.00 W, 974 MiB
2026/10/09 01:53:21.687, 0, GPU-6c849b47-7111-9265-9d42-ff8eddc05a2d, 0 %, 0 %, 41, 210 MHz, 405 MHz, 38.07 W, 480.00 W, 974 MiB
2026/10/09 01:53:21.687, 1, GPU-81ac6e96-0bfe-390d-beb1-241466569d6b, 100 %, 0 %, 66, 2685 MHz, 10251 MHz, 466.81 W, 480.00 W, 974 MiB
2026/10/09 01:53:22.701, 0, GPU-6c849b47-7111-9265-9d42-ff8eddc05a2d, 0 %, 0 %, 41, 210 MHz, 405 MHz, 38.04 W, 480.00 W, 974 MiB
2026/10/09 01:53:22.702, 1, GPU-81ac6e96-0bfe-390d-beb1-241466569d6b, 100 %, 0 %, 66, 2700 MHz, 10251 MHz, 476.62 W, 480.00 W, 974 MiB
2026/10/09 01:53:23.702, 0, GPU-6c849b47-7111-9265-9d42-ff8eddc05a2d, 0 %, 0 %, 41, 210 MHz, 405 MHz, 38.36 W, 480.00 W, 974 MiB
2026/10/09 01:53:23.703, 1, GPU-81ac6e96-0bfe-390d-beb1-241466569d6b, 100 %, 0 %, 65, 2745 MHz, 10251 MHz, 431.36 W, 480.00 W, 974 MiB
2026/10/09 01:53:24.703, 0, GPU-6c849b47-7111-9265-9d42-ff8eddc05a2d, 0 %, 0 %, 41, 210 MHz, 405 MHz, 38.52 W, 480.00 W, 974 MiB
2026/10/09 01:53:24.703, 1, GPU-81ac6e96-0bfe-390d-beb1-241466569d6b, 100 %, 0 %, 65, 2700 MHz, 10251 MHz, 486.75 W, 480.00 W, 974 MiB
2026/10/09 01:53:25.704, 0, GPU-6c849b47-7111-9265-9d42-ff8eddc05a2d, 0 %, 0 %, 41, 210 MHz, 405 MHz, 38.39 W, 480.00 W, 974 MiB
2026/10/09 01:53:25.704, 1, GPU-81ac6e96-0bfe-390d-beb1-241466569d6b, 100 %, 0 %, 66, 2685 MHz, 10251 MHz, 477.25 W, 480.00 W, 974 MiB
2026/10/09 01:53:26.705, 0, GPU-6c849b47-7111-9265-9d42-ff8eddc05a2d, 0 %, 0 %, 41, 210 MHz, 405 MHz, 38.13 W, 480.00 W, 974 MiB
2026/10/09 01:53:26.705, 1, GPU-81ac6e96-0bfe-390d-beb1-241466569d6b, 100 %, 0 %, 67, 2760 MHz, 10251 MHz, 436.89 W, 480.00 W, 974 MiB
2026/10/09 01:53:27.706, 0, GPU-6c849b47-7111-9265-9d42-ff8eddc05a2d, 0 %, 0 %, 41, 210 MHz, 405 MHz, 37.94 W, 480.00 W, 974 MiB
2026/10/09 01:53:27.707, 1, GPU-81ac6e96-0bfe-390d-beb1-241466569d6b, 100 %, 0 %, 67, 2745 MHz, 10251 MHz, 480.70 W, 480.00 W, 974 MiB
2026/10/09 01:53:28.707, 0, GPU-6c849b47-7111-9265-9d42-ff8eddc05a2d, 0 %, 0 %, 41, 210 MHz, 405 MHz, 37.91 W, 480.00 W, 974 MiB
2026/10/09 01:53:28.708, 1, GPU-81ac6e96-0bfe-390d-beb1-241466569d6b, 100 %, 0 %, 64, 2775 MHz, 10251 MHz, 467.87 W, 480.00 W, 974 MiB
2026/10/09 01:53:29.708, 0, GPU-6c849b47-7111-9265-9d42-ff8eddc05a2d, 0 %, 0 %, 41, 210 MHz, 405 MHz, 37.99 W, 480.00 W, 974 MiB
2026/10/09 01:53:29.709, 1, GPU-81ac6e96-0bfe-390d-beb1-241466569d6b, 100 %, 0 %, 67, 2775 MHz, 10251 MHz, 445.37 W, 480.00 W, 974 MiB
2026/10/09 01:53:30.709, 0, GPU-6c849b47-7111-9265-9d42-ff8eddc05a2d, 0 %, 0 %, 41, 210 MHz, 405 MHz, 37.94 W, 480.00 W, 974 MiB
2026/10/09 01:53:30.710, 1, GPU-81ac6e96-0bfe-390d-beb1-241466569d6b, 100 %, 0 %, 67, 2745 MHz, 10251 MHz, 479.13 W, 480.00 W, 974 MiB
2026/10/09 01:53:31.710, 0, GPU-6c849b47-7111-9265-9d42-ff8eddc05a2d, 0 %, 0 %, 41, 210 MHz, 405 MHz, 37.95 W, 480.00 W, 974 MiB
2026/10/09 01:53:31.711, 1, GPU-81ac6e96-0bfe-390d-beb1-241466569d6b, 0 %, 0 %, 52, 2790 MHz, 10251 MHz, 376.31 W, 480.00 W, 974 MiB
2026/10/09 01:53:32.711, 0, GPU-6c849b47-7111-9265-9d42-ff8eddc05a2d, 0 %, 0 %, 41, 210 MHz, 405 MHz, 37.74 W, 480.00 W, 974 MiB
2026/10/09 01:53:32.720, 1, GPU-81ac6e96-0bfe-390d-beb1-241466569d6b, 0 %, 0 %, 47, 2805 MHz, 10251 MHz, 85.68 W, 480.00 W, 974 MiB
2026/10/09 01:53:33.721, 0, GPU-6c849b47-7111-9265-9d42-ff8eddc05a2d, 0 %, 0 %, 40, 210 MHz, 405 MHz, 37.82 W, 480.00 W, 974 MiB
2026/10/09 01:53:33.721, 1, GPU-81ac6e96-0bfe-390d-beb1-241466569d6b, 0 %, 0 %, 47, 2805 MHz, 10251 MHz, 84.94 W, 480.00 W, 974 MiB
2026/10/09 01:53:34.722, 0, GPU-6c849b47-7111-9265-9d42-ff8eddc05a2d, 0 %, 0 %, 40, 210 MHz, 405 MHz, 38.35 W, 480.00 W, 974 MiB
2026/10/09 01:53:34.722, 1, GPU-81ac6e96-0bfe-390d-beb1-241466569d6b, 100 %, 0 %, 66, 2715 MHz, 10251 MHz, 259.06 W, 480.00 W, 974 MiB
2026/10/09 01:53:35.723, 0, GPU-6c849b47-7111-9265-9d42-ff8eddc05a2d, 0 %, 0 %, 40, 210 MHz, 405 MHz, 38.57 W, 480.00 W, 974 MiB
2026/10/09 01:53:35.723, 1, GPU-81ac6e96-0bfe-390d-beb1-241466569d6b, 100 %, 0 %, 66, 2760 MHz, 10251 MHz, 481.86 W, 480.00 W, 974 MiB
2026/10/09 01:53:36.724, 0, GPU-6c849b47-7111-9265-9d42-ff8eddc05a2d, 0 %, 0 %, 40, 210 MHz, 405 MHz, 38.78 W, 480.00 W, 974 MiB
2026/10/09 01:53:36.724, 1, GPU-81ac6e96-0bfe-390d-beb1-241466569d6b, 100 %, 0 %, 53, 2790 MHz, 10251 MHz, 411.52 W, 480.00 W, 974 MiB
2026/10/09 01:53:37.724, 0, GPU-6c849b47-7111-9265-9d42-ff8eddc05a2d, 0 %, 0 %, 40, 210 MHz, 405 MHz, 39.03 W, 480.00 W, 974 MiB
2026/10/09 01:53:37.725, 1, GPU-81ac6e96-0bfe-390d-beb1-241466569d6b, 100 %, 0 %, 66, 2610 MHz, 10251 MHz, 475.46 W, 480.00 W, 974 MiB
2026/10/09 01:53:38.725, 0, GPU-6c849b47-7111-9265-9d42-ff8eddc05a2d, 0 %, 0 %, 40, 210 MHz, 405 MHz, 38.86 W, 480.00 W, 974 MiB
2026/10/09 01:53:38.726, 1, GPU-81ac6e96-0bfe-390d-beb1-241466569d6b, 100 %, 0 %, 67, 2610 MHz, 10251 MHz, 477.01 W, 480.00 W, 974 MiB
2026/10/09 01:53:39.726, 0, GPU-6c849b47-7111-9265-9d42-ff8eddc05a2d, 0 %, 0 %, 40, 210 MHz, 405 MHz, 38.58 W, 480.00 W, 974 MiB
2026/10/09 01:53:39.727, 1, GPU-81ac6e96-0bfe-390d-beb1-241466569d6b, 100 %, 0 %, 67, 2730 MHz, 10251 MHz, 443.64 W, 480.00 W, 974 MiB
2026/10/09 01:53:40.727, 0, GPU-6c849b47-7111-9265-9d42-ff8eddc05a2d, 0 %, 0 %, 40, 210 MHz, 405 MHz, 38.62 W, 480.00 W, 974 MiB
2026/10/09 01:53:40.728, 1, GPU-81ac6e96-0bfe-390d-beb1-241466569d6b, 100 %, 0 %, 66, 2685 MHz, 10251 MHz, 489.48 W, 480.00 W, 974 MiB
2026/10/09 01:53:41.728, 0, GPU-6c849b47-7111-9265-9d42-ff8eddc05a2d, 0 %, 0 %, 40, 210 MHz, 405 MHz, 38.78 W, 480.00 W, 974 MiB
2026/10/09 01:53:41.729, 1, GPU-81ac6e96-0bfe-390d-beb1-241466569d6b, 100 %, 0 %, 67, 2670 MHz, 10251 MHz, 478.62 W, 480.00 W, 974 MiB
2026/10/09 01:53:42.729, 0, GPU-6c849b47-7111-9265-9d42-ff8eddc05a2d, 0 %, 0 %, 40, 210 MHz, 405 MHz, 38.73 W, 480.00 W, 974 MiB
2026/10/09 01:53:42.730, 1, GPU-81ac6e96-0bfe-390d-beb1-241466569d6b, 100 %, 0 %, 68, 2745 MHz, 10251 MHz, 442.46 W, 480.00 W, 974 MiB
2026/10/09 01:53:43.730, 0, GPU-6c849b47-7111-9265-9d42-ff8eddc05a2d, 0 %, 0 %, 40, 210 MHz, 405 MHz, 38.56 W, 480.00 W, 974 MiB
2026/10/09 01:53:43.731, 1, GPU-81ac6e96-0bfe-390d-beb1-241466569d6b, 100 %, 0 %, 67, 2715 MHz, 10251 MHz, 483.56 W, 480.00 W, 974 MiB
2026/10/09 01:53:44.731, 0, GPU-6c849b47-7111-9265-9d42-ff8eddc05a2d, 0 %, 0 %, 40, 210 MHz, 405 MHz, 38.54 W, 480.00 W, 974 MiB
2026/10/09 01:53:44.731, 1, GPU-81ac6e96-0bfe-390d-beb1-241466569d6b, 100 %, 0 %, 67, 2760 MHz, 10251 MHz, 479.22 W, 480.00 W, 974 MiB
2026/10/09 01:53:45.732, 0, GPU-6c849b47-7111-9265-9d42-ff8eddc05a2d, 0 %, 0 %, 40, 210 MHz, 405 MHz, 38.49 W, 480.00 W, 974 MiB
2026/10/09 01:53:45.732, 1, GPU-81ac6e96-0bfe-390d-beb1-241466569d6b, 100 %, 0 %, 69, 2745 MHz, 10251 MHz, 451.22 W, 480.00 W, 974 MiB
2026/10/09 01:53:46.733, 0, GPU-6c849b47-7111-9265-9d42-ff8eddc05a2d, 0 %, 0 %, 40, 210 MHz, 405 MHz, 38.37 W, 480.00 W, 974 MiB
2026/10/09 01:53:46.734, 1, GPU-81ac6e96-0bfe-390d-beb1-241466569d6b, 100 %, 0 %, 68, 2745 MHz, 10251 MHz, 481.23 W, 480.00 W, 974 MiB
2026/10/09 01:53:47.734, 0, GPU-6c849b47-7111-9265-9d42-ff8eddc05a2d, 0 %, 0 %, 40, 210 MHz, 405 MHz, 38.25 W, 480.00 W, 974 MiB
2026/10/09 01:53:47.734, 1, GPU-81ac6e96-0bfe-390d-beb1-241466569d6b, 100 %, 0 %, 62, 2775 MHz, 10251 MHz, 442.90 W, 480.00 W, 974 MiB
2026/10/09 01:53:48.735, 0, GPU-6c849b47-7111-9265-9d42-ff8eddc05a2d, 0 %, 0 %, 40, 210 MHz, 405 MHz, 38.28 W, 480.00 W, 974 MiB
2026/10/09 01:53:48.735, 1, GPU-81ac6e96-0bfe-390d-beb1-241466569d6b, 100 %, 0 %, 68, 2700 MHz, 10251 MHz, 455.87 W, 480.00 W, 974 MiB
2026/10/09 01:53:49.736, 0, GPU-6c849b47-7111-9265-9d42-ff8eddc05a2d, 0 %, 0 %, 40, 210 MHz, 405 MHz, 38.43 W, 480.00 W, 974 MiB
2026/10/09 01:53:49.736, 1, GPU-81ac6e96-0bfe-390d-beb1-241466569d6b, 100 %, 0 %, 68, 2685 MHz, 10251 MHz, 477.42 W, 480.00 W, 974 MiB
2026/10/09 01:53:50.737, 0, GPU-6c849b47-7111-9265-9d42-ff8eddc05a2d, 0 %, 0 %, 40, 210 MHz, 405 MHz, 38.71 W, 480.00 W, 974 MiB
2026/10/09 01:53:50.737, 1, GPU-81ac6e96-0bfe-390d-beb1-241466569d6b, 100 %, 0 %, 66, 2760 MHz, 10251 MHz, 426.59 W, 480.00 W, 974 MiB
2026/10/09 01:53:51.738, 0, GPU-6c849b47-7111-9265-9d42-ff8eddc05a2d, 0 %, 0 %, 40, 210 MHz, 405 MHz, 38.65 W, 480.00 W, 974 MiB
2026/10/09 01:53:51.738, 1, GPU-81ac6e96-0bfe-390d-beb1-241466569d6b, 100 %, 0 %, 67, 2715 MHz, 10251 MHz, 484.26 W, 480.00 W, 974 MiB
2026/10/09 01:53:52.739, 0, GPU-6c849b47-7111-9265-9d42-ff8eddc05a2d, 0 %, 0 %, 40, 210 MHz, 405 MHz, 38.52 W, 480.00 W, 974 MiB
2026/10/09 01:53:52.739, 1, GPU-81ac6e96-0bfe-390d-beb1-241466569d6b, 100 %, 0 %, 67, 2715 MHz, 10251 MHz, 478.26 W, 480.00 W, 974 MiB
2026/10/09 01:53:53.740, 0, GPU-6c849b47-7111-9265-9d42-ff8eddc05a2d, 0 %, 0 %, 39, 210 MHz, 405 MHz, 38.65 W, 480.00 W, 974 MiB
2026/10/09 01:53:53.740, 1, GPU-81ac6e96-0bfe-390d-beb1-241466569d6b, 0 %, 0 %, 49, 2790 MHz, 10251 MHz, 239.22 W, 480.00 W, 974 MiB
2026/10/09 01:53:54.741, 0, GPU-6c849b47-7111-9265-9d42-ff8eddc05a2d, 0 %, 0 %, 39, 210 MHz, 405 MHz, 38.66 W, 480.00 W, 974 MiB
2026/10/09 01:53:54.741, 1, GPU-81ac6e96-0bfe-390d-beb1-241466569d6b, 0 %, 0 %, 48, 2805 MHz, 10251 MHz, 85.97 W, 480.00 W, 974 MiB
2026/10/09 01:53:55.742, 0, GPU-6c849b47-7111-9265-9d42-ff8eddc05a2d, 0 %, 0 %, 39, 210 MHz, 405 MHz, 38.73 W, 480.00 W, 974 MiB
2026/10/09 01:53:55.742, 1, GPU-81ac6e96-0bfe-390d-beb1-241466569d6b, 0 %, 0 %, 48, 2805 MHz, 10251 MHz, 85.88 W, 480.00 W, 974 MiB
2026/10/09 01:53:56.743, 0, GPU-6c849b47-7111-9265-9d42-ff8eddc05a2d, 0 %, 0 %, 39, 210 MHz, 405 MHz, 38.61 W, 480.00 W, 974 MiB
2026/10/09 01:53:56.743, 1, GPU-81ac6e96-0bfe-390d-beb1-241466569d6b, 0 %, 0 %, 47, 2625 MHz, 10251 MHz, 77.97 W, 480.00 W, 974 MiB
2026/10/09 01:53:57.744, 0, GPU-6c849b47-7111-9265-9d42-ff8eddc05a2d, 0 %, 0 %, 39, 210 MHz, 405 MHz, 38.60 W, 480.00 W, 974 MiB
2026/10/09 01:53:57.744, 1, GPU-81ac6e96-0bfe-390d-beb1-241466569d6b, 0 %, 0 %, 47, 2625 MHz, 10251 MHz, 76.93 W, 480.00 W, 974 MiB
2026/10/09 01:53:58.745, 0, GPU-6c849b47-7111-9265-9d42-ff8eddc05a2d, 0 %, 0 %, 39, 210 MHz, 405 MHz, 38.57 W, 480.00 W, 974 MiB
2026/10/09 01:53:58.745, 1, GPU-81ac6e96-0bfe-390d-beb1-241466569d6b, 0 %, 0 %, 47, 2625 MHz, 10251 MHz, 76.57 W, 480.00 W, 974 MiB
2026/10/09 01:53:59.746, 0, GPU-6c849b47-7111-9265-9d42-ff8eddc05a2d, 0 %, 0 %, 39, 210 MHz, 405 MHz, 38.47 W, 480.00 W, 974 MiB
2026/10/09 01:53:59.746, 1, GPU-81ac6e96-0bfe-390d-beb1-241466569d6b, 100 %, 0 %, 48, 2805 MHz, 10251 MHz, 87.24 W, 480.00 W, 974 MiB
2026/10/09 01:54:00.746, 0, GPU-6c849b47-7111-9265-9d42-ff8eddc05a2d, 0 %, 0 %, 39, 210 MHz, 405 MHz, 38.30 W, 480.00 W, 974 MiB
2026/10/09 01:54:00.747, 1, GPU-81ac6e96-0bfe-390d-beb1-241466569d6b, 100 %, 0 %, 48, 2805 MHz, 10251 MHz, 112.21 W, 480.00 W, 974 MiB
2026/10/09 01:54:01.747, 0, GPU-6c849b47-7111-9265-9d42-ff8eddc05a2d, 0 %, 0 %, 39, 210 MHz, 405 MHz, 37.90 W, 480.00 W, 974 MiB
2026/10/09 01:54:01.748, 1, GPU-81ac6e96-0bfe-390d-beb1-241466569d6b, 100 %, 0 %, 48, 2805 MHz, 10251 MHz, 112.13 W, 480.00 W, 974 MiB
2026/10/09 01:54:02.748, 0, GPU-6c849b47-7111-9265-9d42-ff8eddc05a2d, 0 %, 0 %, 39, 210 MHz, 405 MHz, 37.93 W, 480.00 W, 974 MiB
2026/10/09 01:54:02.749, 1, GPU-81ac6e96-0bfe-390d-beb1-241466569d6b, 100 %, 0 %, 54, 2790 MHz, 10251 MHz, 186.10 W, 480.00 W, 974 MiB
2026/10/09 01:54:03.749, 0, GPU-6c849b47-7111-9265-9d42-ff8eddc05a2d, 0 %, 0 %, 39, 210 MHz, 405 MHz, 38.07 W, 480.00 W, 974 MiB
2026/10/09 01:54:03.750, 1, GPU-81ac6e96-0bfe-390d-beb1-241466569d6b, 100 %, 0 %, 67, 2670 MHz, 10251 MHz, 458.45 W, 480.00 W, 974 MiB
2026/10/09 01:54:04.750, 0, GPU-6c849b47-7111-9265-9d42-ff8eddc05a2d, 0 %, 0 %, 39, 210 MHz, 405 MHz, 38.17 W, 480.00 W, 974 MiB
2026/10/09 01:54:04.751, 1, GPU-81ac6e96-0bfe-390d-beb1-241466569d6b, 100 %, 0 %, 67, 2655 MHz, 10251 MHz, 474.89 W, 480.00 W, 974 MiB
2026/10/09 01:54:05.751, 0, GPU-6c849b47-7111-9265-9d42-ff8eddc05a2d, 0 %, 0 %, 39, 210 MHz, 405 MHz, 38.25 W, 480.00 W, 974 MiB
2026/10/09 01:54:05.752, 1, GPU-81ac6e96-0bfe-390d-beb1-241466569d6b, 100 %, 0 %, 68, 2700 MHz, 10251 MHz, 425.92 W, 480.00 W, 974 MiB
2026/10/09 01:54:06.752, 0, GPU-6c849b47-7111-9265-9d42-ff8eddc05a2d, 0 %, 0 %, 39, 210 MHz, 405 MHz, 38.05 W, 480.00 W, 974 MiB
2026/10/09 01:54:06.753, 1, GPU-81ac6e96-0bfe-390d-beb1-241466569d6b, 100 %, 0 %, 68, 2685 MHz, 10251 MHz, 481.21 W, 480.00 W, 974 MiB
2026/10/09 01:54:07.753, 0, GPU-6c849b47-7111-9265-9d42-ff8eddc05a2d, 0 %, 0 %, 39, 210 MHz, 405 MHz, 38.04 W, 480.00 W, 974 MiB
2026/10/09 01:54:07.754, 1, GPU-81ac6e96-0bfe-390d-beb1-241466569d6b, 100 %, 0 %, 68, 2775 MHz, 10251 MHz, 478.98 W, 480.00 W, 974 MiB
2026/10/09 01:54:08.754, 0, GPU-6c849b47-7111-9265-9d42-ff8eddc05a2d, 0 %, 0 %, 39, 210 MHz, 405 MHz, 38.40 W, 480.00 W, 974 MiB
2026/10/09 01:54:08.755, 1, GPU-81ac6e96-0bfe-390d-beb1-241466569d6b, 100 %, 0 %, 69, 2715 MHz, 10251 MHz, 461.65 W, 480.00 W, 974 MiB
2026/10/09 01:54:09.755, 0, GPU-6c849b47-7111-9265-9d42-ff8eddc05a2d, 0 %, 0 %, 39, 210 MHz, 405 MHz, 38.49 W, 480.00 W, 974 MiB
2026/10/09 01:54:09.756, 1, GPU-81ac6e96-0bfe-390d-beb1-241466569d6b, 100 %, 0 %, 69, 2685 MHz, 10251 MHz, 481.65 W, 480.00 W, 974 MiB
2026/10/09 01:54:10.756, 0, GPU-6c849b47-7111-9265-9d42-ff8eddc05a2d, 0 %, 0 %, 39, 210 MHz, 405 MHz, 38.06 W, 480.00 W, 974 MiB
2026/10/09 01:54:10.757, 1, GPU-81ac6e96-0bfe-390d-beb1-241466569d6b, 100 %, 0 %, 63, 2775 MHz, 10251 MHz, 452.25 W, 480.00 W, 974 MiB
2026/10/09 01:54:11.757, 0, GPU-6c849b47-7111-9265-9d42-ff8eddc05a2d, 0 %, 0 %, 39, 210 MHz, 405 MHz, 37.71 W, 480.00 W, 974 MiB
2026/10/09 01:54:11.757, 1, GPU-81ac6e96-0bfe-390d-beb1-241466569d6b, 100 %, 0 %, 67, 2670 MHz, 10251 MHz, 462.50 W, 480.00 W, 974 MiB
2026/10/09 01:54:12.758, 0, GPU-6c849b47-7111-9265-9d42-ff8eddc05a2d, 0 %, 0 %, 39, 210 MHz, 405 MHz, 37.91 W, 480.00 W, 974 MiB
2026/10/09 01:54:12.758, 1, GPU-81ac6e96-0bfe-390d-beb1-241466569d6b, 100 %, 0 %, 67, 2685 MHz, 10251 MHz, 476.69 W, 480.00 W, 974 MiB
2026/10/09 01:54:13.759, 0, GPU-6c849b47-7111-9265-9d42-ff8eddc05a2d, 0 %, 0 %, 39, 210 MHz, 405 MHz, 37.91 W, 480.00 W, 974 MiB
2026/10/09 01:54:13.759, 1, GPU-81ac6e96-0bfe-390d-beb1-241466569d6b, 100 %, 0 %, 66, 2745 MHz, 10251 MHz, 429.55 W, 480.00 W, 974 MiB
2026/10/09 01:54:14.760, 0, GPU-6c849b47-7111-9265-9d42-ff8eddc05a2d, 0 %, 0 %, 39, 210 MHz, 405 MHz, 37.85 W, 480.00 W, 974 MiB
2026/10/09 01:54:14.760, 1, GPU-81ac6e96-0bfe-390d-beb1-241466569d6b, 100 %, 0 %, 66, 2685 MHz, 10251 MHz, 489.38 W, 480.00 W, 974 MiB
2026/10/09 01:54:15.761, 0, GPU-6c849b47-7111-9265-9d42-ff8eddc05a2d, 0 %, 0 %, 39, 210 MHz, 405 MHz, 37.98 W, 480.00 W, 974 MiB
2026/10/09 01:54:15.761, 1, GPU-81ac6e96-0bfe-390d-beb1-241466569d6b, 100 %, 0 %, 66, 2670 MHz, 10251 MHz, 477.09 W, 480.00 W, 974 MiB
2026/10/09 01:54:16.762, 0, GPU-6c849b47-7111-9265-9d42-ff8eddc05a2d, 0 %, 0 %, 39, 210 MHz, 405 MHz, 37.81 W, 480.00 W, 974 MiB
2026/10/09 01:54:16.762, 1, GPU-81ac6e96-0bfe-390d-beb1-241466569d6b, 100 %, 0 %, 67, 2760 MHz, 10251 MHz, 436.75 W, 480.00 W, 974 MiB
2026/10/09 01:54:17.763, 0, GPU-6c849b47-7111-9265-9d42-ff8eddc05a2d, 0 %, 0 %, 39, 210 MHz, 405 MHz, 37.85 W, 480.00 W, 974 MiB
2026/10/09 01:54:17.763, 1, GPU-81ac6e96-0bfe-390d-beb1-241466569d6b, 100 %, 0 %, 67, 2730 MHz, 10251 MHz, 482.08 W, 480.00 W, 974 MiB
2026/10/09 01:54:18.764, 0, GPU-6c849b47-7111-9265-9d42-ff8eddc05a2d, 0 %, 0 %, 39, 210 MHz, 405 MHz, 37.92 W, 480.00 W, 974 MiB
2026/10/09 01:54:18.764, 1, GPU-81ac6e96-0bfe-390d-beb1-241466569d6b, 100 %, 0 %, 66, 2775 MHz, 10251 MHz, 476.51 W, 480.00 W, 974 MiB
2026/10/09 01:54:19.765, 0, GPU-6c849b47-7111-9265-9d42-ff8eddc05a2d, 0 %, 0 %, 39, 210 MHz, 405 MHz, 37.76 W, 480.00 W, 974 MiB
2026/10/09 01:54:19.765, 1, GPU-81ac6e96-0bfe-390d-beb1-241466569d6b, 100 %, 0 %, 68, 2775 MHz, 10251 MHz, 441.34 W, 480.00 W, 974 MiB
2026/10/09 01:54:20.765, 0, GPU-6c849b47-7111-9265-9d42-ff8eddc05a2d, 0 %, 0 %, 39, 210 MHz, 405 MHz, 37.88 W, 480.00 W, 974 MiB
2026/10/09 01:54:20.766, 1, GPU-81ac6e96-0bfe-390d-beb1-241466569d6b, 100 %, 0 %, 68, 2760 MHz, 10251 MHz, 479.98 W, 480.00 W, 974 MiB
2026/10/09 01:54:21.766, 0, GPU-6c849b47-7111-9265-9d42-ff8eddc05a2d, 0 %, 0 %, 38, 210 MHz, 405 MHz, 38.03 W, 480.00 W, 974 MiB
2026/10/09 01:54:21.767, 1, GPU-81ac6e96-0bfe-390d-beb1-241466569d6b, 61 %, 0 %, 56, 2790 MHz, 10251 MHz, 412.08 W, 480.00 W, 974 MiB
2026/10/09 01:54:22.767, 0, GPU-6c849b47-7111-9265-9d42-ff8eddc05a2d, 0 %, 0 %, 38, 210 MHz, 405 MHz, 37.91 W, 480.00 W, 974 MiB
2026/10/09 01:54:22.768, 1, GPU-81ac6e96-0bfe-390d-beb1-241466569d6b, 0 %, 0 %, 48, 2805 MHz, 10251 MHz, 91.03 W, 480.00 W, 974 MiB
2026/10/09 01:54:23.768, 0, GPU-6c849b47-7111-9265-9d42-ff8eddc05a2d, 0 %, 0 %, 38, 210 MHz, 405 MHz, 37.97 W, 480.00 W, 974 MiB
2026/10/09 01:54:23.769, 1, GPU-81ac6e96-0bfe-390d-beb1-241466569d6b, 100 %, 0 %, 65, 2760 MHz, 10251 MHz, 282.14 W, 480.00 W, 974 MiB
2026/10/09 01:54:24.769, 0, GPU-6c849b47-7111-9265-9d42-ff8eddc05a2d, 0 %, 0 %, 38, 210 MHz, 405 MHz, 38.12 W, 480.00 W, 974 MiB
2026/10/09 01:54:24.769, 1, GPU-81ac6e96-0bfe-390d-beb1-241466569d6b, 100 %, 0 %, 66, 2775 MHz, 10251 MHz, 482.74 W, 480.00 W, 974 MiB
2026/10/09 01:54:25.770, 0, GPU-6c849b47-7111-9265-9d42-ff8eddc05a2d, 0 %, 0 %, 38, 210 MHz, 405 MHz, 37.97 W, 480.00 W, 974 MiB
2026/10/09 01:54:25.771, 1, GPU-81ac6e96-0bfe-390d-beb1-241466569d6b, 100 %, 0 %, 61, 2790 MHz, 10251 MHz, 443.02 W, 480.00 W, 974 MiB
2026/10/09 01:54:26.771, 0, GPU-6c849b47-7111-9265-9d42-ff8eddc05a2d, 0 %, 0 %, 38, 210 MHz, 405 MHz, 37.66 W, 480.00 W, 974 MiB
2026/10/09 01:54:26.772, 1, GPU-81ac6e96-0bfe-390d-beb1-241466569d6b, 100 %, 0 %, 69, 2625 MHz, 10251 MHz, 440.13 W, 480.00 W, 974 MiB
2026/10/09 01:54:27.772, 0, GPU-6c849b47-7111-9265-9d42-ff8eddc05a2d, 0 %, 0 %, 38, 210 MHz, 405 MHz, 37.67 W, 480.00 W, 974 MiB
2026/10/09 01:54:27.773, 1, GPU-81ac6e96-0bfe-390d-beb1-241466569d6b, 100 %, 0 %, 69, 2610 MHz, 10251 MHz, 478.83 W, 480.00 W, 974 MiB
2026/10/09 01:54:28.773, 0, GPU-6c849b47-7111-9265-9d42-ff8eddc05a2d, 0 %, 0 %, 38, 210 MHz, 405 MHz, 37.96 W, 480.00 W, 974 MiB
2026/10/09 01:54:28.774, 1, GPU-81ac6e96-0bfe-390d-beb1-241466569d6b, 100 %, 0 %, 61, 2775 MHz, 10251 MHz, 437.36 W, 480.00 W, 974 MiB
2026/10/09 01:54:29.774, 0, GPU-6c849b47-7111-9265-9d42-ff8eddc05a2d, 0 %, 0 %, 38, 210 MHz, 405 MHz, 37.97 W, 480.00 W, 974 MiB
2026/10/09 01:54:29.775, 1, GPU-81ac6e96-0bfe-390d-beb1-241466569d6b, 100 %, 0 %, 68, 2655 MHz, 10251 MHz, 480.76 W, 480.00 W, 974 MiB
2026/10/09 01:54:30.775, 0, GPU-6c849b47-7111-9265-9d42-ff8eddc05a2d, 0 %, 0 %, 38, 210 MHz, 405 MHz, 37.62 W, 480.00 W, 974 MiB
2026/10/09 01:54:30.775, 1, GPU-81ac6e96-0bfe-390d-beb1-241466569d6b, 100 %, 0 %, 68, 2655 MHz, 10251 MHz, 477.18 W, 480.00 W, 974 MiB
2026/10/09 01:54:31.776, 0, GPU-6c849b47-7111-9265-9d42-ff8eddc05a2d, 0 %, 0 %, 38, 210 MHz, 405 MHz, 37.33 W, 480.00 W, 974 MiB
2026/10/09 01:54:31.777, 1, GPU-81ac6e96-0bfe-390d-beb1-241466569d6b, 100 %, 0 %, 68, 2730 MHz, 10251 MHz, 437.96 W, 480.00 W, 974 MiB
2026/10/09 01:54:32.777, 0, GPU-6c849b47-7111-9265-9d42-ff8eddc05a2d, 0 %, 0 %, 38, 210 MHz, 405 MHz, 37.63 W, 480.00 W, 974 MiB
2026/10/09 01:54:32.778, 1, GPU-81ac6e96-0bfe-390d-beb1-241466569d6b, 100 %, 0 %, 67, 2685 MHz, 10251 MHz, 487.05 W, 480.00 W, 974 MiB
2026/10/09 01:54:33.778, 0, GPU-6c849b47-7111-9265-9d42-ff8eddc05a2d, 0 %, 0 %, 38, 210 MHz, 405 MHz, 37.99 W, 480.00 W, 974 MiB
2026/10/09 01:54:33.778, 1, GPU-81ac6e96-0bfe-390d-beb1-241466569d6b, 100 %, 0 %, 67, 2670 MHz, 10251 MHz, 477.73 W, 480.00 W, 974 MiB
2026/10/09 01:54:34.779, 0, GPU-6c849b47-7111-9265-9d42-ff8eddc05a2d, 0 %, 0 %, 38, 210 MHz, 405 MHz, 38.15 W, 480.00 W, 974 MiB
2026/10/09 01:54:34.779, 1, GPU-81ac6e96-0bfe-390d-beb1-241466569d6b, 100 %, 0 %, 69, 2745 MHz, 10251 MHz, 441.20 W, 480.00 W, 974 MiB
2026/10/09 01:54:35.780, 0, GPU-6c849b47-7111-9265-9d42-ff8eddc05a2d, 0 %, 0 %, 38, 210 MHz, 405 MHz, 38.07 W, 480.00 W, 974 MiB
2026/10/09 01:54:35.780, 1, GPU-81ac6e96-0bfe-390d-beb1-241466569d6b, 100 %, 0 %, 68, 2745 MHz, 10251 MHz, 482.94 W, 480.00 W, 974 MiB
2026/10/09 01:54:36.781, 0, GPU-6c849b47-7111-9265-9d42-ff8eddc05a2d, 0 %, 0 %, 38, 210 MHz, 405 MHz, 36.18 W, 480.00 W, 974 MiB
2026/10/09 01:54:36.781, 1, GPU-81ac6e96-0bfe-390d-beb1-241466569d6b, 100 %, 0 %, 67, 2775 MHz, 10251 MHz, 474.83 W, 480.00 W, 974 MiB
2026/10/09 01:54:37.782, 0, GPU-6c849b47-7111-9265-9d42-ff8eddc05a2d, 0 %, 0 %, 39, 210 MHz, 405 MHz, 33.78 W, 480.00 W, 974 MiB
2026/10/09 01:54:37.782, 1, GPU-81ac6e96-0bfe-390d-beb1-241466569d6b, 100 %, 0 %, 69, 2760 MHz, 10251 MHz, 445.81 W, 480.00 W, 974 MiB
2026/10/09 01:54:38.783, 0, GPU-6c849b47-7111-9265-9d42-ff8eddc05a2d, 0 %, 0 %, 40, 210 MHz, 405 MHz, 33.20 W, 480.00 W, 974 MiB
2026/10/09 01:54:38.783, 1, GPU-81ac6e96-0bfe-390d-beb1-241466569d6b, 100 %, 0 %, 69, 2730 MHz, 10251 MHz, 481.27 W, 480.00 W, 974 MiB
2026/10/09 01:54:39.783, 0, GPU-6c849b47-7111-9265-9d42-ff8eddc05a2d, 0 %, 0 %, 40, 210 MHz, 405 MHz, 33.42 W, 480.00 W, 974 MiB
2026/10/09 01:54:39.784, 1, GPU-81ac6e96-0bfe-390d-beb1-241466569d6b, 100 %, 0 %, 58, 2760 MHz, 10251 MHz, 418.77 W, 480.00 W, 974 MiB
2026/10/09 01:54:40.784, 0, GPU-6c849b47-7111-9265-9d42-ff8eddc05a2d, 0 %, 0 %, 40, 210 MHz, 405 MHz, 33.62 W, 480.00 W, 974 MiB
2026/10/09 01:54:40.785, 1, GPU-81ac6e96-0bfe-390d-beb1-241466569d6b, 100 %, 0 %, 67, 2700 MHz, 10251 MHz, 470.99 W, 480.00 W, 974 MiB
2026/10/09 01:54:41.785, 0, GPU-6c849b47-7111-9265-9d42-ff8eddc05a2d, 0 %, 0 %, 40, 210 MHz, 405 MHz, 33.80 W, 480.00 W, 974 MiB
2026/10/09 01:54:41.786, 1, GPU-81ac6e96-0bfe-390d-beb1-241466569d6b, 100 %, 0 %, 68, 2685 MHz, 10251 MHz, 477.38 W, 480.00 W, 974 MiB
2026/10/09 01:54:42.786, 0, GPU-6c849b47-7111-9265-9d42-ff8eddc05a2d, 0 %, 0 %, 40, 210 MHz, 405 MHz, 33.85 W, 480.00 W, 974 MiB
2026/10/09 01:54:42.787, 1, GPU-81ac6e96-0bfe-390d-beb1-241466569d6b, 0 %, 0 %, 50, 2790 MHz, 10251 MHz, 302.39 W, 480.00 W, 974 MiB
2026/10/09 01:54:43.787, 0, GPU-6c849b47-7111-9265-9d42-ff8eddc05a2d, 0 %, 0 %, 40, 210 MHz, 405 MHz, 33.84 W, 480.00 W, 974 MiB
2026/10/09 01:54:43.787, 1, GPU-81ac6e96-0bfe-390d-beb1-241466569d6b, 0 %, 0 %, 48, 2805 MHz, 10251 MHz, 86.54 W, 480.00 W, 974 MiB
2026/10/09 01:54:44.788, 0, GPU-6c849b47-7111-9265-9d42-ff8eddc05a2d, 0 %, 0 %, 40, 210 MHz, 405 MHz, 33.90 W, 480.00 W, 974 MiB
2026/10/09 01:54:44.788, 1, GPU-81ac6e96-0bfe-390d-beb1-241466569d6b, 100 %, 0 %, 69, 2700 MHz, 10251 MHz, 378.49 W, 480.00 W, 974 MiB
2026/10/09 01:54:45.789, 0, GPU-6c849b47-7111-9265-9d42-ff8eddc05a2d, 0 %, 0 %, 40, 210 MHz, 405 MHz, 34.14 W, 480.00 W, 974 MiB
2026/10/09 01:54:45.789, 1, GPU-81ac6e96-0bfe-390d-beb1-241466569d6b, 100 %, 0 %, 69, 2715 MHz, 10251 MHz, 481.90 W, 480.00 W, 974 MiB
2026/10/09 01:54:46.790, 0, GPU-6c849b47-7111-9265-9d42-ff8eddc05a2d, 0 %, 0 %, 41, 210 MHz, 405 MHz, 34.34 W, 480.00 W, 974 MiB
2026/10/09 01:54:46.790, 1, GPU-81ac6e96-0bfe-390d-beb1-241466569d6b, 100 %, 0 %, 67, 2700 MHz, 10251 MHz, 412.48 W, 480.00 W, 974 MiB
2026/10/09 01:54:47.791, 0, GPU-6c849b47-7111-9265-9d42-ff8eddc05a2d, 0 %, 0 %, 41, 210 MHz, 405 MHz, 34.31 W, 480.00 W, 974 MiB
2026/10/09 01:54:47.791, 1, GPU-81ac6e96-0bfe-390d-beb1-241466569d6b, 100 %, 0 %, 67, 2625 MHz, 10251 MHz, 497.54 W, 480.00 W, 974 MiB
2026/10/09 01:54:48.791, 0, GPU-6c849b47-7111-9265-9d42-ff8eddc05a2d, 0 %, 0 %, 41, 210 MHz, 405 MHz, 34.17 W, 480.00 W, 974 MiB
2026/10/09 01:54:48.792, 1, GPU-81ac6e96-0bfe-390d-beb1-241466569d6b, 100 %, 0 %, 68, 2610 MHz, 10251 MHz, 476.56 W, 480.00 W, 974 MiB
2026/10/09 01:54:49.792, 0, GPU-6c849b47-7111-9265-9d42-ff8eddc05a2d, 0 %, 0 %, 41, 210 MHz, 405 MHz, 34.05 W, 480.00 W, 974 MiB
2026/10/09 01:54:49.793, 1, GPU-81ac6e96-0bfe-390d-beb1-241466569d6b, 100 %, 0 %, 69, 2715 MHz, 10251 MHz, 445.49 W, 480.00 W, 974 MiB
2026/10/09 01:54:50.793, 0, GPU-6c849b47-7111-9265-9d42-ff8eddc05a2d, 0 %, 0 %, 41, 210 MHz, 405 MHz, 34.13 W, 480.00 W, 974 MiB
2026/10/09 01:54:50.794, 1, GPU-81ac6e96-0bfe-390d-beb1-241466569d6b, 100 %, 0 %, 68, 2670 MHz, 10251 MHz, 490.07 W, 480.00 W, 974 MiB
2026/10/09 01:54:51.794, 0, GPU-6c849b47-7111-9265-9d42-ff8eddc05a2d, 0 %, 0 %, 41, 210 MHz, 405 MHz, 34.13 W, 480.00 W, 974 MiB
2026/10/09 01:54:51.794, 1, GPU-81ac6e96-0bfe-390d-beb1-241466569d6b, 100 %, 0 %, 68, 2640 MHz, 10251 MHz, 478.70 W, 480.00 W, 974 MiB
2026/10/09 01:54:52.795, 0, GPU-6c849b47-7111-9265-9d42-ff8eddc05a2d, 0 %, 0 %, 41, 210 MHz, 405 MHz, 33.91 W, 480.00 W, 974 MiB
2026/10/09 01:54:52.795, 1, GPU-81ac6e96-0bfe-390d-beb1-241466569d6b, 100 %, 0 %, 69, 2730 MHz, 10251 MHz, 446.29 W, 480.00 W, 974 MiB
2026/10/09 01:54:53.796, 0, GPU-6c849b47-7111-9265-9d42-ff8eddc05a2d, 0 %, 0 %, 41, 210 MHz, 405 MHz, 33.86 W, 480.00 W, 974 MiB
2026/10/09 01:54:53.796, 1, GPU-81ac6e96-0bfe-390d-beb1-241466569d6b, 100 %, 0 %, 69, 2715 MHz, 10251 MHz, 483.49 W, 480.00 W, 974 MiB
2026/10/09 01:54:54.810, 0, GPU-6c849b47-7111-9265-9d42-ff8eddc05a2d, 0 %, 0 %, 41, 210 MHz, 405 MHz, 33.92 W, 480.00 W, 974 MiB
2026/10/09 01:54:54.810, 1, GPU-81ac6e96-0bfe-390d-beb1-241466569d6b, 100 %, 0 %, 66, 2775 MHz, 10251 MHz, 478.03 W, 480.00 W, 974 MiB
2026/10/09 01:54:55.811, 0, GPU-6c849b47-7111-9265-9d42-ff8eddc05a2d, 0 %, 0 %, 41, 210 MHz, 405 MHz, 34.32 W, 480.00 W, 974 MiB
2026/10/09 01:54:55.811, 1, GPU-81ac6e96-0bfe-390d-beb1-241466569d6b, 100 %, 0 %, 69, 2745 MHz, 10251 MHz, 454.08 W, 480.00 W, 974 MiB
2026/10/09 01:54:56.812, 0, GPU-6c849b47-7111-9265-9d42-ff8eddc05a2d, 0 %, 0 %, 41, 210 MHz, 405 MHz, 34.60 W, 480.00 W, 974 MiB
2026/10/09 01:54:56.812, 1, GPU-81ac6e96-0bfe-390d-beb1-241466569d6b, 100 %, 0 %, 69, 2715 MHz, 10251 MHz, 480.73 W, 480.00 W, 974 MiB
2026/10/09 01:54:57.812, 0, GPU-6c849b47-7111-9265-9d42-ff8eddc05a2d, 0 %, 0 %, 41, 210 MHz, 405 MHz, 34.71 W, 480.00 W, 974 MiB
2026/10/09 01:54:57.813, 1, GPU-81ac6e96-0bfe-390d-beb1-241466569d6b, 100 %, 0 %, 62, 2790 MHz, 10251 MHz, 428.24 W, 480.00 W, 974 MiB
2026/10/09 01:54:58.813, 0, GPU-6c849b47-7111-9265-9d42-ff8eddc05a2d, 0 %, 0 %, 41, 210 MHz, 405 MHz, 34.76 W, 480.00 W, 974 MiB
2026/10/09 01:54:58.828, 1, GPU-81ac6e96-0bfe-390d-beb1-241466569d6b, 100 %, 0 %, 67, 2685 MHz, 10251 MHz, 464.10 W, 480.00 W, 974 MiB
2026/10/09 01:54:59.828, 0, GPU-6c849b47-7111-9265-9d42-ff8eddc05a2d, 0 %, 0 %, 41, 210 MHz, 405 MHz, 34.47 W, 480.00 W, 974 MiB
2026/10/09 01:54:59.829, 1, GPU-81ac6e96-0bfe-390d-beb1-241466569d6b, 100 %, 0 %, 68, 2685 MHz, 10251 MHz, 476.19 W, 480.00 W, 974 MiB
2026/10/09 01:55:00.829, 0, GPU-6c849b47-7111-9265-9d42-ff8eddc05a2d, 0 %, 0 %, 41, 210 MHz, 405 MHz, 34.04 W, 480.00 W, 974 MiB
2026/10/09 01:55:00.830, 1, GPU-81ac6e96-0bfe-390d-beb1-241466569d6b, 100 %, 0 %, 68, 2760 MHz, 10251 MHz, 424.76 W, 480.00 W, 974 MiB
2026/10/09 01:55:01.830, 0, GPU-6c849b47-7111-9265-9d42-ff8eddc05a2d, 0 %, 0 %, 41, 210 MHz, 405 MHz, 33.91 W, 480.00 W, 974 MiB
2026/10/09 01:55:01.831, 1, GPU-81ac6e96-0bfe-390d-beb1-241466569d6b, 100 %, 0 %, 68, 2730 MHz, 10251 MHz, 482.44 W, 480.00 W, 974 MiB
2026/10/09 01:55:02.831, 0, GPU-6c849b47-7111-9265-9d42-ff8eddc05a2d, 0 %, 0 %, 41, 210 MHz, 405 MHz, 34.31 W, 480.00 W, 974 MiB
2026/10/09 01:55:02.831, 1, GPU-81ac6e96-0bfe-390d-beb1-241466569d6b, 100 %, 0 %, 68, 2715 MHz, 10251 MHz, 479.39 W, 480.00 W, 974 MiB
2026/10/09 01:55:03.832, 0, GPU-6c849b47-7111-9265-9d42-ff8eddc05a2d, 0 %, 0 %, 41, 210 MHz, 405 MHz, 34.54 W, 480.00 W, 974 MiB
2026/10/09 01:55:03.835, 1, GPU-81ac6e96-0bfe-390d-beb1-241466569d6b, 0 %, 0 %, 49, 2790 MHz, 10251 MHz, 226.64 W, 480.00 W, 974 MiB
2026/10/09 01:55:04.836, 0, GPU-6c849b47-7111-9265-9d42-ff8eddc05a2d, 0 %, 0 %, 41, 210 MHz, 405 MHz, 34.34 W, 480.00 W, 974 MiB
2026/10/09 01:55:04.836, 1, GPU-81ac6e96-0bfe-390d-beb1-241466569d6b, 100 %, 0 %, 63, 2790 MHz, 10251 MHz, 129.13 W, 480.00 W, 974 MiB
2026/10/09 01:55:05.837, 0, GPU-6c849b47-7111-9265-9d42-ff8eddc05a2d, 0 %, 0 %, 41, 210 MHz, 405 MHz, 34.22 W, 480.00 W, 974 MiB
2026/10/09 01:55:05.837, 1, GPU-81ac6e96-0bfe-390d-beb1-241466569d6b, 100 %, 0 %, 69, 2685 MHz, 10251 MHz, 455.02 W, 480.00 W, 974 MiB
2026/10/09 01:55:06.838, 0, GPU-6c849b47-7111-9265-9d42-ff8eddc05a2d, 0 %, 0 %, 41, 210 MHz, 405 MHz, 34.21 W, 480.00 W, 974 MiB
2026/10/09 01:55:06.838, 1, GPU-81ac6e96-0bfe-390d-beb1-241466569d6b, 100 %, 0 %, 69, 2655 MHz, 10251 MHz, 481.79 W, 480.00 W, 974 MiB
2026/10/09 01:55:07.838, 0, GPU-6c849b47-7111-9265-9d42-ff8eddc05a2d, 0 %, 0 %, 41, 210 MHz, 405 MHz, 34.11 W, 480.00 W, 974 MiB
2026/10/09 01:55:07.839, 1, GPU-81ac6e96-0bfe-390d-beb1-241466569d6b, 100 %, 0 %, 69, 2685 MHz, 10251 MHz, 395.38 W, 480.00 W, 974 MiB
2026/10/09 01:55:08.839, 0, GPU-6c849b47-7111-9265-9d42-ff8eddc05a2d, 0 %, 0 %, 41, 210 MHz, 405 MHz, 34.14 W, 480.00 W, 974 MiB
2026/10/09 01:55:08.840, 1, GPU-81ac6e96-0bfe-390d-beb1-241466569d6b, 100 %, 0 %, 68, 2640 MHz, 10251 MHz, 487.01 W, 480.00 W, 974 MiB
2026/10/09 01:55:09.840, 0, GPU-6c849b47-7111-9265-9d42-ff8eddc05a2d, 0 %, 0 %, 41, 210 MHz, 405 MHz, 34.53 W, 480.00 W, 974 MiB
2026/10/09 01:55:09.841, 1, GPU-81ac6e96-0bfe-390d-beb1-241466569d6b, 100 %, 0 %, 68, 2640 MHz, 10251 MHz, 477.30 W, 480.00 W, 974 MiB
2026/10/09 01:55:10.841, 0, GPU-6c849b47-7111-9265-9d42-ff8eddc05a2d, 0 %, 0 %, 41, 210 MHz, 405 MHz, 34.69 W, 480.00 W, 974 MiB
2026/10/09 01:55:10.841, 1, GPU-81ac6e96-0bfe-390d-beb1-241466569d6b, 100 %, 0 %, 70, 2715 MHz, 10251 MHz, 455.54 W, 480.00 W, 974 MiB
2026/10/09 01:55:11.842, 0, GPU-6c849b47-7111-9265-9d42-ff8eddc05a2d, 0 %, 0 %, 41, 210 MHz, 405 MHz, 34.27 W, 480.00 W, 974 MiB
2026/10/09 01:55:11.842, 1, GPU-81ac6e96-0bfe-390d-beb1-241466569d6b, 100 %, 0 %, 70, 2715 MHz, 10251 MHz, 482.86 W, 480.00 W, 974 MiB
2026/10/09 01:55:12.856, 0, GPU-6c849b47-7111-9265-9d42-ff8eddc05a2d, 0 %, 0 %, 41, 210 MHz, 405 MHz, 33.81 W, 480.00 W, 974 MiB
2026/10/09 01:55:12.857, 1, GPU-81ac6e96-0bfe-390d-beb1-241466569d6b, 100 %, 0 %, 68, 2775 MHz, 10251 MHz, 479.85 W, 480.00 W, 974 MiB
2026/10/09 01:55:13.857, 0, GPU-6c849b47-7111-9265-9d42-ff8eddc05a2d, 0 %, 0 %, 41, 210 MHz, 405 MHz, 33.58 W, 480.00 W, 974 MiB
2026/10/09 01:55:13.857, 1, GPU-81ac6e96-0bfe-390d-beb1-241466569d6b, 100 %, 0 %, 70, 2730 MHz, 10251 MHz, 450.75 W, 480.00 W, 974 MiB
2026/10/09 01:55:14.858, 0, GPU-6c849b47-7111-9265-9d42-ff8eddc05a2d, 0 %, 0 %, 41, 210 MHz, 405 MHz, 33.65 W, 480.00 W, 974 MiB
2026/10/09 01:55:14.858, 1, GPU-81ac6e96-0bfe-390d-beb1-241466569d6b, 100 %, 0 %, 70, 2730 MHz, 10251 MHz, 481.17 W, 480.00 W, 974 MiB
2026/10/09 01:55:15.859, 0, GPU-6c849b47-7111-9265-9d42-ff8eddc05a2d, 0 %, 0 %, 41, 210 MHz, 405 MHz, 33.78 W, 480.00 W, 974 MiB
2026/10/09 01:55:15.859, 1, GPU-81ac6e96-0bfe-390d-beb1-241466569d6b, 100 %, 0 %, 61, 2775 MHz, 10251 MHz, 457.42 W, 480.00 W, 974 MiB
2026/10/09 01:55:16.860, 0, GPU-6c849b47-7111-9265-9d42-ff8eddc05a2d, 0 %, 0 %, 41, 210 MHz, 405 MHz, 33.86 W, 480.00 W, 974 MiB
2026/10/09 01:55:16.860, 1, GPU-81ac6e96-0bfe-390d-beb1-241466569d6b, 100 %, 0 %, 68, 2670 MHz, 10251 MHz, 458.86 W, 480.00 W, 974 MiB
2026/10/09 01:55:17.861, 0, GPU-6c849b47-7111-9265-9d42-ff8eddc05a2d, 0 %, 0 %, 41, 210 MHz, 405 MHz, 33.77 W, 480.00 W, 974 MiB
2026/10/09 01:55:17.861, 1, GPU-81ac6e96-0bfe-390d-beb1-241466569d6b, 100 %, 0 %, 68, 2685 MHz, 10251 MHz, 478.48 W, 480.00 W, 974 MiB
2026/10/09 01:55:18.861, 0, GPU-6c849b47-7111-9265-9d42-ff8eddc05a2d, 0 %, 0 %, 41, 210 MHz, 405 MHz, 33.55 W, 480.00 W, 974 MiB
2026/10/09 01:55:18.862, 1, GPU-81ac6e96-0bfe-390d-beb1-241466569d6b, 100 %, 0 %, 68, 2760 MHz, 10251 MHz, 419.26 W, 480.00 W, 974 MiB
2026/10/09 01:55:19.862, 0, GPU-6c849b47-7111-9265-9d42-ff8eddc05a2d, 0 %, 0 %, 41, 210 MHz, 405 MHz, 33.67 W, 480.00 W, 974 MiB
2026/10/09 01:55:19.863, 1, GPU-81ac6e96-0bfe-390d-beb1-241466569d6b, 100 %, 0 %, 68, 2700 MHz, 10251 MHz, 488.40 W, 480.00 W, 974 MiB
2026/10/09 01:55:20.863, 0, GPU-6c849b47-7111-9265-9d42-ff8eddc05a2d, 0 %, 0 %, 41, 210 MHz, 405 MHz, 33.80 W, 480.00 W, 974 MiB
2026/10/09 01:55:20.864, 1, GPU-81ac6e96-0bfe-390d-beb1-241466569d6b, 100 %, 0 %, 68, 2685 MHz, 10251 MHz, 477.22 W, 480.00 W, 974 MiB
2026/10/09 01:55:21.864, 0, GPU-6c849b47-7111-9265-9d42-ff8eddc05a2d, 0 %, 0 %, 41, 210 MHz, 405 MHz, 33.75 W, 480.00 W, 974 MiB
2026/10/09 01:55:21.865, 1, GPU-81ac6e96-0bfe-390d-beb1-241466569d6b, 100 %, 0 %, 69, 2760 MHz, 10251 MHz, 424.70 W, 480.00 W, 974 MiB
2026/10/09 01:55:22.865, 0, GPU-6c849b47-7111-9265-9d42-ff8eddc05a2d, 0 %, 0 %, 41, 210 MHz, 405 MHz, 34.03 W, 480.00 W, 974 MiB
2026/10/09 01:55:22.866, 1, GPU-81ac6e96-0bfe-390d-beb1-241466569d6b, 100 %, 0 %, 69, 2730 MHz, 10251 MHz, 481.44 W, 480.00 W, 974 MiB
2026/10/09 01:55:23.866, 0, GPU-6c849b47-7111-9265-9d42-ff8eddc05a2d, 0 %, 0 %, 41, 210 MHz, 405 MHz, 33.95 W, 480.00 W, 974 MiB
2026/10/09 01:55:23.867, 1, GPU-81ac6e96-0bfe-390d-beb1-241466569d6b, 100 %, 0 %, 65, 2775 MHz, 10251 MHz, 475.32 W, 480.00 W, 974 MiB
2026/10/09 01:55:24.867, 0, GPU-6c849b47-7111-9265-9d42-ff8eddc05a2d, 0 %, 0 %, 41, 210 MHz, 405 MHz, 33.71 W, 480.00 W, 974 MiB
2026/10/09 01:55:24.868, 1, GPU-81ac6e96-0bfe-390d-beb1-241466569d6b, 0 %, 0 %, 49, 2790 MHz, 10251 MHz, 167.83 W, 480.00 W, 974 MiB
2026/10/09 01:55:25.868, 0, GPU-6c849b47-7111-9265-9d42-ff8eddc05a2d, 0 %, 0 %, 41, 210 MHz, 405 MHz, 33.87 W, 480.00 W, 974 MiB
2026/10/09 01:55:25.869, 1, GPU-81ac6e96-0bfe-390d-beb1-241466569d6b, 0 %, 0 %, 49, 2790 MHz, 10251 MHz, 86.99 W, 480.00 W, 974 MiB
2026/10/09 01:55:26.869, 0, GPU-6c849b47-7111-9265-9d42-ff8eddc05a2d, 0 %, 0 %, 41, 210 MHz, 405 MHz, 34.08 W, 480.00 W, 974 MiB
2026/10/09 01:55:26.869, 1, GPU-81ac6e96-0bfe-390d-beb1-241466569d6b, 0 %, 0 %, 48, 2625 MHz, 10251 MHz, 79.56 W, 480.00 W, 974 MiB
2026/10/09 01:55:27.870, 0, GPU-6c849b47-7111-9265-9d42-ff8eddc05a2d, 0 %, 0 %, 41, 210 MHz, 405 MHz, 34.38 W, 480.00 W, 974 MiB
2026/10/09 01:55:27.870, 1, GPU-81ac6e96-0bfe-390d-beb1-241466569d6b, 0 %, 0 %, 48, 2625 MHz, 10251 MHz, 78.24 W, 480.00 W, 974 MiB
2026/10/09 01:55:28.871, 0, GPU-6c849b47-7111-9265-9d42-ff8eddc05a2d, 0 %, 0 %, 41, 210 MHz, 405 MHz, 34.28 W, 480.00 W, 974 MiB
2026/10/09 01:55:28.871, 1, GPU-81ac6e96-0bfe-390d-beb1-241466569d6b, 0 %, 0 %, 47, 2625 MHz, 10251 MHz, 77.50 W, 480.00 W, 974 MiB
2026/10/09 01:55:29.871, 0, GPU-6c849b47-7111-9265-9d42-ff8eddc05a2d, 100 %, 0 %, 45, 2790 MHz, 10251 MHz, 80.82 W, 480.00 W, 974 MiB
2026/10/09 01:55:29.872, 1, GPU-81ac6e96-0bfe-390d-beb1-241466569d6b, 100 %, 0 %, 49, 2805 MHz, 10251 MHz, 96.38 W, 480.00 W, 974 MiB
2026/10/09 01:55:30.872, 0, GPU-6c849b47-7111-9265-9d42-ff8eddc05a2d, 100 %, 0 %, 46, 2790 MHz, 10251 MHz, 105.72 W, 480.00 W, 974 MiB
2026/10/09 01:55:30.873, 1, GPU-81ac6e96-0bfe-390d-beb1-241466569d6b, 100 %, 0 %, 67, 2790 MHz, 10251 MHz, 282.04 W, 480.00 W, 974 MiB
2026/10/09 01:55:31.873, 0, GPU-6c849b47-7111-9265-9d42-ff8eddc05a2d, 100 %, 0 %, 47, 2790 MHz, 10251 MHz, 106.40 W, 480.00 W, 974 MiB
2026/10/09 01:55:31.874, 1, GPU-81ac6e96-0bfe-390d-beb1-241466569d6b, 100 %, 0 %, 67, 2775 MHz, 10251 MHz, 484.35 W, 480.00 W, 974 MiB
2026/10/09 01:55:32.874, 0, GPU-6c849b47-7111-9265-9d42-ff8eddc05a2d, 100 %, 0 %, 67, 2775 MHz, 10251 MHz, 224.38 W, 480.00 W, 974 MiB
2026/10/09 01:55:32.875, 1, GPU-81ac6e96-0bfe-390d-beb1-241466569d6b, 100 %, 0 %, 57, 2790 MHz, 10251 MHz, 452.23 W, 480.00 W, 974 MiB
2026/10/09 01:55:33.875, 0, GPU-6c849b47-7111-9265-9d42-ff8eddc05a2d, 100 %, 0 %, 75, 2730 MHz, 10251 MHz, 481.90 W, 480.00 W, 974 MiB
2026/10/09 01:55:33.875, 1, GPU-81ac6e96-0bfe-390d-beb1-241466569d6b, 100 %, 0 %, 68, 2625 MHz, 10251 MHz, 435.81 W, 480.00 W, 974 MiB
2026/10/09 01:55:34.907, 0, GPU-6c849b47-7111-9265-9d42-ff8eddc05a2d, 100 %, 0 %, 65, 2760 MHz, 10251 MHz, 472.54 W, 480.00 W, 974 MiB
2026/10/09 01:55:34.907, 1, GPU-81ac6e96-0bfe-390d-beb1-241466569d6b, 100 %, 0 %, 68, 2625 MHz, 10251 MHz, 479.99 W, 480.00 W, 974 MiB
2026/10/09 01:55:35.907, 0, GPU-6c849b47-7111-9265-9d42-ff8eddc05a2d, 100 %, 0 %, 68, 2685 MHz, 10251 MHz, 434.56 W, 480.00 W, 974 MiB
2026/10/09 01:55:35.908, 1, GPU-81ac6e96-0bfe-390d-beb1-241466569d6b, 100 %, 0 %, 66, 2775 MHz, 10251 MHz, 440.33 W, 480.00 W, 974 MiB
2026/10/09 01:55:36.908, 0, GPU-6c849b47-7111-9265-9d42-ff8eddc05a2d, 100 %, 0 %, 68, 2685 MHz, 10251 MHz, 481.85 W, 480.00 W, 974 MiB
2026/10/09 01:55:36.909, 1, GPU-81ac6e96-0bfe-390d-beb1-241466569d6b, 100 %, 0 %, 68, 2670 MHz, 10251 MHz, 478.67 W, 480.00 W, 974 MiB
2026/10/09 01:55:37.909, 0, GPU-6c849b47-7111-9265-9d42-ff8eddc05a2d, 100 %, 0 %, 60, 2760 MHz, 10251 MHz, 466.31 W, 480.00 W, 974 MiB
2026/10/09 01:55:37.909, 1, GPU-81ac6e96-0bfe-390d-beb1-241466569d6b, 100 %, 0 %, 68, 2670 MHz, 10251 MHz, 476.35 W, 480.00 W, 974 MiB
2026/10/09 01:55:38.910, 0, GPU-6c849b47-7111-9265-9d42-ff8eddc05a2d, 100 %, 0 %, 67, 2670 MHz, 10251 MHz, 462.88 W, 480.00 W, 974 MiB
2026/10/09 01:55:38.910, 1, GPU-81ac6e96-0bfe-390d-beb1-241466569d6b, 100 %, 0 %, 69, 2730 MHz, 10251 MHz, 438.39 W, 480.00 W, 974 MiB
2026/10/09 01:55:39.911, 0, GPU-6c849b47-7111-9265-9d42-ff8eddc05a2d, 100 %, 0 %, 67, 2670 MHz, 10251 MHz, 478.54 W, 480.00 W, 974 MiB
2026/10/09 01:55:39.911, 1, GPU-81ac6e96-0bfe-390d-beb1-241466569d6b, 100 %, 0 %, 67, 2685 MHz, 10251 MHz, 488.47 W, 480.00 W, 974 MiB
2026/10/09 01:55:40.912, 0, GPU-6c849b47-7111-9265-9d42-ff8eddc05a2d, 100 %, 0 %, 64, 2715 MHz, 10251 MHz, 431.02 W, 480.00 W, 974 MiB
2026/10/09 01:55:40.912, 1, GPU-81ac6e96-0bfe-390d-beb1-241466569d6b, 100 %, 0 %, 68, 2670 MHz, 10251 MHz, 477.67 W, 480.00 W, 974 MiB
2026/10/09 01:55:41.912, 0, GPU-6c849b47-7111-9265-9d42-ff8eddc05a2d, 100 %, 0 %, 66, 2670 MHz, 10251 MHz, 483.42 W, 480.00 W, 974 MiB
2026/10/09 01:55:41.913, 1, GPU-81ac6e96-0bfe-390d-beb1-241466569d6b, 100 %, 0 %, 69, 2745 MHz, 10251 MHz, 441.23 W, 480.00 W, 974 MiB
2026/10/09 01:55:42.913, 0, GPU-6c849b47-7111-9265-9d42-ff8eddc05a2d, 100 %, 0 %, 66, 2670 MHz, 10251 MHz, 477.00 W, 480.00 W, 974 MiB
2026/10/09 01:55:42.914, 1, GPU-81ac6e96-0bfe-390d-beb1-241466569d6b, 100 %, 0 %, 69, 2745 MHz, 10251 MHz, 482.55 W, 480.00 W, 974 MiB
2026/10/09 01:55:43.914, 0, GPU-6c849b47-7111-9265-9d42-ff8eddc05a2d, 100 %, 0 %, 67, 2745 MHz, 10251 MHz, 431.54 W, 480.00 W, 974 MiB
2026/10/09 01:55:43.914, 1, GPU-81ac6e96-0bfe-390d-beb1-241466569d6b, 100 %, 0 %, 65, 2775 MHz, 10251 MHz, 476.39 W, 480.00 W, 974 MiB
2026/10/09 01:55:44.915, 0, GPU-6c849b47-7111-9265-9d42-ff8eddc05a2d, 100 %, 0 %, 67, 2730 MHz, 10251 MHz, 483.32 W, 480.00 W, 974 MiB
2026/10/09 01:55:44.915, 1, GPU-81ac6e96-0bfe-390d-beb1-241466569d6b, 100 %, 0 %, 69, 2760 MHz, 10251 MHz, 446.59 W, 480.00 W, 974 MiB
2026/10/09 01:55:45.916, 0, GPU-6c849b47-7111-9265-9d42-ff8eddc05a2d, 100 %, 0 %, 66, 2700 MHz, 10251 MHz, 479.49 W, 480.00 W, 974 MiB
2026/10/09 01:55:45.916, 1, GPU-81ac6e96-0bfe-390d-beb1-241466569d6b, 100 %, 0 %, 69, 2730 MHz, 10251 MHz, 480.55 W, 480.00 W, 974 MiB
2026/10/09 01:55:46.916, 0, GPU-6c849b47-7111-9265-9d42-ff8eddc05a2d, 100 %, 0 %, 68, 2760 MHz, 10251 MHz, 437.46 W, 480.00 W, 974 MiB
2026/10/09 01:55:46.917, 1, GPU-81ac6e96-0bfe-390d-beb1-241466569d6b, 100 %, 0 %, 65, 2760 MHz, 10251 MHz, 418.05 W, 480.00 W, 974 MiB
2026/10/09 01:55:47.917, 0, GPU-6c849b47-7111-9265-9d42-ff8eddc05a2d, 100 %, 0 %, 68, 2745 MHz, 10251 MHz, 479.39 W, 480.00 W, 974 MiB
2026/10/09 01:55:47.918, 1, GPU-81ac6e96-0bfe-390d-beb1-241466569d6b, 100 %, 0 %, 68, 2700 MHz, 10251 MHz, 467.10 W, 480.00 W, 974 MiB
2026/10/09 01:55:48.918, 0, GPU-6c849b47-7111-9265-9d42-ff8eddc05a2d, 100 %, 0 %, 60, 2760 MHz, 10251 MHz, 459.84 W, 480.00 W, 974 MiB
2026/10/09 01:55:48.918, 1, GPU-81ac6e96-0bfe-390d-beb1-241466569d6b, 100 %, 0 %, 68, 2685 MHz, 10251 MHz, 477.49 W, 480.00 W, 974 MiB
2026/10/09 01:55:49.919, 0, GPU-6c849b47-7111-9265-9d42-ff8eddc05a2d, 100 %, 0 %, 66, 2685 MHz, 10251 MHz, 443.21 W, 480.00 W, 974 MiB
2026/10/09 01:55:49.919, 1, GPU-81ac6e96-0bfe-390d-beb1-241466569d6b, 0 %, 0 %, 50, 2790 MHz, 10251 MHz, 305.42 W, 480.00 W, 974 MiB
2026/10/09 01:55:50.933, 0, GPU-6c849b47-7111-9265-9d42-ff8eddc05a2d, 100 %, 0 %, 67, 2700 MHz, 10251 MHz, 478.03 W, 480.00 W, 974 MiB
2026/10/09 01:55:50.933, 1, GPU-81ac6e96-0bfe-390d-beb1-241466569d6b, 0 %, 0 %, 49, 2790 MHz, 10251 MHz, 86.97 W, 480.00 W, 974 MiB
2026/10/09 01:55:51.934, 0, GPU-6c849b47-7111-9265-9d42-ff8eddc05a2d, 0 %, 0 %, 49, 2775 MHz, 10251 MHz, 363.67 W, 480.00 W, 974 MiB
2026/10/09 01:55:51.934, 1, GPU-81ac6e96-0bfe-390d-beb1-241466569d6b, 100 %, 0 %, 57, 2625 MHz, 10251 MHz, 91.53 W, 480.00 W, 974 MiB
2026/10/09 01:55:52.935, 0, GPU-6c849b47-7111-9265-9d42-ff8eddc05a2d, 0 %, 0 %, 44, 2790 MHz, 10251 MHz, 95.51 W, 480.00 W, 974 MiB
2026/10/09 01:55:52.935, 1, GPU-81ac6e96-0bfe-390d-beb1-241466569d6b, 100 %, 0 %, 69, 2700 MHz, 10251 MHz, 435.25 W, 480.00 W, 974 MiB
2026/10/09 01:55:53.936, 0, GPU-6c849b47-7111-9265-9d42-ff8eddc05a2d, 0 %, 0 %, 44, 2790 MHz, 10251 MHz, 94.20 W, 480.00 W, 974 MiB
2026/10/09 01:55:53.936, 1, GPU-81ac6e96-0bfe-390d-beb1-241466569d6b, 100 %, 0 %, 70, 2700 MHz, 10251 MHz, 484.44 W, 480.00 W, 974 MiB
2026/10/09 01:55:54.936, 0, GPU-6c849b47-7111-9265-9d42-ff8eddc05a2d, 100 %, 0 %, 66, 2685 MHz, 10251 MHz, 260.30 W, 480.00 W, 974 MiB
2026/10/09 01:55:54.937, 1, GPU-81ac6e96-0bfe-390d-beb1-241466569d6b, 100 %, 0 %, 69, 2700 MHz, 10251 MHz, 415.82 W, 480.00 W, 974 MiB
2026/10/09 01:55:55.937, 0, GPU-6c849b47-7111-9265-9d42-ff8eddc05a2d, 100 %, 0 %, 67, 2715 MHz, 10251 MHz, 481.81 W, 480.00 W, 974 MiB
2026/10/09 01:55:55.937, 1, GPU-81ac6e96-0bfe-390d-beb1-241466569d6b, 100 %, 0 %, 68, 2625 MHz, 10251 MHz, 492.87 W, 480.00 W, 974 MiB
2026/10/09 01:55:56.938, 0, GPU-6c849b47-7111-9265-9d42-ff8eddc05a2d, 100 %, 0 %, 64, 2700 MHz, 10251 MHz, 418.08 W, 480.00 W, 974 MiB
2026/10/09 01:55:56.938, 1, GPU-81ac6e96-0bfe-390d-beb1-241466569d6b, 100 %, 0 %, 68, 2640 MHz, 10251 MHz, 478.07 W, 480.00 W, 974 MiB
2026/10/09 01:55:57.939, 0, GPU-6c849b47-7111-9265-9d42-ff8eddc05a2d, 100 %, 0 %, 67, 2610 MHz, 10251 MHz, 490.31 W, 480.00 W, 974 MiB
2026/10/09 01:55:57.939, 1, GPU-81ac6e96-0bfe-390d-beb1-241466569d6b, 100 %, 0 %, 70, 2715 MHz, 10251 MHz, 450.13 W, 480.00 W, 974 MiB
2026/10/09 01:55:58.939, 0, GPU-6c849b47-7111-9265-9d42-ff8eddc05a2d, 100 %, 0 %, 67, 2595 MHz, 10251 MHz, 477.15 W, 480.00 W, 974 MiB
2026/10/09 01:55:58.940, 1, GPU-81ac6e96-0bfe-390d-beb1-241466569d6b, 100 %, 0 %, 69, 2700 MHz, 10251 MHz, 483.82 W, 480.00 W, 974 MiB
2026/10/09 01:55:59.940, 0, GPU-6c849b47-7111-9265-9d42-ff8eddc05a2d, 100 %, 0 %, 68, 2715 MHz, 10251 MHz, 444.10 W, 480.00 W, 974 MiB
2026/10/09 01:55:59.940, 1, GPU-81ac6e96-0bfe-390d-beb1-241466569d6b, 100 %, 0 %, 68, 2745 MHz, 10251 MHz, 479.84 W, 480.00 W, 974 MiB
2026/10/09 01:56:00.941, 0, GPU-6c849b47-7111-9265-9d42-ff8eddc05a2d, 100 %, 0 %, 67, 2640 MHz, 10251 MHz, 492.43 W, 480.00 W, 974 MiB
2026/10/09 01:56:00.941, 1, GPU-81ac6e96-0bfe-390d-beb1-241466569d6b, 100 %, 0 %, 70, 2730 MHz, 10251 MHz, 447.85 W, 480.00 W, 974 MiB
2026/10/09 01:56:01.942, 0, GPU-6c849b47-7111-9265-9d42-ff8eddc05a2d, 100 %, 0 %, 67, 2655 MHz, 10251 MHz, 477.90 W, 480.00 W, 974 MiB
2026/10/09 01:56:01.942, 1, GPU-81ac6e96-0bfe-390d-beb1-241466569d6b, 100 %, 0 %, 70, 2730 MHz, 10251 MHz, 481.39 W, 480.00 W, 974 MiB
2026/10/09 01:56:02.942, 0, GPU-6c849b47-7111-9265-9d42-ff8eddc05a2d, 100 %, 0 %, 69, 2715 MHz, 10251 MHz, 443.27 W, 480.00 W, 974 MiB
2026/10/09 01:56:02.943, 1, GPU-81ac6e96-0bfe-390d-beb1-241466569d6b, 100 %, 0 %, 62, 2775 MHz, 10251 MHz, 465.86 W, 480.00 W, 974 MiB
2026/10/09 01:56:03.943, 0, GPU-6c849b47-7111-9265-9d42-ff8eddc05a2d, 100 %, 0 %, 68, 2730 MHz, 10251 MHz, 483.79 W, 480.00 W, 974 MiB
2026/10/09 01:56:03.943, 1, GPU-81ac6e96-0bfe-390d-beb1-241466569d6b, 100 %, 0 %, 69, 2670 MHz, 10251 MHz, 455.95 W, 480.00 W, 974 MiB
2026/10/09 01:56:04.944, 0, GPU-6c849b47-7111-9265-9d42-ff8eddc05a2d, 100 %, 0 %, 68, 2760 MHz, 10251 MHz, 479.67 W, 480.00 W, 974 MiB
2026/10/09 01:56:04.944, 1, GPU-81ac6e96-0bfe-390d-beb1-241466569d6b, 100 %, 0 %, 69, 2685 MHz, 10251 MHz, 479.03 W, 480.00 W, 974 MiB
2026/10/09 01:56:05.945, 0, GPU-6c849b47-7111-9265-9d42-ff8eddc05a2d, 100 %, 0 %, 69, 2745 MHz, 10251 MHz, 446.37 W, 480.00 W, 974 MiB
2026/10/09 01:56:05.945, 1, GPU-81ac6e96-0bfe-390d-beb1-241466569d6b, 100 %, 0 %, 68, 2760 MHz, 10251 MHz, 425.13 W, 480.00 W, 974 MiB
2026/10/09 01:56:06.946, 0, GPU-6c849b47-7111-9265-9d42-ff8eddc05a2d, 100 %, 0 %, 70, 2730 MHz, 10251 MHz, 480.61 W, 480.00 W, 974 MiB
2026/10/09 01:56:06.946, 1, GPU-81ac6e96-0bfe-390d-beb1-241466569d6b, 100 %, 0 %, 67, 2700 MHz, 10251 MHz, 489.86 W, 480.00 W, 974 MiB
2026/10/09 01:56:07.946, 0, GPU-6c849b47-7111-9265-9d42-ff8eddc05a2d, 100 %, 0 %, 61, 2760 MHz, 10251 MHz, 453.44 W, 480.00 W, 974 MiB
2026/10/09 01:56:07.947, 1, GPU-81ac6e96-0bfe-390d-beb1-241466569d6b, 100 %, 0 %, 68, 2685 MHz, 10251 MHz, 476.80 W, 480.00 W, 974 MiB
2026/10/09 01:56:08.947, 0, GPU-6c849b47-7111-9265-9d42-ff8eddc05a2d, 100 %, 0 %, 68, 2685 MHz, 10251 MHz, 452.64 W, 480.00 W, 974 MiB
2026/10/09 01:56:08.948, 1, GPU-81ac6e96-0bfe-390d-beb1-241466569d6b, 100 %, 0 %, 69, 2760 MHz, 10251 MHz, 429.46 W, 480.00 W, 974 MiB
2026/10/09 01:56:09.949, 0, GPU-6c849b47-7111-9265-9d42-ff8eddc05a2d, 100 %, 0 %, 69, 2685 MHz, 10251 MHz, 477.83 W, 480.00 W, 974 MiB
2026/10/09 01:56:09.949, 1, GPU-81ac6e96-0bfe-390d-beb1-241466569d6b, 100 %, 0 %, 69, 2730 MHz, 10251 MHz, 481.37 W, 480.00 W, 974 MiB
2026/10/09 01:56:10.949, 0, GPU-6c849b47-7111-9265-9d42-ff8eddc05a2d, 100 %, 0 %, 67, 2745 MHz, 10251 MHz, 425.33 W, 480.00 W, 974 MiB
2026/10/09 01:56:10.950, 1, GPU-81ac6e96-0bfe-390d-beb1-241466569d6b, 100 %, 0 %, 66, 2775 MHz, 10251 MHz, 477.32 W, 480.00 W, 974 MiB
2026/10/09 01:56:11.950, 0, GPU-6c849b47-7111-9265-9d42-ff8eddc05a2d, 100 %, 0 %, 68, 2715 MHz, 10251 MHz, 482.36 W, 480.00 W, 974 MiB
2026/10/09 01:56:11.951, 1, GPU-81ac6e96-0bfe-390d-beb1-241466569d6b, 0 %, 0 %, 50, 2790 MHz, 10251 MHz, 175.48 W, 480.00 W, 974 MiB
2026/10/09 01:56:12.951, 0, GPU-6c849b47-7111-9265-9d42-ff8eddc05a2d, 100 %, 0 %, 69, 2700 MHz, 10251 MHz, 477.27 W, 480.00 W, 974 MiB
2026/10/09 01:56:12.951, 1, GPU-81ac6e96-0bfe-390d-beb1-241466569d6b, 0 %, 0 %, 49, 2790 MHz, 10251 MHz, 86.53 W, 480.00 W, 974 MiB
2026/10/09 01:56:13.952, 0, GPU-6c849b47-7111-9265-9d42-ff8eddc05a2d, 0 %, 0 %, 48, 2790 MHz, 10251 MHz, 259.01 W, 480.00 W, 974 MiB
2026/10/09 01:56:13.952, 1, GPU-81ac6e96-0bfe-390d-beb1-241466569d6b, 0 %, 0 %, 48, 2625 MHz, 10251 MHz, 78.57 W, 480.00 W, 974 MiB
2026/10/09 01:56:14.953, 0, GPU-6c849b47-7111-9265-9d42-ff8eddc05a2d, 0 %, 0 %, 46, 2790 MHz, 10251 MHz, 94.85 W, 480.00 W, 974 MiB
2026/10/09 01:56:14.953, 1, GPU-81ac6e96-0bfe-390d-beb1-241466569d6b, 0 %, 0 %, 48, 2625 MHz, 10251 MHz, 77.69 W, 480.00 W, 974 MiB
2026/10/09 01:56:15.954, 0, GPU-6c849b47-7111-9265-9d42-ff8eddc05a2d, 0 %, 0 %, 46, 2790 MHz, 10251 MHz, 94.56 W, 480.00 W, 974 MiB
2026/10/09 01:56:15.954, 1, GPU-81ac6e96-0bfe-390d-beb1-241466569d6b, 0 %, 0 %, 48, 2625 MHz, 10251 MHz, 77.44 W, 480.00 W, 974 MiB
2026/10/09 01:56:16.954, 0, GPU-6c849b47-7111-9265-9d42-ff8eddc05a2d, 0 %, 0 %, 44, 2625 MHz, 10251 MHz, 85.66 W, 480.00 W, 974 MiB
2026/10/09 01:56:16.955, 1, GPU-81ac6e96-0bfe-390d-beb1-241466569d6b, 0 %, 0 %, 48, 2625 MHz, 10251 MHz, 77.05 W, 480.00 W, 974 MiB
2026/10/09 01:56:17.955, 0, GPU-6c849b47-7111-9265-9d42-ff8eddc05a2d, 0 %, 0 %, 44, 2625 MHz, 10251 MHz, 83.88 W, 480.00 W, 974 MiB
2026/10/09 01:56:17.956, 1, GPU-81ac6e96-0bfe-390d-beb1-241466569d6b, 0 %, 0 %, 48, 2625 MHz, 10251 MHz, 76.81 W, 480.00 W, 974 MiB
2026/10/09 01:56:18.956, 0, GPU-6c849b47-7111-9265-9d42-ff8eddc05a2d, 100 %, 0 %, 44, 2790 MHz, 10251 MHz, 83.39 W, 480.00 W, 974 MiB
2026/10/09 01:56:18.956, 1, GPU-81ac6e96-0bfe-390d-beb1-241466569d6b, 49 %, 0 %, 48, 2625 MHz, 10251 MHz, 77.50 W, 480.00 W, 974 MiB
2026/10/09 01:56:19.957, 0, GPU-6c849b47-7111-9265-9d42-ff8eddc05a2d, 100 %, 0 %, 45, 2790 MHz, 10251 MHz, 108.96 W, 480.00 W, 974 MiB
2026/10/09 01:56:19.957, 1, GPU-81ac6e96-0bfe-390d-beb1-241466569d6b, 100 %, 0 %, 57, 2790 MHz, 10251 MHz, 108.10 W, 480.00 W, 974 MiB
2026/10/09 01:56:20.958, 0, GPU-6c849b47-7111-9265-9d42-ff8eddc05a2d, 100 %, 0 %, 45, 2790 MHz, 10251 MHz, 110.93 W, 480.00 W, 974 MiB
2026/10/09 01:56:20.958, 1, GPU-81ac6e96-0bfe-390d-beb1-241466569d6b, 100 %, 0 %, 69, 2700 MHz, 10251 MHz, 405.80 W, 480.00 W, 974 MiB
2026/10/09 01:56:21.958, 0, GPU-6c849b47-7111-9265-9d42-ff8eddc05a2d, 100 %, 0 %, 45, 2790 MHz, 10251 MHz, 110.43 W, 480.00 W, 974 MiB
2026/10/09 01:56:21.959, 1, GPU-81ac6e96-0bfe-390d-beb1-241466569d6b, 100 %, 0 %, 70, 2715 MHz, 10251 MHz, 483.26 W, 480.00 W, 974 MiB
2026/10/09 01:56:22.959, 0, GPU-6c849b47-7111-9265-9d42-ff8eddc05a2d, 100 %, 0 %, 67, 2685 MHz, 10251 MHz, 346.82 W, 480.00 W, 974 MiB
2026/10/09 01:56:22.959, 1, GPU-81ac6e96-0bfe-390d-beb1-241466569d6b, 100 %, 0 %, 69, 2685 MHz, 10251 MHz, 418.37 W, 480.00 W, 974 MiB
2026/10/09 01:56:23.960, 0, GPU-6c849b47-7111-9265-9d42-ff8eddc05a2d, 100 %, 0 %, 69, 2715 MHz, 10251 MHz, 482.12 W, 480.00 W, 974 MiB
2026/10/09 01:56:23.960, 1, GPU-81ac6e96-0bfe-390d-beb1-241466569d6b, 100 %, 0 %, 68, 2625 MHz, 10251 MHz, 491.54 W, 480.00 W, 974 MiB
2026/10/09 01:56:24.961, 0, GPU-6c849b47-7111-9265-9d42-ff8eddc05a2d, 100 %, 0 %, 65, 2700 MHz, 10251 MHz, 421.82 W, 480.00 W, 974 MiB
2026/10/09 01:56:24.961, 1, GPU-81ac6e96-0bfe-390d-beb1-241466569d6b, 100 %, 0 %, 68, 2625 MHz, 10251 MHz, 476.60 W, 480.00 W, 974 MiB
2026/10/09 01:56:25.961, 0, GPU-6c849b47-7111-9265-9d42-ff8eddc05a2d, 100 %, 0 %, 69, 2595 MHz, 10251 MHz, 486.01 W, 480.00 W, 974 MiB
2026/10/09 01:56:25.962, 1, GPU-81ac6e96-0bfe-390d-beb1-241466569d6b, 100 %, 0 %, 70, 2715 MHz, 10251 MHz, 448.88 W, 480.00 W, 974 MiB
2026/10/09 01:56:26.962, 0, GPU-6c849b47-7111-9265-9d42-ff8eddc05a2d, 100 %, 0 %, 69, 2595 MHz, 10251 MHz, 477.37 W, 480.00 W, 974 MiB
2026/10/09 01:56:26.963, 1, GPU-81ac6e96-0bfe-390d-beb1-241466569d6b, 100 %, 0 %, 69, 2685 MHz, 10251 MHz, 485.90 W, 480.00 W, 974 MiB
2026/10/09 01:56:27.963, 0, GPU-6c849b47-7111-9265-9d42-ff8eddc05a2d, 100 %, 0 %, 69, 2715 MHz, 10251 MHz, 435.73 W, 480.00 W, 974 MiB
2026/10/09 01:56:27.963, 1, GPU-81ac6e96-0bfe-390d-beb1-241466569d6b, 100 %, 0 %, 68, 2700 MHz, 10251 MHz, 478.70 W, 480.00 W, 974 MiB
2026/10/09 01:56:28.964, 0, GPU-6c849b47-7111-9265-9d42-ff8eddc05a2d, 100 %, 0 %, 69, 2640 MHz, 10251 MHz, 489.72 W, 480.00 W, 974 MiB
2026/10/09 01:56:28.964, 1, GPU-81ac6e96-0bfe-390d-beb1-241466569d6b, 100 %, 0 %, 70, 2730 MHz, 10251 MHz, 450.16 W, 480.00 W, 974 MiB
2026/10/09 01:56:29.965, 0, GPU-6c849b47-7111-9265-9d42-ff8eddc05a2d, 100 %, 0 %, 69, 2640 MHz, 10251 MHz, 478.00 W, 480.00 W, 974 MiB
2026/10/09 01:56:29.965, 1, GPU-81ac6e96-0bfe-390d-beb1-241466569d6b, 100 %, 0 %, 69, 2730 MHz, 10251 MHz, 481.36 W, 480.00 W, 974 MiB
2026/10/09 01:56:30.965, 0, GPU-6c849b47-7111-9265-9d42-ff8eddc05a2d, 100 %, 0 %, 70, 2715 MHz, 10251 MHz, 438.77 W, 480.00 W, 974 MiB
2026/10/09 01:56:30.966, 1, GPU-81ac6e96-0bfe-390d-beb1-241466569d6b, 100 %, 0 %, 65, 2775 MHz, 10251 MHz, 470.51 W, 480.00 W, 974 MiB
2026/10/09 01:56:31.966, 0, GPU-6c849b47-7111-9265-9d42-ff8eddc05a2d, 100 %, 0 %, 70, 2700 MHz, 10251 MHz, 483.48 W, 480.00 W, 974 MiB
2026/10/09 01:56:31.966, 1, GPU-81ac6e96-0bfe-390d-beb1-241466569d6b, 100 %, 0 %, 69, 2685 MHz, 10251 MHz, 453.32 W, 480.00 W, 974 MiB
2026/10/09 01:56:32.967, 0, GPU-6c849b47-7111-9265-9d42-ff8eddc05a2d, 100 %, 0 %, 69, 2745 MHz, 10251 MHz, 478.74 W, 480.00 W, 974 MiB
2026/10/09 01:56:32.967, 1, GPU-81ac6e96-0bfe-390d-beb1-241466569d6b, 100 %, 0 %, 69, 2685 MHz, 10251 MHz, 480.05 W, 480.00 W, 974 MiB
2026/10/09 01:56:33.968, 0, GPU-6c849b47-7111-9265-9d42-ff8eddc05a2d, 100 %, 0 %, 71, 2730 MHz, 10251 MHz, 447.22 W, 480.00 W, 974 MiB
2026/10/09 01:56:33.968, 1, GPU-81ac6e96-0bfe-390d-beb1-241466569d6b, 100 %, 0 %, 66, 2760 MHz, 10251 MHz, 425.88 W, 480.00 W, 974 MiB
2026/10/09 01:56:34.968, 0, GPU-6c849b47-7111-9265-9d42-ff8eddc05a2d, 100 %, 0 %, 71, 2730 MHz, 10251 MHz, 481.31 W, 480.00 W, 974 MiB
2026/10/09 01:56:35.000, 1, GPU-81ac6e96-0bfe-390d-beb1-241466569d6b, 100 %, 0 %, 69, 2730 MHz, 10251 MHz, 480.82 W, 480.00 W, 974 MiB
2026/10/09 01:56:36.001, 0, GPU-6c849b47-7111-9265-9d42-ff8eddc05a2d, 100 %, 0 %, 63, 2760 MHz, 10251 MHz, 459.56 W, 480.00 W, 974 MiB
2026/10/09 01:56:36.001, 1, GPU-81ac6e96-0bfe-390d-beb1-241466569d6b, 100 %, 0 %, 61, 2775 MHz, 10251 MHz, 462.17 W, 480.00 W, 974 MiB
2026/10/09 01:56:37.001, 0, GPU-6c849b47-7111-9265-9d42-ff8eddc05a2d, 100 %, 0 %, 70, 2670 MHz, 10251 MHz, 452.97 W, 480.00 W, 974 MiB
2026/10/09 01:56:37.002, 1, GPU-81ac6e96-0bfe-390d-beb1-241466569d6b, 100 %, 0 %, 68, 2700 MHz, 10251 MHz, 446.93 W, 480.00 W, 974 MiB
2026/10/09 01:56:38.002, 0, GPU-6c849b47-7111-9265-9d42-ff8eddc05a2d, 100 %, 0 %, 70, 2670 MHz, 10251 MHz, 478.57 W, 480.00 W, 974 MiB
2026/10/09 01:56:38.003, 1, GPU-81ac6e96-0bfe-390d-beb1-241466569d6b, 100 %, 0 %, 68, 2700 MHz, 10251 MHz, 479.37 W, 480.00 W, 974 MiB
2026/10/09 01:56:39.003, 0, GPU-6c849b47-7111-9265-9d42-ff8eddc05a2d, 100 %, 0 %, 69, 2745 MHz, 10251 MHz, 426.52 W, 480.00 W, 974 MiB
2026/10/09 01:56:39.004, 1, GPU-81ac6e96-0bfe-390d-beb1-241466569d6b, 0 %, 0 %, 51, 2790 MHz, 10251 MHz, 353.30 W, 480.00 W, 974 MiB
2026/10/09 01:56:40.004, 0, GPU-6c849b47-7111-9265-9d42-ff8eddc05a2d, 100 %, 0 %, 70, 2685 MHz, 10251 MHz, 485.73 W, 480.00 W, 974 MiB
2026/10/09 01:56:40.004, 1, GPU-81ac6e96-0bfe-390d-beb1-241466569d6b, 0 %, 0 %, 49, 2790 MHz, 10251 MHz, 86.94 W, 480.00 W, 974 MiB
2026/10/09 01:56:41.005, 0, GPU-6c849b47-7111-9265-9d42-ff8eddc05a2d, 100 %, 0 %, 70, 2685 MHz, 10251 MHz, 476.60 W, 480.00 W, 974 MiB
2026/10/09 01:56:41.005, 1, GPU-81ac6e96-0bfe-390d-beb1-241466569d6b, 100 %, 0 %, 68, 2730 MHz, 10251 MHz, 299.87 W, 480.00 W, 974 MiB
2026/10/09 01:56:42.005, 0, GPU-6c849b47-7111-9265-9d42-ff8eddc05a2d, 0 %, 0 %, 49, 2775 MHz, 10251 MHz, 269.02 W, 480.00 W, 974 MiB
2026/10/09 01:56:42.006, 1, GPU-81ac6e96-0bfe-390d-beb1-241466569d6b, 100 %, 0 %, 68, 2745 MHz, 10251 MHz, 485.59 W, 480.00 W, 974 MiB
2026/10/09 01:56:43.006, 0, GPU-6c849b47-7111-9265-9d42-ff8eddc05a2d, 27 %, 0 %, 58, 2790 MHz, 10251 MHz, 104.74 W, 480.00 W, 974 MiB
2026/10/09 01:56:43.006, 1, GPU-81ac6e96-0bfe-390d-beb1-241466569d6b, 100 %, 0 %, 55, 2775 MHz, 10251 MHz, 434.51 W, 480.00 W, 974 MiB
2026/10/09 01:56:44.007, 0, GPU-6c849b47-7111-9265-9d42-ff8eddc05a2d, 100 %, 0 %, 70, 2670 MHz, 10251 MHz, 412.24 W, 480.00 W, 974 MiB
2026/10/09 01:56:44.007, 1, GPU-81ac6e96-0bfe-390d-beb1-241466569d6b, 100 %, 0 %, 68, 2625 MHz, 10251 MHz, 440.39 W, 480.00 W, 974 MiB
2026/10/09 01:56:45.008, 0, GPU-6c849b47-7111-9265-9d42-ff8eddc05a2d, 100 %, 0 %, 71, 2685 MHz, 10251 MHz, 480.16 W, 480.00 W, 974 MiB
2026/10/09 01:56:45.008, 1, GPU-81ac6e96-0bfe-390d-beb1-241466569d6b, 100 %, 0 %, 69, 2610 MHz, 10251 MHz, 477.04 W, 480.00 W, 974 MiB
2026/10/09 01:56:46.022, 0, GPU-6c849b47-7111-9265-9d42-ff8eddc05a2d, 100 %, 0 %, 69, 2670 MHz, 10251 MHz, 418.20 W, 480.00 W, 974 MiB
2026/10/09 01:56:46.022, 1, GPU-81ac6e96-0bfe-390d-beb1-241466569d6b, 100 %, 0 %, 67, 2715 MHz, 10251 MHz, 439.26 W, 480.00 W, 974 MiB
2026/10/09 01:56:47.023, 0, GPU-6c849b47-7111-9265-9d42-ff8eddc05a2d, 100 %, 0 %, 69, 2610 MHz, 10251 MHz, 491.94 W, 480.00 W, 974 MiB
2026/10/09 01:56:47.023, 1, GPU-81ac6e96-0bfe-390d-beb1-241466569d6b, 100 %, 0 %, 68, 2655 MHz, 10251 MHz, 484.44 W, 480.00 W, 974 MiB
2026/10/09 01:56:48.023, 0, GPU-6c849b47-7111-9265-9d42-ff8eddc05a2d, 100 %, 0 %, 70, 2595 MHz, 10251 MHz, 477.85 W, 480.00 W, 974 MiB
2026/10/09 01:56:48.024, 1, GPU-81ac6e96-0bfe-390d-beb1-241466569d6b, 100 %, 0 %, 69, 2655 MHz, 10251 MHz, 477.89 W, 480.00 W, 974 MiB
2026/10/09 01:56:49.024, 0, GPU-6c849b47-7111-9265-9d42-ff8eddc05a2d, 100 %, 0 %, 71, 2715 MHz, 10251 MHz, 450.94 W, 480.00 W, 974 MiB
2026/10/09 01:56:49.025, 1, GPU-81ac6e96-0bfe-390d-beb1-241466569d6b, 100 %, 0 %, 69, 2730 MHz, 10251 MHz, 437.06 W, 480.00 W, 974 MiB
2026/10/09 01:56:50.025, 0, GPU-6c849b47-7111-9265-9d42-ff8eddc05a2d, 100 %, 0 %, 70, 2670 MHz, 10251 MHz, 486.22 W, 480.00 W, 974 MiB
2026/10/09 01:56:50.026, 1, GPU-81ac6e96-0bfe-390d-beb1-241466569d6b, 100 %, 0 %, 68, 2670 MHz, 10251 MHz, 488.98 W, 480.00 W, 974 MiB
2026/10/09 01:56:51.026, 0, GPU-6c849b47-7111-9265-9d42-ff8eddc05a2d, 100 %, 0 %, 70, 2670 MHz, 10251 MHz, 479.14 W, 480.00 W, 974 MiB
2026/10/09 01:56:51.026, 1, GPU-81ac6e96-0bfe-390d-beb1-241466569d6b, 100 %, 0 %, 68, 2670 MHz, 10251 MHz, 477.80 W, 480.00 W, 974 MiB
2026/10/09 01:56:52.027, 0, GPU-6c849b47-7111-9265-9d42-ff8eddc05a2d, 100 %, 0 %, 72, 2715 MHz, 10251 MHz, 446.91 W, 480.00 W, 974 MiB
2026/10/09 01:56:52.027, 1, GPU-81ac6e96-0bfe-390d-beb1-241466569d6b, 100 %, 0 %, 70, 2745 MHz, 10251 MHz, 441.29 W, 480.00 W, 974 MiB
2026/10/09 01:56:53.028, 0, GPU-6c849b47-7111-9265-9d42-ff8eddc05a2d, 100 %, 0 %, 71, 2700 MHz, 10251 MHz, 482.16 W, 480.00 W, 974 MiB
2026/10/09 01:56:53.028, 1, GPU-81ac6e96-0bfe-390d-beb1-241466569d6b, 100 %, 0 %, 70, 2730 MHz, 10251 MHz, 481.58 W, 480.00 W, 974 MiB
2026/10/09 01:56:54.028, 0, GPU-6c849b47-7111-9265-9d42-ff8eddc05a2d, 100 %, 0 %, 67, 2760 MHz, 10251 MHz, 474.45 W, 480.00 W, 974 MiB
2026/10/09 01:56:54.029, 1, GPU-81ac6e96-0bfe-390d-beb1-241466569d6b, 100 %, 0 %, 66, 2775 MHz, 10251 MHz, 473.34 W, 480.00 W, 974 MiB
2026/10/09 01:56:55.029, 0, GPU-6c849b47-7111-9265-9d42-ff8eddc05a2d, 100 %, 0 %, 72, 2700 MHz, 10251 MHz, 452.36 W, 480.00 W, 974 MiB
2026/10/09 01:56:55.029, 1, GPU-81ac6e96-0bfe-390d-beb1-241466569d6b, 100 %, 0 %, 70, 2730 MHz, 10251 MHz, 448.90 W, 480.00 W, 974 MiB
2026/10/09 01:56:56.030, 0, GPU-6c849b47-7111-9265-9d42-ff8eddc05a2d, 100 %, 0 %, 71, 2670 MHz, 10251 MHz, 481.58 W, 480.00 W, 974 MiB
2026/10/09 01:56:56.030, 1, GPU-81ac6e96-0bfe-390d-beb1-241466569d6b, 100 %, 0 %, 69, 2715 MHz, 10251 MHz, 480.43 W, 480.00 W, 974 MiB
2026/10/09 01:56:57.031, 0, GPU-6c849b47-7111-9265-9d42-ff8eddc05a2d, 100 %, 0 %, 67, 2745 MHz, 10251 MHz, 424.38 W, 480.00 W, 974 MiB
2026/10/09 01:56:57.031, 1, GPU-81ac6e96-0bfe-390d-beb1-241466569d6b, 100 %, 0 %, 66, 2760 MHz, 10251 MHz, 422.34 W, 480.00 W, 974 MiB
2026/10/09 01:56:58.031, 0, GPU-6c849b47-7111-9265-9d42-ff8eddc05a2d, 100 %, 0 %, 70, 2670 MHz, 10251 MHz, 468.59 W, 480.00 W, 974 MiB
2026/10/09 01:56:58.032, 1, GPU-81ac6e96-0bfe-390d-beb1-241466569d6b, 100 %, 0 %, 68, 2700 MHz, 10251 MHz, 474.23 W, 480.00 W, 974 MiB
2026/10/09 01:56:59.032, 0, GPU-6c849b47-7111-9265-9d42-ff8eddc05a2d, 100 %, 0 %, 70, 2670 MHz, 10251 MHz, 475.92 W, 480.00 W, 974 MiB
2026/10/09 01:56:59.033, 1, GPU-81ac6e96-0bfe-390d-beb1-241466569d6b, 100 %, 0 %, 69, 2685 MHz, 10251 MHz, 477.36 W, 480.00 W, 974 MiB
2026/10/09 01:57:00.033, 0, GPU-6c849b47-7111-9265-9d42-ff8eddc05a2d, 100 %, 0 %, 70, 2745 MHz, 10251 MHz, 428.58 W, 480.00 W, 974 MiB
2026/10/09 01:57:00.034, 1, GPU-81ac6e96-0bfe-390d-beb1-241466569d6b, 0 %, 0 %, 51, 2790 MHz, 10251 MHz, 278.01 W, 480.00 W, 974 MiB
2026/10/09 01:57:01.034, 0, GPU-6c849b47-7111-9265-9d42-ff8eddc05a2d, 100 %, 0 %, 71, 2715 MHz, 10251 MHz, 481.64 W, 480.00 W, 974 MiB
2026/10/09 01:57:01.034, 1, GPU-81ac6e96-0bfe-390d-beb1-241466569d6b, 0 %, 0 %, 49, 2790 MHz, 10251 MHz, 86.62 W, 480.00 W, 974 MiB
2026/10/09 01:57:02.035, 0, GPU-6c849b47-7111-9265-9d42-ff8eddc05a2d, 100 %, 0 %, 70, 2745 MHz, 10251 MHz, 479.24 W, 480.00 W, 974 MiB
2026/10/09 01:57:02.035, 1, GPU-81ac6e96-0bfe-390d-beb1-241466569d6b, 0 %, 0 %, 49, 2790 MHz, 10251 MHz, 86.48 W, 480.00 W, 974 MiB
2026/10/09 01:57:03.036, 0, GPU-6c849b47-7111-9265-9d42-ff8eddc05a2d, 0 %, 0 %, 49, 2790 MHz, 10251 MHz, 224.93 W, 480.00 W, 974 MiB
2026/10/09 01:57:03.036, 1, GPU-81ac6e96-0bfe-390d-beb1-241466569d6b, 0 %, 0 %, 48, 2625 MHz, 10251 MHz, 78.68 W, 480.00 W, 974 MiB
2026/10/09 01:57:04.037, 0, GPU-6c849b47-7111-9265-9d42-ff8eddc05a2d, 0 %, 0 %, 47, 2790 MHz, 10251 MHz, 96.89 W, 480.00 W, 974 MiB
2026/10/09 01:57:04.037, 1, GPU-81ac6e96-0bfe-390d-beb1-241466569d6b, 0 %, 0 %, 48, 2625 MHz, 10251 MHz, 77.45 W, 480.00 W, 974 MiB
2026/10/09 01:57:05.037, 0, GPU-6c849b47-7111-9265-9d42-ff8eddc05a2d, 0 %, 0 %, 46, 2625 MHz, 10251 MHz, 87.12 W, 480.00 W, 974 MiB
2026/10/09 01:57:05.038, 1, GPU-81ac6e96-0bfe-390d-beb1-241466569d6b, 0 %, 0 %, 48, 2625 MHz, 10251 MHz, 77.04 W, 480.00 W, 974 MiB
2026/10/09 01:57:06.038, 0, GPU-6c849b47-7111-9265-9d42-ff8eddc05a2d, 0 %, 0 %, 46, 2625 MHz, 10251 MHz, 84.83 W, 480.00 W, 974 MiB
2026/10/09 01:57:06.039, 1, GPU-81ac6e96-0bfe-390d-beb1-241466569d6b, 0 %, 0 %, 48, 2625 MHz, 10251 MHz, 76.65 W, 480.00 W, 974 MiB
2026/10/09 01:57:07.039, 0, GPU-6c849b47-7111-9265-9d42-ff8eddc05a2d, 0 %, 0 %, 45, 2625 MHz, 10251 MHz, 83.21 W, 480.00 W, 974 MiB
2026/10/09 01:57:07.040, 1, GPU-81ac6e96-0bfe-390d-beb1-241466569d6b, 100 %, 0 %, 49, 2790 MHz, 10251 MHz, 82.93 W, 480.00 W, 974 MiB
2026/10/09 01:57:08.040, 0, GPU-6c849b47-7111-9265-9d42-ff8eddc05a2d, 0 %, 0 %, 45, 2625 MHz, 10251 MHz, 82.73 W, 480.00 W, 974 MiB
2026/10/09 01:57:08.040, 1, GPU-81ac6e96-0bfe-390d-beb1-241466569d6b, 100 %, 0 %, 49, 2790 MHz, 10251 MHz, 112.33 W, 480.00 W, 974 MiB
2026/10/09 01:57:09.041, 0, GPU-6c849b47-7111-9265-9d42-ff8eddc05a2d, 0 %, 0 %, 45, 2625 MHz, 10251 MHz, 82.35 W, 480.00 W, 974 MiB
2026/10/09 01:57:09.041, 1, GPU-81ac6e96-0bfe-390d-beb1-241466569d6b, 100 %, 0 %, 49, 2790 MHz, 10251 MHz, 112.16 W, 480.00 W, 974 MiB
2026/10/09 01:57:10.042, 0, GPU-6c849b47-7111-9265-9d42-ff8eddc05a2d, 0 %, 0 %, 45, 2625 MHz, 10251 MHz, 82.12 W, 480.00 W, 974 MiB
2026/10/09 01:57:10.042, 1, GPU-81ac6e96-0bfe-390d-beb1-241466569d6b, 100 %, 0 %, 63, 2790 MHz, 10251 MHz, 151.01 W, 480.00 W, 974 MiB
2026/10/09 01:57:11.043, 0, GPU-6c849b47-7111-9265-9d42-ff8eddc05a2d, 0 %, 0 %, 45, 2625 MHz, 10251 MHz, 81.86 W, 480.00 W, 974 MiB
2026/10/09 01:57:11.043, 1, GPU-81ac6e96-0bfe-390d-beb1-241466569d6b, 100 %, 0 %, 70, 2610 MHz, 10251 MHz, 449.76 W, 480.00 W, 974 MiB
2026/10/09 01:57:12.043, 0, GPU-6c849b47-7111-9265-9d42-ff8eddc05a2d, 0 %, 0 %, 45, 2625 MHz, 10251 MHz, 81.66 W, 480.00 W, 974 MiB
2026/10/09 01:57:12.044, 1, GPU-81ac6e96-0bfe-390d-beb1-241466569d6b, 100 %, 0 %, 69, 2640 MHz, 10251 MHz, 482.01 W, 480.00 W, 974 MiB
2026/10/09 01:57:13.044, 0, GPU-6c849b47-7111-9265-9d42-ff8eddc05a2d, 0 %, 0 %, 45, 2625 MHz, 10251 MHz, 81.61 W, 480.00 W, 974 MiB
2026/10/09 01:57:13.045, 1, GPU-81ac6e96-0bfe-390d-beb1-241466569d6b, 100 %, 0 %, 69, 2685 MHz, 10251 MHz, 416.08 W, 480.00 W, 974 MiB
2026/10/09 01:57:14.045, 0, GPU-6c849b47-7111-9265-9d42-ff8eddc05a2d, 0 %, 0 %, 45, 2625 MHz, 10251 MHz, 81.60 W, 480.00 W, 974 MiB
2026/10/09 01:57:14.046, 1, GPU-81ac6e96-0bfe-390d-beb1-241466569d6b, 100 %, 0 %, 68, 2655 MHz, 10251 MHz, 486.88 W, 480.00 W, 974 MiB
2026/10/09 01:57:15.046, 0, GPU-6c849b47-7111-9265-9d42-ff8eddc05a2d, 0 %, 0 %, 44, 2625 MHz, 10251 MHz, 81.52 W, 480.00 W, 974 MiB
2026/10/09 01:57:15.046, 1, GPU-81ac6e96-0bfe-390d-beb1-241466569d6b, 100 %, 0 %, 68, 2655 MHz, 10251 MHz, 478.23 W, 480.00 W, 974 MiB
2026/10/09 01:57:16.047, 0, GPU-6c849b47-7111-9265-9d42-ff8eddc05a2d, 0 %, 0 %, 44, 2625 MHz, 10251 MHz, 81.47 W, 480.00 W, 974 MiB
2026/10/09 01:57:16.047, 1, GPU-81ac6e96-0bfe-390d-beb1-241466569d6b, 100 %, 0 %, 70, 2730 MHz, 10251 MHz, 451.85 W, 480.00 W, 974 MiB
2026/10/09 01:57:17.048, 0, GPU-6c849b47-7111-9265-9d42-ff8eddc05a2d, 0 %, 0 %, 44, 2625 MHz, 10251 MHz, 81.50 W, 480.00 W, 974 MiB
2026/10/09 01:57:17.048, 1, GPU-81ac6e96-0bfe-390d-beb1-241466569d6b, 100 %, 0 %, 69, 2715 MHz, 10251 MHz, 482.48 W, 480.00 W, 974 MiB
2026/10/09 01:57:18.049, 0, GPU-6c849b47-7111-9265-9d42-ff8eddc05a2d, 0 %, 0 %, 44, 2625 MHz, 10251 MHz, 81.49 W, 480.00 W, 974 MiB
2026/10/09 01:57:18.049, 1, GPU-81ac6e96-0bfe-390d-beb1-241466569d6b, 100 %, 0 %, 68, 2775 MHz, 10251 MHz, 478.58 W, 480.00 W, 974 MiB
2026/10/09 01:57:19.049, 0, GPU-6c849b47-7111-9265-9d42-ff8eddc05a2d, 0 %, 0 %, 44, 2625 MHz, 10251 MHz, 81.44 W, 480.00 W, 974 MiB
2026/10/09 01:57:19.050, 1, GPU-81ac6e96-0bfe-390d-beb1-241466569d6b, 100 %, 0 %, 69, 2745 MHz, 10251 MHz, 451.62 W, 480.00 W, 974 MiB
2026/10/09 01:57:20.050, 0, GPU-6c849b47-7111-9265-9d42-ff8eddc05a2d, 0 %, 0 %, 44, 525 MHz, 810 MHz, 80.81 W, 480.00 W, 974 MiB
2026/10/09 01:57:20.050, 1, GPU-81ac6e96-0bfe-390d-beb1-241466569d6b, 100 %, 0 %, 69, 2700 MHz, 10251 MHz, 481.01 W, 480.00 W, 974 MiB
2026/10/09 01:57:21.051, 0, GPU-6c849b47-7111-9265-9d42-ff8eddc05a2d, 0 %, 0 %, 43, 330 MHz, 405 MHz, 63.09 W, 480.00 W, 974 MiB
2026/10/09 01:57:21.051, 1, GPU-81ac6e96-0bfe-390d-beb1-241466569d6b, 100 %, 0 %, 59, 2775 MHz, 10251 MHz, 442.01 W, 480.00 W, 974 MiB
2026/10/09 01:57:22.052, 0, GPU-6c849b47-7111-9265-9d42-ff8eddc05a2d, 0 %, 0 %, 43, 210 MHz, 405 MHz, 42.83 W, 480.00 W, 974 MiB
2026/10/09 01:57:22.053, 1, GPU-81ac6e96-0bfe-390d-beb1-241466569d6b, 100 %, 0 %, 68, 2685 MHz, 10251 MHz, 464.30 W, 480.00 W, 974 MiB
2026/10/09 01:57:23.053, 0, GPU-6c849b47-7111-9265-9d42-ff8eddc05a2d, 0 %, 0 %, 43, 210 MHz, 405 MHz, 39.34 W, 480.00 W, 974 MiB
2026/10/09 01:57:23.053, 1, GPU-81ac6e96-0bfe-390d-beb1-241466569d6b, 100 %, 0 %, 68, 2685 MHz, 10251 MHz, 476.57 W, 480.00 W, 974 MiB
2026/10/09 01:57:24.054, 0, GPU-6c849b47-7111-9265-9d42-ff8eddc05a2d, 0 %, 0 %, 43, 210 MHz, 405 MHz, 39.27 W, 480.00 W, 974 MiB
2026/10/09 01:57:24.054, 1, GPU-81ac6e96-0bfe-390d-beb1-241466569d6b, 100 %, 0 %, 68, 2760 MHz, 10251 MHz, 426.84 W, 480.00 W, 974 MiB
2026/10/09 01:57:25.055, 0, GPU-6c849b47-7111-9265-9d42-ff8eddc05a2d, 0 %, 0 %, 43, 210 MHz, 405 MHz, 39.37 W, 480.00 W, 974 MiB
2026/10/09 01:57:25.055, 1, GPU-81ac6e96-0bfe-390d-beb1-241466569d6b, 100 %, 0 %, 68, 2715 MHz, 10251 MHz, 486.28 W, 480.00 W, 974 MiB
2026/10/09 01:57:26.056, 0, GPU-6c849b47-7111-9265-9d42-ff8eddc05a2d, 0 %, 0 %, 43, 210 MHz, 405 MHz, 39.17 W, 480.00 W, 974 MiB
2026/10/09 01:57:26.056, 1, GPU-81ac6e96-0bfe-390d-beb1-241466569d6b, 100 %, 0 %, 68, 2715 MHz, 10251 MHz, 478.26 W, 480.00 W, 974 MiB
2026/10/09 01:57:27.056, 0, GPU-6c849b47-7111-9265-9d42-ff8eddc05a2d, 0 %, 0 %, 43, 210 MHz, 405 MHz, 39.04 W, 480.00 W, 974 MiB
2026/10/09 01:57:27.057, 1, GPU-81ac6e96-0bfe-390d-beb1-241466569d6b, 100 %, 0 %, 69, 2760 MHz, 10251 MHz, 434.11 W, 480.00 W, 974 MiB
2026/10/09 01:57:28.057, 0, GPU-6c849b47-7111-9265-9d42-ff8eddc05a2d, 0 %, 0 %, 43, 210 MHz, 405 MHz, 38.78 W, 480.00 W, 974 MiB
2026/10/09 01:57:28.058, 1, GPU-81ac6e96-0bfe-390d-beb1-241466569d6b, 100 %, 0 %, 69, 2730 MHz, 10251 MHz, 480.61 W, 480.00 W, 974 MiB
2026/10/09 01:57:29.058, 0, GPU-6c849b47-7111-9265-9d42-ff8eddc05a2d, 0 %, 0 %, 43, 210 MHz, 405 MHz, 38.58 W, 480.00 W, 974 MiB
2026/10/09 01:57:29.059, 1, GPU-81ac6e96-0bfe-390d-beb1-241466569d6b, 100 %, 0 %, 64, 2775 MHz, 10251 MHz, 452.72 W, 480.00 W, 974 MiB
2026/10/09 01:57:30.059, 0, GPU-6c849b47-7111-9265-9d42-ff8eddc05a2d, 0 %, 0 %, 43, 210 MHz, 405 MHz, 38.52 W, 480.00 W, 974 MiB
2026/10/09 01:57:30.060, 1, GPU-81ac6e96-0bfe-390d-beb1-241466569d6b, 0 %, 0 %, 49, 2790 MHz, 10251 MHz, 118.69 W, 480.00 W, 974 MiB
2026/10/09 01:57:31.060, 0, GPU-6c849b47-7111-9265-9d42-ff8eddc05a2d, 0 %, 0 %, 43, 210 MHz, 405 MHz, 38.47 W, 480.00 W, 974 MiB
2026/10/09 01:57:31.060, 1, GPU-81ac6e96-0bfe-390d-beb1-241466569d6b, 100 %, 0 %, 62, 2790 MHz, 10251 MHz, 218.78 W, 480.00 W, 974 MiB
2026/10/09 01:57:32.061, 0, GPU-6c849b47-7111-9265-9d42-ff8eddc05a2d, 0 %, 0 %, 43, 210 MHz, 405 MHz, 38.46 W, 480.00 W, 974 MiB
2026/10/09 01:57:32.062, 1, GPU-81ac6e96-0bfe-390d-beb1-241466569d6b, 100 %, 0 %, 67, 2745 MHz, 10251 MHz, 483.51 W, 480.00 W, 974 MiB
2026/10/09 01:57:33.062, 0, GPU-6c849b47-7111-9265-9d42-ff8eddc05a2d, 0 %, 0 %, 43, 210 MHz, 405 MHz, 38.67 W, 480.00 W, 974 MiB
2026/10/09 01:57:33.063, 1, GPU-81ac6e96-0bfe-390d-beb1-241466569d6b, 100 %, 0 %, 67, 2775 MHz, 10251 MHz, 472.36 W, 480.00 W, 974 MiB
2026/10/09 01:57:34.063, 0, GPU-6c849b47-7111-9265-9d42-ff8eddc05a2d, 0 %, 0 %, 43, 210 MHz, 405 MHz, 38.68 W, 480.00 W, 974 MiB
2026/10/09 01:57:34.064, 1, GPU-81ac6e96-0bfe-390d-beb1-241466569d6b, 100 %, 0 %, 70, 2685 MHz, 10251 MHz, 427.79 W, 480.00 W, 974 MiB
2026/10/09 01:57:35.064, 0, GPU-6c849b47-7111-9265-9d42-ff8eddc05a2d, 0 %, 0 %, 43, 210 MHz, 405 MHz, 38.74 W, 480.00 W, 974 MiB
2026/10/09 01:57:35.065, 1, GPU-81ac6e96-0bfe-390d-beb1-241466569d6b, 100 %, 0 %, 70, 2670 MHz, 10251 MHz, 481.93 W, 480.00 W, 974 MiB
2026/10/09 01:57:36.065, 0, GPU-6c849b47-7111-9265-9d42-ff8eddc05a2d, 0 %, 0 %, 43, 210 MHz, 405 MHz, 38.72 W, 480.00 W, 974 MiB
2026/10/09 01:57:36.066, 1, GPU-81ac6e96-0bfe-390d-beb1-241466569d6b, 100 %, 0 %, 67, 2775 MHz, 10251 MHz, 468.70 W, 480.00 W, 974 MiB
2026/10/09 01:57:37.066, 0, GPU-6c849b47-7111-9265-9d42-ff8eddc05a2d, 0 %, 0 %, 43, 210 MHz, 405 MHz, 38.61 W, 480.00 W, 974 MiB
2026/10/09 01:57:37.067, 1, GPU-81ac6e96-0bfe-390d-beb1-241466569d6b, 100 %, 0 %, 70, 2640 MHz, 10251 MHz, 463.06 W, 480.00 W, 974 MiB
2026/10/09 01:57:38.067, 0, GPU-6c849b47-7111-9265-9d42-ff8eddc05a2d, 0 %, 0 %, 42, 210 MHz, 405 MHz, 38.56 W, 480.00 W, 974 MiB
2026/10/09 01:57:38.068, 1, GPU-81ac6e96-0bfe-390d-beb1-241466569d6b, 100 %, 0 %, 70, 2670 MHz, 10251 MHz, 477.81 W, 480.00 W, 974 MiB
2026/10/09 01:57:39.068, 0, GPU-6c849b47-7111-9265-9d42-ff8eddc05a2d, 0 %, 0 %, 42, 210 MHz, 405 MHz, 38.52 W, 480.00 W, 974 MiB
2026/10/09 01:57:39.068, 1, GPU-81ac6e96-0bfe-390d-beb1-241466569d6b, 100 %, 0 %, 58, 2745 MHz, 10251 MHz, 434.07 W, 480.00 W, 974 MiB
2026/10/09 01:57:40.069, 0, GPU-6c849b47-7111-9265-9d42-ff8eddc05a2d, 0 %, 0 %, 42, 210 MHz, 405 MHz, 38.44 W, 480.00 W, 974 MiB
2026/10/09 01:57:40.069, 1, GPU-81ac6e96-0bfe-390d-beb1-241466569d6b, 100 %, 0 %, 69, 2670 MHz, 10251 MHz, 483.33 W, 480.00 W, 974 MiB
2026/10/09 01:57:41.070, 0, GPU-6c849b47-7111-9265-9d42-ff8eddc05a2d, 0 %, 0 %, 42, 210 MHz, 405 MHz, 38.27 W, 480.00 W, 974 MiB
2026/10/09 01:57:41.070, 1, GPU-81ac6e96-0bfe-390d-beb1-241466569d6b, 100 %, 0 %, 69, 2670 MHz, 10251 MHz, 477.63 W, 480.00 W, 974 MiB
2026/10/09 01:57:42.071, 0, GPU-6c849b47-7111-9265-9d42-ff8eddc05a2d, 0 %, 0 %, 42, 210 MHz, 405 MHz, 38.37 W, 480.00 W, 974 MiB
2026/10/09 01:57:42.071, 1, GPU-81ac6e96-0bfe-390d-beb1-241466569d6b, 100 %, 0 %, 69, 2745 MHz, 10251 MHz, 433.52 W, 480.00 W, 974 MiB
2026/10/09 01:57:43.072, 0, GPU-6c849b47-7111-9265-9d42-ff8eddc05a2d, 0 %, 0 %, 42, 210 MHz, 405 MHz, 38.31 W, 480.00 W, 974 MiB
2026/10/09 01:57:43.072, 1, GPU-81ac6e96-0bfe-390d-beb1-241466569d6b, 100 %, 0 %, 68, 2670 MHz, 10251 MHz, 488.63 W, 480.00 W, 974 MiB
2026/10/09 01:57:44.077, 0, GPU-6c849b47-7111-9265-9d42-ff8eddc05a2d, 0 %, 0 %, 42, 210 MHz, 405 MHz, 38.28 W, 480.00 W, 974 MiB
2026/10/09 01:57:44.077, 1, GPU-81ac6e96-0bfe-390d-beb1-241466569d6b, 100 %, 0 %, 68, 2685 MHz, 10251 MHz, 477.14 W, 480.00 W, 974 MiB
2026/10/09 01:57:45.078, 0, GPU-6c849b47-7111-9265-9d42-ff8eddc05a2d, 0 %, 0 %, 42, 210 MHz, 405 MHz, 38.27 W, 480.00 W, 974 MiB
2026/10/09 01:57:45.078, 1, GPU-81ac6e96-0bfe-390d-beb1-241466569d6b, 100 %, 0 %, 70, 2745 MHz, 10251 MHz, 438.16 W, 480.00 W, 974 MiB
2026/10/09 01:57:46.092, 0, GPU-6c849b47-7111-9265-9d42-ff8eddc05a2d, 0 %, 0 %, 42, 210 MHz, 405 MHz, 38.28 W, 480.00 W, 974 MiB
2026/10/09 01:57:46.093, 1, GPU-81ac6e96-0bfe-390d-beb1-241466569d6b, 100 %, 0 %, 70, 2730 MHz, 10251 MHz, 481.55 W, 480.00 W, 974 MiB
2026/10/09 01:57:47.093, 0, GPU-6c849b47-7111-9265-9d42-ff8eddc05a2d, 0 %, 0 %, 42, 210 MHz, 405 MHz, 38.49 W, 480.00 W, 974 MiB
2026/10/09 01:57:47.094, 1, GPU-81ac6e96-0bfe-390d-beb1-241466569d6b, 100 %, 0 %, 66, 2775 MHz, 10251 MHz, 474.98 W, 480.00 W, 974 MiB
2026/10/09 01:57:48.094, 0, GPU-6c849b47-7111-9265-9d42-ff8eddc05a2d, 0 %, 0 %, 42, 210 MHz, 405 MHz, 38.37 W, 480.00 W, 974 MiB
2026/10/09 01:57:48.094, 1, GPU-81ac6e96-0bfe-390d-beb1-241466569d6b, 100 %, 0 %, 70, 2760 MHz, 10251 MHz, 446.99 W, 480.00 W, 974 MiB
2026/10/09 01:57:49.095, 0, GPU-6c849b47-7111-9265-9d42-ff8eddc05a2d, 0 %, 0 %, 42, 210 MHz, 405 MHz, 38.18 W, 480.00 W, 974 MiB
2026/10/09 01:57:49.095, 1, GPU-81ac6e96-0bfe-390d-beb1-241466569d6b, 100 %, 0 %, 70, 2715 MHz, 10251 MHz, 479.43 W, 480.00 W, 974 MiB
2026/10/09 01:57:50.096, 0, GPU-6c849b47-7111-9265-9d42-ff8eddc05a2d, 0 %, 0 %, 42, 210 MHz, 405 MHz, 38.15 W, 480.00 W, 974 MiB
2026/10/09 01:57:50.096, 1, GPU-81ac6e96-0bfe-390d-beb1-241466569d6b, 0 %, 0 %, 54, 2790 MHz, 10251 MHz, 371.77 W, 480.00 W, 974 MiB
2026/10/09 01:57:51.110, 0, GPU-6c849b47-7111-9265-9d42-ff8eddc05a2d, 0 %, 0 %, 42, 210 MHz, 405 MHz, 37.95 W, 480.00 W, 974 MiB
2026/10/09 01:57:51.111, 1, GPU-81ac6e96-0bfe-390d-beb1-241466569d6b, 0 %, 0 %, 50, 2790 MHz, 10251 MHz, 87.98 W, 480.00 W, 974 MiB
2026/10/09 01:57:52.111, 0, GPU-6c849b47-7111-9265-9d42-ff8eddc05a2d, 0 %, 0 %, 42, 210 MHz, 405 MHz, 37.69 W, 480.00 W, 974 MiB
2026/10/09 01:57:52.111, 1, GPU-81ac6e96-0bfe-390d-beb1-241466569d6b, 100 %, 0 %, 67, 2760 MHz, 10251 MHz, 279.72 W, 480.00 W, 974 MiB
2026/10/09 01:57:53.112, 0, GPU-6c849b47-7111-9265-9d42-ff8eddc05a2d, 0 %, 0 %, 41, 210 MHz, 405 MHz, 37.88 W, 480.00 W, 974 MiB
2026/10/09 01:57:53.112, 1, GPU-81ac6e96-0bfe-390d-beb1-241466569d6b, 100 %, 0 %, 67, 2760 MHz, 10251 MHz, 484.14 W, 480.00 W, 974 MiB
2026/10/09 01:57:54.113, 0, GPU-6c849b47-7111-9265-9d42-ff8eddc05a2d, 0 %, 0 %, 41, 210 MHz, 405 MHz, 37.92 W, 480.00 W, 974 MiB
2026/10/09 01:57:54.113, 1, GPU-81ac6e96-0bfe-390d-beb1-241466569d6b, 100 %, 0 %, 63, 2775 MHz, 10251 MHz, 447.19 W, 480.00 W, 974 MiB
2026/10/09 01:57:55.113, 0, GPU-6c849b47-7111-9265-9d42-ff8eddc05a2d, 0 %, 0 %, 41, 210 MHz, 405 MHz, 37.91 W, 480.00 W, 974 MiB
2026/10/09 01:57:55.114, 1, GPU-81ac6e96-0bfe-390d-beb1-241466569d6b, 100 %, 0 %, 70, 2625 MHz, 10251 MHz, 439.78 W, 480.00 W, 974 MiB
2026/10/09 01:57:56.128, 0, GPU-6c849b47-7111-9265-9d42-ff8eddc05a2d, 0 %, 0 %, 41, 210 MHz, 405 MHz, 38.30 W, 480.00 W, 974 MiB
2026/10/09 01:57:56.128, 1, GPU-81ac6e96-0bfe-390d-beb1-241466569d6b, 100 %, 0 %, 70, 2625 MHz, 10251 MHz, 478.79 W, 480.00 W, 974 MiB
2026/10/09 01:57:57.129, 0, GPU-6c849b47-7111-9265-9d42-ff8eddc05a2d, 0 %, 0 %, 41, 210 MHz, 405 MHz, 38.53 W, 480.00 W, 974 MiB
2026/10/09 01:57:57.130, 1, GPU-81ac6e96-0bfe-390d-beb1-241466569d6b, 100 %, 0 %, 62, 2775 MHz, 10251 MHz, 437.25 W, 480.00 W, 974 MiB
2026/10/09 01:57:58.130, 0, GPU-6c849b47-7111-9265-9d42-ff8eddc05a2d, 0 %, 0 %, 41, 210 MHz, 405 MHz, 38.69 W, 480.00 W, 974 MiB
2026/10/09 01:57:58.130, 1, GPU-81ac6e96-0bfe-390d-beb1-241466569d6b, 100 %, 0 %, 69, 2640 MHz, 10251 MHz, 480.52 W, 480.00 W, 974 MiB
2026/10/09 01:57:59.131, 0, GPU-6c849b47-7111-9265-9d42-ff8eddc05a2d, 0 %, 0 %, 41, 210 MHz, 405 MHz, 38.68 W, 480.00 W, 974 MiB
2026/10/09 01:57:59.131, 1, GPU-81ac6e96-0bfe-390d-beb1-241466569d6b, 100 %, 0 %, 69, 2655 MHz, 10251 MHz, 477.44 W, 480.00 W, 974 MiB
2026/10/09 01:58:00.132, 0, GPU-6c849b47-7111-9265-9d42-ff8eddc05a2d, 0 %, 0 %, 41, 210 MHz, 405 MHz, 38.54 W, 480.00 W, 974 MiB
2026/10/09 01:58:00.144, 1, GPU-81ac6e96-0bfe-390d-beb1-241466569d6b, 100 %, 0 %, 69, 2730 MHz, 10251 MHz, 438.65 W, 480.00 W, 974 MiB
2026/10/09 01:58:01.144, 0, GPU-6c849b47-7111-9265-9d42-ff8eddc05a2d, 0 %, 0 %, 41, 210 MHz, 405 MHz, 38.28 W, 480.00 W, 974 MiB
2026/10/09 01:58:01.145, 1, GPU-81ac6e96-0bfe-390d-beb1-241466569d6b, 100 %, 0 %, 69, 2670 MHz, 10251 MHz, 489.58 W, 480.00 W, 974 MiB
2026/10/09 01:58:02.145, 0, GPU-6c849b47-7111-9265-9d42-ff8eddc05a2d, 0 %, 0 %, 41, 210 MHz, 405 MHz, 37.96 W, 480.00 W, 974 MiB
2026/10/09 01:58:02.146, 1, GPU-81ac6e96-0bfe-390d-beb1-241466569d6b, 100 %, 0 %, 69, 2670 MHz, 10251 MHz, 477.52 W, 480.00 W, 974 MiB
2026/10/09 01:58:03.146, 0, GPU-6c849b47-7111-9265-9d42-ff8eddc05a2d, 0 %, 0 %, 41, 210 MHz, 405 MHz, 37.58 W, 480.00 W, 974 MiB
2026/10/09 01:58:03.147, 1, GPU-81ac6e96-0bfe-390d-beb1-241466569d6b, 100 %, 0 %, 70, 2745 MHz, 10251 MHz, 443.22 W, 480.00 W, 974 MiB
2026/10/09 01:58:04.147, 0, GPU-6c849b47-7111-9265-9d42-ff8eddc05a2d, 0 %, 0 %, 41, 210 MHz, 405 MHz, 37.49 W, 480.00 W, 974 MiB
2026/10/09 01:58:04.148, 1, GPU-81ac6e96-0bfe-390d-beb1-241466569d6b, 100 %, 0 %, 69, 2715 MHz, 10251 MHz, 483.19 W, 480.00 W, 974 MiB
2026/10/09 01:58:05.148, 0, GPU-6c849b47-7111-9265-9d42-ff8eddc05a2d, 0 %, 0 %, 41, 210 MHz, 405 MHz, 37.60 W, 480.00 W, 974 MiB
2026/10/09 01:58:05.157, 1, GPU-81ac6e96-0bfe-390d-beb1-241466569d6b, 100 %, 0 %, 69, 2775 MHz, 10251 MHz, 476.58 W, 480.00 W, 974 MiB
2026/10/09 01:58:06.157, 0, GPU-6c849b47-7111-9265-9d42-ff8eddc05a2d, 0 %, 0 %, 41, 210 MHz, 405 MHz, 37.47 W, 480.00 W, 974 MiB
2026/10/09 01:58:06.158, 1, GPU-81ac6e96-0bfe-390d-beb1-241466569d6b, 100 %, 0 %, 70, 2745 MHz, 10251 MHz, 446.65 W, 480.00 W, 974 MiB
2026/10/09 01:58:07.158, 0, GPU-6c849b47-7111-9265-9d42-ff8eddc05a2d, 0 %, 0 %, 41, 210 MHz, 405 MHz, 37.57 W, 480.00 W, 974 MiB
2026/10/09 01:58:07.159, 1, GPU-81ac6e96-0bfe-390d-beb1-241466569d6b, 100 %, 0 %, 70, 2730 MHz, 10251 MHz, 480.88 W, 480.00 W, 974 MiB
2026/10/09 01:58:08.159, 0, GPU-6c849b47-7111-9265-9d42-ff8eddc05a2d, 0 %, 0 %, 41, 210 MHz, 405 MHz, 37.85 W, 480.00 W, 974 MiB
2026/10/09 01:58:08.159, 1, GPU-81ac6e96-0bfe-390d-beb1-241466569d6b, 100 %, 0 %, 61, 2775 MHz, 10251 MHz, 419.52 W, 480.00 W, 974 MiB
2026/10/09 01:58:09.160, 0, GPU-6c849b47-7111-9265-9d42-ff8eddc05a2d, 0 %, 0 %, 40, 210 MHz, 405 MHz, 37.78 W, 480.00 W, 974 MiB
2026/10/09 01:58:09.160, 1, GPU-81ac6e96-0bfe-390d-beb1-241466569d6b, 100 %, 0 %, 69, 2700 MHz, 10251 MHz, 468.79 W, 480.00 W, 974 MiB
2026/10/09 01:58:10.161, 0, GPU-6c849b47-7111-9265-9d42-ff8eddc05a2d, 0 %, 0 %, 40, 210 MHz, 405 MHz, 37.57 W, 480.00 W, 974 MiB
2026/10/09 01:58:10.161, 1, GPU-81ac6e96-0bfe-390d-beb1-241466569d6b, 100 %, 0 %, 69, 2685 MHz, 10251 MHz, 476.74 W, 480.00 W, 974 MiB
2026/10/09 01:58:11.162, 0, GPU-6c849b47-7111-9265-9d42-ff8eddc05a2d, 0 %, 0 %, 40, 210 MHz, 405 MHz, 37.48 W, 480.00 W, 974 MiB
2026/10/09 01:58:11.162, 1, GPU-81ac6e96-0bfe-390d-beb1-241466569d6b, 0 %, 0 %, 52, 2790 MHz, 10251 MHz, 309.14 W, 480.00 W, 974 MiB
2026/10/09 01:58:12.163, 0, GPU-6c849b47-7111-9265-9d42-ff8eddc05a2d, 0 %, 0 %, 40, 210 MHz, 405 MHz, 37.50 W, 480.00 W, 974 MiB
2026/10/09 01:58:12.163, 1, GPU-81ac6e96-0bfe-390d-beb1-241466569d6b, 0 %, 0 %, 50, 2790 MHz, 10251 MHz, 87.50 W, 480.00 W, 974 MiB
2026/10/09 01:58:13.164, 0, GPU-6c849b47-7111-9265-9d42-ff8eddc05a2d, 0 %, 0 %, 40, 210 MHz, 405 MHz, 37.68 W, 480.00 W, 974 MiB
2026/10/09 01:58:13.164, 1, GPU-81ac6e96-0bfe-390d-beb1-241466569d6b, 100 %, 0 %, 69, 2700 MHz, 10251 MHz, 343.19 W, 480.00 W, 974 MiB
2026/10/09 01:58:14.165, 0, GPU-6c849b47-7111-9265-9d42-ff8eddc05a2d, 0 %, 0 %, 40, 210 MHz, 405 MHz, 37.82 W, 480.00 W, 974 MiB
2026/10/09 01:58:14.165, 1, GPU-81ac6e96-0bfe-390d-beb1-241466569d6b, 100 %, 0 %, 69, 2745 MHz, 10251 MHz, 482.70 W, 480.00 W, 974 MiB
2026/10/09 01:58:15.166, 0, GPU-6c849b47-7111-9265-9d42-ff8eddc05a2d, 0 %, 0 %, 40, 210 MHz, 405 MHz, 37.81 W, 480.00 W, 974 MiB
2026/10/09 01:58:15.166, 1, GPU-81ac6e96-0bfe-390d-beb1-241466569d6b, 100 %, 0 %, 55, 2790 MHz, 10251 MHz, 399.91 W, 480.00 W, 974 MiB
2026/10/09 01:58:16.167, 0, GPU-6c849b47-7111-9265-9d42-ff8eddc05a2d, 0 %, 0 %, 40, 210 MHz, 405 MHz, 37.62 W, 480.00 W, 974 MiB
2026/10/09 01:58:16.167, 1, GPU-81ac6e96-0bfe-390d-beb1-241466569d6b, 100 %, 0 %, 69, 2625 MHz, 10251 MHz, 470.23 W, 480.00 W, 974 MiB
2026/10/09 01:58:17.168, 0, GPU-6c849b47-7111-9265-9d42-ff8eddc05a2d, 0 %, 0 %, 40, 210 MHz, 405 MHz, 37.52 W, 480.00 W, 974 MiB
2026/10/09 01:58:17.168, 1, GPU-81ac6e96-0bfe-390d-beb1-241466569d6b, 100 %, 0 %, 69, 2610 MHz, 10251 MHz, 477.23 W, 480.00 W, 974 MiB
2026/10/09 01:58:18.168, 0, GPU-6c849b47-7111-9265-9d42-ff8eddc05a2d, 0 %, 0 %, 40, 210 MHz, 405 MHz, 37.66 W, 480.00 W, 974 MiB
2026/10/09 01:58:18.169, 1, GPU-81ac6e96-0bfe-390d-beb1-241466569d6b, 100 %, 0 %, 68, 2715 MHz, 10251 MHz, 440.91 W, 480.00 W, 974 MiB
2026/10/09 01:58:19.169, 0, GPU-6c849b47-7111-9265-9d42-ff8eddc05a2d, 0 %, 0 %, 40, 210 MHz, 405 MHz, 37.80 W, 480.00 W, 974 MiB
2026/10/09 01:58:19.170, 1, GPU-81ac6e96-0bfe-390d-beb1-241466569d6b, 100 %, 0 %, 69, 2655 MHz, 10251 MHz, 493.39 W, 480.00 W, 974 MiB
2026/10/09 01:58:20.170, 0, GPU-6c849b47-7111-9265-9d42-ff8eddc05a2d, 0 %, 0 %, 40, 210 MHz, 405 MHz, 37.92 W, 480.00 W, 974 MiB
2026/10/09 01:58:20.171, 1, GPU-81ac6e96-0bfe-390d-beb1-241466569d6b, 100 %, 0 %, 69, 2655 MHz, 10251 MHz, 478.07 W, 480.00 W, 974 MiB
2026/10/09 01:58:21.171, 0, GPU-6c849b47-7111-9265-9d42-ff8eddc05a2d, 0 %, 0 %, 40, 210 MHz, 405 MHz, 38.28 W, 480.00 W, 974 MiB
2026/10/09 01:58:21.172, 1, GPU-81ac6e96-0bfe-390d-beb1-241466569d6b, 100 %, 0 %, 70, 2730 MHz, 10251 MHz, 441.48 W, 480.00 W, 974 MiB
2026/10/09 01:58:22.172, 0, GPU-6c849b47-7111-9265-9d42-ff8eddc05a2d, 0 %, 0 %, 40, 210 MHz, 405 MHz, 38.48 W, 480.00 W, 974 MiB
2026/10/09 01:58:22.173, 1, GPU-81ac6e96-0bfe-390d-beb1-241466569d6b, 100 %, 0 %, 69, 2700 MHz, 10251 MHz, 485.07 W, 480.00 W, 974 MiB
2026/10/09 01:58:23.173, 0, GPU-6c849b47-7111-9265-9d42-ff8eddc05a2d, 0 %, 0 %, 40, 210 MHz, 405 MHz, 38.08 W, 480.00 W, 974 MiB
2026/10/09 01:58:23.173, 1, GPU-81ac6e96-0bfe-390d-beb1-241466569d6b, 100 %, 0 %, 69, 2685 MHz, 10251 MHz, 478.73 W, 480.00 W, 974 MiB
2026/10/09 01:58:24.174, 0, GPU-6c849b47-7111-9265-9d42-ff8eddc05a2d, 0 %, 0 %, 40, 210 MHz, 405 MHz, 37.90 W, 480.00 W, 974 MiB
2026/10/09 01:58:24.174, 1, GPU-81ac6e96-0bfe-390d-beb1-241466569d6b, 100 %, 0 %, 71, 2745 MHz, 10251 MHz, 448.60 W, 480.00 W, 974 MiB
2026/10/09 01:58:25.175, 0, GPU-6c849b47-7111-9265-9d42-ff8eddc05a2d, 0 %, 0 %, 40, 210 MHz, 405 MHz, 38.00 W, 480.00 W, 974 MiB
2026/10/09 01:58:25.175, 1, GPU-81ac6e96-0bfe-390d-beb1-241466569d6b, 100 %, 0 %, 70, 2730 MHz, 10251 MHz, 482.21 W, 480.00 W, 974 MiB
2026/10/09 01:58:26.176, 0, GPU-6c849b47-7111-9265-9d42-ff8eddc05a2d, 0 %, 0 %, 40, 210 MHz, 405 MHz, 38.06 W, 480.00 W, 974 MiB
2026/10/09 01:58:26.176, 1, GPU-81ac6e96-0bfe-390d-beb1-241466569d6b, 100 %, 0 %, 66, 2775 MHz, 10251 MHz, 459.11 W, 480.00 W, 974 MiB
2026/10/09 01:58:27.176, 0, GPU-6c849b47-7111-9265-9d42-ff8eddc05a2d, 0 %, 0 %, 40, 210 MHz, 405 MHz, 38.06 W, 480.00 W, 974 MiB
2026/10/09 01:58:27.177, 1, GPU-81ac6e96-0bfe-390d-beb1-241466569d6b, 100 %, 0 %, 71, 2685 MHz, 10251 MHz, 457.14 W, 480.00 W, 974 MiB
2026/10/09 01:58:28.177, 0, GPU-6c849b47-7111-9265-9d42-ff8eddc05a2d, 0 %, 0 %, 40, 210 MHz, 405 MHz, 38.01 W, 480.00 W, 974 MiB
2026/10/09 01:58:28.178, 1, GPU-81ac6e96-0bfe-390d-beb1-241466569d6b, 100 %, 0 %, 70, 2700 MHz, 10251 MHz, 479.26 W, 480.00 W, 974 MiB
2026/10/09 01:58:29.178, 0, GPU-6c849b47-7111-9265-9d42-ff8eddc05a2d, 0 %, 0 %, 40, 210 MHz, 405 MHz, 38.22 W, 480.00 W, 974 MiB
2026/10/09 01:58:29.179, 1, GPU-81ac6e96-0bfe-390d-beb1-241466569d6b, 100 %, 0 %, 66, 2760 MHz, 10251 MHz, 418.64 W, 480.00 W, 974 MiB
2026/10/09 01:58:30.179, 0, GPU-6c849b47-7111-9265-9d42-ff8eddc05a2d, 0 %, 0 %, 40, 210 MHz, 405 MHz, 38.36 W, 480.00 W, 974 MiB
2026/10/09 01:58:30.180, 1, GPU-81ac6e96-0bfe-390d-beb1-241466569d6b, 100 %, 0 %, 69, 2715 MHz, 10251 MHz, 488.89 W, 480.00 W, 974 MiB
2026/10/09 01:58:31.180, 0, GPU-6c849b47-7111-9265-9d42-ff8eddc05a2d, 0 %, 0 %, 39, 210 MHz, 405 MHz, 38.50 W, 480.00 W, 974 MiB
2026/10/09 01:58:31.180, 1, GPU-81ac6e96-0bfe-390d-beb1-241466569d6b, 100 %, 0 %, 69, 2700 MHz, 10251 MHz, 477.10 W, 480.00 W, 974 MiB
2026/10/09 01:58:32.181, 0, GPU-6c849b47-7111-9265-9d42-ff8eddc05a2d, 0 %, 0 %, 39, 210 MHz, 405 MHz, 38.47 W, 480.00 W, 974 MiB
2026/10/09 01:58:32.181, 1, GPU-81ac6e96-0bfe-390d-beb1-241466569d6b, 0 %, 0 %, 51, 2790 MHz, 10251 MHz, 266.30 W, 480.00 W, 974 MiB
2026/10/09 01:58:33.182, 0, GPU-6c849b47-7111-9265-9d42-ff8eddc05a2d, 0 %, 0 %, 39, 210 MHz, 405 MHz, 38.26 W, 480.00 W, 974 MiB
2026/10/09 01:58:33.182, 1, GPU-81ac6e96-0bfe-390d-beb1-241466569d6b, 0 %, 0 %, 50, 2790 MHz, 10251 MHz, 87.96 W, 480.00 W, 974 MiB
2026/10/09 01:58:34.183, 0, GPU-6c849b47-7111-9265-9d42-ff8eddc05a2d, 0 %, 0 %, 39, 210 MHz, 405 MHz, 38.13 W, 480.00 W, 974 MiB
2026/10/09 01:58:34.183, 1, GPU-81ac6e96-0bfe-390d-beb1-241466569d6b, 0 %, 0 %, 50, 2790 MHz, 10251 MHz, 87.82 W, 480.00 W, 974 MiB
2026/10/09 01:58:35.184, 0, GPU-6c849b47-7111-9265-9d42-ff8eddc05a2d, 0 %, 0 %, 39, 210 MHz, 405 MHz, 38.18 W, 480.00 W, 974 MiB
2026/10/09 01:58:35.184, 1, GPU-81ac6e96-0bfe-390d-beb1-241466569d6b, 0 %, 0 %, 49, 2625 MHz, 10251 MHz, 79.78 W, 480.00 W, 974 MiB
2026/10/09 01:58:36.185, 0, GPU-6c849b47-7111-9265-9d42-ff8eddc05a2d, 0 %, 0 %, 39, 210 MHz, 405 MHz, 38.17 W, 480.00 W, 974 MiB
2026/10/09 01:58:36.185, 1, GPU-81ac6e96-0bfe-390d-beb1-241466569d6b, 0 %, 0 %, 49, 2625 MHz, 10251 MHz, 78.83 W, 480.00 W, 974 MiB
2026/10/09 01:58:37.186, 0, GPU-6c849b47-7111-9265-9d42-ff8eddc05a2d, 0 %, 0 %, 39, 210 MHz, 405 MHz, 37.96 W, 480.00 W, 974 MiB
2026/10/09 01:58:37.186, 1, GPU-81ac6e96-0bfe-390d-beb1-241466569d6b, 100 %, 0 %, 50, 2790 MHz, 10251 MHz, 85.10 W, 480.00 W, 974 MiB
2026/10/09 01:58:38.187, 0, GPU-6c849b47-7111-9265-9d42-ff8eddc05a2d, 0 %, 0 %, 39, 210 MHz, 405 MHz, 37.95 W, 480.00 W, 974 MiB
2026/10/09 01:58:38.187, 1, GPU-81ac6e96-0bfe-390d-beb1-241466569d6b, 100 %, 0 %, 50, 2790 MHz, 10251 MHz, 112.92 W, 480.00 W, 974 MiB
2026/10/09 01:58:39.188, 0, GPU-6c849b47-7111-9265-9d42-ff8eddc05a2d, 0 %, 0 %, 39, 210 MHz, 405 MHz, 38.01 W, 480.00 W, 974 MiB
2026/10/09 01:58:39.188, 1, GPU-81ac6e96-0bfe-390d-beb1-241466569d6b, 100 %, 0 %, 50, 2790 MHz, 10251 MHz, 112.67 W, 480.00 W, 974 MiB
2026/10/09 01:58:40.188, 0, GPU-6c849b47-7111-9265-9d42-ff8eddc05a2d, 0 %, 0 %, 39, 210 MHz, 405 MHz, 37.92 W, 480.00 W, 974 MiB
2026/10/09 01:58:40.189, 1, GPU-81ac6e96-0bfe-390d-beb1-241466569d6b, 100 %, 0 %, 62, 2790 MHz, 10251 MHz, 159.16 W, 480.00 W, 974 MiB
2026/10/09 01:58:41.189, 0, GPU-6c849b47-7111-9265-9d42-ff8eddc05a2d, 0 %, 0 %, 39, 210 MHz, 405 MHz, 37.96 W, 480.00 W, 974 MiB
2026/10/09 01:58:41.190, 1, GPU-81ac6e96-0bfe-390d-beb1-241466569d6b, 100 %, 0 %, 70, 2700 MHz, 10251 MHz, 453.21 W, 480.00 W, 974 MiB
2026/10/09 01:58:42.190, 0, GPU-6c849b47-7111-9265-9d42-ff8eddc05a2d, 0 %, 0 %, 39, 210 MHz, 405 MHz, 38.17 W, 480.00 W, 974 MiB
2026/10/09 01:58:42.191, 1, GPU-81ac6e96-0bfe-390d-beb1-241466569d6b, 100 %, 0 %, 71, 2655 MHz, 10251 MHz, 483.82 W, 480.00 W, 974 MiB
2026/10/09 01:58:43.191, 0, GPU-6c849b47-7111-9265-9d42-ff8eddc05a2d, 0 %, 0 %, 39, 210 MHz, 405 MHz, 38.12 W, 480.00 W, 974 MiB
2026/10/09 01:58:43.191, 1, GPU-81ac6e96-0bfe-390d-beb1-241466569d6b, 100 %, 0 %, 70, 2685 MHz, 10251 MHz, 426.06 W, 480.00 W, 974 MiB
2026/10/09 01:58:44.192, 0, GPU-6c849b47-7111-9265-9d42-ff8eddc05a2d, 0 %, 0 %, 39, 210 MHz, 405 MHz, 38.03 W, 480.00 W, 974 MiB
2026/10/09 01:58:44.192, 1, GPU-81ac6e96-0bfe-390d-beb1-241466569d6b, 100 %, 0 %, 69, 2670 MHz, 10251 MHz, 483.48 W, 480.00 W, 974 MiB
2026/10/09 01:58:45.193, 0, GPU-6c849b47-7111-9265-9d42-ff8eddc05a2d, 0 %, 0 %, 39, 210 MHz, 405 MHz, 37.99 W, 480.00 W, 974 MiB
2026/10/09 01:58:45.193, 1, GPU-81ac6e96-0bfe-390d-beb1-241466569d6b, 100 %, 0 %, 70, 2655 MHz, 10251 MHz, 479.96 W, 480.00 W, 974 MiB
2026/10/09 01:58:46.194, 0, GPU-6c849b47-7111-9265-9d42-ff8eddc05a2d, 0 %, 0 %, 39, 210 MHz, 405 MHz, 37.94 W, 480.00 W, 974 MiB
2026/10/09 01:58:46.194, 1, GPU-81ac6e96-0bfe-390d-beb1-241466569d6b, 100 %, 0 %, 70, 2730 MHz, 10251 MHz, 456.43 W, 480.00 W, 974 MiB
2026/10/09 01:58:47.195, 0, GPU-6c849b47-7111-9265-9d42-ff8eddc05a2d, 0 %, 0 %, 39, 210 MHz, 405 MHz, 38.16 W, 480.00 W, 974 MiB
2026/10/09 01:58:47.196, 1, GPU-81ac6e96-0bfe-390d-beb1-241466569d6b, 100 %, 0 %, 70, 2715 MHz, 10251 MHz, 482.07 W, 480.00 W, 974 MiB
2026/10/09 01:58:48.196, 0, GPU-6c849b47-7111-9265-9d42-ff8eddc05a2d, 0 %, 0 %, 39, 210 MHz, 405 MHz, 38.46 W, 480.00 W, 974 MiB
2026/10/09 01:58:48.196, 1, GPU-81ac6e96-0bfe-390d-beb1-241466569d6b, 100 %, 0 %, 69, 2775 MHz, 10251 MHz, 477.26 W, 480.00 W, 974 MiB
2026/10/09 01:58:49.197, 0, GPU-6c849b47-7111-9265-9d42-ff8eddc05a2d, 0 %, 0 %, 39, 210 MHz, 405 MHz, 38.24 W, 480.00 W, 974 MiB
2026/10/09 01:58:49.197, 1, GPU-81ac6e96-0bfe-390d-beb1-241466569d6b, 100 %, 0 %, 70, 2745 MHz, 10251 MHz, 456.00 W, 480.00 W, 974 MiB
2026/10/09 01:58:50.198, 0, GPU-6c849b47-7111-9265-9d42-ff8eddc05a2d, 0 %, 0 %, 39, 210 MHz, 405 MHz, 37.94 W, 480.00 W, 974 MiB
2026/10/09 01:58:50.198, 1, GPU-81ac6e96-0bfe-390d-beb1-241466569d6b, 100 %, 0 %, 70, 2730 MHz, 10251 MHz, 480.72 W, 480.00 W, 974 MiB
2026/10/09 01:58:51.199, 0, GPU-6c849b47-7111-9265-9d42-ff8eddc05a2d, 0 %, 0 %, 39, 210 MHz, 405 MHz, 37.95 W, 480.00 W, 974 MiB
2026/10/09 01:58:51.199, 1, GPU-81ac6e96-0bfe-390d-beb1-241466569d6b, 100 %, 0 %, 62, 2775 MHz, 10251 MHz, 431.02 W, 480.00 W, 974 MiB
2026/10/09 01:58:52.200, 0, GPU-6c849b47-7111-9265-9d42-ff8eddc05a2d, 0 %, 0 %, 39, 210 MHz, 405 MHz, 37.90 W, 480.00 W, 974 MiB
2026/10/09 01:58:52.200, 1, GPU-81ac6e96-0bfe-390d-beb1-241466569d6b, 100 %, 0 %, 68, 2670 MHz, 10251 MHz, 468.18 W, 480.00 W, 974 MiB
2026/10/09 01:58:53.200, 0, GPU-6c849b47-7111-9265-9d42-ff8eddc05a2d, 0 %, 0 %, 39, 210 MHz, 405 MHz, 37.93 W, 480.00 W, 974 MiB
2026/10/09 01:58:53.201, 1, GPU-81ac6e96-0bfe-390d-beb1-241466569d6b, 100 %, 0 %, 69, 2670 MHz, 10251 MHz, 476.41 W, 480.00 W, 974 MiB
2026/10/09 01:58:54.201, 0, GPU-6c849b47-7111-9265-9d42-ff8eddc05a2d, 0 %, 0 %, 39, 210 MHz, 405 MHz, 38.08 W, 480.00 W, 974 MiB
2026/10/09 01:58:54.202, 1, GPU-81ac6e96-0bfe-390d-beb1-241466569d6b, 100 %, 0 %, 68, 2760 MHz, 10251 MHz, 428.25 W, 480.00 W, 974 MiB
2026/10/09 01:58:55.202, 0, GPU-6c849b47-7111-9265-9d42-ff8eddc05a2d, 0 %, 0 %, 39, 210 MHz, 405 MHz, 38.03 W, 480.00 W, 974 MiB
2026/10/09 01:58:55.203, 1, GPU-81ac6e96-0bfe-390d-beb1-241466569d6b, 100 %, 0 %, 68, 2700 MHz, 10251 MHz, 486.50 W, 480.00 W, 974 MiB
2026/10/09 01:58:56.203, 0, GPU-6c849b47-7111-9265-9d42-ff8eddc05a2d, 0 %, 0 %, 39, 210 MHz, 405 MHz, 37.90 W, 480.00 W, 974 MiB
2026/10/09 01:58:56.204, 1, GPU-81ac6e96-0bfe-390d-beb1-241466569d6b, 100 %, 0 %, 68, 2715 MHz, 10251 MHz, 476.93 W, 480.00 W, 974 MiB
2026/10/09 01:58:57.204, 0, GPU-6c849b47-7111-9265-9d42-ff8eddc05a2d, 0 %, 0 %, 39, 210 MHz, 405 MHz, 37.97 W, 480.00 W, 974 MiB
2026/10/09 01:58:57.205, 1, GPU-81ac6e96-0bfe-390d-beb1-241466569d6b, 100 %, 0 %, 69, 2760 MHz, 10251 MHz, 436.42 W, 480.00 W, 974 MiB
2026/10/09 01:58:58.205, 0, GPU-6c849b47-7111-9265-9d42-ff8eddc05a2d, 0 %, 0 %, 39, 210 MHz, 405 MHz, 37.83 W, 480.00 W, 974 MiB
2026/10/09 01:58:58.205, 1, GPU-81ac6e96-0bfe-390d-beb1-241466569d6b, 100 %, 0 %, 69, 2745 MHz, 10251 MHz, 480.03 W, 480.00 W, 974 MiB
2026/10/09 01:58:59.206, 0, GPU-6c849b47-7111-9265-9d42-ff8eddc05a2d, 0 %, 0 %, 39, 210 MHz, 405 MHz, 37.76 W, 480.00 W, 974 MiB
2026/10/09 01:58:59.206, 1, GPU-81ac6e96-0bfe-390d-beb1-241466569d6b, 100 %, 0 %, 66, 2775 MHz, 10251 MHz, 461.71 W, 480.00 W, 974 MiB
2026/10/09 01:59:00.207, 0, GPU-6c849b47-7111-9265-9d42-ff8eddc05a2d, 0 %, 0 %, 39, 210 MHz, 405 MHz, 37.75 W, 480.00 W, 974 MiB
2026/10/09 01:59:00.207, 1, GPU-81ac6e96-0bfe-390d-beb1-241466569d6b, 0 %, 0 %, 50, 2790 MHz, 10251 MHz, 130.91 W, 480.00 W, 974 MiB
2026/10/09 01:59:01.208, 0, GPU-6c849b47-7111-9265-9d42-ff8eddc05a2d, 0 %, 0 %, 39, 210 MHz, 405 MHz, 37.67 W, 480.00 W, 974 MiB
2026/10/09 01:59:01.208, 1, GPU-81ac6e96-0bfe-390d-beb1-241466569d6b, 0 %, 0 %, 49, 2790 MHz, 10251 MHz, 86.85 W, 480.00 W, 974 MiB
2026/10/09 01:59:02.209, 0, GPU-6c849b47-7111-9265-9d42-ff8eddc05a2d, 0 %, 0 %, 39, 210 MHz, 405 MHz, 37.81 W, 480.00 W, 974 MiB
2026/10/09 01:59:02.209, 1, GPU-81ac6e96-0bfe-390d-beb1-241466569d6b, 100 %, 0 %, 65, 2775 MHz, 10251 MHz, 220.40 W, 480.00 W, 974 MiB
2026/10/09 01:59:03.210, 0, GPU-6c849b47-7111-9265-9d42-ff8eddc05a2d, 0 %, 0 %, 38, 210 MHz, 405 MHz, 37.96 W, 480.00 W, 974 MiB
2026/10/09 01:59:03.210, 1, GPU-81ac6e96-0bfe-390d-beb1-241466569d6b, 100 %, 0 %, 67, 2745 MHz, 10251 MHz, 486.39 W, 480.00 W, 974 MiB
2026/10/09 01:59:04.211, 0, GPU-6c849b47-7111-9265-9d42-ff8eddc05a2d, 0 %, 0 %, 38, 210 MHz, 405 MHz, 38.15 W, 480.00 W, 974 MiB
2026/10/09 01:59:04.211, 1, GPU-81ac6e96-0bfe-390d-beb1-241466569d6b, 100 %, 0 %, 63, 2775 MHz, 10251 MHz, 452.48 W, 480.00 W, 974 MiB
2026/10/09 01:59:05.212, 0, GPU-6c849b47-7111-9265-9d42-ff8eddc05a2d, 0 %, 0 %, 38, 210 MHz, 405 MHz, 38.15 W, 480.00 W, 974 MiB
2026/10/09 01:59:05.212, 1, GPU-81ac6e96-0bfe-390d-beb1-241466569d6b, 100 %, 0 %, 70, 2610 MHz, 10251 MHz, 439.21 W, 480.00 W, 974 MiB
2026/10/09 01:59:06.213, 0, GPU-6c849b47-7111-9265-9d42-ff8eddc05a2d, 0 %, 0 %, 38, 210 MHz, 405 MHz, 37.90 W, 480.00 W, 974 MiB
2026/10/09 01:59:06.213, 1, GPU-81ac6e96-0bfe-390d-beb1-241466569d6b, 100 %, 0 %, 69, 2610 MHz, 10251 MHz, 478.36 W, 480.00 W, 974 MiB
2026/10/09 01:59:07.214, 0, GPU-6c849b47-7111-9265-9d42-ff8eddc05a2d, 0 %, 0 %, 38, 210 MHz, 405 MHz, 37.71 W, 480.00 W, 974 MiB
2026/10/09 01:59:07.214, 1, GPU-81ac6e96-0bfe-390d-beb1-241466569d6b, 100 %, 0 %, 62, 2730 MHz, 10251 MHz, 436.64 W, 480.00 W, 974 MiB
2026/10/09 01:59:08.215, 0, GPU-6c849b47-7111-9265-9d42-ff8eddc05a2d, 0 %, 0 %, 38, 210 MHz, 405 MHz, 37.56 W, 480.00 W, 974 MiB
2026/10/09 01:59:08.215, 1, GPU-81ac6e96-0bfe-390d-beb1-241466569d6b, 100 %, 0 %, 69, 2655 MHz, 10251 MHz, 477.79 W, 480.00 W, 974 MiB
2026/10/09 01:59:09.216, 0, GPU-6c849b47-7111-9265-9d42-ff8eddc05a2d, 0 %, 0 %, 38, 210 MHz, 405 MHz, 37.45 W, 480.00 W, 974 MiB
2026/10/09 01:59:09.216, 1, GPU-81ac6e96-0bfe-390d-beb1-241466569d6b, 100 %, 0 %, 69, 2655 MHz, 10251 MHz, 477.59 W, 480.00 W, 974 MiB
2026/10/09 01:59:10.217, 0, GPU-6c849b47-7111-9265-9d42-ff8eddc05a2d, 0 %, 0 %, 38, 210 MHz, 405 MHz, 37.47 W, 480.00 W, 974 MiB
2026/10/09 01:59:10.217, 1, GPU-81ac6e96-0bfe-390d-beb1-241466569d6b, 100 %, 0 %, 69, 2730 MHz, 10251 MHz, 437.30 W, 480.00 W, 974 MiB
2026/10/09 01:59:11.217, 0, GPU-6c849b47-7111-9265-9d42-ff8eddc05a2d, 0 %, 0 %, 38, 210 MHz, 405 MHz, 37.48 W, 480.00 W, 974 MiB
2026/10/09 01:59:11.218, 1, GPU-81ac6e96-0bfe-390d-beb1-241466569d6b, 100 %, 0 %, 69, 2670 MHz, 10251 MHz, 489.44 W, 480.00 W, 974 MiB
2026/10/09 01:59:12.218, 0, GPU-6c849b47-7111-9265-9d42-ff8eddc05a2d, 0 %, 0 %, 38, 210 MHz, 405 MHz, 37.58 W, 480.00 W, 974 MiB
2026/10/09 01:59:12.219, 1, GPU-81ac6e96-0bfe-390d-beb1-241466569d6b, 100 %, 0 %, 69, 2670 MHz, 10251 MHz, 478.04 W, 480.00 W, 974 MiB
2026/10/09 01:59:13.219, 0, GPU-6c849b47-7111-9265-9d42-ff8eddc05a2d, 0 %, 0 %, 38, 210 MHz, 405 MHz, 37.98 W, 480.00 W, 974 MiB
2026/10/09 01:59:13.220, 1, GPU-81ac6e96-0bfe-390d-beb1-241466569d6b, 100 %, 0 %, 70, 2745 MHz, 10251 MHz, 444.19 W, 480.00 W, 974 MiB
2026/10/09 01:59:14.220, 0, GPU-6c849b47-7111-9265-9d42-ff8eddc05a2d, 0 %, 0 %, 38, 210 MHz, 405 MHz, 38.21 W, 480.00 W, 974 MiB
2026/10/09 01:59:14.220, 1, GPU-81ac6e96-0bfe-390d-beb1-241466569d6b, 100 %, 0 %, 69, 2730 MHz, 10251 MHz, 482.94 W, 480.00 W, 974 MiB
2026/10/09 01:59:15.221, 0, GPU-6c849b47-7111-9265-9d42-ff8eddc05a2d, 0 %, 0 %, 38, 210 MHz, 405 MHz, 37.34 W, 480.00 W, 974 MiB
2026/10/09 01:59:15.221, 1, GPU-81ac6e96-0bfe-390d-beb1-241466569d6b, 100 %, 0 %, 69, 2775 MHz, 10251 MHz, 477.43 W, 480.00 W, 974 MiB
2026/10/09 01:59:16.222, 0, GPU-6c849b47-7111-9265-9d42-ff8eddc05a2d, 0 %, 0 %, 39, 210 MHz, 405 MHz, 35.22 W, 480.00 W, 974 MiB
2026/10/09 01:59:16.222, 1, GPU-81ac6e96-0bfe-390d-beb1-241466569d6b, 100 %, 0 %, 70, 2745 MHz, 10251 MHz, 446.06 W, 480.00 W, 974 MiB
2026/10/09 01:59:17.223, 0, GPU-6c849b47-7111-9265-9d42-ff8eddc05a2d, 0 %, 0 %, 39, 210 MHz, 405 MHz, 33.57 W, 480.00 W, 974 MiB
2026/10/09 01:59:17.223, 1, GPU-81ac6e96-0bfe-390d-beb1-241466569d6b, 100 %, 0 %, 70, 2730 MHz, 10251 MHz, 480.92 W, 480.00 W, 974 MiB
2026/10/09 01:59:18.224, 0, GPU-6c849b47-7111-9265-9d42-ff8eddc05a2d, 0 %, 0 %, 40, 210 MHz, 405 MHz, 33.30 W, 480.00 W, 974 MiB
2026/10/09 01:59:18.224, 1, GPU-81ac6e96-0bfe-390d-beb1-241466569d6b, 100 %, 0 %, 61, 2775 MHz, 10251 MHz, 427.68 W, 480.00 W, 974 MiB
2026/10/09 01:59:19.224, 0, GPU-6c849b47-7111-9265-9d42-ff8eddc05a2d, 0 %, 0 %, 40, 210 MHz, 405 MHz, 33.35 W, 480.00 W, 974 MiB
2026/10/09 01:59:19.225, 1, GPU-81ac6e96-0bfe-390d-beb1-241466569d6b, 100 %, 0 %, 69, 2685 MHz, 10251 MHz, 462.93 W, 480.00 W, 974 MiB
2026/10/09 01:59:20.225, 0, GPU-6c849b47-7111-9265-9d42-ff8eddc05a2d, 0 %, 0 %, 40, 210 MHz, 405 MHz, 33.30 W, 480.00 W, 974 MiB
2026/10/09 01:59:20.226, 1, GPU-81ac6e96-0bfe-390d-beb1-241466569d6b, 100 %, 0 %, 69, 2685 MHz, 10251 MHz, 475.86 W, 480.00 W, 974 MiB
2026/10/09 01:59:21.226, 0, GPU-6c849b47-7111-9265-9d42-ff8eddc05a2d, 0 %, 0 %, 40, 210 MHz, 405 MHz, 33.21 W, 480.00 W, 974 MiB
2026/10/09 01:59:21.227, 1, GPU-81ac6e96-0bfe-390d-beb1-241466569d6b, 0 %, 0 %, 51, 2790 MHz, 10251 MHz, 318.96 W, 480.00 W, 974 MiB
2026/10/09 01:59:22.227, 0, GPU-6c849b47-7111-9265-9d42-ff8eddc05a2d, 0 %, 0 %, 40, 210 MHz, 405 MHz, 33.05 W, 480.00 W, 974 MiB
2026/10/09 01:59:22.227, 1, GPU-81ac6e96-0bfe-390d-beb1-241466569d6b, 0 %, 0 %, 50, 2790 MHz, 10251 MHz, 88.47 W, 480.00 W, 974 MiB
2026/10/09 01:59:23.228, 0, GPU-6c849b47-7111-9265-9d42-ff8eddc05a2d, 0 %, 0 %, 40, 210 MHz, 405 MHz, 33.21 W, 480.00 W, 974 MiB
2026/10/09 01:59:23.229, 1, GPU-81ac6e96-0bfe-390d-beb1-241466569d6b, 100 %, 0 %, 57, 2625 MHz, 10251 MHz, 86.07 W, 480.00 W, 974 MiB
2026/10/09 01:59:24.229, 0, GPU-6c849b47-7111-9265-9d42-ff8eddc05a2d, 0 %, 0 %, 41, 210 MHz, 405 MHz, 33.40 W, 480.00 W, 974 MiB
2026/10/09 01:59:24.230, 1, GPU-81ac6e96-0bfe-390d-beb1-241466569d6b, 100 %, 0 %, 70, 2700 MHz, 10251 MHz, 439.10 W, 480.00 W, 974 MiB
2026/10/09 01:59:25.230, 0, GPU-6c849b47-7111-9265-9d42-ff8eddc05a2d, 0 %, 0 %, 41, 210 MHz, 405 MHz, 33.72 W, 480.00 W, 974 MiB
2026/10/09 01:59:25.231, 1, GPU-81ac6e96-0bfe-390d-beb1-241466569d6b, 100 %, 0 %, 71, 2700 MHz, 10251 MHz, 481.22 W, 480.00 W, 974 MiB
2026/10/09 01:59:26.231, 0, GPU-6c849b47-7111-9265-9d42-ff8eddc05a2d, 0 %, 0 %, 41, 210 MHz, 405 MHz, 34.21 W, 480.00 W, 974 MiB
2026/10/09 01:59:26.231, 1, GPU-81ac6e96-0bfe-390d-beb1-241466569d6b, 100 %, 0 %, 69, 2685 MHz, 10251 MHz, 411.99 W, 480.00 W, 974 MiB
2026/10/09 01:59:27.232, 0, GPU-6c849b47-7111-9265-9d42-ff8eddc05a2d, 0 %, 0 %, 41, 210 MHz, 405 MHz, 34.21 W, 480.00 W, 974 MiB
2026/10/09 01:59:27.232, 1, GPU-81ac6e96-0bfe-390d-beb1-241466569d6b, 100 %, 0 %, 68, 2625 MHz, 10251 MHz, 488.46 W, 480.00 W, 974 MiB
2026/10/09 01:59:28.232, 0, GPU-6c849b47-7111-9265-9d42-ff8eddc05a2d, 0 %, 0 %, 41, 210 MHz, 405 MHz, 34.06 W, 480.00 W, 974 MiB
2026/10/09 01:59:28.233, 1, GPU-81ac6e96-0bfe-390d-beb1-241466569d6b, 100 %, 0 %, 69, 2610 MHz, 10251 MHz, 477.58 W, 480.00 W, 974 MiB
2026/10/09 01:59:29.233, 0, GPU-6c849b47-7111-9265-9d42-ff8eddc05a2d, 0 %, 0 %, 41, 210 MHz, 405 MHz, 33.91 W, 480.00 W, 974 MiB
2026/10/09 01:59:29.234, 1, GPU-81ac6e96-0bfe-390d-beb1-241466569d6b, 100 %, 0 %, 71, 2715 MHz, 10251 MHz, 452.21 W, 480.00 W, 974 MiB
2026/10/09 01:59:30.234, 0, GPU-6c849b47-7111-9265-9d42-ff8eddc05a2d, 0 %, 0 %, 41, 210 MHz, 405 MHz, 33.85 W, 480.00 W, 974 MiB
2026/10/09 01:59:30.235, 1, GPU-81ac6e96-0bfe-390d-beb1-241466569d6b, 100 %, 0 %, 69, 2685 MHz, 10251 MHz, 486.34 W, 480.00 W, 974 MiB
2026/10/09 01:59:31.235, 0, GPU-6c849b47-7111-9265-9d42-ff8eddc05a2d, 0 %, 0 %, 41, 210 MHz, 405 MHz, 33.85 W, 480.00 W, 974 MiB
2026/10/09 01:59:31.236, 1, GPU-81ac6e96-0bfe-390d-beb1-241466569d6b, 100 %, 0 %, 69, 2670 MHz, 10251 MHz, 479.05 W, 480.00 W, 974 MiB
2026/10/09 01:59:32.236, 0, GPU-6c849b47-7111-9265-9d42-ff8eddc05a2d, 0 %, 0 %, 41, 210 MHz, 405 MHz, 33.98 W, 480.00 W, 974 MiB
2026/10/09 01:59:32.237, 1, GPU-81ac6e96-0bfe-390d-beb1-241466569d6b, 100 %, 0 %, 71, 2730 MHz, 10251 MHz, 448.20 W, 480.00 W, 974 MiB
2026/10/09 01:59:33.237, 0, GPU-6c849b47-7111-9265-9d42-ff8eddc05a2d, 0 %, 0 %, 41, 210 MHz, 405 MHz, 34.09 W, 480.00 W, 974 MiB
2026/10/09 01:59:33.237, 1, GPU-81ac6e96-0bfe-390d-beb1-241466569d6b, 100 %, 0 %, 70, 2730 MHz, 10251 MHz, 481.52 W, 480.00 W, 974 MiB
2026/10/09 01:59:34.238, 0, GPU-6c849b47-7111-9265-9d42-ff8eddc05a2d, 0 %, 0 %, 41, 210 MHz, 405 MHz, 33.77 W, 480.00 W, 974 MiB
2026/10/09 01:59:34.238, 1, GPU-81ac6e96-0bfe-390d-beb1-241466569d6b, 100 %, 0 %, 65, 2775 MHz, 10251 MHz, 470.80 W, 480.00 W, 974 MiB
2026/10/09 01:59:35.239, 0, GPU-6c849b47-7111-9265-9d42-ff8eddc05a2d, 0 %, 0 %, 41, 210 MHz, 405 MHz, 33.46 W, 480.00 W, 974 MiB
2026/10/09 01:59:35.239, 1, GPU-81ac6e96-0bfe-390d-beb1-241466569d6b, 100 %, 0 %, 70, 2715 MHz, 10251 MHz, 455.90 W, 480.00 W, 974 MiB
2026/10/09 01:59:36.240, 0, GPU-6c849b47-7111-9265-9d42-ff8eddc05a2d, 0 %, 0 %, 41, 210 MHz, 405 MHz, 33.40 W, 480.00 W, 974 MiB
2026/10/09 01:59:36.240, 1, GPU-81ac6e96-0bfe-390d-beb1-241466569d6b, 100 %, 0 %, 70, 2715 MHz, 10251 MHz, 479.93 W, 480.00 W, 974 MiB
2026/10/09 01:59:37.241, 0, GPU-6c849b47-7111-9265-9d42-ff8eddc05a2d, 0 %, 0 %, 41, 210 MHz, 405 MHz, 33.48 W, 480.00 W, 974 MiB
2026/10/09 01:59:37.241, 1, GPU-81ac6e96-0bfe-390d-beb1-241466569d6b, 100 %, 0 %, 68, 2760 MHz, 10251 MHz, 429.02 W, 480.00 W, 974 MiB
2026/10/09 01:59:38.241, 0, GPU-6c849b47-7111-9265-9d42-ff8eddc05a2d, 0 %, 0 %, 41, 210 MHz, 405 MHz, 33.59 W, 480.00 W, 974 MiB
2026/10/09 01:59:38.242, 1, GPU-81ac6e96-0bfe-390d-beb1-241466569d6b, 100 %, 0 %, 68, 2685 MHz, 10251 MHz, 482.78 W, 480.00 W, 974 MiB
2026/10/09 01:59:39.242, 0, GPU-6c849b47-7111-9265-9d42-ff8eddc05a2d, 0 %, 0 %, 41, 210 MHz, 405 MHz, 33.49 W, 480.00 W, 974 MiB
2026/10/09 01:59:39.243, 1, GPU-81ac6e96-0bfe-390d-beb1-241466569d6b, 100 %, 0 %, 68, 2685 MHz, 10251 MHz, 476.17 W, 480.00 W, 974 MiB
2026/10/09 01:59:40.243, 0, GPU-6c849b47-7111-9265-9d42-ff8eddc05a2d, 0 %, 0 %, 41, 210 MHz, 405 MHz, 33.75 W, 480.00 W, 974 MiB
2026/10/09 01:59:40.244, 1, GPU-81ac6e96-0bfe-390d-beb1-241466569d6b, 100 %, 0 %, 69, 2760 MHz, 10251 MHz, 429.24 W, 480.00 W, 974 MiB
2026/10/09 01:59:41.244, 0, GPU-6c849b47-7111-9265-9d42-ff8eddc05a2d, 0 %, 0 %, 41, 210 MHz, 405 MHz, 34.33 W, 480.00 W, 974 MiB
2026/10/09 01:59:41.244, 1, GPU-81ac6e96-0bfe-390d-beb1-241466569d6b, 100 %, 0 %, 69, 2745 MHz, 10251 MHz, 481.75 W, 480.00 W, 974 MiB
2026/10/09 01:59:42.245, 0, GPU-6c849b47-7111-9265-9d42-ff8eddc05a2d, 0 %, 0 %, 41, 210 MHz, 405 MHz, 34.38 W, 480.00 W, 974 MiB
2026/10/09 01:59:42.245, 1, GPU-81ac6e96-0bfe-390d-beb1-241466569d6b, 100 %, 0 %, 68, 2775 MHz, 10251 MHz, 477.87 W, 480.00 W, 974 MiB
2026/10/09 01:59:43.246, 0, GPU-6c849b47-7111-9265-9d42-ff8eddc05a2d, 0 %, 0 %, 41, 210 MHz, 405 MHz, 34.23 W, 480.00 W, 974 MiB
2026/10/09 01:59:43.246, 1, GPU-81ac6e96-0bfe-390d-beb1-241466569d6b, 0 %, 0 %, 50, 2790 MHz, 10251 MHz, 192.29 W, 480.00 W, 974 MiB
2026/10/09 01:59:44.247, 0, GPU-6c849b47-7111-9265-9d42-ff8eddc05a2d, 0 %, 0 %, 41, 210 MHz, 405 MHz, 34.07 W, 480.00 W, 974 MiB
2026/10/09 01:59:44.247, 1, GPU-81ac6e96-0bfe-390d-beb1-241466569d6b, 0 %, 0 %, 49, 2790 MHz, 10251 MHz, 87.58 W, 480.00 W, 974 MiB
2026/10/09 01:59:45.248, 0, GPU-6c849b47-7111-9265-9d42-ff8eddc05a2d, 0 %, 0 %, 41, 210 MHz, 405 MHz, 34.13 W, 480.00 W, 974 MiB
2026/10/09 01:59:45.248, 1, GPU-81ac6e96-0bfe-390d-beb1-241466569d6b, 100 %, 0 %, 62, 2790 MHz, 10251 MHz, 176.02 W, 480.00 W, 974 MiB
2026/10/09 01:59:46.249, 0, GPU-6c849b47-7111-9265-9d42-ff8eddc05a2d, 0 %, 0 %, 41, 210 MHz, 405 MHz, 34.37 W, 480.00 W, 974 MiB
2026/10/09 01:59:46.249, 1, GPU-81ac6e96-0bfe-390d-beb1-241466569d6b, 100 %, 0 %, 67, 2715 MHz, 10251 MHz, 473.35 W, 480.00 W, 974 MiB
2026/10/09 01:59:47.250, 0, GPU-6c849b47-7111-9265-9d42-ff8eddc05a2d, 0 %, 0 %, 41, 210 MHz, 405 MHz, 34.43 W, 480.00 W, 974 MiB
2026/10/09 01:59:47.250, 1, GPU-81ac6e96-0bfe-390d-beb1-241466569d6b, 100 %, 0 %, 68, 2700 MHz, 10251 MHz, 474.00 W, 480.00 W, 974 MiB
2026/10/09 01:59:48.251, 0, GPU-6c849b47-7111-9265-9d42-ff8eddc05a2d, 0 %, 0 %, 41, 210 MHz, 405 MHz, 34.35 W, 480.00 W, 974 MiB
2026/10/09 01:59:48.251, 1, GPU-81ac6e96-0bfe-390d-beb1-241466569d6b, 100 %, 0 %, 70, 2685 MHz, 10251 MHz, 425.05 W, 480.00 W, 974 MiB
2026/10/09 01:59:49.251, 0, GPU-6c849b47-7111-9265-9d42-ff8eddc05a2d, 0 %, 0 %, 41, 210 MHz, 405 MHz, 34.24 W, 480.00 W, 974 MiB
2026/10/09 01:59:49.252, 1, GPU-81ac6e96-0bfe-390d-beb1-241466569d6b, 100 %, 0 %, 70, 2670 MHz, 10251 MHz, 482.14 W, 480.00 W, 974 MiB
2026/10/09 01:59:50.252, 0, GPU-6c849b47-7111-9265-9d42-ff8eddc05a2d, 0 %, 0 %, 41, 210 MHz, 405 MHz, 34.29 W, 480.00 W, 974 MiB
2026/10/09 01:59:50.260, 1, GPU-81ac6e96-0bfe-390d-beb1-241466569d6b, 100 %, 0 %, 67, 2775 MHz, 10251 MHz, 478.73 W, 480.00 W, 974 MiB
2026/10/09 01:59:51.304, 0, GPU-6c849b47-7111-9265-9d42-ff8eddc05a2d, 0 %, 0 %, 41, 210 MHz, 405 MHz, 34.23 W, 480.00 W, 974 MiB
2026/10/09 01:59:51.305, 1, GPU-81ac6e96-0bfe-390d-beb1-241466569d6b, 100 %, 0 %, 70, 2700 MHz, 10251 MHz, 463.88 W, 480.00 W, 974 MiB
2026/10/09 01:59:52.305, 0, GPU-6c849b47-7111-9265-9d42-ff8eddc05a2d, 0 %, 0 %, 41, 210 MHz, 405 MHz, 34.10 W, 480.00 W, 974 MiB
2026/10/09 01:59:52.320, 1, GPU-81ac6e96-0bfe-390d-beb1-241466569d6b, 100 %, 0 %, 70, 2685 MHz, 10251 MHz, 481.08 W, 480.00 W, 974 MiB
2026/10/09 01:59:53.320, 0, GPU-6c849b47-7111-9265-9d42-ff8eddc05a2d, 0 %, 0 %, 41, 210 MHz, 405 MHz, 34.06 W, 480.00 W, 974 MiB
2026/10/09 01:59:53.321, 1, GPU-81ac6e96-0bfe-390d-beb1-241466569d6b, 100 %, 0 %, 59, 2775 MHz, 10251 MHz, 439.84 W, 480.00 W, 974 MiB
2026/10/09 01:59:54.321, 0, GPU-6c849b47-7111-9265-9d42-ff8eddc05a2d, 0 %, 0 %, 41, 210 MHz, 405 MHz, 34.14 W, 480.00 W, 974 MiB
2026/10/09 01:59:54.321, 1, GPU-81ac6e96-0bfe-390d-beb1-241466569d6b, 100 %, 0 %, 69, 2655 MHz, 10251 MHz, 463.05 W, 480.00 W, 974 MiB
2026/10/09 01:59:55.322, 0, GPU-6c849b47-7111-9265-9d42-ff8eddc05a2d, 0 %, 0 %, 41, 210 MHz, 405 MHz, 34.48 W, 480.00 W, 974 MiB
2026/10/09 01:59:55.322, 1, GPU-81ac6e96-0bfe-390d-beb1-241466569d6b, 100 %, 0 %, 69, 2670 MHz, 10251 MHz, 476.92 W, 480.00 W, 974 MiB
2026/10/09 01:59:56.323, 0, GPU-6c849b47-7111-9265-9d42-ff8eddc05a2d, 0 %, 0 %, 41, 210 MHz, 405 MHz, 34.48 W, 480.00 W, 974 MiB
2026/10/09 01:59:56.323, 1, GPU-81ac6e96-0bfe-390d-beb1-241466569d6b, 100 %, 0 %, 69, 2745 MHz, 10251 MHz, 429.39 W, 480.00 W, 974 MiB
2026/10/09 01:59:57.324, 0, GPU-6c849b47-7111-9265-9d42-ff8eddc05a2d, 0 %, 0 %, 41, 210 MHz, 405 MHz, 34.46 W, 480.00 W, 974 MiB
2026/10/09 01:59:57.325, 1, GPU-81ac6e96-0bfe-390d-beb1-241466569d6b, 100 %, 0 %, 68, 2670 MHz, 10251 MHz, 490.88 W, 480.00 W, 974 MiB
2026/10/09 01:59:58.325, 0, GPU-6c849b47-7111-9265-9d42-ff8eddc05a2d, 0 %, 0 %, 41, 210 MHz, 405 MHz, 34.57 W, 480.00 W, 974 MiB
2026/10/09 01:59:58.326, 1, GPU-81ac6e96-0bfe-390d-beb1-241466569d6b, 100 %, 0 %, 69, 2670 MHz, 10251 MHz, 476.92 W, 480.00 W, 974 MiB
2026/10/09 01:59:59.326, 0, GPU-6c849b47-7111-9265-9d42-ff8eddc05a2d, 0 %, 0 %, 41, 210 MHz, 405 MHz, 34.52 W, 480.00 W, 974 MiB
2026/10/09 01:59:59.327, 1, GPU-81ac6e96-0bfe-390d-beb1-241466569d6b, 100 %, 0 %, 70, 2745 MHz, 10251 MHz, 434.20 W, 480.00 W, 974 MiB
2026/10/09 02:00:00.327, 0, GPU-6c849b47-7111-9265-9d42-ff8eddc05a2d, 0 %, 0 %, 41, 210 MHz, 405 MHz, 34.44 W, 480.00 W, 974 MiB
2026/10/09 02:00:00.327, 1, GPU-81ac6e96-0bfe-390d-beb1-241466569d6b, 100 %, 0 %, 69, 2730 MHz, 10251 MHz, 482.20 W, 480.00 W, 974 MiB
2026/10/09 02:00:01.328, 0, GPU-6c849b47-7111-9265-9d42-ff8eddc05a2d, 0 %, 0 %, 41, 210 MHz, 405 MHz, 34.29 W, 480.00 W, 974 MiB
2026/10/09 02:00:01.328, 1, GPU-81ac6e96-0bfe-390d-beb1-241466569d6b, 100 %, 0 %, 66, 2775 MHz, 10251 MHz, 475.70 W, 480.00 W, 974 MiB
2026/10/09 02:00:02.328, 0, GPU-6c849b47-7111-9265-9d42-ff8eddc05a2d, 0 %, 0 %, 41, 210 MHz, 405 MHz, 34.32 W, 480.00 W, 974 MiB
2026/10/09 02:00:02.329, 1, GPU-81ac6e96-0bfe-390d-beb1-241466569d6b, 100 %, 0 %, 70, 2760 MHz, 10251 MHz, 438.83 W, 480.00 W, 974 MiB
2026/10/09 02:00:03.329, 0, GPU-6c849b47-7111-9265-9d42-ff8eddc05a2d, 0 %, 0 %, 41, 210 MHz, 405 MHz, 34.41 W, 480.00 W, 974 MiB
2026/10/09 02:00:03.330, 1, GPU-81ac6e96-0bfe-390d-beb1-241466569d6b, 100 %, 0 %, 70, 2730 MHz, 10251 MHz, 480.38 W, 480.00 W, 974 MiB
2026/10/09 02:00:04.330, 0, GPU-6c849b47-7111-9265-9d42-ff8eddc05a2d, 0 %, 0 %, 41, 210 MHz, 405 MHz, 34.62 W, 480.00 W, 974 MiB
2026/10/09 02:00:04.331, 1, GPU-81ac6e96-0bfe-390d-beb1-241466569d6b, 83 %, 0 %, 54, 2790 MHz, 10251 MHz, 407.81 W, 480.00 W, 974 MiB
2026/10/09 02:00:05.331, 0, GPU-6c849b47-7111-9265-9d42-ff8eddc05a2d, 0 %, 0 %, 41, 210 MHz, 405 MHz, 34.74 W, 480.00 W, 974 MiB
2026/10/09 02:00:05.332, 1, GPU-81ac6e96-0bfe-390d-beb1-241466569d6b, 0 %, 0 %, 50, 2790 MHz, 10251 MHz, 95.38 W, 480.00 W, 974 MiB
2026/10/09 02:00:06.332, 0, GPU-6c849b47-7111-9265-9d42-ff8eddc05a2d, 0 %, 0 %, 41, 210 MHz, 405 MHz, 34.56 W, 480.00 W, 974 MiB
2026/10/09 02:00:06.333, 1, GPU-81ac6e96-0bfe-390d-beb1-241466569d6b, 0 %, 0 %, 49, 2805 MHz, 10251 MHz, 87.49 W, 480.00 W, 974 MiB
2026/10/09 02:00:07.333, 0, GPU-6c849b47-7111-9265-9d42-ff8eddc05a2d, 0 %, 0 %, 41, 210 MHz, 405 MHz, 34.40 W, 480.00 W, 974 MiB
2026/10/09 02:00:07.334, 1, GPU-81ac6e96-0bfe-390d-beb1-241466569d6b, 0 %, 0 %, 48, 2625 MHz, 10251 MHz, 78.48 W, 480.00 W, 974 MiB
2026/10/09 02:00:08.334, 0, GPU-6c849b47-7111-9265-9d42-ff8eddc05a2d, 0 %, 0 %, 41, 210 MHz, 405 MHz, 34.35 W, 480.00 W, 974 MiB
2026/10/09 02:00:08.335, 1, GPU-81ac6e96-0bfe-390d-beb1-241466569d6b, 0 %, 0 %, 48, 2625 MHz, 10251 MHz, 78.55 W, 480.00 W, 974 MiB
2026/10/09 02:00:09.335, 0, GPU-6c849b47-7111-9265-9d42-ff8eddc05a2d, 0 %, 0 %, 41, 210 MHz, 405 MHz, 34.07 W, 480.00 W, 974 MiB
2026/10/09 02:00:09.336, 1, GPU-81ac6e96-0bfe-390d-beb1-241466569d6b, 0 %, 0 %, 48, 2625 MHz, 10251 MHz, 79.08 W, 480.00 W, 974 MiB
2026/10/09 02:00:10.336, 0, GPU-6c849b47-7111-9265-9d42-ff8eddc05a2d, 100 %, 0 %, 44, 2790 MHz, 10251 MHz, 50.95 W, 480.00 W, 974 MiB
2026/10/09 02:00:10.336, 1, GPU-81ac6e96-0bfe-390d-beb1-241466569d6b, 100 %, 0 %, 49, 2805 MHz, 10251 MHz, 83.57 W, 480.00 W, 974 MiB
2026/10/09 02:00:11.337, 0, GPU-6c849b47-7111-9265-9d42-ff8eddc05a2d, 100 %, 0 %, 46, 2790 MHz, 10251 MHz, 105.32 W, 480.00 W, 974 MiB
2026/10/09 02:00:11.337, 1, GPU-81ac6e96-0bfe-390d-beb1-241466569d6b, 100 %, 0 %, 55, 2790 MHz, 10251 MHz, 184.54 W, 480.00 W, 974 MiB
2026/10/09 02:00:12.338, 0, GPU-6c849b47-7111-9265-9d42-ff8eddc05a2d, 100 %, 0 %, 46, 2790 MHz, 10251 MHz, 106.19 W, 480.00 W, 974 MiB
2026/10/09 02:00:12.338, 1, GPU-81ac6e96-0bfe-390d-beb1-241466569d6b, 100 %, 0 %, 68, 2610 MHz, 10251 MHz, 449.97 W, 480.00 W, 974 MiB
2026/10/09 02:00:13.338, 0, GPU-6c849b47-7111-9265-9d42-ff8eddc05a2d, 99 %, 0 %, 59, 2775 MHz, 10251 MHz, 135.79 W, 480.00 W, 974 MiB
2026/10/09 02:00:13.339, 1, GPU-81ac6e96-0bfe-390d-beb1-241466569d6b, 100 %, 0 %, 68, 2625 MHz, 10251 MHz, 479.76 W, 480.00 W, 974 MiB
2026/10/09 02:00:14.339, 0, GPU-6c849b47-7111-9265-9d42-ff8eddc05a2d, 100 %, 0 %, 79, 2670 MHz, 10251 MHz, 431.81 W, 480.00 W, 974 MiB
2026/10/09 02:00:14.340, 1, GPU-81ac6e96-0bfe-390d-beb1-241466569d6b, 100 %, 0 %, 70, 2685 MHz, 10251 MHz, 409.76 W, 480.00 W, 974 MiB
2026/10/09 02:00:15.340, 0, GPU-6c849b47-7111-9265-9d42-ff8eddc05a2d, 100 %, 0 %, 73, 2670 MHz, 10251 MHz, 481.31 W, 480.00 W, 974 MiB
2026/10/09 02:00:15.340, 1, GPU-81ac6e96-0bfe-390d-beb1-241466569d6b, 100 %, 0 %, 69, 2670 MHz, 10251 MHz, 483.33 W, 480.00 W, 974 MiB
2026/10/09 02:00:16.341, 0, GPU-6c849b47-7111-9265-9d42-ff8eddc05a2d, 100 %, 0 %, 67, 2685 MHz, 10251 MHz, 423.80 W, 480.00 W, 974 MiB
2026/10/09 02:00:16.341, 1, GPU-81ac6e96-0bfe-390d-beb1-241466569d6b, 100 %, 0 %, 69, 2670 MHz, 10251 MHz, 479.32 W, 480.00 W, 974 MiB
2026/10/09 02:00:17.342, 0, GPU-6c849b47-7111-9265-9d42-ff8eddc05a2d, 100 %, 0 %, 66, 2640 MHz, 10251 MHz, 489.28 W, 480.00 W, 974 MiB
2026/10/09 02:00:17.342, 1, GPU-81ac6e96-0bfe-390d-beb1-241466569d6b, 100 %, 0 %, 70, 2730 MHz, 10251 MHz, 457.07 W, 480.00 W, 974 MiB
2026/10/09 02:00:18.342, 0, GPU-6c849b47-7111-9265-9d42-ff8eddc05a2d, 100 %, 0 %, 67, 2625 MHz, 10251 MHz, 477.83 W, 480.00 W, 974 MiB
2026/10/09 02:00:18.343, 1, GPU-81ac6e96-0bfe-390d-beb1-241466569d6b, 100 %, 0 %, 70, 2715 MHz, 10251 MHz, 481.60 W, 480.00 W, 974 MiB
2026/10/09 02:00:19.343, 0, GPU-6c849b47-7111-9265-9d42-ff8eddc05a2d, 100 %, 0 %, 67, 2715 MHz, 10251 MHz, 451.75 W, 480.00 W, 974 MiB
2026/10/09 02:00:19.344, 1, GPU-81ac6e96-0bfe-390d-beb1-241466569d6b, 100 %, 0 %, 66, 2775 MHz, 10251 MHz, 475.38 W, 480.00 W, 974 MiB
2026/10/09 02:00:20.344, 0, GPU-6c849b47-7111-9265-9d42-ff8eddc05a2d, 100 %, 0 %, 67, 2715 MHz, 10251 MHz, 482.97 W, 480.00 W, 974 MiB
2026/10/09 02:00:20.344, 1, GPU-81ac6e96-0bfe-390d-beb1-241466569d6b, 100 %, 0 %, 70, 2730 MHz, 10251 MHz, 453.58 W, 480.00 W, 974 MiB
2026/10/09 02:00:21.345, 0, GPU-6c849b47-7111-9265-9d42-ff8eddc05a2d, 100 %, 0 %, 66, 2760 MHz, 10251 MHz, 479.33 W, 480.00 W, 974 MiB
2026/10/09 02:00:21.345, 1, GPU-81ac6e96-0bfe-390d-beb1-241466569d6b, 100 %, 0 %, 69, 2700 MHz, 10251 MHz, 481.27 W, 480.00 W, 974 MiB
2026/10/09 02:00:22.345, 0, GPU-6c849b47-7111-9265-9d42-ff8eddc05a2d, 100 %, 0 %, 68, 2730 MHz, 10251 MHz, 445.24 W, 480.00 W, 974 MiB
2026/10/09 02:00:22.346, 1, GPU-81ac6e96-0bfe-390d-beb1-241466569d6b, 100 %, 0 %, 66, 2775 MHz, 10251 MHz, 430.72 W, 480.00 W, 974 MiB
2026/10/09 02:00:23.346, 0, GPU-6c849b47-7111-9265-9d42-ff8eddc05a2d, 100 %, 0 %, 68, 2715 MHz, 10251 MHz, 481.45 W, 480.00 W, 974 MiB
2026/10/09 02:00:23.347, 1, GPU-81ac6e96-0bfe-390d-beb1-241466569d6b, 100 %, 0 %, 68, 2670 MHz, 10251 MHz, 476.72 W, 480.00 W, 974 MiB
2026/10/09 02:00:24.347, 0, GPU-6c849b47-7111-9265-9d42-ff8eddc05a2d, 100 %, 0 %, 60, 2760 MHz, 10251 MHz, 457.88 W, 480.00 W, 974 MiB
2026/10/09 02:00:24.347, 1, GPU-81ac6e96-0bfe-390d-beb1-241466569d6b, 100 %, 0 %, 68, 2670 MHz, 10251 MHz, 476.67 W, 480.00 W, 974 MiB
2026/10/09 02:00:25.348, 0, GPU-6c849b47-7111-9265-9d42-ff8eddc05a2d, 100 %, 0 %, 67, 2670 MHz, 10251 MHz, 453.83 W, 480.00 W, 974 MiB
2026/10/09 02:00:25.348, 1, GPU-81ac6e96-0bfe-390d-beb1-241466569d6b, 100 %, 0 %, 69, 2760 MHz, 10251 MHz, 427.28 W, 480.00 W, 974 MiB
2026/10/09 02:00:26.349, 0, GPU-6c849b47-7111-9265-9d42-ff8eddc05a2d, 100 %, 0 %, 67, 2685 MHz, 10251 MHz, 477.42 W, 480.00 W, 974 MiB
2026/10/09 02:00:26.349, 1, GPU-81ac6e96-0bfe-390d-beb1-241466569d6b, 100 %, 0 %, 68, 2730 MHz, 10251 MHz, 485.04 W, 480.00 W, 974 MiB
2026/10/09 02:00:27.349, 0, GPU-6c849b47-7111-9265-9d42-ff8eddc05a2d, 100 %, 0 %, 65, 2745 MHz, 10251 MHz, 425.27 W, 480.00 W, 974 MiB
2026/10/09 02:00:27.350, 1, GPU-81ac6e96-0bfe-390d-beb1-241466569d6b, 100 %, 0 %, 68, 2730 MHz, 10251 MHz, 478.62 W, 480.00 W, 974 MiB
2026/10/09 02:00:28.350, 0, GPU-6c849b47-7111-9265-9d42-ff8eddc05a2d, 100 %, 0 %, 66, 2685 MHz, 10251 MHz, 487.66 W, 480.00 W, 974 MiB
2026/10/09 02:00:28.350, 1, GPU-81ac6e96-0bfe-390d-beb1-241466569d6b, 100 %, 0 %, 69, 2760 MHz, 10251 MHz, 436.47 W, 480.00 W, 974 MiB
2026/10/09 02:00:29.351, 0, GPU-6c849b47-7111-9265-9d42-ff8eddc05a2d, 100 %, 0 %, 67, 2685 MHz, 10251 MHz, 476.76 W, 480.00 W, 974 MiB
2026/10/09 02:00:29.351, 1, GPU-81ac6e96-0bfe-390d-beb1-241466569d6b, 100 %, 0 %, 69, 2730 MHz, 10251 MHz, 480.95 W, 480.00 W, 974 MiB
2026/10/09 02:00:30.352, 0, GPU-6c849b47-7111-9265-9d42-ff8eddc05a2d, 100 %, 0 %, 67, 2760 MHz, 10251 MHz, 426.65 W, 480.00 W, 974 MiB
2026/10/09 02:00:30.352, 1, GPU-81ac6e96-0bfe-390d-beb1-241466569d6b, 100 %, 0 %, 61, 2775 MHz, 10251 MHz, 456.77 W, 480.00 W, 974 MiB
2026/10/09 02:00:31.353, 0, GPU-6c849b47-7111-9265-9d42-ff8eddc05a2d, 100 %, 0 %, 68, 2745 MHz, 10251 MHz, 479.53 W, 480.00 W, 974 MiB
2026/10/09 02:00:31.353, 1, GPU-81ac6e96-0bfe-390d-beb1-241466569d6b, 0 %, 0 %, 50, 2790 MHz, 10251 MHz, 125.29 W, 480.00 W, 974 MiB
2026/10/09 02:00:32.353, 0, GPU-6c849b47-7111-9265-9d42-ff8eddc05a2d, 100 %, 0 %, 64, 2760 MHz, 10251 MHz, 475.46 W, 480.00 W, 974 MiB
2026/10/09 02:00:32.354, 1, GPU-81ac6e96-0bfe-390d-beb1-241466569d6b, 100 %, 0 %, 64, 2775 MHz, 10251 MHz, 208.38 W, 480.00 W, 974 MiB
2026/10/09 02:00:33.354, 0, GPU-6c849b47-7111-9265-9d42-ff8eddc05a2d, 0 %, 0 %, 45, 2775 MHz, 10251 MHz, 175.40 W, 480.00 W, 974 MiB
2026/10/09 02:00:33.355, 1, GPU-81ac6e96-0bfe-390d-beb1-241466569d6b, 100 %, 0 %, 67, 2760 MHz, 10251 MHz, 479.27 W, 480.00 W, 974 MiB
2026/10/09 02:00:34.355, 0, GPU-6c849b47-7111-9265-9d42-ff8eddc05a2d, 100 %, 0 %, 55, 2775 MHz, 10251 MHz, 171.60 W, 480.00 W, 974 MiB
2026/10/09 02:00:34.355, 1, GPU-81ac6e96-0bfe-390d-beb1-241466569d6b, 100 %, 0 %, 67, 2775 MHz, 10251 MHz, 473.70 W, 480.00 W, 974 MiB
2026/10/09 02:00:35.356, 0, GPU-6c849b47-7111-9265-9d42-ff8eddc05a2d, 100 %, 0 %, 66, 2640 MHz, 10251 MHz, 448.22 W, 480.00 W, 974 MiB
2026/10/09 02:00:35.356, 1, GPU-81ac6e96-0bfe-390d-beb1-241466569d6b, 100 %, 0 %, 70, 2685 MHz, 10251 MHz, 413.22 W, 480.00 W, 974 MiB
2026/10/09 02:00:36.356, 0, GPU-6c849b47-7111-9265-9d42-ff8eddc05a2d, 100 %, 0 %, 67, 2640 MHz, 10251 MHz, 476.76 W, 480.00 W, 974 MiB
2026/10/09 02:00:36.357, 1, GPU-81ac6e96-0bfe-390d-beb1-241466569d6b, 100 %, 0 %, 70, 2670 MHz, 10251 MHz, 481.63 W, 480.00 W, 974 MiB
2026/10/09 02:00:37.357, 0, GPU-6c849b47-7111-9265-9d42-ff8eddc05a2d, 100 %, 0 %, 68, 2670 MHz, 10251 MHz, 413.51 W, 480.00 W, 974 MiB
2026/10/09 02:00:37.358, 1, GPU-81ac6e96-0bfe-390d-beb1-241466569d6b, 100 %, 0 %, 67, 2775 MHz, 10251 MHz, 475.55 W, 480.00 W, 974 MiB
2026/10/09 02:00:38.358, 0, GPU-6c849b47-7111-9265-9d42-ff8eddc05a2d, 100 %, 0 %, 68, 2670 MHz, 10251 MHz, 482.46 W, 480.00 W, 974 MiB
2026/10/09 02:00:38.358, 1, GPU-81ac6e96-0bfe-390d-beb1-241466569d6b, 100 %, 0 %, 69, 2640 MHz, 10251 MHz, 464.34 W, 480.00 W, 974 MiB
2026/10/09 02:00:39.359, 0, GPU-6c849b47-7111-9265-9d42-ff8eddc05a2d, 100 %, 0 %, 68, 2715 MHz, 10251 MHz, 480.22 W, 480.00 W, 974 MiB
2026/10/09 02:00:39.359, 1, GPU-81ac6e96-0bfe-390d-beb1-241466569d6b, 100 %, 0 %, 69, 2670 MHz, 10251 MHz, 480.53 W, 480.00 W, 974 MiB
2026/10/09 02:00:40.360, 0, GPU-6c849b47-7111-9265-9d42-ff8eddc05a2d, 100 %, 0 %, 69, 2715 MHz, 10251 MHz, 457.27 W, 480.00 W, 974 MiB
2026/10/09 02:00:40.360, 1, GPU-81ac6e96-0bfe-390d-beb1-241466569d6b, 100 %, 0 %, 66, 2775 MHz, 10251 MHz, 436.37 W, 480.00 W, 974 MiB
2026/10/09 02:00:41.360, 0, GPU-6c849b47-7111-9265-9d42-ff8eddc05a2d, 100 %, 0 %, 69, 2700 MHz, 10251 MHz, 481.43 W, 480.00 W, 974 MiB
2026/10/09 02:00:41.361, 1, GPU-81ac6e96-0bfe-390d-beb1-241466569d6b, 100 %, 0 %, 69, 2670 MHz, 10251 MHz, 471.96 W, 480.00 W, 974 MiB
2026/10/09 02:00:42.361, 0, GPU-6c849b47-7111-9265-9d42-ff8eddc05a2d, 100 %, 0 %, 64, 2760 MHz, 10251 MHz, 469.83 W, 480.00 W, 974 MiB
2026/10/09 02:00:42.362, 1, GPU-81ac6e96-0bfe-390d-beb1-241466569d6b, 100 %, 0 %, 69, 2670 MHz, 10251 MHz, 476.66 W, 480.00 W, 974 MiB
2026/10/09 02:00:43.362, 0, GPU-6c849b47-7111-9265-9d42-ff8eddc05a2d, 100 %, 0 %, 68, 2655 MHz, 10251 MHz, 456.73 W, 480.00 W, 974 MiB
2026/10/09 02:00:43.362, 1, GPU-81ac6e96-0bfe-390d-beb1-241466569d6b, 100 %, 0 %, 70, 2745 MHz, 10251 MHz, 430.86 W, 480.00 W, 974 MiB
2026/10/09 02:00:44.363, 0, GPU-6c849b47-7111-9265-9d42-ff8eddc05a2d, 100 %, 0 %, 69, 2670 MHz, 10251 MHz, 479.43 W, 480.00 W, 974 MiB
2026/10/09 02:00:44.363, 1, GPU-81ac6e96-0bfe-390d-beb1-241466569d6b, 100 %, 0 %, 69, 2685 MHz, 10251 MHz, 490.78 W, 480.00 W, 974 MiB
2026/10/09 02:00:45.364, 0, GPU-6c849b47-7111-9265-9d42-ff8eddc05a2d, 100 %, 0 %, 65, 2730 MHz, 10251 MHz, 427.20 W, 480.00 W, 974 MiB
2026/10/09 02:00:45.364, 1, GPU-81ac6e96-0bfe-390d-beb1-241466569d6b, 100 %, 0 %, 69, 2685 MHz, 10251 MHz, 476.35 W, 480.00 W, 974 MiB
2026/10/09 02:00:46.395, 0, GPU-6c849b47-7111-9265-9d42-ff8eddc05a2d, 100 %, 0 %, 68, 2670 MHz, 10251 MHz, 476.81 W, 480.00 W, 974 MiB
2026/10/09 02:00:46.396, 1, GPU-81ac6e96-0bfe-390d-beb1-241466569d6b, 100 %, 0 %, 70, 2745 MHz, 10251 MHz, 439.15 W, 480.00 W, 974 MiB
2026/10/09 02:00:47.396, 0, GPU-6c849b47-7111-9265-9d42-ff8eddc05a2d, 100 %, 0 %, 68, 2670 MHz, 10251 MHz, 477.94 W, 480.00 W, 974 MiB
2026/10/09 02:00:47.396, 1, GPU-81ac6e96-0bfe-390d-beb1-241466569d6b, 100 %, 0 %, 70, 2730 MHz, 10251 MHz, 481.44 W, 480.00 W, 974 MiB
2026/10/09 02:00:48.397, 0, GPU-6c849b47-7111-9265-9d42-ff8eddc05a2d, 100 %, 0 %, 69, 2745 MHz, 10251 MHz, 428.72 W, 480.00 W, 974 MiB
2026/10/09 02:00:48.397, 1, GPU-81ac6e96-0bfe-390d-beb1-241466569d6b, 100 %, 0 %, 66, 2775 MHz, 10251 MHz, 471.43 W, 480.00 W, 974 MiB
2026/10/09 02:00:49.397, 0, GPU-6c849b47-7111-9265-9d42-ff8eddc05a2d, 100 %, 0 %, 69, 2715 MHz, 10251 MHz, 484.15 W, 480.00 W, 974 MiB
2026/10/09 02:00:49.398, 1, GPU-81ac6e96-0bfe-390d-beb1-241466569d6b, 100 %, 0 %, 70, 2760 MHz, 10251 MHz, 442.54 W, 480.00 W, 974 MiB
2026/10/09 02:00:50.398, 0, GPU-6c849b47-7111-9265-9d42-ff8eddc05a2d, 100 %, 0 %, 68, 2730 MHz, 10251 MHz, 477.82 W, 480.00 W, 974 MiB
2026/10/09 02:00:50.399, 1, GPU-81ac6e96-0bfe-390d-beb1-241466569d6b, 100 %, 0 %, 70, 2715 MHz, 10251 MHz, 480.00 W, 480.00 W, 974 MiB
2026/10/09 02:00:51.399, 0, GPU-6c849b47-7111-9265-9d42-ff8eddc05a2d, 100 %, 0 %, 69, 2760 MHz, 10251 MHz, 431.39 W, 480.00 W, 974 MiB
2026/10/09 02:00:51.399, 1, GPU-81ac6e96-0bfe-390d-beb1-241466569d6b, 20 %, 0 %, 53, 2790 MHz, 10251 MHz, 394.11 W, 480.00 W, 974 MiB
2026/10/09 02:00:52.400, 0, GPU-6c849b47-7111-9265-9d42-ff8eddc05a2d, 100 %, 0 %, 69, 2745 MHz, 10251 MHz, 480.03 W, 480.00 W, 974 MiB
2026/10/09 02:00:52.400, 1, GPU-81ac6e96-0bfe-390d-beb1-241466569d6b, 0 %, 0 %, 50, 2790 MHz, 10251 MHz, 89.46 W, 480.00 W, 974 MiB
2026/10/09 02:00:53.401, 0, GPU-6c849b47-7111-9265-9d42-ff8eddc05a2d, 100 %, 0 %, 61, 2760 MHz, 10251 MHz, 456.44 W, 480.00 W, 974 MiB
2026/10/09 02:00:53.401, 1, GPU-81ac6e96-0bfe-390d-beb1-241466569d6b, 0 %, 0 %, 49, 2790 MHz, 10251 MHz, 87.65 W, 480.00 W, 974 MiB
2026/10/09 02:00:54.402, 0, GPU-6c849b47-7111-9265-9d42-ff8eddc05a2d, 0 %, 0 %, 47, 2790 MHz, 10251 MHz, 129.21 W, 480.00 W, 974 MiB
2026/10/09 02:00:54.402, 1, GPU-81ac6e96-0bfe-390d-beb1-241466569d6b, 0 %, 0 %, 49, 2625 MHz, 10251 MHz, 79.24 W, 480.00 W, 974 MiB
2026/10/09 02:00:55.403, 0, GPU-6c849b47-7111-9265-9d42-ff8eddc05a2d, 0 %, 0 %, 46, 2790 MHz, 10251 MHz, 93.88 W, 480.00 W, 974 MiB
2026/10/09 02:00:55.403, 1, GPU-81ac6e96-0bfe-390d-beb1-241466569d6b, 0 %, 0 %, 48, 2625 MHz, 10251 MHz, 78.51 W, 480.00 W, 974 MiB
2026/10/09 02:00:56.403, 0, GPU-6c849b47-7111-9265-9d42-ff8eddc05a2d, 0 %, 0 %, 44, 2625 MHz, 10251 MHz, 86.11 W, 480.00 W, 974 MiB
2026/10/09 02:00:56.404, 1, GPU-81ac6e96-0bfe-390d-beb1-241466569d6b, 0 %, 0 %, 48, 2625 MHz, 10251 MHz, 78.20 W, 480.00 W, 974 MiB
2026/10/09 02:00:57.404, 0, GPU-6c849b47-7111-9265-9d42-ff8eddc05a2d, 0 %, 0 %, 44, 2625 MHz, 10251 MHz, 84.11 W, 480.00 W, 974 MiB
2026/10/09 02:00:57.405, 1, GPU-81ac6e96-0bfe-390d-beb1-241466569d6b, 0 %, 0 %, 48, 2625 MHz, 10251 MHz, 77.76 W, 480.00 W, 974 MiB
2026/10/09 02:00:58.405, 0, GPU-6c849b47-7111-9265-9d42-ff8eddc05a2d, 100 %, 0 %, 45, 2790 MHz, 10251 MHz, 88.14 W, 480.00 W, 974 MiB
2026/10/09 02:00:58.405, 1, GPU-81ac6e96-0bfe-390d-beb1-241466569d6b, 100 %, 0 %, 49, 2790 MHz, 10251 MHz, 81.44 W, 480.00 W, 974 MiB
2026/10/09 02:00:59.406, 0, GPU-6c849b47-7111-9265-9d42-ff8eddc05a2d, 100 %, 0 %, 45, 2790 MHz, 10251 MHz, 110.43 W, 480.00 W, 974 MiB
2026/10/09 02:00:59.406, 1, GPU-81ac6e96-0bfe-390d-beb1-241466569d6b, 100 %, 0 %, 59, 2775 MHz, 10251 MHz, 171.15 W, 480.00 W, 974 MiB
2026/10/09 02:01:00.407, 0, GPU-6c849b47-7111-9265-9d42-ff8eddc05a2d, 100 %, 0 %, 45, 2790 MHz, 10251 MHz, 110.61 W, 480.00 W, 974 MiB
2026/10/09 02:01:00.407, 1, GPU-81ac6e96-0bfe-390d-beb1-241466569d6b, 100 %, 0 %, 69, 2625 MHz, 10251 MHz, 456.98 W, 480.00 W, 974 MiB
2026/10/09 02:01:01.407, 0, GPU-6c849b47-7111-9265-9d42-ff8eddc05a2d, 99 %, 0 %, 57, 2775 MHz, 10251 MHz, 123.65 W, 480.00 W, 974 MiB
2026/10/09 02:01:01.408, 1, GPU-81ac6e96-0bfe-390d-beb1-241466569d6b, 100 %, 0 %, 69, 2625 MHz, 10251 MHz, 480.83 W, 480.00 W, 974 MiB
2026/10/09 02:01:02.408, 0, GPU-6c849b47-7111-9265-9d42-ff8eddc05a2d, 100 %, 0 %, 68, 2685 MHz, 10251 MHz, 420.24 W, 480.00 W, 974 MiB
2026/10/09 02:01:02.409, 1, GPU-81ac6e96-0bfe-390d-beb1-241466569d6b, 100 %, 0 %, 70, 2685 MHz, 10251 MHz, 408.45 W, 480.00 W, 974 MiB
2026/10/09 02:01:03.409, 0, GPU-6c849b47-7111-9265-9d42-ff8eddc05a2d, 100 %, 0 %, 70, 2685 MHz, 10251 MHz, 479.29 W, 480.00 W, 974 MiB
2026/10/09 02:01:03.409, 1, GPU-81ac6e96-0bfe-390d-beb1-241466569d6b, 100 %, 0 %, 70, 2670 MHz, 10251 MHz, 483.80 W, 480.00 W, 974 MiB
2026/10/09 02:01:04.410, 0, GPU-6c849b47-7111-9265-9d42-ff8eddc05a2d, 100 %, 0 %, 69, 2685 MHz, 10251 MHz, 420.58 W, 480.00 W, 974 MiB
2026/10/09 02:01:04.410, 1, GPU-81ac6e96-0bfe-390d-beb1-241466569d6b, 100 %, 0 %, 69, 2670 MHz, 10251 MHz, 480.14 W, 480.00 W, 974 MiB
2026/10/09 02:01:05.411, 0, GPU-6c849b47-7111-9265-9d42-ff8eddc05a2d, 100 %, 0 %, 68, 2625 MHz, 10251 MHz, 491.01 W, 480.00 W, 974 MiB
2026/10/09 02:01:05.411, 1, GPU-81ac6e96-0bfe-390d-beb1-241466569d6b, 100 %, 0 %, 70, 2715 MHz, 10251 MHz, 458.72 W, 480.00 W, 974 MiB
2026/10/09 02:01:06.411, 0, GPU-6c849b47-7111-9265-9d42-ff8eddc05a2d, 100 %, 0 %, 69, 2625 MHz, 10251 MHz, 477.36 W, 480.00 W, 974 MiB
2026/10/09 02:01:06.412, 1, GPU-81ac6e96-0bfe-390d-beb1-241466569d6b, 100 %, 0 %, 70, 2715 MHz, 10251 MHz, 482.83 W, 480.00 W, 974 MiB
2026/10/09 02:01:07.412, 0, GPU-6c849b47-7111-9265-9d42-ff8eddc05a2d, 100 %, 0 %, 70, 2700 MHz, 10251 MHz, 450.40 W, 480.00 W, 974 MiB
2026/10/09 02:01:07.412, 1, GPU-81ac6e96-0bfe-390d-beb1-241466569d6b, 100 %, 0 %, 66, 2775 MHz, 10251 MHz, 476.11 W, 480.00 W, 974 MiB
2026/10/09 02:01:08.413, 0, GPU-6c849b47-7111-9265-9d42-ff8eddc05a2d, 100 %, 0 %, 70, 2700 MHz, 10251 MHz, 484.16 W, 480.00 W, 974 MiB
2026/10/09 02:01:08.413, 1, GPU-81ac6e96-0bfe-390d-beb1-241466569d6b, 100 %, 0 %, 70, 2730 MHz, 10251 MHz, 452.17 W, 480.00 W, 974 MiB
2026/10/09 02:01:09.427, 0, GPU-6c849b47-7111-9265-9d42-ff8eddc05a2d, 100 %, 0 %, 69, 2745 MHz, 10251 MHz, 479.38 W, 480.00 W, 974 MiB
2026/10/09 02:01:09.427, 1, GPU-81ac6e96-0bfe-390d-beb1-241466569d6b, 100 %, 0 %, 70, 2700 MHz, 10251 MHz, 480.97 W, 480.00 W, 974 MiB
2026/10/09 02:01:10.428, 0, GPU-6c849b47-7111-9265-9d42-ff8eddc05a2d, 100 %, 0 %, 71, 2730 MHz, 10251 MHz, 448.00 W, 480.00 W, 974 MiB
2026/10/09 02:01:10.428, 1, GPU-81ac6e96-0bfe-390d-beb1-241466569d6b, 100 %, 0 %, 66, 2745 MHz, 10251 MHz, 429.90 W, 480.00 W, 974 MiB
2026/10/09 02:01:11.429, 0, GPU-6c849b47-7111-9265-9d42-ff8eddc05a2d, 100 %, 0 %, 71, 2715 MHz, 10251 MHz, 480.96 W, 480.00 W, 974 MiB
2026/10/09 02:01:11.429, 1, GPU-81ac6e96-0bfe-390d-beb1-241466569d6b, 100 %, 0 %, 68, 2670 MHz, 10251 MHz, 472.81 W, 480.00 W, 974 MiB
2026/10/09 02:01:12.429, 0, GPU-6c849b47-7111-9265-9d42-ff8eddc05a2d, 100 %, 0 %, 65, 2760 MHz, 10251 MHz, 467.33 W, 480.00 W, 974 MiB
2026/10/09 02:01:12.430, 1, GPU-81ac6e96-0bfe-390d-beb1-241466569d6b, 100 %, 0 %, 68, 2685 MHz, 10251 MHz, 476.45 W, 480.00 W, 974 MiB
2026/10/09 02:01:13.430, 0, GPU-6c849b47-7111-9265-9d42-ff8eddc05a2d, 100 %, 0 %, 70, 2655 MHz, 10251 MHz, 451.48 W, 480.00 W, 974 MiB
2026/10/09 02:01:13.431, 1, GPU-81ac6e96-0bfe-390d-beb1-241466569d6b, 100 %, 0 %, 69, 2760 MHz, 10251 MHz, 429.78 W, 480.00 W, 974 MiB
2026/10/09 02:01:14.431, 0, GPU-6c849b47-7111-9265-9d42-ff8eddc05a2d, 100 %, 0 %, 71, 2670 MHz, 10251 MHz, 479.18 W, 480.00 W, 974 MiB
2026/10/09 02:01:14.431, 1, GPU-81ac6e96-0bfe-390d-beb1-241466569d6b, 100 %, 0 %, 68, 2730 MHz, 10251 MHz, 485.59 W, 480.00 W, 974 MiB
2026/10/09 02:01:15.432, 0, GPU-6c849b47-7111-9265-9d42-ff8eddc05a2d, 100 %, 0 %, 68, 2730 MHz, 10251 MHz, 426.65 W, 480.00 W, 974 MiB
2026/10/09 02:01:15.432, 1, GPU-81ac6e96-0bfe-390d-beb1-241466569d6b, 100 %, 0 %, 68, 2745 MHz, 10251 MHz, 478.02 W, 480.00 W, 974 MiB
2026/10/09 02:01:16.433, 0, GPU-6c849b47-7111-9265-9d42-ff8eddc05a2d, 100 %, 0 %, 69, 2670 MHz, 10251 MHz, 481.13 W, 480.00 W, 974 MiB
2026/10/09 02:01:16.433, 1, GPU-81ac6e96-0bfe-390d-beb1-241466569d6b, 100 %, 0 %, 69, 2760 MHz, 10251 MHz, 432.43 W, 480.00 W, 974 MiB
2026/10/09 02:01:17.433, 0, GPU-6c849b47-7111-9265-9d42-ff8eddc05a2d, 100 %, 0 %, 70, 2670 MHz, 10251 MHz, 476.69 W, 480.00 W, 974 MiB
2026/10/09 02:01:17.434, 1, GPU-81ac6e96-0bfe-390d-beb1-241466569d6b, 100 %, 0 %, 69, 2745 MHz, 10251 MHz, 480.23 W, 480.00 W, 974 MiB
2026/10/09 02:01:18.434, 0, GPU-6c849b47-7111-9265-9d42-ff8eddc05a2d, 100 %, 0 %, 70, 2745 MHz, 10251 MHz, 429.77 W, 480.00 W, 974 MiB
2026/10/09 02:01:18.435, 1, GPU-81ac6e96-0bfe-390d-beb1-241466569d6b, 100 %, 0 %, 61, 2775 MHz, 10251 MHz, 459.20 W, 480.00 W, 974 MiB
2026/10/09 02:01:19.435, 0, GPU-6c849b47-7111-9265-9d42-ff8eddc05a2d, 100 %, 0 %, 70, 2730 MHz, 10251 MHz, 482.29 W, 480.00 W, 974 MiB
2026/10/09 02:01:19.435, 1, GPU-81ac6e96-0bfe-390d-beb1-241466569d6b, 0 %, 0 %, 50, 2790 MHz, 10251 MHz, 128.31 W, 480.00 W, 974 MiB
2026/10/09 02:01:20.436, 0, GPU-6c849b47-7111-9265-9d42-ff8eddc05a2d, 100 %, 0 %, 69, 2760 MHz, 10251 MHz, 477.94 W, 480.00 W, 974 MiB
2026/10/09 02:01:20.436, 1, GPU-81ac6e96-0bfe-390d-beb1-241466569d6b, 0 %, 0 %, 49, 2790 MHz, 10251 MHz, 88.57 W, 480.00 W, 974 MiB
2026/10/09 02:01:21.437, 0, GPU-6c849b47-7111-9265-9d42-ff8eddc05a2d, 0 %, 0 %, 49, 2790 MHz, 10251 MHz, 198.54 W, 480.00 W, 974 MiB
2026/10/09 02:01:21.437, 1, GPU-81ac6e96-0bfe-390d-beb1-241466569d6b, 100 %, 0 %, 66, 2775 MHz, 10251 MHz, 218.57 W, 480.00 W, 974 MiB
2026/10/09 02:01:22.437, 0, GPU-6c849b47-7111-9265-9d42-ff8eddc05a2d, 0 %, 0 %, 47, 2790 MHz, 10251 MHz, 96.66 W, 480.00 W, 974 MiB
2026/10/09 02:01:22.438, 1, GPU-81ac6e96-0bfe-390d-beb1-241466569d6b, 100 %, 0 %, 67, 2745 MHz, 10251 MHz, 486.16 W, 480.00 W, 974 MiB
2026/10/09 02:01:23.438, 0, GPU-6c849b47-7111-9265-9d42-ff8eddc05a2d, 100 %, 0 %, 59, 2775 MHz, 10251 MHz, 157.02 W, 480.00 W, 974 MiB
2026/10/09 02:01:23.438, 1, GPU-81ac6e96-0bfe-390d-beb1-241466569d6b, 100 %, 0 %, 61, 2775 MHz, 10251 MHz, 463.39 W, 480.00 W, 974 MiB
2026/10/09 02:01:24.439, 0, GPU-6c849b47-7111-9265-9d42-ff8eddc05a2d, 100 %, 0 %, 68, 2685 MHz, 10251 MHz, 450.89 W, 480.00 W, 974 MiB
2026/10/09 02:01:24.439, 1, GPU-81ac6e96-0bfe-390d-beb1-241466569d6b, 100 %, 0 %, 70, 2610 MHz, 10251 MHz, 435.98 W, 480.00 W, 974 MiB
2026/10/09 02:01:25.439, 0, GPU-6c849b47-7111-9265-9d42-ff8eddc05a2d, 100 %, 0 %, 70, 2670 MHz, 10251 MHz, 475.83 W, 480.00 W, 974 MiB
2026/10/09 02:01:25.440, 1, GPU-81ac6e96-0bfe-390d-beb1-241466569d6b, 100 %, 0 %, 70, 2625 MHz, 10251 MHz, 480.74 W, 480.00 W, 974 MiB
2026/10/09 02:01:26.440, 0, GPU-6c849b47-7111-9265-9d42-ff8eddc05a2d, 100 %, 0 %, 71, 2670 MHz, 10251 MHz, 412.93 W, 480.00 W, 974 MiB
2026/10/09 02:01:26.441, 1, GPU-81ac6e96-0bfe-390d-beb1-241466569d6b, 100 %, 0 %, 59, 2775 MHz, 10251 MHz, 448.55 W, 480.00 W, 974 MiB
2026/10/09 02:01:27.441, 0, GPU-6c849b47-7111-9265-9d42-ff8eddc05a2d, 100 %, 0 %, 71, 2655 MHz, 10251 MHz, 483.99 W, 480.00 W, 974 MiB
2026/10/09 02:01:27.442, 1, GPU-81ac6e96-0bfe-390d-beb1-241466569d6b, 100 %, 0 %, 69, 2655 MHz, 10251 MHz, 471.47 W, 480.00 W, 974 MiB
2026/10/09 02:01:28.442, 0, GPU-6c849b47-7111-9265-9d42-ff8eddc05a2d, 100 %, 0 %, 70, 2745 MHz, 10251 MHz, 480.79 W, 480.00 W, 974 MiB
2026/10/09 02:01:28.442, 1, GPU-81ac6e96-0bfe-390d-beb1-241466569d6b, 100 %, 0 %, 69, 2655 MHz, 10251 MHz, 477.79 W, 480.00 W, 974 MiB
2026/10/09 02:01:29.443, 0, GPU-6c849b47-7111-9265-9d42-ff8eddc05a2d, 100 %, 0 %, 71, 2715 MHz, 10251 MHz, 458.18 W, 480.00 W, 974 MiB
2026/10/09 02:01:29.443, 1, GPU-81ac6e96-0bfe-390d-beb1-241466569d6b, 100 %, 0 %, 70, 2730 MHz, 10251 MHz, 434.38 W, 480.00 W, 974 MiB
2026/10/09 02:01:30.444, 0, GPU-6c849b47-7111-9265-9d42-ff8eddc05a2d, 100 %, 0 %, 71, 2700 MHz, 10251 MHz, 482.31 W, 480.00 W, 974 MiB
2026/10/09 02:01:30.444, 1, GPU-81ac6e96-0bfe-390d-beb1-241466569d6b, 100 %, 0 %, 69, 2670 MHz, 10251 MHz, 491.26 W, 480.00 W, 974 MiB
2026/10/09 02:01:31.445, 0, GPU-6c849b47-7111-9265-9d42-ff8eddc05a2d, 100 %, 0 %, 66, 2760 MHz, 10251 MHz, 468.62 W, 480.00 W, 974 MiB
2026/10/09 02:01:31.445, 1, GPU-81ac6e96-0bfe-390d-beb1-241466569d6b, 100 %, 0 %, 69, 2655 MHz, 10251 MHz, 477.68 W, 480.00 W, 974 MiB
2026/10/09 02:01:32.445, 0, GPU-6c849b47-7111-9265-9d42-ff8eddc05a2d, 100 %, 0 %, 70, 2655 MHz, 10251 MHz, 456.46 W, 480.00 W, 974 MiB
2026/10/09 02:01:32.446, 1, GPU-81ac6e96-0bfe-390d-beb1-241466569d6b, 100 %, 0 %, 70, 2745 MHz, 10251 MHz, 434.72 W, 480.00 W, 974 MiB
2026/10/09 02:01:33.447, 0, GPU-6c849b47-7111-9265-9d42-ff8eddc05a2d, 100 %, 0 %, 71, 2670 MHz, 10251 MHz, 478.72 W, 480.00 W, 974 MiB
2026/10/09 02:01:33.447, 1, GPU-81ac6e96-0bfe-390d-beb1-241466569d6b, 100 %, 0 %, 69, 2715 MHz, 10251 MHz, 485.12 W, 480.00 W, 974 MiB
2026/10/09 02:01:34.447, 0, GPU-6c849b47-7111-9265-9d42-ff8eddc05a2d, 100 %, 0 %, 68, 2745 MHz, 10251 MHz, 429.45 W, 480.00 W, 974 MiB
2026/10/09 02:01:34.448, 1, GPU-81ac6e96-0bfe-390d-beb1-241466569d6b, 100 %, 0 %, 68, 2775 MHz, 10251 MHz, 477.57 W, 480.00 W, 974 MiB
2026/10/09 02:01:35.448, 0, GPU-6c849b47-7111-9265-9d42-ff8eddc05a2d, 100 %, 0 %, 70, 2670 MHz, 10251 MHz, 478.80 W, 480.00 W, 974 MiB
2026/10/09 02:01:35.449, 1, GPU-81ac6e96-0bfe-390d-beb1-241466569d6b, 100 %, 0 %, 70, 2745 MHz, 10251 MHz, 442.32 W, 480.00 W, 974 MiB
2026/10/09 02:01:36.449, 0, GPU-6c849b47-7111-9265-9d42-ff8eddc05a2d, 100 %, 0 %, 70, 2655 MHz, 10251 MHz, 477.14 W, 480.00 W, 974 MiB
2026/10/09 02:01:36.449, 1, GPU-81ac6e96-0bfe-390d-beb1-241466569d6b, 100 %, 0 %, 70, 2730 MHz, 10251 MHz, 480.85 W, 480.00 W, 974 MiB
2026/10/09 02:01:37.450, 0, GPU-6c849b47-7111-9265-9d42-ff8eddc05a2d, 100 %, 0 %, 71, 2730 MHz, 10251 MHz, 427.35 W, 480.00 W, 974 MiB
2026/10/09 02:01:37.450, 1, GPU-81ac6e96-0bfe-390d-beb1-241466569d6b, 100 %, 0 %, 58, 2790 MHz, 10251 MHz, 443.00 W, 480.00 W, 974 MiB
2026/10/09 02:01:38.451, 0, GPU-6c849b47-7111-9265-9d42-ff8eddc05a2d, 100 %, 0 %, 71, 2700 MHz, 10251 MHz, 483.17 W, 480.00 W, 974 MiB
2026/10/09 02:01:38.451, 1, GPU-81ac6e96-0bfe-390d-beb1-241466569d6b, 100 %, 0 %, 68, 2700 MHz, 10251 MHz, 453.98 W, 480.00 W, 974 MiB
2026/10/09 02:01:39.452, 0, GPU-6c849b47-7111-9265-9d42-ff8eddc05a2d, 100 %, 0 %, 70, 2730 MHz, 10251 MHz, 478.61 W, 480.00 W, 974 MiB
2026/10/09 02:01:39.452, 1, GPU-81ac6e96-0bfe-390d-beb1-241466569d6b, 100 %, 0 %, 69, 2685 MHz, 10251 MHz, 477.31 W, 480.00 W, 974 MiB
2026/10/09 02:01:40.452, 0, GPU-6c849b47-7111-9265-9d42-ff8eddc05a2d, 100 %, 0 %, 71, 2745 MHz, 10251 MHz, 435.94 W, 480.00 W, 974 MiB
2026/10/09 02:01:40.453, 1, GPU-81ac6e96-0bfe-390d-beb1-241466569d6b, 0 %, 0 %, 52, 2790 MHz, 10251 MHz, 333.33 W, 480.00 W, 974 MiB
2026/10/09 02:01:41.453, 0, GPU-6c849b47-7111-9265-9d42-ff8eddc05a2d, 100 %, 0 %, 71, 2715 MHz, 10251 MHz, 479.56 W, 480.00 W, 974 MiB
2026/10/09 02:01:41.454, 1, GPU-81ac6e96-0bfe-390d-beb1-241466569d6b, 0 %, 0 %, 50, 2790 MHz, 10251 MHz, 87.99 W, 480.00 W, 974 MiB
2026/10/09 02:01:42.454, 0, GPU-6c849b47-7111-9265-9d42-ff8eddc05a2d, 100 %, 0 %, 63, 2760 MHz, 10251 MHz, 457.26 W, 480.00 W, 974 MiB
2026/10/09 02:01:42.454, 1, GPU-81ac6e96-0bfe-390d-beb1-241466569d6b, 0 %, 0 %, 50, 2790 MHz, 10251 MHz, 87.68 W, 480.00 W, 974 MiB
2026/10/09 02:01:43.455, 0, GPU-6c849b47-7111-9265-9d42-ff8eddc05a2d, 0 %, 0 %, 49, 2790 MHz, 10251 MHz, 133.74 W, 480.00 W, 974 MiB
2026/10/09 02:01:43.455, 1, GPU-81ac6e96-0bfe-390d-beb1-241466569d6b, 0 %, 0 %, 49, 2625 MHz, 10251 MHz, 79.63 W, 480.00 W, 974 MiB
2026/10/09 02:01:44.455, 0, GPU-6c849b47-7111-9265-9d42-ff8eddc05a2d, 0 %, 0 %, 47, 2790 MHz, 10251 MHz, 96.42 W, 480.00 W, 974 MiB
2026/10/09 02:01:44.456, 1, GPU-81ac6e96-0bfe-390d-beb1-241466569d6b, 0 %, 0 %, 49, 2625 MHz, 10251 MHz, 78.93 W, 480.00 W, 974 MiB
2026/10/09 02:01:45.456, 0, GPU-6c849b47-7111-9265-9d42-ff8eddc05a2d, 0 %, 0 %, 46, 2625 MHz, 10251 MHz, 86.93 W, 480.00 W, 974 MiB
2026/10/09 02:01:45.457, 1, GPU-81ac6e96-0bfe-390d-beb1-241466569d6b, 0 %, 0 %, 48, 2625 MHz, 10251 MHz, 78.92 W, 480.00 W, 974 MiB
2026/10/09 02:01:46.457, 0, GPU-6c849b47-7111-9265-9d42-ff8eddc05a2d, 0 %, 0 %, 46, 2625 MHz, 10251 MHz, 84.79 W, 480.00 W, 974 MiB
2026/10/09 02:01:46.458, 1, GPU-81ac6e96-0bfe-390d-beb1-241466569d6b, 0 %, 0 %, 48, 2625 MHz, 10251 MHz, 78.41 W, 480.00 W, 974 MiB
2026/10/09 02:01:47.458, 0, GPU-6c849b47-7111-9265-9d42-ff8eddc05a2d, 0 %, 0 %, 46, 2625 MHz, 10251 MHz, 83.24 W, 480.00 W, 974 MiB
2026/10/09 02:01:47.458, 1, GPU-81ac6e96-0bfe-390d-beb1-241466569d6b, 0 %, 0 %, 48, 2625 MHz, 10251 MHz, 77.69 W, 480.00 W, 974 MiB
2026/10/09 02:01:48.459, 0, GPU-6c849b47-7111-9265-9d42-ff8eddc05a2d, 100 %, 0 %, 47, 2790 MHz, 10251 MHz, 93.09 W, 480.00 W, 974 MiB
2026/10/09 02:01:48.459, 1, GPU-81ac6e96-0bfe-390d-beb1-241466569d6b, 0 %, 0 %, 48, 2625 MHz, 10251 MHz, 77.39 W, 480.00 W, 974 MiB
2026/10/09 02:01:49.460, 0, GPU-6c849b47-7111-9265-9d42-ff8eddc05a2d, 100 %, 0 %, 47, 2790 MHz, 10251 MHz, 111.43 W, 480.00 W, 974 MiB
2026/10/09 02:01:49.460, 1, GPU-81ac6e96-0bfe-390d-beb1-241466569d6b, 0 %, 0 %, 48, 2625 MHz, 10251 MHz, 77.39 W, 480.00 W, 974 MiB
2026/10/09 02:01:50.461, 0, GPU-6c849b47-7111-9265-9d42-ff8eddc05a2d, 100 %, 0 %, 47, 2790 MHz, 10251 MHz, 111.19 W, 480.00 W, 974 MiB
2026/10/09 02:01:50.461, 1, GPU-81ac6e96-0bfe-390d-beb1-241466569d6b, 0 %, 0 %, 48, 2625 MHz, 10251 MHz, 77.17 W, 480.00 W, 974 MiB
2026/10/09 02:01:51.461, 0, GPU-6c849b47-7111-9265-9d42-ff8eddc05a2d, 100 %, 0 %, 60, 2775 MHz, 10251 MHz, 161.62 W, 480.00 W, 974 MiB
2026/10/09 02:01:51.462, 1, GPU-81ac6e96-0bfe-390d-beb1-241466569d6b, 0 %, 0 %, 48, 2625 MHz, 10251 MHz, 77.01 W, 480.00 W, 974 MiB
2026/10/09 02:01:52.462, 0, GPU-6c849b47-7111-9265-9d42-ff8eddc05a2d, 100 %, 0 %, 71, 2610 MHz, 10251 MHz, 445.14 W, 480.00 W, 974 MiB
2026/10/09 02:01:52.463, 1, GPU-81ac6e96-0bfe-390d-beb1-241466569d6b, 0 %, 0 %, 48, 2625 MHz, 10251 MHz, 76.88 W, 480.00 W, 974 MiB
2026/10/09 02:01:53.463, 0, GPU-6c849b47-7111-9265-9d42-ff8eddc05a2d, 100 %, 0 %, 71, 2625 MHz, 10251 MHz, 482.78 W, 480.00 W, 974 MiB
2026/10/09 02:01:53.464, 1, GPU-81ac6e96-0bfe-390d-beb1-241466569d6b, 0 %, 0 %, 48, 2625 MHz, 10251 MHz, 76.38 W, 480.00 W, 974 MiB
2026/10/09 02:01:54.464, 0, GPU-6c849b47-7111-9265-9d42-ff8eddc05a2d, 100 %, 0 %, 71, 2670 MHz, 10251 MHz, 418.72 W, 480.00 W, 974 MiB
2026/10/09 02:01:54.464, 1, GPU-81ac6e96-0bfe-390d-beb1-241466569d6b, 0 %, 0 %, 48, 2625 MHz, 10251 MHz, 76.18 W, 480.00 W, 974 MiB
2026/10/09 02:01:55.465, 0, GPU-6c849b47-7111-9265-9d42-ff8eddc05a2d, 100 %, 0 %, 70, 2640 MHz, 10251 MHz, 486.15 W, 480.00 W, 974 MiB
2026/10/09 02:01:55.465, 1, GPU-81ac6e96-0bfe-390d-beb1-241466569d6b, 0 %, 0 %, 48, 2625 MHz, 10251 MHz, 76.33 W, 480.00 W, 974 MiB
2026/10/09 02:01:56.466, 0, GPU-6c849b47-7111-9265-9d42-ff8eddc05a2d, 100 %, 0 %, 71, 2640 MHz, 10251 MHz, 478.82 W, 480.00 W, 974 MiB
2026/10/09 02:01:56.467, 1, GPU-81ac6e96-0bfe-390d-beb1-241466569d6b, 0 %, 0 %, 48, 2625 MHz, 10251 MHz, 76.20 W, 480.00 W, 974 MiB
2026/10/09 02:01:57.467, 0, GPU-6c849b47-7111-9265-9d42-ff8eddc05a2d, 100 %, 0 %, 72, 2715 MHz, 10251 MHz, 455.65 W, 480.00 W, 974 MiB
2026/10/09 02:01:57.468, 1, GPU-81ac6e96-0bfe-390d-beb1-241466569d6b, 0 %, 0 %, 48, 2625 MHz, 10251 MHz, 76.14 W, 480.00 W, 974 MiB
2026/10/09 02:01:58.468, 0, GPU-6c849b47-7111-9265-9d42-ff8eddc05a2d, 100 %, 0 %, 71, 2700 MHz, 10251 MHz, 483.20 W, 480.00 W, 974 MiB
2026/10/09 02:01:58.468, 1, GPU-81ac6e96-0bfe-390d-beb1-241466569d6b, 0 %, 0 %, 47, 435 MHz, 810 MHz, 68.47 W, 480.00 W, 974 MiB
2026/10/09 02:01:59.469, 0, GPU-6c849b47-7111-9265-9d42-ff8eddc05a2d, 100 %, 0 %, 70, 2760 MHz, 10251 MHz, 478.50 W, 480.00 W, 974 MiB
2026/10/09 02:01:59.469, 1, GPU-81ac6e96-0bfe-390d-beb1-241466569d6b, 0 %, 0 %, 46, 285 MHz, 405 MHz, 47.96 W, 480.00 W, 974 MiB
2026/10/09 02:02:00.470, 0, GPU-6c849b47-7111-9265-9d42-ff8eddc05a2d, 100 %, 0 %, 72, 2715 MHz, 10251 MHz, 450.83 W, 480.00 W, 974 MiB
2026/10/09 02:02:00.470, 1, GPU-81ac6e96-0bfe-390d-beb1-241466569d6b, 0 %, 0 %, 46, 210 MHz, 405 MHz, 34.13 W, 480.00 W, 974 MiB
2026/10/09 02:02:01.471, 0, GPU-6c849b47-7111-9265-9d42-ff8eddc05a2d, 100 %, 0 %, 72, 2700 MHz, 10251 MHz, 481.19 W, 480.00 W, 974 MiB
2026/10/09 02:02:01.471, 1, GPU-81ac6e96-0bfe-390d-beb1-241466569d6b, 0 %, 0 %, 46, 210 MHz, 405 MHz, 33.00 W, 480.00 W, 974 MiB
2026/10/09 02:02:02.472, 0, GPU-6c849b47-7111-9265-9d42-ff8eddc05a2d, 100 %, 0 %, 62, 2760 MHz, 10251 MHz, 443.95 W, 480.00 W, 974 MiB
2026/10/09 02:02:02.472, 1, GPU-81ac6e96-0bfe-390d-beb1-241466569d6b, 0 %, 0 %, 46, 210 MHz, 405 MHz, 32.97 W, 480.00 W, 974 MiB
2026/10/09 02:02:03.473, 0, GPU-6c849b47-7111-9265-9d42-ff8eddc05a2d, 100 %, 0 %, 71, 2655 MHz, 10251 MHz, 460.80 W, 480.00 W, 974 MiB
2026/10/09 02:02:03.473, 1, GPU-81ac6e96-0bfe-390d-beb1-241466569d6b, 0 %, 0 %, 46, 210 MHz, 405 MHz, 32.96 W, 480.00 W, 974 MiB
2026/10/09 02:02:04.474, 0, GPU-6c849b47-7111-9265-9d42-ff8eddc05a2d, 100 %, 0 %, 71, 2670 MHz, 10251 MHz, 476.54 W, 480.00 W, 974 MiB
2026/10/09 02:02:04.474, 1, GPU-81ac6e96-0bfe-390d-beb1-241466569d6b, 0 %, 0 %, 45, 210 MHz, 405 MHz, 32.98 W, 480.00 W, 974 MiB
2026/10/09 02:02:05.475, 0, GPU-6c849b47-7111-9265-9d42-ff8eddc05a2d, 100 %, 0 %, 70, 2730 MHz, 10251 MHz, 421.40 W, 480.00 W, 974 MiB
2026/10/09 02:02:05.475, 1, GPU-81ac6e96-0bfe-390d-beb1-241466569d6b, 0 %, 0 %, 45, 210 MHz, 405 MHz, 32.88 W, 480.00 W, 974 MiB
2026/10/09 02:02:06.476, 0, GPU-6c849b47-7111-9265-9d42-ff8eddc05a2d, 100 %, 0 %, 70, 2685 MHz, 10251 MHz, 486.76 W, 480.00 W, 974 MiB
2026/10/09 02:02:06.476, 1, GPU-81ac6e96-0bfe-390d-beb1-241466569d6b, 0 %, 0 %, 45, 210 MHz, 405 MHz, 32.75 W, 480.00 W, 974 MiB
2026/10/09 02:02:07.476, 0, GPU-6c849b47-7111-9265-9d42-ff8eddc05a2d, 100 %, 0 %, 71, 2700 MHz, 10251 MHz, 476.87 W, 480.00 W, 974 MiB
2026/10/09 02:02:07.477, 1, GPU-81ac6e96-0bfe-390d-beb1-241466569d6b, 0 %, 0 %, 45, 210 MHz, 405 MHz, 32.67 W, 480.00 W, 974 MiB
2026/10/09 02:02:08.477, 0, GPU-6c849b47-7111-9265-9d42-ff8eddc05a2d, 100 %, 0 %, 71, 2745 MHz, 10251 MHz, 431.54 W, 480.00 W, 974 MiB
2026/10/09 02:02:08.478, 1, GPU-81ac6e96-0bfe-390d-beb1-241466569d6b, 0 %, 0 %, 45, 210 MHz, 405 MHz, 32.58 W, 480.00 W, 974 MiB
2026/10/09 02:02:09.478, 0, GPU-6c849b47-7111-9265-9d42-ff8eddc05a2d, 100 %, 0 %, 71, 2730 MHz, 10251 MHz, 480.33 W, 480.00 W, 974 MiB
2026/10/09 02:02:09.479, 1, GPU-81ac6e96-0bfe-390d-beb1-241466569d6b, 0 %, 0 %, 45, 210 MHz, 405 MHz, 32.57 W, 480.00 W, 974 MiB
2026/10/09 02:02:10.479, 0, GPU-6c849b47-7111-9265-9d42-ff8eddc05a2d, 100 %, 0 %, 68, 2760 MHz, 10251 MHz, 473.84 W, 480.00 W, 974 MiB
2026/10/09 02:02:10.480, 1, GPU-81ac6e96-0bfe-390d-beb1-241466569d6b, 0 %, 0 %, 45, 210 MHz, 405 MHz, 32.70 W, 480.00 W, 974 MiB
2026/10/09 02:02:11.480, 0, GPU-6c849b47-7111-9265-9d42-ff8eddc05a2d, 0 %, 0 %, 49, 2775 MHz, 10251 MHz, 171.05 W, 480.00 W, 974 MiB
2026/10/09 02:02:11.480, 1, GPU-81ac6e96-0bfe-390d-beb1-241466569d6b, 0 %, 0 %, 45, 210 MHz, 405 MHz, 32.87 W, 480.00 W, 974 MiB
2026/10/09 02:02:12.481, 0, GPU-6c849b47-7111-9265-9d42-ff8eddc05a2d, 100 %, 0 %, 61, 2775 MHz, 10251 MHz, 178.37 W, 480.00 W, 974 MiB
2026/10/09 02:02:12.481, 1, GPU-81ac6e96-0bfe-390d-beb1-241466569d6b, 0 %, 0 %, 45, 210 MHz, 405 MHz, 32.88 W, 480.00 W, 974 MiB
2026/10/09 02:02:13.482, 0, GPU-6c849b47-7111-9265-9d42-ff8eddc05a2d, 100 %, 0 %, 70, 2670 MHz, 10251 MHz, 450.06 W, 480.00 W, 974 MiB
2026/10/09 02:02:13.482, 1, GPU-81ac6e96-0bfe-390d-beb1-241466569d6b, 0 %, 0 %, 45, 210 MHz, 405 MHz, 32.68 W, 480.00 W, 974 MiB
2026/10/09 02:02:14.483, 0, GPU-6c849b47-7111-9265-9d42-ff8eddc05a2d, 100 %, 0 %, 71, 2670 MHz, 10251 MHz, 476.03 W, 480.00 W, 974 MiB
2026/10/09 02:02:14.483, 1, GPU-81ac6e96-0bfe-390d-beb1-241466569d6b, 0 %, 0 %, 44, 210 MHz, 405 MHz, 32.57 W, 480.00 W, 974 MiB
2026/10/09 02:02:15.484, 0, GPU-6c849b47-7111-9265-9d42-ff8eddc05a2d, 100 %, 0 %, 72, 2670 MHz, 10251 MHz, 410.90 W, 480.00 W, 974 MiB
2026/10/09 02:02:15.484, 1, GPU-81ac6e96-0bfe-390d-beb1-241466569d6b, 0 %, 0 %, 44, 210 MHz, 405 MHz, 32.44 W, 480.00 W, 974 MiB
2026/10/09 02:02:16.485, 0, GPU-6c849b47-7111-9265-9d42-ff8eddc05a2d, 100 %, 0 %, 72, 2655 MHz, 10251 MHz, 483.48 W, 480.00 W, 974 MiB
2026/10/09 02:02:16.485, 1, GPU-81ac6e96-0bfe-390d-beb1-241466569d6b, 0 %, 0 %, 44, 210 MHz, 405 MHz, 32.37 W, 480.00 W, 974 MiB
2026/10/09 02:02:17.486, 0, GPU-6c849b47-7111-9265-9d42-ff8eddc05a2d, 100 %, 0 %, 71, 2745 MHz, 10251 MHz, 480.31 W, 480.00 W, 974 MiB
2026/10/09 02:02:17.486, 1, GPU-81ac6e96-0bfe-390d-beb1-241466569d6b, 0 %, 0 %, 44, 210 MHz, 405 MHz, 32.36 W, 480.00 W, 974 MiB
2026/10/09 02:02:18.487, 0, GPU-6c849b47-7111-9265-9d42-ff8eddc05a2d, 100 %, 0 %, 73, 2700 MHz, 10251 MHz, 460.65 W, 480.00 W, 974 MiB
2026/10/09 02:02:18.487, 1, GPU-81ac6e96-0bfe-390d-beb1-241466569d6b, 0 %, 0 %, 44, 210 MHz, 405 MHz, 32.28 W, 480.00 W, 974 MiB
2026/10/09 02:02:19.488, 0, GPU-6c849b47-7111-9265-9d42-ff8eddc05a2d, 100 %, 0 %, 73, 2685 MHz, 10251 MHz, 481.32 W, 480.00 W, 974 MiB
2026/10/09 02:02:19.488, 1, GPU-81ac6e96-0bfe-390d-beb1-241466569d6b, 0 %, 0 %, 44, 210 MHz, 405 MHz, 32.31 W, 480.00 W, 974 MiB
2026/10/09 02:02:20.489, 0, GPU-6c849b47-7111-9265-9d42-ff8eddc05a2d, 100 %, 0 %, 68, 2760 MHz, 10251 MHz, 454.24 W, 480.00 W, 974 MiB
2026/10/09 02:02:20.489, 1, GPU-81ac6e96-0bfe-390d-beb1-241466569d6b, 0 %, 0 %, 44, 210 MHz, 405 MHz, 32.44 W, 480.00 W, 974 MiB
2026/10/09 02:02:21.490, 0, GPU-6c849b47-7111-9265-9d42-ff8eddc05a2d, 100 %, 0 %, 71, 2640 MHz, 10251 MHz, 463.30 W, 480.00 W, 974 MiB
2026/10/09 02:02:21.490, 1, GPU-81ac6e96-0bfe-390d-beb1-241466569d6b, 0 %, 0 %, 44, 210 MHz, 405 MHz, 32.53 W, 480.00 W, 974 MiB
2026/10/09 02:02:22.491, 0, GPU-6c849b47-7111-9265-9d42-ff8eddc05a2d, 100 %, 0 %, 72, 2655 MHz, 10251 MHz, 476.64 W, 480.00 W, 974 MiB
2026/10/09 02:02:22.491, 1, GPU-81ac6e96-0bfe-390d-beb1-241466569d6b, 0 %, 0 %, 44, 210 MHz, 405 MHz, 32.46 W, 480.00 W, 974 MiB
2026/10/09 02:02:23.492, 0, GPU-6c849b47-7111-9265-9d42-ff8eddc05a2d, 100 %, 0 %, 68, 2730 MHz, 10251 MHz, 429.74 W, 480.00 W, 974 MiB
2026/10/09 02:02:23.492, 1, GPU-81ac6e96-0bfe-390d-beb1-241466569d6b, 0 %, 0 %, 44, 210 MHz, 405 MHz, 32.38 W, 480.00 W, 974 MiB
2026/10/09 02:02:24.492, 0, GPU-6c849b47-7111-9265-9d42-ff8eddc05a2d, 100 %, 0 %, 71, 2655 MHz, 10251 MHz, 494.50 W, 480.00 W, 974 MiB
2026/10/09 02:02:24.493, 1, GPU-81ac6e96-0bfe-390d-beb1-241466569d6b, 0 %, 0 %, 43, 210 MHz, 405 MHz, 32.39 W, 480.00 W, 974 MiB
2026/10/09 02:02:25.493, 0, GPU-6c849b47-7111-9265-9d42-ff8eddc05a2d, 100 %, 0 %, 71, 2655 MHz, 10251 MHz, 477.38 W, 480.00 W, 974 MiB
2026/10/09 02:02:25.494, 1, GPU-81ac6e96-0bfe-390d-beb1-241466569d6b, 0 %, 0 %, 43, 210 MHz, 405 MHz, 32.43 W, 480.00 W, 974 MiB
2026/10/09 02:02:26.494, 0, GPU-6c849b47-7111-9265-9d42-ff8eddc05a2d, 100 %, 0 %, 72, 2730 MHz, 10251 MHz, 431.82 W, 480.00 W, 974 MiB
2026/10/09 02:02:26.495, 1, GPU-81ac6e96-0bfe-390d-beb1-241466569d6b, 0 %, 0 %, 43, 210 MHz, 405 MHz, 32.52 W, 480.00 W, 974 MiB
2026/10/09 02:02:27.495, 0, GPU-6c849b47-7111-9265-9d42-ff8eddc05a2d, 100 %, 0 %, 71, 2700 MHz, 10251 MHz, 483.38 W, 480.00 W, 974 MiB
2026/10/09 02:02:27.496, 1, GPU-81ac6e96-0bfe-390d-beb1-241466569d6b, 0 %, 0 %, 43, 210 MHz, 405 MHz, 32.59 W, 480.00 W, 974 MiB
2026/10/09 02:02:28.496, 0, GPU-6c849b47-7111-9265-9d42-ff8eddc05a2d, 100 %, 0 %, 71, 2730 MHz, 10251 MHz, 478.25 W, 480.00 W, 974 MiB
2026/10/09 02:02:28.496, 1, GPU-81ac6e96-0bfe-390d-beb1-241466569d6b, 0 %, 0 %, 43, 210 MHz, 405 MHz, 32.60 W, 480.00 W, 974 MiB
2026/10/09 02:02:29.497, 0, GPU-6c849b47-7111-9265-9d42-ff8eddc05a2d, 100 %, 0 %, 72, 2730 MHz, 10251 MHz, 437.48 W, 480.00 W, 974 MiB
2026/10/09 02:02:29.497, 1, GPU-81ac6e96-0bfe-390d-beb1-241466569d6b, 0 %, 0 %, 43, 210 MHz, 405 MHz, 32.49 W, 480.00 W, 974 MiB
2026/10/09 02:02:30.498, 0, GPU-6c849b47-7111-9265-9d42-ff8eddc05a2d, 100 %, 0 %, 72, 2730 MHz, 10251 MHz, 480.51 W, 480.00 W, 974 MiB
2026/10/09 02:02:30.500, 1, GPU-81ac6e96-0bfe-390d-beb1-241466569d6b, 0 %, 0 %, 43, 210 MHz, 405 MHz, 32.38 W, 480.00 W, 974 MiB
2026/10/09 02:02:31.502, 0, GPU-6c849b47-7111-9265-9d42-ff8eddc05a2d, 100 %, 0 %, 65, 2760 MHz, 10251 MHz, 443.05 W, 480.00 W, 974 MiB
2026/10/09 02:02:31.502, 1, GPU-81ac6e96-0bfe-390d-beb1-241466569d6b, 0 %, 0 %, 43, 210 MHz, 405 MHz, 32.27 W, 480.00 W, 974 MiB
2026/10/09 02:02:32.503, 0, GPU-6c849b47-7111-9265-9d42-ff8eddc05a2d, 0 %, 0 %, 50, 2775 MHz, 10251 MHz, 118.54 W, 480.00 W, 974 MiB
2026/10/09 02:02:32.503, 1, GPU-81ac6e96-0bfe-390d-beb1-241466569d6b, 0 %, 0 %, 43, 210 MHz, 405 MHz, 32.04 W, 480.00 W, 974 MiB
2026/10/09 02:02:33.504, 0, GPU-6c849b47-7111-9265-9d42-ff8eddc05a2d, 100 %, 0 %, 62, 2775 MHz, 10251 MHz, 211.73 W, 480.00 W, 974 MiB
2026/10/09 02:02:33.504, 1, GPU-81ac6e96-0bfe-390d-beb1-241466569d6b, 0 %, 0 %, 43, 210 MHz, 405 MHz, 32.21 W, 480.00 W, 974 MiB
2026/10/09 02:02:34.505, 0, GPU-6c849b47-7111-9265-9d42-ff8eddc05a2d, 100 %, 0 %, 70, 2700 MHz, 10251 MHz, 478.42 W, 480.00 W, 974 MiB
2026/10/09 02:02:34.505, 1, GPU-81ac6e96-0bfe-390d-beb1-241466569d6b, 0 %, 0 %, 42, 210 MHz, 405 MHz, 32.31 W, 480.00 W, 974 MiB
2026/10/09 02:02:35.506, 0, GPU-6c849b47-7111-9265-9d42-ff8eddc05a2d, 100 %, 0 %, 71, 2685 MHz, 10251 MHz, 475.37 W, 480.00 W, 974 MiB
2026/10/09 02:02:35.506, 1, GPU-81ac6e96-0bfe-390d-beb1-241466569d6b, 0 %, 0 %, 42, 210 MHz, 405 MHz, 32.32 W, 480.00 W, 974 MiB
2026/10/09 02:02:36.507, 0, GPU-6c849b47-7111-9265-9d42-ff8eddc05a2d, 100 %, 0 %, 72, 2670 MHz, 10251 MHz, 421.17 W, 480.00 W, 974 MiB
2026/10/09 02:02:36.507, 1, GPU-81ac6e96-0bfe-390d-beb1-241466569d6b, 0 %, 0 %, 42, 210 MHz, 405 MHz, 32.33 W, 480.00 W, 974 MiB
2026/10/09 02:02:37.508, 0, GPU-6c849b47-7111-9265-9d42-ff8eddc05a2d, 100 %, 0 %, 72, 2640 MHz, 10251 MHz, 482.14 W, 480.00 W, 974 MiB
2026/10/09 02:02:37.508, 1, GPU-81ac6e96-0bfe-390d-beb1-241466569d6b, 0 %, 0 %, 42, 210 MHz, 405 MHz, 32.26 W, 480.00 W, 974 MiB
2026/10/09 02:02:38.509, 0, GPU-6c849b47-7111-9265-9d42-ff8eddc05a2d, 100 %, 0 %, 72, 2760 MHz, 10251 MHz, 476.62 W, 480.00 W, 974 MiB
2026/10/09 02:02:38.509, 1, GPU-81ac6e96-0bfe-390d-beb1-241466569d6b, 0 %, 0 %, 42, 210 MHz, 405 MHz, 32.25 W, 480.00 W, 974 MiB
2026/10/09 02:02:39.510, 0, GPU-6c849b47-7111-9265-9d42-ff8eddc05a2d, 100 %, 0 %, 73, 2700 MHz, 10251 MHz, 466.32 W, 480.00 W, 974 MiB
2026/10/09 02:02:39.510, 1, GPU-81ac6e96-0bfe-390d-beb1-241466569d6b, 0 %, 0 %, 42, 210 MHz, 405 MHz, 32.33 W, 480.00 W, 974 MiB
2026/10/09 02:02:40.511, 0, GPU-6c849b47-7111-9265-9d42-ff8eddc05a2d, 100 %, 0 %, 73, 2670 MHz, 10251 MHz, 480.63 W, 480.00 W, 974 MiB
2026/10/09 02:02:40.511, 1, GPU-81ac6e96-0bfe-390d-beb1-241466569d6b, 0 %, 0 %, 42, 210 MHz, 405 MHz, 32.49 W, 480.00 W, 974 MiB
2026/10/09 02:02:41.512, 0, GPU-6c849b47-7111-9265-9d42-ff8eddc05a2d, 100 %, 0 %, 65, 2760 MHz, 10251 MHz, 443.04 W, 480.00 W, 974 MiB
2026/10/09 02:02:41.512, 1, GPU-81ac6e96-0bfe-390d-beb1-241466569d6b, 0 %, 0 %, 42, 210 MHz, 405 MHz, 32.62 W, 480.00 W, 974 MiB
2026/10/09 02:02:42.513, 0, GPU-6c849b47-7111-9265-9d42-ff8eddc05a2d, 100 %, 0 %, 72, 2655 MHz, 10251 MHz, 467.19 W, 480.00 W, 974 MiB
2026/10/09 02:02:42.513, 1, GPU-81ac6e96-0bfe-390d-beb1-241466569d6b, 0 %, 0 %, 42, 210 MHz, 405 MHz, 32.60 W, 480.00 W, 974 MiB
2026/10/09 02:02:43.513, 0, GPU-6c849b47-7111-9265-9d42-ff8eddc05a2d, 100 %, 0 %, 72, 2655 MHz, 10251 MHz, 477.37 W, 480.00 W, 974 MiB
2026/10/09 02:02:43.514, 1, GPU-81ac6e96-0bfe-390d-beb1-241466569d6b, 0 %, 0 %, 42, 210 MHz, 405 MHz, 32.48 W, 480.00 W, 974 MiB
2026/10/09 02:02:44.514, 0, GPU-6c849b47-7111-9265-9d42-ff8eddc05a2d, 100 %, 0 %, 70, 2715 MHz, 10251 MHz, 430.57 W, 480.00 W, 974 MiB
2026/10/09 02:02:44.515, 1, GPU-81ac6e96-0bfe-390d-beb1-241466569d6b, 0 %, 0 %, 42, 210 MHz, 405 MHz, 32.24 W, 480.00 W, 974 MiB
2026/10/09 02:02:45.515, 0, GPU-6c849b47-7111-9265-9d42-ff8eddc05a2d, 100 %, 0 %, 71, 2670 MHz, 10251 MHz, 492.19 W, 480.00 W, 974 MiB
2026/10/09 02:02:45.516, 1, GPU-81ac6e96-0bfe-390d-beb1-241466569d6b, 0 %, 0 %, 42, 210 MHz, 405 MHz, 32.18 W, 480.00 W, 974 MiB
2026/10/09 02:02:46.516, 0, GPU-6c849b47-7111-9265-9d42-ff8eddc05a2d, 100 %, 0 %, 71, 2655 MHz, 10251 MHz, 477.07 W, 480.00 W, 974 MiB
2026/10/09 02:02:46.517, 1, GPU-81ac6e96-0bfe-390d-beb1-241466569d6b, 0 %, 0 %, 42, 210 MHz, 405 MHz, 32.39 W, 480.00 W, 974 MiB
2026/10/09 02:02:47.517, 0, GPU-6c849b47-7111-9265-9d42-ff8eddc05a2d, 100 %, 0 %, 72, 2730 MHz, 10251 MHz, 437.87 W, 480.00 W, 974 MiB
2026/10/09 02:02:47.518, 1, GPU-81ac6e96-0bfe-390d-beb1-241466569d6b, 0 %, 0 %, 41, 210 MHz, 405 MHz, 32.41 W, 480.00 W, 974 MiB
2026/10/09 02:02:48.518, 0, GPU-6c849b47-7111-9265-9d42-ff8eddc05a2d, 100 %, 0 %, 72, 2715 MHz, 10251 MHz, 481.35 W, 480.00 W, 974 MiB
2026/10/09 02:02:48.519, 1, GPU-81ac6e96-0bfe-390d-beb1-241466569d6b, 0 %, 0 %, 41, 210 MHz, 405 MHz, 32.22 W, 480.00 W, 974 MiB
2026/10/09 02:02:49.519, 0, GPU-6c849b47-7111-9265-9d42-ff8eddc05a2d, 100 %, 0 %, 71, 2760 MHz, 10251 MHz, 477.07 W, 480.00 W, 974 MiB
2026/10/09 02:02:49.520, 1, GPU-81ac6e96-0bfe-390d-beb1-241466569d6b, 0 %, 0 %, 41, 210 MHz, 405 MHz, 32.11 W, 480.00 W, 974 MiB
2026/10/09 02:02:50.520, 0, GPU-6c849b47-7111-9265-9d42-ff8eddc05a2d, 100 %, 0 %, 72, 2730 MHz, 10251 MHz, 442.57 W, 480.00 W, 974 MiB
2026/10/09 02:02:50.521, 1, GPU-81ac6e96-0bfe-390d-beb1-241466569d6b, 0 %, 0 %, 41, 210 MHz, 405 MHz, 32.01 W, 480.00 W, 974 MiB
2026/10/09 02:02:51.521, 0, GPU-6c849b47-7111-9265-9d42-ff8eddc05a2d, 100 %, 0 %, 73, 2730 MHz, 10251 MHz, 479.90 W, 480.00 W, 974 MiB
2026/10/09 02:02:51.522, 1, GPU-81ac6e96-0bfe-390d-beb1-241466569d6b, 0 %, 0 %, 41, 210 MHz, 405 MHz, 32.17 W, 480.00 W, 974 MiB
2026/10/09 02:02:52.522, 0, GPU-6c849b47-7111-9265-9d42-ff8eddc05a2d, 99 %, 0 %, 63, 2760 MHz, 10251 MHz, 425.45 W, 480.00 W, 974 MiB
2026/10/09 02:02:52.523, 1, GPU-81ac6e96-0bfe-390d-beb1-241466569d6b, 0 %, 0 %, 41, 210 MHz, 405 MHz, 32.48 W, 480.00 W, 974 MiB
2026/10/09 02:02:53.523, 0, GPU-6c849b47-7111-9265-9d42-ff8eddc05a2d, 0 %, 0 %, 50, 2775 MHz, 10251 MHz, 108.86 W, 480.00 W, 974 MiB
2026/10/09 02:02:53.524, 1, GPU-81ac6e96-0bfe-390d-beb1-241466569d6b, 0 %, 0 %, 41, 210 MHz, 405 MHz, 32.36 W, 480.00 W, 974 MiB
2026/10/09 02:02:54.524, 0, GPU-6c849b47-7111-9265-9d42-ff8eddc05a2d, 100 %, 0 %, 63, 2775 MHz, 10251 MHz, 212.02 W, 480.00 W, 974 MiB
2026/10/09 02:02:54.544, 1, GPU-81ac6e96-0bfe-390d-beb1-241466569d6b, 0 %, 0 %, 41, 210 MHz, 405 MHz, 32.25 W, 480.00 W, 974 MiB
2026/10/09 02:02:55.544, 0, GPU-6c849b47-7111-9265-9d42-ff8eddc05a2d, 100 %, 0 %, 70, 2700 MHz, 10251 MHz, 476.52 W, 480.00 W, 974 MiB
2026/10/09 02:02:55.544, 1, GPU-81ac6e96-0bfe-390d-beb1-241466569d6b, 0 %, 0 %, 41, 210 MHz, 405 MHz, 32.33 W, 480.00 W, 974 MiB
2026/10/09 02:02:56.545, 0, GPU-6c849b47-7111-9265-9d42-ff8eddc05a2d, 100 %, 0 %, 71, 2685 MHz, 10251 MHz, 474.22 W, 480.00 W, 974 MiB
2026/10/09 02:02:56.545, 1, GPU-81ac6e96-0bfe-390d-beb1-241466569d6b, 0 %, 0 %, 41, 210 MHz, 405 MHz, 32.32 W, 480.00 W, 974 MiB
2026/10/09 02:02:57.546, 0, GPU-6c849b47-7111-9265-9d42-ff8eddc05a2d, 100 %, 0 %, 73, 2670 MHz, 10251 MHz, 420.97 W, 480.00 W, 974 MiB
2026/10/09 02:02:57.546, 1, GPU-81ac6e96-0bfe-390d-beb1-241466569d6b, 0 %, 0 %, 41, 210 MHz, 405 MHz, 32.30 W, 480.00 W, 974 MiB
2026/10/09 02:02:58.547, 0, GPU-6c849b47-7111-9265-9d42-ff8eddc05a2d, 100 %, 0 %, 72, 2655 MHz, 10251 MHz, 482.12 W, 480.00 W, 974 MiB
2026/10/09 02:02:58.547, 1, GPU-81ac6e96-0bfe-390d-beb1-241466569d6b, 0 %, 0 %, 41, 210 MHz, 405 MHz, 32.27 W, 480.00 W, 974 MiB
2026/10/09 02:02:59.548, 0, GPU-6c849b47-7111-9265-9d42-ff8eddc05a2d, 100 %, 0 %, 72, 2760 MHz, 10251 MHz, 476.67 W, 480.00 W, 974 MiB
2026/10/09 02:02:59.548, 1, GPU-81ac6e96-0bfe-390d-beb1-241466569d6b, 0 %, 0 %, 41, 210 MHz, 405 MHz, 32.26 W, 480.00 W, 974 MiB
2026/10/09 02:03:00.549, 0, GPU-6c849b47-7111-9265-9d42-ff8eddc05a2d, 100 %, 0 %, 74, 2700 MHz, 10251 MHz, 462.97 W, 480.00 W, 974 MiB
2026/10/09 02:03:00.549, 1, GPU-81ac6e96-0bfe-390d-beb1-241466569d6b, 0 %, 0 %, 41, 210 MHz, 405 MHz, 32.31 W, 480.00 W, 974 MiB
2026/10/09 02:03:01.550, 0, GPU-6c849b47-7111-9265-9d42-ff8eddc05a2d, 100 %, 0 %, 73, 2670 MHz, 10251 MHz, 481.19 W, 480.00 W, 974 MiB
2026/10/09 02:03:01.550, 1, GPU-81ac6e96-0bfe-390d-beb1-241466569d6b, 0 %, 0 %, 41, 210 MHz, 405 MHz, 32.29 W, 480.00 W, 974 MiB
2026/10/09 02:03:02.551, 0, GPU-6c849b47-7111-9265-9d42-ff8eddc05a2d, 100 %, 0 %, 66, 2760 MHz, 10251 MHz, 444.70 W, 480.00 W, 974 MiB
2026/10/09 02:03:02.551, 1, GPU-81ac6e96-0bfe-390d-beb1-241466569d6b, 0 %, 0 %, 41, 210 MHz, 405 MHz, 32.23 W, 480.00 W, 974 MiB
2026/10/09 02:03:03.552, 0, GPU-6c849b47-7111-9265-9d42-ff8eddc05a2d, 100 %, 0 %, 72, 2655 MHz, 10251 MHz, 464.07 W, 480.00 W, 974 MiB
2026/10/09 02:03:03.552, 1, GPU-81ac6e96-0bfe-390d-beb1-241466569d6b, 0 %, 0 %, 40, 210 MHz, 405 MHz, 32.15 W, 480.00 W, 974 MiB
2026/10/09 02:03:04.552, 0, GPU-6c849b47-7111-9265-9d42-ff8eddc05a2d, 100 %, 0 %, 72, 2655 MHz, 10251 MHz, 477.54 W, 480.00 W, 974 MiB
2026/10/09 02:03:04.553, 1, GPU-81ac6e96-0bfe-390d-beb1-241466569d6b, 0 %, 0 %, 40, 210 MHz, 405 MHz, 32.06 W, 480.00 W, 974 MiB
2026/10/09 02:03:05.553, 0, GPU-6c849b47-7111-9265-9d42-ff8eddc05a2d, 100 %, 0 %, 70, 2745 MHz, 10251 MHz, 431.76 W, 480.00 W, 974 MiB
2026/10/09 02:03:05.554, 1, GPU-81ac6e96-0bfe-390d-beb1-241466569d6b, 0 %, 0 %, 40, 210 MHz, 405 MHz, 32.07 W, 480.00 W, 974 MiB
2026/10/09 02:03:06.554, 0, GPU-6c849b47-7111-9265-9d42-ff8eddc05a2d, 100 %, 0 %, 72, 2670 MHz, 10251 MHz, 493.99 W, 480.00 W, 974 MiB
2026/10/09 02:03:06.555, 1, GPU-81ac6e96-0bfe-390d-beb1-241466569d6b, 0 %, 0 %, 40, 210 MHz, 405 MHz, 32.14 W, 480.00 W, 974 MiB
2026/10/09 02:03:07.555, 0, GPU-6c849b47-7111-9265-9d42-ff8eddc05a2d, 100 %, 0 %, 72, 2655 MHz, 10251 MHz, 477.04 W, 480.00 W, 974 MiB
2026/10/09 02:03:07.556, 1, GPU-81ac6e96-0bfe-390d-beb1-241466569d6b, 0 %, 0 %, 40, 210 MHz, 405 MHz, 32.24 W, 480.00 W, 974 MiB
2026/10/09 02:03:08.556, 0, GPU-6c849b47-7111-9265-9d42-ff8eddc05a2d, 100 %, 0 %, 72, 2730 MHz, 10251 MHz, 436.03 W, 480.00 W, 974 MiB
2026/10/09 02:03:08.557, 1, GPU-81ac6e96-0bfe-390d-beb1-241466569d6b, 0 %, 0 %, 40, 210 MHz, 405 MHz, 32.35 W, 480.00 W, 974 MiB
2026/10/09 02:03:09.557, 0, GPU-6c849b47-7111-9265-9d42-ff8eddc05a2d, 100 %, 0 %, 72, 2730 MHz, 10251 MHz, 482.18 W, 480.00 W, 974 MiB
2026/10/09 02:03:09.558, 1, GPU-81ac6e96-0bfe-390d-beb1-241466569d6b, 0 %, 0 %, 40, 210 MHz, 405 MHz, 32.47 W, 480.00 W, 974 MiB
2026/10/09 02:03:10.558, 0, GPU-6c849b47-7111-9265-9d42-ff8eddc05a2d, 100 %, 0 %, 72, 2760 MHz, 10251 MHz, 478.14 W, 480.00 W, 974 MiB
2026/10/09 02:03:10.559, 1, GPU-81ac6e96-0bfe-390d-beb1-241466569d6b, 0 %, 0 %, 40, 210 MHz, 405 MHz, 32.53 W, 480.00 W, 974 MiB
2026/10/09 02:03:11.559, 0, GPU-6c849b47-7111-9265-9d42-ff8eddc05a2d, 100 %, 0 %, 73, 2730 MHz, 10251 MHz, 438.66 W, 480.00 W, 974 MiB
2026/10/09 02:03:11.559, 1, GPU-81ac6e96-0bfe-390d-beb1-241466569d6b, 0 %, 0 %, 40, 210 MHz, 405 MHz, 32.49 W, 480.00 W, 974 MiB
2026/10/09 02:03:12.560, 0, GPU-6c849b47-7111-9265-9d42-ff8eddc05a2d, 100 %, 0 %, 73, 2730 MHz, 10251 MHz, 481.09 W, 480.00 W, 974 MiB
2026/10/09 02:03:12.560, 1, GPU-81ac6e96-0bfe-390d-beb1-241466569d6b, 0 %, 0 %, 40, 210 MHz, 405 MHz, 32.39 W, 480.00 W, 974 MiB
2026/10/09 02:03:13.561, 0, GPU-6c849b47-7111-9265-9d42-ff8eddc05a2d, 100 %, 0 %, 64, 2760 MHz, 10251 MHz, 432.10 W, 480.00 W, 974 MiB
2026/10/09 02:03:13.575, 1, GPU-81ac6e96-0bfe-390d-beb1-241466569d6b, 0 %, 0 %, 40, 210 MHz, 405 MHz, 32.35 W, 480.00 W, 974 MiB
2026/10/09 02:03:14.576, 0, GPU-6c849b47-7111-9265-9d42-ff8eddc05a2d, 0 %, 0 %, 50, 2775 MHz, 10251 MHz, 113.15 W, 480.00 W, 974 MiB
2026/10/09 02:03:14.576, 1, GPU-81ac6e96-0bfe-390d-beb1-241466569d6b, 0 %, 0 %, 40, 210 MHz, 405 MHz, 32.30 W, 480.00 W, 974 MiB
2026/10/09 02:03:15.577, 0, GPU-6c849b47-7111-9265-9d42-ff8eddc05a2d, 0 %, 0 %, 49, 2775 MHz, 10251 MHz, 98.57 W, 480.00 W, 974 MiB
2026/10/09 02:03:15.577, 1, GPU-81ac6e96-0bfe-390d-beb1-241466569d6b, 0 %, 0 %, 40, 210 MHz, 405 MHz, 32.07 W, 480.00 W, 974 MiB
2026/10/09 02:03:16.578, 0, GPU-6c849b47-7111-9265-9d42-ff8eddc05a2d, 0 %, 0 %, 48, 2625 MHz, 10251 MHz, 90.06 W, 480.00 W, 974 MiB
2026/10/09 02:03:16.578, 1, GPU-81ac6e96-0bfe-390d-beb1-241466569d6b, 0 %, 0 %, 40, 210 MHz, 405 MHz, 32.10 W, 480.00 W, 974 MiB
2026/10/09 02:03:17.578, 0, GPU-6c849b47-7111-9265-9d42-ff8eddc05a2d, 0 %, 0 %, 47, 2625 MHz, 10251 MHz, 86.77 W, 480.00 W, 974 MiB
2026/10/09 02:03:17.579, 1, GPU-81ac6e96-0bfe-390d-beb1-241466569d6b, 0 %, 0 %, 40, 210 MHz, 405 MHz, 32.32 W, 480.00 W, 974 MiB
2026/10/09 02:03:18.579, 0, GPU-6c849b47-7111-9265-9d42-ff8eddc05a2d, 0 %, 0 %, 47, 2625 MHz, 10251 MHz, 83.26 W, 480.00 W, 974 MiB
2026/10/09 02:03:18.580, 1, GPU-81ac6e96-0bfe-390d-beb1-241466569d6b, 0 %, 0 %, 40, 210 MHz, 405 MHz, 32.42 W, 480.00 W, 974 MiB
2026/10/09 02:03:19.580, 0, GPU-6c849b47-7111-9265-9d42-ff8eddc05a2d, 100 %, 0 %, 48, 2790 MHz, 10251 MHz, 98.69 W, 480.00 W, 974 MiB
2026/10/09 02:03:19.581, 1, GPU-81ac6e96-0bfe-390d-beb1-241466569d6b, 0 %, 0 %, 40, 210 MHz, 405 MHz, 32.54 W, 480.00 W, 974 MiB
2026/10/09 02:03:20.581, 0, GPU-6c849b47-7111-9265-9d42-ff8eddc05a2d, 100 %, 0 %, 48, 2790 MHz, 10251 MHz, 112.39 W, 480.00 W, 974 MiB
2026/10/09 02:03:20.581, 1, GPU-81ac6e96-0bfe-390d-beb1-241466569d6b, 0 %, 0 %, 40, 210 MHz, 405 MHz, 32.55 W, 480.00 W, 974 MiB
2026/10/09 02:03:21.582, 0, GPU-6c849b47-7111-9265-9d42-ff8eddc05a2d, 100 %, 0 %, 48, 2790 MHz, 10251 MHz, 112.13 W, 480.00 W, 974 MiB
2026/10/09 02:03:21.582, 1, GPU-81ac6e96-0bfe-390d-beb1-241466569d6b, 0 %, 0 %, 39, 210 MHz, 405 MHz, 32.56 W, 480.00 W, 974 MiB
2026/10/09 02:03:22.583, 0, GPU-6c849b47-7111-9265-9d42-ff8eddc05a2d, 100 %, 0 %, 64, 2760 MHz, 10251 MHz, 264.14 W, 480.00 W, 974 MiB
2026/10/09 02:03:22.583, 1, GPU-81ac6e96-0bfe-390d-beb1-241466569d6b, 0 %, 0 %, 39, 210 MHz, 405 MHz, 32.58 W, 480.00 W, 974 MiB
2026/10/09 02:03:23.584, 0, GPU-6c849b47-7111-9265-9d42-ff8eddc05a2d, 100 %, 0 %, 68, 2760 MHz, 10251 MHz, 483.02 W, 480.00 W, 974 MiB
2026/10/09 02:03:23.584, 1, GPU-81ac6e96-0bfe-390d-beb1-241466569d6b, 0 %, 0 %, 39, 210 MHz, 405 MHz, 32.39 W, 480.00 W, 974 MiB
2026/10/09 02:03:24.585, 0, GPU-6c849b47-7111-9265-9d42-ff8eddc05a2d, 100 %, 0 %, 67, 2760 MHz, 10251 MHz, 463.63 W, 480.00 W, 974 MiB
2026/10/09 02:03:24.585, 1, GPU-81ac6e96-0bfe-390d-beb1-241466569d6b, 0 %, 0 %, 39, 210 MHz, 405 MHz, 32.25 W, 480.00 W, 974 MiB
2026/10/09 02:03:25.586, 0, GPU-6c849b47-7111-9265-9d42-ff8eddc05a2d, 100 %, 0 %, 72, 2595 MHz, 10251 MHz, 440.01 W, 480.00 W, 974 MiB
2026/10/09 02:03:25.586, 1, GPU-81ac6e96-0bfe-390d-beb1-241466569d6b, 0 %, 0 %, 39, 210 MHz, 405 MHz, 32.13 W, 480.00 W, 974 MiB
2026/10/09 02:03:26.586, 0, GPU-6c849b47-7111-9265-9d42-ff8eddc05a2d, 100 %, 0 %, 73, 2610 MHz, 10251 MHz, 480.26 W, 480.00 W, 974 MiB
2026/10/09 02:03:26.587, 1, GPU-81ac6e96-0bfe-390d-beb1-241466569d6b, 0 %, 0 %, 39, 210 MHz, 405 MHz, 32.17 W, 480.00 W, 974 MiB
2026/10/09 02:03:27.587, 0, GPU-6c849b47-7111-9265-9d42-ff8eddc05a2d, 100 %, 0 %, 65, 2760 MHz, 10251 MHz, 446.75 W, 480.00 W, 974 MiB
2026/10/09 02:03:27.587, 1, GPU-81ac6e96-0bfe-390d-beb1-241466569d6b, 0 %, 0 %, 39, 210 MHz, 405 MHz, 32.38 W, 480.00 W, 974 MiB
2026/10/09 02:03:28.588, 0, GPU-6c849b47-7111-9265-9d42-ff8eddc05a2d, 100 %, 0 %, 72, 2655 MHz, 10251 MHz, 471.27 W, 480.00 W, 974 MiB
2026/10/09 02:03:28.588, 1, GPU-81ac6e96-0bfe-390d-beb1-241466569d6b, 0 %, 0 %, 39, 210 MHz, 405 MHz, 32.38 W, 480.00 W, 974 MiB
2026/10/09 02:03:29.589, 0, GPU-6c849b47-7111-9265-9d42-ff8eddc05a2d, 100 %, 0 %, 72, 2640 MHz, 10251 MHz, 477.32 W, 480.00 W, 974 MiB
2026/10/09 02:03:29.589, 1, GPU-81ac6e96-0bfe-390d-beb1-241466569d6b, 0 %, 0 %, 39, 210 MHz, 405 MHz, 32.26 W, 480.00 W, 974 MiB
2026/10/09 02:03:30.590, 0, GPU-6c849b47-7111-9265-9d42-ff8eddc05a2d, 100 %, 0 %, 69, 2730 MHz, 10251 MHz, 432.00 W, 480.00 W, 974 MiB
2026/10/09 02:03:30.590, 1, GPU-81ac6e96-0bfe-390d-beb1-241466569d6b, 0 %, 0 %, 39, 210 MHz, 405 MHz, 32.23 W, 480.00 W, 974 MiB
2026/10/09 02:03:31.591, 0, GPU-6c849b47-7111-9265-9d42-ff8eddc05a2d, 100 %, 0 %, 71, 2655 MHz, 10251 MHz, 489.00 W, 480.00 W, 974 MiB
2026/10/09 02:03:31.591, 1, GPU-81ac6e96-0bfe-390d-beb1-241466569d6b, 0 %, 0 %, 39, 210 MHz, 405 MHz, 32.18 W, 480.00 W, 974 MiB
2026/10/09 02:03:32.591, 0, GPU-6c849b47-7111-9265-9d42-ff8eddc05a2d, 100 %, 0 %, 72, 2655 MHz, 10251 MHz, 477.82 W, 480.00 W, 974 MiB
2026/10/09 02:03:32.592, 1, GPU-81ac6e96-0bfe-390d-beb1-241466569d6b, 0 %, 0 %, 39, 210 MHz, 405 MHz, 32.14 W, 480.00 W, 974 MiB
2026/10/09 02:03:33.592, 0, GPU-6c849b47-7111-9265-9d42-ff8eddc05a2d, 100 %, 0 %, 72, 2730 MHz, 10251 MHz, 436.20 W, 480.00 W, 974 MiB
2026/10/09 02:03:33.593, 1, GPU-81ac6e96-0bfe-390d-beb1-241466569d6b, 0 %, 0 %, 39, 210 MHz, 405 MHz, 32.06 W, 480.00 W, 974 MiB
2026/10/09 02:03:34.593, 0, GPU-6c849b47-7111-9265-9d42-ff8eddc05a2d, 100 %, 0 %, 71, 2685 MHz, 10251 MHz, 484.58 W, 480.00 W, 974 MiB
2026/10/09 02:03:34.593, 1, GPU-81ac6e96-0bfe-390d-beb1-241466569d6b, 0 %, 0 %, 39, 210 MHz, 405 MHz, 32.05 W, 480.00 W, 974 MiB
2026/10/09 02:03:35.594, 0, GPU-6c849b47-7111-9265-9d42-ff8eddc05a2d, 100 %, 0 %, 71, 2715 MHz, 10251 MHz, 477.76 W, 480.00 W, 974 MiB
2026/10/09 02:03:35.594, 1, GPU-81ac6e96-0bfe-390d-beb1-241466569d6b, 0 %, 0 %, 39, 210 MHz, 405 MHz, 32.16 W, 480.00 W, 974 MiB
2026/10/09 02:03:36.595, 0, GPU-6c849b47-7111-9265-9d42-ff8eddc05a2d, 100 %, 0 %, 73, 2730 MHz, 10251 MHz, 442.23 W, 480.00 W, 974 MiB
2026/10/09 02:03:36.595, 1, GPU-81ac6e96-0bfe-390d-beb1-241466569d6b, 0 %, 0 %, 39, 210 MHz, 405 MHz, 32.11 W, 480.00 W, 974 MiB
2026/10/09 02:03:37.596, 0, GPU-6c849b47-7111-9265-9d42-ff8eddc05a2d, 100 %, 0 %, 72, 2715 MHz, 10251 MHz, 480.66 W, 480.00 W, 974 MiB
2026/10/09 02:03:37.596, 1, GPU-81ac6e96-0bfe-390d-beb1-241466569d6b, 0 %, 0 %, 39, 210 MHz, 405 MHz, 31.99 W, 480.00 W, 974 MiB
2026/10/09 02:03:38.597, 0, GPU-6c849b47-7111-9265-9d42-ff8eddc05a2d, 100 %, 0 %, 67, 2760 MHz, 10251 MHz, 452.00 W, 480.00 W, 974 MiB
2026/10/09 02:03:38.597, 1, GPU-81ac6e96-0bfe-390d-beb1-241466569d6b, 0 %, 0 %, 39, 210 MHz, 405 MHz, 31.99 W, 480.00 W, 974 MiB
2026/10/09 02:03:39.597, 0, GPU-6c849b47-7111-9265-9d42-ff8eddc05a2d, 100 %, 0 %, 73, 2670 MHz, 10251 MHz, 454.96 W, 480.00 W, 974 MiB
2026/10/09 02:03:39.612, 1, GPU-81ac6e96-0bfe-390d-beb1-241466569d6b, 0 %, 0 %, 39, 210 MHz, 405 MHz, 32.19 W, 480.00 W, 974 MiB
2026/10/09 02:03:40.612, 0, GPU-6c849b47-7111-9265-9d42-ff8eddc05a2d, 100 %, 0 %, 72, 2670 MHz, 10251 MHz, 478.10 W, 480.00 W, 974 MiB
2026/10/09 02:03:40.616, 1, GPU-81ac6e96-0bfe-390d-beb1-241466569d6b, 0 %, 0 %, 39, 210 MHz, 405 MHz, 32.26 W, 480.00 W, 974 MiB
2026/10/09 02:03:41.617, 0, GPU-6c849b47-7111-9265-9d42-ff8eddc05a2d, 0 %, 0 %, 55, 2775 MHz, 10251 MHz, 350.59 W, 480.00 W, 974 MiB
2026/10/09 02:03:41.617, 1, GPU-81ac6e96-0bfe-390d-beb1-241466569d6b, 0 %, 0 %, 39, 210 MHz, 405 MHz, 32.12 W, 480.00 W, 974 MiB
2026/10/09 02:03:42.618, 0, GPU-6c849b47-7111-9265-9d42-ff8eddc05a2d, 0 %, 0 %, 49, 2775 MHz, 10251 MHz, 98.35 W, 480.00 W, 974 MiB
2026/10/09 02:03:42.618, 1, GPU-81ac6e96-0bfe-390d-beb1-241466569d6b, 0 %, 0 %, 39, 210 MHz, 405 MHz, 32.04 W, 480.00 W, 974 MiB
2026/10/09 02:03:43.619, 0, GPU-6c849b47-7111-9265-9d42-ff8eddc05a2d, 0 %, 0 %, 48, 2625 MHz, 10251 MHz, 94.80 W, 480.00 W, 974 MiB
2026/10/09 02:03:43.619, 1, GPU-81ac6e96-0bfe-390d-beb1-241466569d6b, 0 %, 0 %, 39, 210 MHz, 405 MHz, 32.00 W, 480.00 W, 974 MiB
2026/10/09 02:03:44.620, 0, GPU-6c849b47-7111-9265-9d42-ff8eddc05a2d, 100 %, 0 %, 71, 2685 MHz, 10251 MHz, 286.48 W, 480.00 W, 974 MiB
2026/10/09 02:03:44.652, 1, GPU-81ac6e96-0bfe-390d-beb1-241466569d6b, 0 %, 0 %, 38, 210 MHz, 405 MHz, 31.88 W, 480.00 W, 974 MiB
2026/10/09 02:03:45.652, 0, GPU-6c849b47-7111-9265-9d42-ff8eddc05a2d, 100 %, 0 %, 70, 2760 MHz, 10251 MHz, 474.49 W, 480.00 W, 974 MiB
2026/10/09 02:03:45.653, 1, GPU-81ac6e96-0bfe-390d-beb1-241466569d6b, 0 %, 0 %, 38, 210 MHz, 405 MHz, 31.78 W, 480.00 W, 974 MiB
2026/10/09 02:03:46.653, 0, GPU-6c849b47-7111-9265-9d42-ff8eddc05a2d, 100 %, 0 %, 72, 2670 MHz, 10251 MHz, 422.70 W, 480.00 W, 974 MiB
2026/10/09 02:03:46.654, 1, GPU-81ac6e96-0bfe-390d-beb1-241466569d6b, 0 %, 0 %, 38, 210 MHz, 405 MHz, 31.78 W, 480.00 W, 974 MiB
2026/10/09 02:03:47.654, 0, GPU-6c849b47-7111-9265-9d42-ff8eddc05a2d, 100 %, 0 %, 73, 2655 MHz, 10251 MHz, 481.48 W, 480.00 W, 974 MiB
2026/10/09 02:03:47.655, 1, GPU-81ac6e96-0bfe-390d-beb1-241466569d6b, 0 %, 0 %, 38, 210 MHz, 405 MHz, 31.83 W, 480.00 W, 974 MiB
2026/10/09 02:03:48.656, 0, GPU-6c849b47-7111-9265-9d42-ff8eddc05a2d, 100 %, 0 %, 71, 2760 MHz, 10251 MHz, 473.17 W, 480.00 W, 974 MiB
2026/10/09 02:03:48.656, 1, GPU-81ac6e96-0bfe-390d-beb1-241466569d6b, 0 %, 0 %, 38, 210 MHz, 405 MHz, 31.78 W, 480.00 W, 974 MiB
2026/10/09 02:03:49.656, 0, GPU-6c849b47-7111-9265-9d42-ff8eddc05a2d, 100 %, 0 %, 73, 2640 MHz, 10251 MHz, 462.68 W, 480.00 W, 974 MiB
2026/10/09 02:03:49.671, 1, GPU-81ac6e96-0bfe-390d-beb1-241466569d6b, 0 %, 0 %, 38, 210 MHz, 405 MHz, 31.75 W, 480.00 W, 974 MiB
2026/10/09 02:03:50.671, 0, GPU-6c849b47-7111-9265-9d42-ff8eddc05a2d, 100 %, 0 %, 73, 2655 MHz, 10251 MHz, 479.66 W, 480.00 W, 974 MiB
2026/10/09 02:03:50.672, 1, GPU-81ac6e96-0bfe-390d-beb1-241466569d6b, 0 %, 0 %, 38, 210 MHz, 405 MHz, 31.69 W, 480.00 W, 974 MiB
2026/10/09 02:03:51.672, 0, GPU-6c849b47-7111-9265-9d42-ff8eddc05a2d, 100 %, 0 %, 64, 2760 MHz, 10251 MHz, 435.06 W, 480.00 W, 974 MiB
2026/10/09 02:03:51.672, 1, GPU-81ac6e96-0bfe-390d-beb1-241466569d6b, 0 %, 0 %, 38, 210 MHz, 405 MHz, 31.80 W, 480.00 W, 974 MiB
2026/10/09 02:03:52.673, 0, GPU-6c849b47-7111-9265-9d42-ff8eddc05a2d, 100 %, 0 %, 71, 2640 MHz, 10251 MHz, 474.04 W, 480.00 W, 974 MiB
2026/10/09 02:03:52.673, 1, GPU-81ac6e96-0bfe-390d-beb1-241466569d6b, 0 %, 0 %, 38, 210 MHz, 405 MHz, 32.03 W, 480.00 W, 974 MiB
2026/10/09 02:03:53.674, 0, GPU-6c849b47-7111-9265-9d42-ff8eddc05a2d, 100 %, 0 %, 72, 2655 MHz, 10251 MHz, 477.28 W, 480.00 W, 974 MiB
2026/10/09 02:03:53.674, 1, GPU-81ac6e96-0bfe-390d-beb1-241466569d6b, 0 %, 0 %, 38, 210 MHz, 405 MHz, 31.86 W, 480.00 W, 974 MiB
2026/10/09 02:03:54.675, 0, GPU-6c849b47-7111-9265-9d42-ff8eddc05a2d, 100 %, 0 %, 70, 2715 MHz, 10251 MHz, 431.10 W, 480.00 W, 974 MiB
2026/10/09 02:03:54.675, 1, GPU-81ac6e96-0bfe-390d-beb1-241466569d6b, 0 %, 0 %, 38, 210 MHz, 405 MHz, 31.80 W, 480.00 W, 974 MiB
2026/10/09 02:03:55.689, 0, GPU-6c849b47-7111-9265-9d42-ff8eddc05a2d, 100 %, 0 %, 71, 2670 MHz, 10251 MHz, 490.17 W, 480.00 W, 974 MiB
2026/10/09 02:03:55.690, 1, GPU-81ac6e96-0bfe-390d-beb1-241466569d6b, 0 %, 0 %, 38, 210 MHz, 405 MHz, 31.89 W, 480.00 W, 974 MiB
2026/10/09 02:03:56.690, 0, GPU-6c849b47-7111-9265-9d42-ff8eddc05a2d, 100 %, 0 %, 71, 2655 MHz, 10251 MHz, 476.57 W, 480.00 W, 974 MiB
2026/10/09 02:03:56.691, 1, GPU-81ac6e96-0bfe-390d-beb1-241466569d6b, 0 %, 0 %, 38, 210 MHz, 405 MHz, 31.74 W, 480.00 W, 974 MiB
2026/10/09 02:03:57.691, 0, GPU-6c849b47-7111-9265-9d42-ff8eddc05a2d, 100 %, 0 %, 72, 2730 MHz, 10251 MHz, 432.92 W, 480.00 W, 974 MiB
2026/10/09 02:03:57.692, 1, GPU-81ac6e96-0bfe-390d-beb1-241466569d6b, 0 %, 0 %, 38, 210 MHz, 405 MHz, 31.95 W, 480.00 W, 974 MiB
2026/10/09 02:03:58.692, 0, GPU-6c849b47-7111-9265-9d42-ff8eddc05a2d, 100 %, 0 %, 71, 2730 MHz, 10251 MHz, 480.85 W, 480.00 W, 974 MiB
2026/10/09 02:03:58.692, 1, GPU-81ac6e96-0bfe-390d-beb1-241466569d6b, 0 %, 0 %, 38, 210 MHz, 405 MHz, 32.21 W, 480.00 W, 974 MiB
2026/10/09 02:03:59.693, 0, GPU-6c849b47-7111-9265-9d42-ff8eddc05a2d, 100 %, 0 %, 71, 2760 MHz, 10251 MHz, 475.14 W, 480.00 W, 974 MiB
2026/10/09 02:03:59.693, 1, GPU-81ac6e96-0bfe-390d-beb1-241466569d6b, 0 %, 0 %, 38, 210 MHz, 405 MHz, 32.21 W, 480.00 W, 974 MiB
2026/10/09 02:04:00.707, 0, GPU-6c849b47-7111-9265-9d42-ff8eddc05a2d, 100 %, 0 %, 72, 2745 MHz, 10251 MHz, 442.32 W, 480.00 W, 974 MiB
2026/10/09 02:04:00.708, 1, GPU-81ac6e96-0bfe-390d-beb1-241466569d6b, 0 %, 0 %, 38, 210 MHz, 405 MHz, 32.38 W, 480.00 W, 974 MiB
2026/10/09 02:04:01.708, 0, GPU-6c849b47-7111-9265-9d42-ff8eddc05a2d, 100 %, 0 %, 73, 2700 MHz, 10251 MHz, 480.85 W, 480.00 W, 974 MiB
2026/10/09 02:04:01.709, 1, GPU-81ac6e96-0bfe-390d-beb1-241466569d6b, 0 %, 0 %, 38, 210 MHz, 405 MHz, 32.39 W, 480.00 W, 974 MiB
2026/10/09 02:04:02.709, 0, GPU-6c849b47-7111-9265-9d42-ff8eddc05a2d, 70 %, 0 %, 61, 2760 MHz, 10251 MHz, 414.00 W, 480.00 W, 974 MiB
2026/10/09 02:04:02.710, 1, GPU-81ac6e96-0bfe-390d-beb1-241466569d6b, 0 %, 0 %, 38, 210 MHz, 405 MHz, 32.35 W, 480.00 W, 974 MiB
2026/10/09 02:04:03.710, 0, GPU-6c849b47-7111-9265-9d42-ff8eddc05a2d, 0 %, 0 %, 50, 2775 MHz, 10251 MHz, 104.18 W, 480.00 W, 974 MiB
2026/10/09 02:04:03.711, 1, GPU-81ac6e96-0bfe-390d-beb1-241466569d6b, 0 %, 0 %, 38, 210 MHz, 405 MHz, 31.83 W, 480.00 W, 974 MiB
2026/10/09 02:04:04.713, 0, GPU-6c849b47-7111-9265-9d42-ff8eddc05a2d, 0 %, 0 %, 49, 2775 MHz, 10251 MHz, 97.66 W, 480.00 W, 974 MiB
2026/10/09 02:04:04.713, 1, GPU-81ac6e96-0bfe-390d-beb1-241466569d6b, 0 %, 0 %, 38, 210 MHz, 405 MHz, 29.64 W, 480.00 W, 974 MiB
2026/10/09 02:04:05.714, 0, GPU-6c849b47-7111-9265-9d42-ff8eddc05a2d, 100 %, 0 %, 68, 2730 MHz, 10251 MHz, 244.83 W, 480.00 W, 974 MiB
2026/10/09 02:04:05.714, 1, GPU-81ac6e96-0bfe-390d-beb1-241466569d6b, 0 %, 0 %, 39, 210 MHz, 405 MHz, 27.54 W, 480.00 W, 974 MiB
2026/10/09 02:04:06.715, 0, GPU-6c849b47-7111-9265-9d42-ff8eddc05a2d, 100 %, 0 %, 70, 2760 MHz, 10251 MHz, 479.64 W, 480.00 W, 974 MiB
2026/10/09 02:04:06.715, 1, GPU-81ac6e96-0bfe-390d-beb1-241466569d6b, 0 %, 0 %, 39, 210 MHz, 405 MHz, 27.14 W, 480.00 W, 974 MiB
2026/10/09 02:04:07.716, 0, GPU-6c849b47-7111-9265-9d42-ff8eddc05a2d, 100 %, 0 %, 60, 2775 MHz, 10251 MHz, 427.67 W, 480.00 W, 974 MiB
2026/10/09 02:04:07.716, 1, GPU-81ac6e96-0bfe-390d-beb1-241466569d6b, 0 %, 0 %, 39, 210 MHz, 405 MHz, 27.42 W, 480.00 W, 974 MiB
2026/10/09 02:04:08.717, 0, GPU-6c849b47-7111-9265-9d42-ff8eddc05a2d, 100 %, 0 %, 72, 2595 MHz, 10251 MHz, 449.10 W, 480.00 W, 974 MiB
2026/10/09 02:04:08.717, 1, GPU-81ac6e96-0bfe-390d-beb1-241466569d6b, 0 %, 0 %, 39, 210 MHz, 405 MHz, 27.64 W, 480.00 W, 974 MiB
2026/10/09 02:04:09.718, 0, GPU-6c849b47-7111-9265-9d42-ff8eddc05a2d, 100 %, 0 %, 72, 2595 MHz, 10251 MHz, 477.93 W, 480.00 W, 974 MiB
2026/10/09 02:04:09.718, 1, GPU-81ac6e96-0bfe-390d-beb1-241466569d6b, 0 %, 0 %, 39, 210 MHz, 405 MHz, 27.71 W, 480.00 W, 974 MiB
2026/10/09 02:04:10.719, 0, GPU-6c849b47-7111-9265-9d42-ff8eddc05a2d, 100 %, 0 %, 61, 2700 MHz, 10251 MHz, 439.14 W, 480.00 W, 974 MiB
2026/10/09 02:04:10.719, 1, GPU-81ac6e96-0bfe-390d-beb1-241466569d6b, 0 %, 0 %, 39, 210 MHz, 405 MHz, 27.61 W, 480.00 W, 974 MiB
2026/10/09 02:04:11.719, 0, GPU-6c849b47-7111-9265-9d42-ff8eddc05a2d, 100 %, 0 %, 72, 2625 MHz, 10251 MHz, 484.39 W, 480.00 W, 974 MiB
2026/10/09 02:04:11.720, 1, GPU-81ac6e96-0bfe-390d-beb1-241466569d6b, 0 %, 0 %, 39, 210 MHz, 405 MHz, 27.47 W, 480.00 W, 974 MiB
2026/10/09 02:04:12.720, 0, GPU-6c849b47-7111-9265-9d42-ff8eddc05a2d, 100 %, 0 %, 72, 2640 MHz, 10251 MHz, 478.03 W, 480.00 W, 974 MiB
2026/10/09 02:04:12.721, 1, GPU-81ac6e96-0bfe-390d-beb1-241466569d6b, 0 %, 0 %, 39, 210 MHz, 405 MHz, 27.40 W, 480.00 W, 974 MiB
2026/10/09 02:04:13.721, 0, GPU-6c849b47-7111-9265-9d42-ff8eddc05a2d, 100 %, 0 %, 72, 2715 MHz, 10251 MHz, 435.73 W, 480.00 W, 974 MiB
2026/10/09 02:04:13.721, 1, GPU-81ac6e96-0bfe-390d-beb1-241466569d6b, 0 %, 0 %, 39, 210 MHz, 405 MHz, 27.09 W, 480.00 W, 974 MiB
2026/10/09 02:04:14.722, 0, GPU-6c849b47-7111-9265-9d42-ff8eddc05a2d, 100 %, 0 %, 71, 2655 MHz, 10251 MHz, 487.99 W, 480.00 W, 974 MiB
2026/10/09 02:04:14.723, 1, GPU-81ac6e96-0bfe-390d-beb1-241466569d6b, 0 %, 0 %, 39, 210 MHz, 405 MHz, 26.96 W, 480.00 W, 974 MiB
2026/10/09 02:04:15.723, 0, GPU-6c849b47-7111-9265-9d42-ff8eddc05a2d, 100 %, 0 %, 71, 2655 MHz, 10251 MHz, 478.53 W, 480.00 W, 974 MiB
2026/10/09 02:04:15.726, 1, GPU-81ac6e96-0bfe-390d-beb1-241466569d6b, 0 %, 0 %, 39, 210 MHz, 405 MHz, 27.25 W, 480.00 W, 974 MiB
2026/10/09 02:04:16.726, 0, GPU-6c849b47-7111-9265-9d42-ff8eddc05a2d, 100 %, 0 %, 73, 2730 MHz, 10251 MHz, 442.42 W, 480.00 W, 974 MiB
2026/10/09 02:04:16.727, 1, GPU-81ac6e96-0bfe-390d-beb1-241466569d6b, 0 %, 0 %, 39, 210 MHz, 405 MHz, 27.42 W, 480.00 W, 974 MiB
2026/10/09 02:04:17.728, 0, GPU-6c849b47-7111-9265-9d42-ff8eddc05a2d, 100 %, 0 %, 72, 2730 MHz, 10251 MHz, 482.85 W, 480.00 W, 974 MiB
2026/10/09 02:04:17.728, 1, GPU-81ac6e96-0bfe-390d-beb1-241466569d6b, 0 %, 0 %, 39, 210 MHz, 405 MHz, 27.43 W, 480.00 W, 974 MiB
2026/10/09 02:04:18.729, 0, GPU-6c849b47-7111-9265-9d42-ff8eddc05a2d, 100 %, 0 %, 69, 2760 MHz, 10251 MHz, 476.79 W, 480.00 W, 974 MiB
2026/10/09 02:04:18.729, 1, GPU-81ac6e96-0bfe-390d-beb1-241466569d6b, 0 %, 0 %, 39, 210 MHz, 405 MHz, 27.42 W, 480.00 W, 974 MiB
2026/10/09 02:04:19.730, 0, GPU-6c849b47-7111-9265-9d42-ff8eddc05a2d, 100 %, 0 %, 73, 2745 MHz, 10251 MHz, 443.77 W, 480.00 W, 974 MiB
2026/10/09 02:04:19.730, 1, GPU-81ac6e96-0bfe-390d-beb1-241466569d6b, 0 %, 0 %, 39, 210 MHz, 405 MHz, 27.37 W, 480.00 W, 974 MiB
2026/10/09 02:04:20.731, 0, GPU-6c849b47-7111-9265-9d42-ff8eddc05a2d, 100 %, 0 %, 73, 2715 MHz, 10251 MHz, 480.69 W, 480.00 W, 974 MiB
2026/10/09 02:04:20.731, 1, GPU-81ac6e96-0bfe-390d-beb1-241466569d6b, 0 %, 0 %, 39, 210 MHz, 405 MHz, 27.20 W, 480.00 W, 974 MiB
2026/10/09 02:04:21.731, 0, GPU-6c849b47-7111-9265-9d42-ff8eddc05a2d, 100 %, 0 %, 68, 2760 MHz, 10251 MHz, 428.85 W, 480.00 W, 974 MiB
2026/10/09 02:04:21.732, 1, GPU-81ac6e96-0bfe-390d-beb1-241466569d6b, 0 %, 0 %, 39, 210 MHz, 405 MHz, 27.19 W, 480.00 W, 974 MiB
2026/10/09 02:04:22.732, 0, GPU-6c849b47-7111-9265-9d42-ff8eddc05a2d, 100 %, 0 %, 72, 2685 MHz, 10251 MHz, 464.29 W, 480.00 W, 974 MiB
2026/10/09 02:04:22.733, 1, GPU-81ac6e96-0bfe-390d-beb1-241466569d6b, 0 %, 0 %, 39, 210 MHz, 405 MHz, 27.30 W, 480.00 W, 974 MiB
2026/10/09 02:04:23.733, 0, GPU-6c849b47-7111-9265-9d42-ff8eddc05a2d, 100 %, 0 %, 71, 2670 MHz, 10251 MHz, 477.07 W, 480.00 W, 974 MiB
2026/10/09 02:04:23.734, 1, GPU-81ac6e96-0bfe-390d-beb1-241466569d6b, 0 %, 0 %, 39, 210 MHz, 405 MHz, 27.33 W, 480.00 W, 974 MiB
2026/10/09 02:04:24.734, 0, GPU-6c849b47-7111-9265-9d42-ff8eddc05a2d, 0 %, 0 %, 52, 2775 MHz, 10251 MHz, 322.92 W, 480.00 W, 974 MiB
2026/10/09 02:04:24.735, 1, GPU-81ac6e96-0bfe-390d-beb1-241466569d6b, 0 %, 0 %, 39, 210 MHz, 405 MHz, 27.44 W, 480.00 W, 974 MiB
2026/10/09 02:04:25.735, 0, GPU-6c849b47-7111-9265-9d42-ff8eddc05a2d, 0 %, 0 %, 49, 2775 MHz, 10251 MHz, 98.65 W, 480.00 W, 974 MiB
2026/10/09 02:04:25.735, 1, GPU-81ac6e96-0bfe-390d-beb1-241466569d6b, 0 %, 0 %, 39, 210 MHz, 405 MHz, 27.60 W, 480.00 W, 974 MiB
2026/10/09 02:04:26.736, 0, GPU-6c849b47-7111-9265-9d42-ff8eddc05a2d, 100 %, 0 %, 56, 2625 MHz, 10251 MHz, 96.39 W, 480.00 W, 974 MiB
2026/10/09 02:04:26.737, 1, GPU-81ac6e96-0bfe-390d-beb1-241466569d6b, 0 %, 0 %, 39, 210 MHz, 405 MHz, 27.58 W, 480.00 W, 974 MiB
2026/10/09 02:04:27.739, 0, GPU-6c849b47-7111-9265-9d42-ff8eddc05a2d, 100 %, 0 %, 71, 2685 MHz, 10251 MHz, 426.21 W, 480.00 W, 974 MiB
2026/10/09 02:04:27.740, 1, GPU-81ac6e96-0bfe-390d-beb1-241466569d6b, 0 %, 0 %, 39, 210 MHz, 405 MHz, 27.41 W, 480.00 W, 974 MiB
2026/10/09 02:04:28.740, 0, GPU-6c849b47-7111-9265-9d42-ff8eddc05a2d, 100 %, 0 %, 73, 2685 MHz, 10251 MHz, 481.21 W, 480.00 W, 974 MiB
2026/10/09 02:04:28.741, 1, GPU-81ac6e96-0bfe-390d-beb1-241466569d6b, 0 %, 0 %, 39, 210 MHz, 405 MHz, 27.25 W, 480.00 W, 974 MiB
2026/10/09 02:04:29.741, 0, GPU-6c849b47-7111-9265-9d42-ff8eddc05a2d, 100 %, 0 %, 71, 2670 MHz, 10251 MHz, 423.56 W, 480.00 W, 974 MiB
2026/10/09 02:04:29.742, 1, GPU-81ac6e96-0bfe-390d-beb1-241466569d6b, 0 %, 0 %, 39, 210 MHz, 405 MHz, 27.34 W, 480.00 W, 974 MiB
2026/10/09 02:04:30.742, 0, GPU-6c849b47-7111-9265-9d42-ff8eddc05a2d, 100 %, 0 %, 71, 2625 MHz, 10251 MHz, 488.64 W, 480.00 W, 974 MiB
2026/10/09 02:04:30.742, 1, GPU-81ac6e96-0bfe-390d-beb1-241466569d6b, 0 %, 0 %, 39, 210 MHz, 405 MHz, 27.51 W, 480.00 W, 974 MiB
2026/10/09 02:04:31.743, 0, GPU-6c849b47-7111-9265-9d42-ff8eddc05a2d, 100 %, 0 %, 71, 2610 MHz, 10251 MHz, 477.19 W, 480.00 W, 974 MiB
2026/10/09 02:04:31.744, 1, GPU-81ac6e96-0bfe-390d-beb1-241466569d6b, 0 %, 0 %, 39, 210 MHz, 405 MHz, 27.44 W, 480.00 W, 974 MiB
2026/10/09 02:04:32.744, 0, GPU-6c849b47-7111-9265-9d42-ff8eddc05a2d, 100 %, 0 %, 72, 2700 MHz, 10251 MHz, 451.47 W, 480.00 W, 974 MiB
2026/10/09 02:04:32.745, 1, GPU-81ac6e96-0bfe-390d-beb1-241466569d6b, 0 %, 0 %, 39, 210 MHz, 405 MHz, 27.42 W, 480.00 W, 974 MiB
2026/10/09 02:04:33.745, 0, GPU-6c849b47-7111-9265-9d42-ff8eddc05a2d, 100 %, 0 %, 72, 2685 MHz, 10251 MHz, 484.78 W, 480.00 W, 974 MiB
2026/10/09 02:04:33.745, 1, GPU-81ac6e96-0bfe-390d-beb1-241466569d6b, 0 %, 0 %, 39, 210 MHz, 405 MHz, 27.46 W, 480.00 W, 974 MiB
2026/10/09 02:04:34.746, 0, GPU-6c849b47-7111-9265-9d42-ff8eddc05a2d, 100 %, 0 %, 72, 2655 MHz, 10251 MHz, 479.31 W, 480.00 W, 974 MiB
2026/10/09 02:04:34.746, 1, GPU-81ac6e96-0bfe-390d-beb1-241466569d6b, 0 %, 0 %, 39, 210 MHz, 405 MHz, 27.51 W, 480.00 W, 974 MiB
2026/10/09 02:04:35.747, 0, GPU-6c849b47-7111-9265-9d42-ff8eddc05a2d, 100 %, 0 %, 73, 2715 MHz, 10251 MHz, 446.00 W, 480.00 W, 974 MiB
2026/10/09 02:04:35.747, 1, GPU-81ac6e96-0bfe-390d-beb1-241466569d6b, 0 %, 0 %, 39, 210 MHz, 405 MHz, 27.45 W, 480.00 W, 974 MiB
2026/10/09 02:04:36.748, 0, GPU-6c849b47-7111-9265-9d42-ff8eddc05a2d, 100 %, 0 %, 72, 2700 MHz, 10251 MHz, 480.86 W, 480.00 W, 974 MiB
2026/10/09 02:04:36.748, 1, GPU-81ac6e96-0bfe-390d-beb1-241466569d6b, 0 %, 0 %, 39, 210 MHz, 405 MHz, 27.37 W, 480.00 W, 974 MiB
2026/10/09 02:04:37.749, 0, GPU-6c849b47-7111-9265-9d42-ff8eddc05a2d, 100 %, 0 %, 69, 2760 MHz, 10251 MHz, 474.46 W, 480.00 W, 974 MiB
2026/10/09 02:04:37.749, 1, GPU-81ac6e96-0bfe-390d-beb1-241466569d6b, 0 %, 0 %, 39, 210 MHz, 405 MHz, 27.41 W, 480.00 W, 974 MiB
2026/10/09 02:04:38.749, 0, GPU-6c849b47-7111-9265-9d42-ff8eddc05a2d, 100 %, 0 %, 73, 2730 MHz, 10251 MHz, 452.32 W, 480.00 W, 974 MiB
2026/10/09 02:04:38.750, 1, GPU-81ac6e96-0bfe-390d-beb1-241466569d6b, 0 %, 0 %, 39, 210 MHz, 405 MHz, 27.49 W, 480.00 W, 974 MiB
2026/10/09 02:04:39.750, 0, GPU-6c849b47-7111-9265-9d42-ff8eddc05a2d, 100 %, 0 %, 72, 2700 MHz, 10251 MHz, 480.70 W, 480.00 W, 974 MiB
2026/10/09 02:04:39.751, 1, GPU-81ac6e96-0bfe-390d-beb1-241466569d6b, 0 %, 0 %, 39, 210 MHz, 405 MHz, 27.54 W, 480.00 W, 974 MiB
2026/10/09 02:04:40.751, 0, GPU-6c849b47-7111-9265-9d42-ff8eddc05a2d, 100 %, 0 %, 69, 2760 MHz, 10251 MHz, 426.91 W, 480.00 W, 974 MiB
2026/10/09 02:04:40.752, 1, GPU-81ac6e96-0bfe-390d-beb1-241466569d6b, 0 %, 0 %, 39, 210 MHz, 405 MHz, 27.41 W, 480.00 W, 974 MiB
2026/10/09 02:04:41.752, 0, GPU-6c849b47-7111-9265-9d42-ff8eddc05a2d, 100 %, 0 %, 71, 2655 MHz, 10251 MHz, 471.34 W, 480.00 W, 974 MiB
2026/10/09 02:04:41.752, 1, GPU-81ac6e96-0bfe-390d-beb1-241466569d6b, 0 %, 0 %, 39, 210 MHz, 405 MHz, 27.38 W, 480.00 W, 974 MiB
2026/10/09 02:04:42.753, 0, GPU-6c849b47-7111-9265-9d42-ff8eddc05a2d, 100 %, 0 %, 71, 2655 MHz, 10251 MHz, 477.05 W, 480.00 W, 974 MiB
2026/10/09 02:04:42.753, 1, GPU-81ac6e96-0bfe-390d-beb1-241466569d6b, 0 %, 0 %, 39, 210 MHz, 405 MHz, 27.26 W, 480.00 W, 974 MiB
2026/10/09 02:04:43.754, 0, GPU-6c849b47-7111-9265-9d42-ff8eddc05a2d, 100 %, 0 %, 71, 2730 MHz, 10251 MHz, 426.63 W, 480.00 W, 974 MiB
2026/10/09 02:04:43.768, 1, GPU-81ac6e96-0bfe-390d-beb1-241466569d6b, 0 %, 0 %, 39, 210 MHz, 405 MHz, 27.15 W, 480.00 W, 974 MiB
2026/10/09 02:04:44.769, 0, GPU-6c849b47-7111-9265-9d42-ff8eddc05a2d, 100 %, 0 %, 72, 2730 MHz, 10251 MHz, 481.21 W, 480.00 W, 974 MiB
2026/10/09 02:04:44.769, 1, GPU-81ac6e96-0bfe-390d-beb1-241466569d6b, 0 %, 0 %, 39, 210 MHz, 405 MHz, 27.23 W, 480.00 W, 974 MiB
2026/10/09 02:04:45.770, 0, GPU-6c849b47-7111-9265-9d42-ff8eddc05a2d, 100 %, 0 %, 71, 2730 MHz, 10251 MHz, 479.80 W, 480.00 W, 974 MiB
2026/10/09 02:04:45.770, 1, GPU-81ac6e96-0bfe-390d-beb1-241466569d6b, 0 %, 0 %, 39, 210 MHz, 405 MHz, 27.18 W, 480.00 W, 974 MiB
2026/10/09 02:04:46.771, 0, GPU-6c849b47-7111-9265-9d42-ff8eddc05a2d, 0 %, 0 %, 50, 2775 MHz, 10251 MHz, 227.38 W, 480.00 W, 974 MiB
2026/10/09 02:04:46.771, 1, GPU-81ac6e96-0bfe-390d-beb1-241466569d6b, 0 %, 0 %, 39, 210 MHz, 405 MHz, 27.25 W, 480.00 W, 974 MiB
2026/10/09 02:04:47.771, 0, GPU-6c849b47-7111-9265-9d42-ff8eddc05a2d, 0 %, 0 %, 48, 2775 MHz, 10251 MHz, 97.73 W, 480.00 W, 974 MiB
2026/10/09 02:04:47.772, 1, GPU-81ac6e96-0bfe-390d-beb1-241466569d6b, 0 %, 0 %, 39, 210 MHz, 405 MHz, 27.30 W, 480.00 W, 974 MiB
2026/10/09 02:04:48.772, 0, GPU-6c849b47-7111-9265-9d42-ff8eddc05a2d, 0 %, 0 %, 47, 2625 MHz, 10251 MHz, 87.68 W, 480.00 W, 974 MiB
2026/10/09 02:04:48.773, 1, GPU-81ac6e96-0bfe-390d-beb1-241466569d6b, 0 %, 0 %, 39, 210 MHz, 405 MHz, 27.21 W, 480.00 W, 974 MiB
2026/10/09 02:04:49.773, 0, GPU-6c849b47-7111-9265-9d42-ff8eddc05a2d, 0 %, 0 %, 47, 2625 MHz, 10251 MHz, 85.28 W, 480.00 W, 974 MiB
2026/10/09 02:04:49.774, 1, GPU-81ac6e96-0bfe-390d-beb1-241466569d6b, 0 %, 0 %, 39, 210 MHz, 405 MHz, 27.17 W, 480.00 W, 974 MiB
2026/10/09 02:04:50.774, 0, GPU-6c849b47-7111-9265-9d42-ff8eddc05a2d, 0 %, 0 %, 46, 2625 MHz, 10251 MHz, 83.50 W, 480.00 W, 974 MiB
2026/10/09 02:04:50.775, 1, GPU-81ac6e96-0bfe-390d-beb1-241466569d6b, 0 %, 0 %, 39, 210 MHz, 405 MHz, 27.06 W, 480.00 W, 974 MiB
2026/10/09 02:04:51.775, 0, GPU-6c849b47-7111-9265-9d42-ff8eddc05a2d, 0 %, 0 %, 46, 2625 MHz, 10251 MHz, 82.89 W, 480.00 W, 974 MiB
2026/10/09 02:04:51.775, 1, GPU-81ac6e96-0bfe-390d-beb1-241466569d6b, 0 %, 0 %, 39, 210 MHz, 405 MHz, 27.07 W, 480.00 W, 974 MiB
2026/10/09 02:04:52.776, 0, GPU-6c849b47-7111-9265-9d42-ff8eddc05a2d, 100 %, 0 %, 47, 2775 MHz, 10251 MHz, 92.33 W, 480.00 W, 974 MiB
2026/10/09 02:04:52.776, 1, GPU-81ac6e96-0bfe-390d-beb1-241466569d6b, 100 %, 0 %, 43, 2805 MHz, 10251 MHz, 65.37 W, 480.00 W, 974 MiB
2026/10/09 02:04:53.776, 0, GPU-6c849b47-7111-9265-9d42-ff8eddc05a2d, 100 %, 0 %, 47, 2775 MHz, 10251 MHz, 111.70 W, 480.00 W, 974 MiB
2026/10/09 02:04:53.777, 1, GPU-81ac6e96-0bfe-390d-beb1-241466569d6b, 100 %, 0 %, 65, 2775 MHz, 10251 MHz, 255.98 W, 480.00 W, 974 MiB
2026/10/09 02:04:54.777, 0, GPU-6c849b47-7111-9265-9d42-ff8eddc05a2d, 100 %, 0 %, 47, 2775 MHz, 10251 MHz, 111.66 W, 480.00 W, 974 MiB
2026/10/09 02:04:54.778, 1, GPU-81ac6e96-0bfe-390d-beb1-241466569d6b, 100 %, 0 %, 68, 2775 MHz, 10251 MHz, 482.64 W, 480.00 W, 974 MiB
2026/10/09 02:04:55.778, 0, GPU-6c849b47-7111-9265-9d42-ff8eddc05a2d, 100 %, 0 %, 62, 2775 MHz, 10251 MHz, 221.20 W, 480.00 W, 974 MiB
2026/10/09 02:04:55.778, 1, GPU-81ac6e96-0bfe-390d-beb1-241466569d6b, 100 %, 0 %, 54, 2790 MHz, 10251 MHz, 461.69 W, 480.00 W, 974 MiB
2026/10/09 02:04:56.779, 0, GPU-6c849b47-7111-9265-9d42-ff8eddc05a2d, 100 %, 0 %, 68, 2730 MHz, 10251 MHz, 476.60 W, 480.00 W, 974 MiB
2026/10/09 02:04:56.779, 1, GPU-81ac6e96-0bfe-390d-beb1-241466569d6b, 100 %, 0 %, 61, 2655 MHz, 10251 MHz, 442.62 W, 480.00 W, 974 MiB
2026/10/09 02:04:57.779, 0, GPU-6c849b47-7111-9265-9d42-ff8eddc05a2d, 100 %, 0 %, 69, 2745 MHz, 10251 MHz, 475.52 W, 480.00 W, 974 MiB
2026/10/09 02:04:57.780, 1, GPU-81ac6e96-0bfe-390d-beb1-241466569d6b, 100 %, 0 %, 61, 2670 MHz, 10251 MHz, 480.00 W, 480.00 W, 974 MiB
2026/10/09 02:04:58.780, 0, GPU-6c849b47-7111-9265-9d42-ff8eddc05a2d, 100 %, 0 %, 72, 2670 MHz, 10251 MHz, 421.56 W, 480.00 W, 974 MiB
2026/10/09 02:04:58.780, 1, GPU-81ac6e96-0bfe-390d-beb1-241466569d6b, 100 %, 0 %, 58, 2745 MHz, 10251 MHz, 437.84 W, 480.00 W, 974 MiB
2026/10/09 02:04:59.781, 0, GPU-6c849b47-7111-9265-9d42-ff8eddc05a2d, 100 %, 0 %, 72, 2655 MHz, 10251 MHz, 482.00 W, 480.00 W, 974 MiB
2026/10/09 02:04:59.781, 1, GPU-81ac6e96-0bfe-390d-beb1-241466569d6b, 100 %, 0 %, 60, 2685 MHz, 10251 MHz, 474.47 W, 480.00 W, 974 MiB
2026/10/09 02:05:00.782, 0, GPU-6c849b47-7111-9265-9d42-ff8eddc05a2d, 100 %, 0 %, 69, 2760 MHz, 10251 MHz, 477.20 W, 480.00 W, 974 MiB
2026/10/09 02:05:00.782, 1, GPU-81ac6e96-0bfe-390d-beb1-241466569d6b, 100 %, 0 %, 61, 2685 MHz, 10251 MHz, 476.72 W, 480.00 W, 974 MiB
2026/10/09 02:05:01.782, 0, GPU-6c849b47-7111-9265-9d42-ff8eddc05a2d, 100 %, 0 %, 73, 2655 MHz, 10251 MHz, 461.37 W, 480.00 W, 974 MiB
2026/10/09 02:05:01.783, 1, GPU-81ac6e96-0bfe-390d-beb1-241466569d6b, 100 %, 0 %, 61, 2745 MHz, 10251 MHz, 434.52 W, 480.00 W, 974 MiB
2026/10/09 02:05:02.783, 0, GPU-6c849b47-7111-9265-9d42-ff8eddc05a2d, 100 %, 0 %, 72, 2655 MHz, 10251 MHz, 480.73 W, 480.00 W, 974 MiB
2026/10/09 02:05:02.784, 1, GPU-81ac6e96-0bfe-390d-beb1-241466569d6b, 100 %, 0 %, 61, 2715 MHz, 10251 MHz, 485.51 W, 480.00 W, 974 MiB
2026/10/09 02:05:03.784, 0, GPU-6c849b47-7111-9265-9d42-ff8eddc05a2d, 100 %, 0 %, 60, 2760 MHz, 10251 MHz, 444.89 W, 480.00 W, 974 MiB
2026/10/09 02:05:03.784, 1, GPU-81ac6e96-0bfe-390d-beb1-241466569d6b, 100 %, 0 %, 61, 2715 MHz, 10251 MHz, 477.66 W, 480.00 W, 974 MiB
2026/10/09 02:05:04.785, 0, GPU-6c849b47-7111-9265-9d42-ff8eddc05a2d, 100 %, 0 %, 71, 2640 MHz, 10251 MHz, 468.69 W, 480.00 W, 974 MiB
2026/10/09 02:05:04.785, 1, GPU-81ac6e96-0bfe-390d-beb1-241466569d6b, 100 %, 0 %, 62, 2760 MHz, 10251 MHz, 436.36 W, 480.00 W, 974 MiB
2026/10/09 02:05:05.785, 0, GPU-6c849b47-7111-9265-9d42-ff8eddc05a2d, 100 %, 0 %, 72, 2655 MHz, 10251 MHz, 476.83 W, 480.00 W, 974 MiB
2026/10/09 02:05:05.786, 1, GPU-81ac6e96-0bfe-390d-beb1-241466569d6b, 100 %, 0 %, 62, 2760 MHz, 10251 MHz, 479.96 W, 480.00 W, 974 MiB
2026/10/09 02:05:06.786, 0, GPU-6c849b47-7111-9265-9d42-ff8eddc05a2d, 100 %, 0 %, 71, 2715 MHz, 10251 MHz, 430.16 W, 480.00 W, 974 MiB
2026/10/09 02:05:06.786, 1, GPU-81ac6e96-0bfe-390d-beb1-241466569d6b, 100 %, 0 %, 58, 2790 MHz, 10251 MHz, 471.55 W, 480.00 W, 974 MiB
2026/10/09 02:05:07.787, 0, GPU-6c849b47-7111-9265-9d42-ff8eddc05a2d, 100 %, 0 %, 71, 2655 MHz, 10251 MHz, 489.87 W, 480.00 W, 974 MiB
2026/10/09 02:05:07.787, 1, GPU-81ac6e96-0bfe-390d-beb1-241466569d6b, 100 %, 0 %, 62, 2760 MHz, 10251 MHz, 442.09 W, 480.00 W, 974 MiB
2026/10/09 02:05:08.801, 0, GPU-6c849b47-7111-9265-9d42-ff8eddc05a2d, 100 %, 0 %, 71, 2655 MHz, 10251 MHz, 477.26 W, 480.00 W, 974 MiB
2026/10/09 02:05:08.801, 1, GPU-81ac6e96-0bfe-390d-beb1-241466569d6b, 100 %, 0 %, 62, 2745 MHz, 10251 MHz, 477.51 W, 480.00 W, 974 MiB
2026/10/09 02:05:09.802, 0, GPU-6c849b47-7111-9265-9d42-ff8eddc05a2d, 100 %, 0 %, 72, 2730 MHz, 10251 MHz, 432.64 W, 480.00 W, 974 MiB
2026/10/09 02:05:09.802, 1, GPU-81ac6e96-0bfe-390d-beb1-241466569d6b, 100 %, 0 %, 60, 2775 MHz, 10251 MHz, 424.47 W, 480.00 W, 974 MiB
2026/10/09 02:05:10.803, 0, GPU-6c849b47-7111-9265-9d42-ff8eddc05a2d, 100 %, 0 %, 72, 2715 MHz, 10251 MHz, 481.44 W, 480.00 W, 974 MiB
2026/10/09 02:05:10.803, 1, GPU-81ac6e96-0bfe-390d-beb1-241466569d6b, 100 %, 0 %, 61, 2730 MHz, 10251 MHz, 479.54 W, 480.00 W, 974 MiB
2026/10/09 02:05:11.803, 0, GPU-6c849b47-7111-9265-9d42-ff8eddc05a2d, 100 %, 0 %, 69, 2760 MHz, 10251 MHz, 477.46 W, 480.00 W, 974 MiB
2026/10/09 02:05:11.804, 1, GPU-81ac6e96-0bfe-390d-beb1-241466569d6b, 100 %, 0 %, 62, 2730 MHz, 10251 MHz, 477.14 W, 480.00 W, 974 MiB
2026/10/09 02:05:12.804, 0, GPU-6c849b47-7111-9265-9d42-ff8eddc05a2d, 100 %, 0 %, 72, 2730 MHz, 10251 MHz, 439.22 W, 480.00 W, 974 MiB
2026/10/09 02:05:12.804, 1, GPU-81ac6e96-0bfe-390d-beb1-241466569d6b, 0 %, 0 %, 44, 2805 MHz, 10251 MHz, 274.86 W, 480.00 W, 974 MiB
2026/10/09 02:05:13.818, 0, GPU-6c849b47-7111-9265-9d42-ff8eddc05a2d, 100 %, 0 %, 73, 2715 MHz, 10251 MHz, 479.82 W, 480.00 W, 974 MiB
2026/10/09 02:05:13.819, 1, GPU-81ac6e96-0bfe-390d-beb1-241466569d6b, 0 %, 0 %, 43, 2805 MHz, 10251 MHz, 83.41 W, 480.00 W, 974 MiB
2026/10/09 02:05:14.820, 0, GPU-6c849b47-7111-9265-9d42-ff8eddc05a2d, 100 %, 0 %, 57, 2760 MHz, 10251 MHz, 424.70 W, 480.00 W, 974 MiB
2026/10/09 02:05:14.820, 1, GPU-81ac6e96-0bfe-390d-beb1-241466569d6b, 100 %, 0 %, 54, 2625 MHz, 10251 MHz, 115.33 W, 480.00 W, 974 MiB
2026/10/09 02:05:15.821, 0, GPU-6c849b47-7111-9265-9d42-ff8eddc05a2d, 0 %, 0 %, 49, 2775 MHz, 10251 MHz, 108.61 W, 480.00 W, 974 MiB
2026/10/09 02:05:15.821, 1, GPU-81ac6e96-0bfe-390d-beb1-241466569d6b, 100 %, 0 %, 64, 2715 MHz, 10251 MHz, 433.56 W, 480.00 W, 974 MiB
2026/10/09 02:05:16.822, 0, GPU-6c849b47-7111-9265-9d42-ff8eddc05a2d, 0 %, 0 %, 48, 2775 MHz, 10251 MHz, 97.82 W, 480.00 W, 974 MiB
2026/10/09 02:05:16.822, 1, GPU-81ac6e96-0bfe-390d-beb1-241466569d6b, 100 %, 0 %, 64, 2685 MHz, 10251 MHz, 480.61 W, 480.00 W, 974 MiB
2026/10/09 02:05:17.823, 0, GPU-6c849b47-7111-9265-9d42-ff8eddc05a2d, 100 %, 0 %, 69, 2700 MHz, 10251 MHz, 237.51 W, 480.00 W, 974 MiB
2026/10/09 02:05:17.823, 1, GPU-81ac6e96-0bfe-390d-beb1-241466569d6b, 100 %, 0 %, 64, 2700 MHz, 10251 MHz, 420.34 W, 480.00 W, 974 MiB
2026/10/09 02:05:18.824, 0, GPU-6c849b47-7111-9265-9d42-ff8eddc05a2d, 100 %, 0 %, 70, 2760 MHz, 10251 MHz, 479.82 W, 480.00 W, 974 MiB
2026/10/09 02:05:18.824, 1, GPU-81ac6e96-0bfe-390d-beb1-241466569d6b, 100 %, 0 %, 64, 2700 MHz, 10251 MHz, 486.32 W, 480.00 W, 974 MiB
2026/10/09 02:05:19.825, 0, GPU-6c849b47-7111-9265-9d42-ff8eddc05a2d, 100 %, 0 %, 57, 2775 MHz, 10251 MHz, 430.61 W, 480.00 W, 974 MiB
2026/10/09 02:05:19.825, 1, GPU-81ac6e96-0bfe-390d-beb1-241466569d6b, 100 %, 0 %, 64, 2685 MHz, 10251 MHz, 478.34 W, 480.00 W, 974 MiB
2026/10/09 02:05:20.826, 0, GPU-6c849b47-7111-9265-9d42-ff8eddc05a2d, 100 %, 0 %, 71, 2595 MHz, 10251 MHz, 447.71 W, 480.00 W, 974 MiB
2026/10/09 02:05:20.826, 1, GPU-81ac6e96-0bfe-390d-beb1-241466569d6b, 100 %, 0 %, 65, 2745 MHz, 10251 MHz, 452.86 W, 480.00 W, 974 MiB
2026/10/09 02:05:21.826, 0, GPU-6c849b47-7111-9265-9d42-ff8eddc05a2d, 100 %, 0 %, 72, 2610 MHz, 10251 MHz, 477.57 W, 480.00 W, 974 MiB
2026/10/09 02:05:21.827, 1, GPU-81ac6e96-0bfe-390d-beb1-241466569d6b, 100 %, 0 %, 65, 2730 MHz, 10251 MHz, 481.87 W, 480.00 W, 974 MiB
2026/10/09 02:05:22.827, 0, GPU-6c849b47-7111-9265-9d42-ff8eddc05a2d, 100 %, 0 %, 70, 2715 MHz, 10251 MHz, 440.46 W, 480.00 W, 974 MiB
2026/10/09 02:05:22.827, 1, GPU-81ac6e96-0bfe-390d-beb1-241466569d6b, 100 %, 0 %, 61, 2775 MHz, 10251 MHz, 475.45 W, 480.00 W, 974 MiB
2026/10/09 02:05:23.828, 0, GPU-6c849b47-7111-9265-9d42-ff8eddc05a2d, 100 %, 0 %, 71, 2625 MHz, 10251 MHz, 485.02 W, 480.00 W, 974 MiB
2026/10/09 02:05:23.828, 1, GPU-81ac6e96-0bfe-390d-beb1-241466569d6b, 100 %, 0 %, 66, 2745 MHz, 10251 MHz, 450.24 W, 480.00 W, 974 MiB
2026/10/09 02:05:24.829, 0, GPU-6c849b47-7111-9265-9d42-ff8eddc05a2d, 100 %, 0 %, 71, 2625 MHz, 10251 MHz, 478.55 W, 480.00 W, 974 MiB
2026/10/09 02:05:24.829, 1, GPU-81ac6e96-0bfe-390d-beb1-241466569d6b, 100 %, 0 %, 65, 2715 MHz, 10251 MHz, 479.98 W, 480.00 W, 974 MiB
2026/10/09 02:05:25.829, 0, GPU-6c849b47-7111-9265-9d42-ff8eddc05a2d, 100 %, 0 %, 71, 2715 MHz, 10251 MHz, 437.32 W, 480.00 W, 974 MiB
2026/10/09 02:05:25.830, 1, GPU-81ac6e96-0bfe-390d-beb1-241466569d6b, 100 %, 0 %, 61, 2745 MHz, 10251 MHz, 429.62 W, 480.00 W, 974 MiB
2026/10/09 02:05:26.830, 0, GPU-6c849b47-7111-9265-9d42-ff8eddc05a2d, 100 %, 0 %, 71, 2655 MHz, 10251 MHz, 488.10 W, 480.00 W, 974 MiB
2026/10/09 02:05:26.831, 1, GPU-81ac6e96-0bfe-390d-beb1-241466569d6b, 100 %, 0 %, 64, 2685 MHz, 10251 MHz, 468.50 W, 480.00 W, 974 MiB
2026/10/09 02:05:27.831, 0, GPU-6c849b47-7111-9265-9d42-ff8eddc05a2d, 100 %, 0 %, 71, 2655 MHz, 10251 MHz, 477.70 W, 480.00 W, 974 MiB
2026/10/09 02:05:27.832, 1, GPU-81ac6e96-0bfe-390d-beb1-241466569d6b, 100 %, 0 %, 64, 2685 MHz, 10251 MHz, 476.21 W, 480.00 W, 974 MiB
2026/10/09 02:05:28.832, 0, GPU-6c849b47-7111-9265-9d42-ff8eddc05a2d, 100 %, 0 %, 72, 2730 MHz, 10251 MHz, 440.44 W, 480.00 W, 974 MiB
2026/10/09 02:05:28.832, 1, GPU-81ac6e96-0bfe-390d-beb1-241466569d6b, 100 %, 0 %, 65, 2760 MHz, 10251 MHz, 429.29 W, 480.00 W, 974 MiB
2026/10/09 02:05:29.833, 0, GPU-6c849b47-7111-9265-9d42-ff8eddc05a2d, 100 %, 0 %, 72, 2715 MHz, 10251 MHz, 482.67 W, 480.00 W, 974 MiB
2026/10/09 02:05:29.833, 1, GPU-81ac6e96-0bfe-390d-beb1-241466569d6b, 100 %, 0 %, 65, 2745 MHz, 10251 MHz, 483.04 W, 480.00 W, 974 MiB
2026/10/09 02:05:30.834, 0, GPU-6c849b47-7111-9265-9d42-ff8eddc05a2d, 100 %, 0 %, 69, 2760 MHz, 10251 MHz, 477.42 W, 480.00 W, 974 MiB
2026/10/09 02:05:30.834, 1, GPU-81ac6e96-0bfe-390d-beb1-241466569d6b, 100 %, 0 %, 64, 2745 MHz, 10251 MHz, 479.09 W, 480.00 W, 974 MiB
2026/10/09 02:05:31.834, 0, GPU-6c849b47-7111-9265-9d42-ff8eddc05a2d, 100 %, 0 %, 73, 2745 MHz, 10251 MHz, 441.73 W, 480.00 W, 974 MiB
2026/10/09 02:05:31.835, 1, GPU-81ac6e96-0bfe-390d-beb1-241466569d6b, 100 %, 0 %, 65, 2775 MHz, 10251 MHz, 435.07 W, 480.00 W, 974 MiB
2026/10/09 02:05:32.835, 0, GPU-6c849b47-7111-9265-9d42-ff8eddc05a2d, 100 %, 0 %, 73, 2700 MHz, 10251 MHz, 481.20 W, 480.00 W, 974 MiB
2026/10/09 02:05:32.836, 1, GPU-81ac6e96-0bfe-390d-beb1-241466569d6b, 100 %, 0 %, 66, 2760 MHz, 10251 MHz, 478.95 W, 480.00 W, 974 MiB
2026/10/09 02:05:33.836, 0, GPU-6c849b47-7111-9265-9d42-ff8eddc05a2d, 100 %, 0 %, 65, 2760 MHz, 10251 MHz, 423.33 W, 480.00 W, 974 MiB
2026/10/09 02:05:33.836, 1, GPU-81ac6e96-0bfe-390d-beb1-241466569d6b, 100 %, 0 %, 57, 2790 MHz, 10251 MHz, 449.91 W, 480.00 W, 974 MiB
2026/10/09 02:05:34.837, 0, GPU-6c849b47-7111-9265-9d42-ff8eddc05a2d, 100 %, 0 %, 71, 2670 MHz, 10251 MHz, 459.46 W, 480.00 W, 974 MiB
2026/10/09 02:05:34.838, 1, GPU-81ac6e96-0bfe-390d-beb1-241466569d6b, 0 %, 0 %, 46, 2790 MHz, 10251 MHz, 114.57 W, 480.00 W, 974 MiB
2026/10/09 02:05:35.838, 0, GPU-6c849b47-7111-9265-9d42-ff8eddc05a2d, 100 %, 0 %, 71, 2670 MHz, 10251 MHz, 476.04 W, 480.00 W, 974 MiB
2026/10/09 02:05:35.838, 1, GPU-81ac6e96-0bfe-390d-beb1-241466569d6b, 0 %, 0 %, 45, 2805 MHz, 10251 MHz, 84.10 W, 480.00 W, 974 MiB
2026/10/09 02:05:36.839, 0, GPU-6c849b47-7111-9265-9d42-ff8eddc05a2d, 0 %, 0 %, 53, 2775 MHz, 10251 MHz, 329.51 W, 480.00 W, 974 MiB
2026/10/09 02:05:36.839, 1, GPU-81ac6e96-0bfe-390d-beb1-241466569d6b, 0 %, 0 %, 45, 2625 MHz, 10251 MHz, 76.56 W, 480.00 W, 974 MiB
2026/10/09 02:05:37.840, 0, GPU-6c849b47-7111-9265-9d42-ff8eddc05a2d, 0 %, 0 %, 49, 2775 MHz, 10251 MHz, 98.34 W, 480.00 W, 974 MiB
2026/10/09 02:05:37.840, 1, GPU-81ac6e96-0bfe-390d-beb1-241466569d6b, 0 %, 0 %, 44, 2625 MHz, 10251 MHz, 75.68 W, 480.00 W, 974 MiB
2026/10/09 02:05:38.841, 0, GPU-6c849b47-7111-9265-9d42-ff8eddc05a2d, 0 %, 0 %, 49, 2775 MHz, 10251 MHz, 97.66 W, 480.00 W, 974 MiB
2026/10/09 02:05:38.841, 1, GPU-81ac6e96-0bfe-390d-beb1-241466569d6b, 0 %, 0 %, 44, 2625 MHz, 10251 MHz, 75.27 W, 480.00 W, 974 MiB
2026/10/09 02:05:39.842, 0, GPU-6c849b47-7111-9265-9d42-ff8eddc05a2d, 0 %, 0 %, 47, 2625 MHz, 10251 MHz, 88.63 W, 480.00 W, 974 MiB
2026/10/09 02:05:39.842, 1, GPU-81ac6e96-0bfe-390d-beb1-241466569d6b, 0 %, 0 %, 44, 2625 MHz, 10251 MHz, 75.04 W, 480.00 W, 974 MiB
2026/10/09 02:05:40.842, 0, GPU-6c849b47-7111-9265-9d42-ff8eddc05a2d, 0 %, 0 %, 47, 2625 MHz, 10251 MHz, 85.87 W, 480.00 W, 974 MiB
2026/10/09 02:05:40.843, 1, GPU-81ac6e96-0bfe-390d-beb1-241466569d6b, 0 %, 0 %, 44, 2625 MHz, 10251 MHz, 74.84 W, 480.00 W, 974 MiB
2026/10/09 02:05:41.844, 0, GPU-6c849b47-7111-9265-9d42-ff8eddc05a2d, 91 %, 0 %, 47, 2790 MHz, 10251 MHz, 83.98 W, 480.00 W, 974 MiB
2026/10/09 02:05:41.844, 1, GPU-81ac6e96-0bfe-390d-beb1-241466569d6b, 0 %, 0 %, 45, 2625 MHz, 10251 MHz, 74.25 W, 480.00 W, 974 MiB
2026/10/09 02:05:42.844, 0, GPU-6c849b47-7111-9265-9d42-ff8eddc05a2d, 100 %, 0 %, 48, 2790 MHz, 10251 MHz, 110.18 W, 480.00 W, 974 MiB
2026/10/09 02:05:42.845, 1, GPU-81ac6e96-0bfe-390d-beb1-241466569d6b, 100 %, 0 %, 46, 2805 MHz, 10251 MHz, 97.83 W, 480.00 W, 974 MiB
2026/10/09 02:05:43.845, 0, GPU-6c849b47-7111-9265-9d42-ff8eddc05a2d, 100 %, 0 %, 48, 2790 MHz, 10251 MHz, 111.75 W, 480.00 W, 974 MiB
2026/10/09 02:05:43.846, 1, GPU-81ac6e96-0bfe-390d-beb1-241466569d6b, 100 %, 0 %, 66, 2700 MHz, 10251 MHz, 370.41 W, 480.00 W, 974 MiB
2026/10/09 02:05:44.846, 0, GPU-6c849b47-7111-9265-9d42-ff8eddc05a2d, 100 %, 0 %, 47, 2790 MHz, 10251 MHz, 111.99 W, 480.00 W, 974 MiB
2026/10/09 02:05:44.846, 1, GPU-81ac6e96-0bfe-390d-beb1-241466569d6b, 100 %, 0 %, 67, 2730 MHz, 10251 MHz, 478.35 W, 480.00 W, 974 MiB
2026/10/09 02:05:45.847, 0, GPU-6c849b47-7111-9265-9d42-ff8eddc05a2d, 100 %, 0 %, 69, 2700 MHz, 10251 MHz, 317.87 W, 480.00 W, 974 MiB
2026/10/09 02:05:45.847, 1, GPU-81ac6e96-0bfe-390d-beb1-241466569d6b, 100 %, 0 %, 65, 2715 MHz, 10251 MHz, 412.13 W, 480.00 W, 974 MiB
2026/10/09 02:05:46.848, 0, GPU-6c849b47-7111-9265-9d42-ff8eddc05a2d, 100 %, 0 %, 70, 2745 MHz, 10251 MHz, 483.11 W, 480.00 W, 974 MiB
2026/10/09 02:05:46.848, 1, GPU-81ac6e96-0bfe-390d-beb1-241466569d6b, 100 %, 0 %, 65, 2640 MHz, 10251 MHz, 498.65 W, 480.00 W, 974 MiB
2026/10/09 02:05:47.849, 0, GPU-6c849b47-7111-9265-9d42-ff8eddc05a2d, 100 %, 0 %, 56, 2775 MHz, 10251 MHz, 418.79 W, 480.00 W, 974 MiB
2026/10/09 02:05:47.849, 1, GPU-81ac6e96-0bfe-390d-beb1-241466569d6b, 100 %, 0 %, 66, 2625 MHz, 10251 MHz, 476.83 W, 480.00 W, 974 MiB
2026/10/09 02:05:48.849, 0, GPU-6c849b47-7111-9265-9d42-ff8eddc05a2d, 100 %, 0 %, 71, 2610 MHz, 10251 MHz, 457.53 W, 480.00 W, 974 MiB
2026/10/09 02:05:48.850, 1, GPU-81ac6e96-0bfe-390d-beb1-241466569d6b, 100 %, 0 %, 67, 2730 MHz, 10251 MHz, 442.87 W, 480.00 W, 974 MiB
2026/10/09 02:05:49.850, 0, GPU-6c849b47-7111-9265-9d42-ff8eddc05a2d, 100 %, 0 %, 71, 2595 MHz, 10251 MHz, 477.15 W, 480.00 W, 974 MiB
2026/10/09 02:05:49.851, 1, GPU-81ac6e96-0bfe-390d-beb1-241466569d6b, 100 %, 0 %, 66, 2685 MHz, 10251 MHz, 487.57 W, 480.00 W, 974 MiB
2026/10/09 02:05:50.851, 0, GPU-6c849b47-7111-9265-9d42-ff8eddc05a2d, 100 %, 0 %, 69, 2685 MHz, 10251 MHz, 437.92 W, 480.00 W, 974 MiB
2026/10/09 02:05:50.852, 1, GPU-81ac6e96-0bfe-390d-beb1-241466569d6b, 100 %, 0 %, 66, 2685 MHz, 10251 MHz, 478.20 W, 480.00 W, 974 MiB
2026/10/09 02:05:51.852, 0, GPU-6c849b47-7111-9265-9d42-ff8eddc05a2d, 100 %, 0 %, 71, 2640 MHz, 10251 MHz, 489.06 W, 480.00 W, 974 MiB
2026/10/09 02:05:51.852, 1, GPU-81ac6e96-0bfe-390d-beb1-241466569d6b, 100 %, 0 %, 67, 2745 MHz, 10251 MHz, 443.76 W, 480.00 W, 974 MiB
2026/10/09 02:05:52.884, 0, GPU-6c849b47-7111-9265-9d42-ff8eddc05a2d, 100 %, 0 %, 71, 2640 MHz, 10251 MHz, 478.22 W, 480.00 W, 974 MiB
2026/10/09 02:05:52.884, 1, GPU-81ac6e96-0bfe-390d-beb1-241466569d6b, 100 %, 0 %, 66, 2730 MHz, 10251 MHz, 481.50 W, 480.00 W, 974 MiB
2026/10/09 02:05:53.885, 0, GPU-6c849b47-7111-9265-9d42-ff8eddc05a2d, 100 %, 0 %, 72, 2715 MHz, 10251 MHz, 436.09 W, 480.00 W, 974 MiB
2026/10/09 02:05:53.885, 1, GPU-81ac6e96-0bfe-390d-beb1-241466569d6b, 100 %, 0 %, 63, 2775 MHz, 10251 MHz, 475.07 W, 480.00 W, 974 MiB
2026/10/09 02:05:54.885, 0, GPU-6c849b47-7111-9265-9d42-ff8eddc05a2d, 100 %, 0 %, 71, 2655 MHz, 10251 MHz, 489.70 W, 480.00 W, 974 MiB
2026/10/09 02:05:54.886, 1, GPU-81ac6e96-0bfe-390d-beb1-241466569d6b, 100 %, 0 %, 67, 2745 MHz, 10251 MHz, 446.17 W, 480.00 W, 974 MiB
2026/10/09 02:05:55.886, 0, GPU-6c849b47-7111-9265-9d42-ff8eddc05a2d, 100 %, 0 %, 71, 2655 MHz, 10251 MHz, 478.00 W, 480.00 W, 974 MiB
2026/10/09 02:05:55.887, 1, GPU-81ac6e96-0bfe-390d-beb1-241466569d6b, 100 %, 0 %, 66, 2730 MHz, 10251 MHz, 480.27 W, 480.00 W, 974 MiB
2026/10/09 02:05:56.887, 0, GPU-6c849b47-7111-9265-9d42-ff8eddc05a2d, 100 %, 0 %, 73, 2730 MHz, 10251 MHz, 438.43 W, 480.00 W, 974 MiB
2026/10/09 02:05:56.887, 1, GPU-81ac6e96-0bfe-390d-beb1-241466569d6b, 100 %, 0 %, 63, 2790 MHz, 10251 MHz, 418.39 W, 480.00 W, 974 MiB
2026/10/09 02:05:57.888, 0, GPU-6c849b47-7111-9265-9d42-ff8eddc05a2d, 100 %, 0 %, 72, 2715 MHz, 10251 MHz, 482.77 W, 480.00 W, 974 MiB
2026/10/09 02:05:57.888, 1, GPU-81ac6e96-0bfe-390d-beb1-241466569d6b, 100 %, 0 %, 65, 2700 MHz, 10251 MHz, 467.38 W, 480.00 W, 974 MiB
2026/10/09 02:05:58.889, 0, GPU-6c849b47-7111-9265-9d42-ff8eddc05a2d, 100 %, 0 %, 69, 2760 MHz, 10251 MHz, 476.22 W, 480.00 W, 974 MiB
2026/10/09 02:05:58.889, 1, GPU-81ac6e96-0bfe-390d-beb1-241466569d6b, 100 %, 0 %, 65, 2700 MHz, 10251 MHz, 476.55 W, 480.00 W, 974 MiB
2026/10/09 02:05:59.889, 0, GPU-6c849b47-7111-9265-9d42-ff8eddc05a2d, 100 %, 0 %, 73, 2745 MHz, 10251 MHz, 445.15 W, 480.00 W, 974 MiB
2026/10/09 02:05:59.890, 1, GPU-81ac6e96-0bfe-390d-beb1-241466569d6b, 100 %, 0 %, 66, 2760 MHz, 10251 MHz, 427.28 W, 480.00 W, 974 MiB
2026/10/09 02:06:00.890, 0, GPU-6c849b47-7111-9265-9d42-ff8eddc05a2d, 100 %, 0 %, 73, 2700 MHz, 10251 MHz, 481.23 W, 480.00 W, 974 MiB
2026/10/09 02:06:00.891, 1, GPU-81ac6e96-0bfe-390d-beb1-241466569d6b, 100 %, 0 %, 66, 2745 MHz, 10251 MHz, 481.33 W, 480.00 W, 974 MiB
2026/10/09 02:06:01.891, 0, GPU-6c849b47-7111-9265-9d42-ff8eddc05a2d, 100 %, 0 %, 68, 2775 MHz, 10251 MHz, 420.06 W, 480.00 W, 974 MiB
2026/10/09 02:06:01.892, 1, GPU-81ac6e96-0bfe-390d-beb1-241466569d6b, 100 %, 0 %, 65, 2775 MHz, 10251 MHz, 479.35 W, 480.00 W, 974 MiB
2026/10/09 02:06:02.892, 0, GPU-6c849b47-7111-9265-9d42-ff8eddc05a2d, 100 %, 0 %, 71, 2670 MHz, 10251 MHz, 463.56 W, 480.00 W, 974 MiB
2026/10/09 02:06:02.892, 1, GPU-81ac6e96-0bfe-390d-beb1-241466569d6b, 0 %, 0 %, 47, 2790 MHz, 10251 MHz, 204.98 W, 480.00 W, 974 MiB
2026/10/09 02:06:03.893, 0, GPU-6c849b47-7111-9265-9d42-ff8eddc05a2d, 100 %, 0 %, 71, 2670 MHz, 10251 MHz, 476.33 W, 480.00 W, 974 MiB
2026/10/09 02:06:03.893, 1, GPU-81ac6e96-0bfe-390d-beb1-241466569d6b, 100 %, 0 %, 53, 2790 MHz, 10251 MHz, 156.15 W, 480.00 W, 974 MiB
2026/10/09 02:06:04.894, 0, GPU-6c849b47-7111-9265-9d42-ff8eddc05a2d, 0 %, 0 %, 52, 2775 MHz, 10251 MHz, 322.03 W, 480.00 W, 974 MiB
2026/10/09 02:06:04.894, 1, GPU-81ac6e96-0bfe-390d-beb1-241466569d6b, 100 %, 0 %, 66, 2625 MHz, 10251 MHz, 455.13 W, 480.00 W, 974 MiB
2026/10/09 02:06:05.895, 0, GPU-6c849b47-7111-9265-9d42-ff8eddc05a2d, 0 %, 0 %, 49, 2775 MHz, 10251 MHz, 98.72 W, 480.00 W, 974 MiB
2026/10/09 02:06:05.895, 1, GPU-81ac6e96-0bfe-390d-beb1-241466569d6b, 100 %, 0 %, 66, 2625 MHz, 10251 MHz, 477.48 W, 480.00 W, 974 MiB
2026/10/09 02:06:06.895, 0, GPU-6c849b47-7111-9265-9d42-ff8eddc05a2d, 100 %, 0 %, 71, 2670 MHz, 10251 MHz, 367.78 W, 480.00 W, 974 MiB
2026/10/09 02:06:06.896, 1, GPU-81ac6e96-0bfe-390d-beb1-241466569d6b, 100 %, 0 %, 67, 2685 MHz, 10251 MHz, 406.30 W, 480.00 W, 974 MiB
2026/10/09 02:06:07.896, 0, GPU-6c849b47-7111-9265-9d42-ff8eddc05a2d, 100 %, 0 %, 72, 2715 MHz, 10251 MHz, 480.09 W, 480.00 W, 974 MiB
2026/10/09 02:06:07.897, 1, GPU-81ac6e96-0bfe-390d-beb1-241466569d6b, 100 %, 0 %, 67, 2685 MHz, 10251 MHz, 482.34 W, 480.00 W, 974 MiB
2026/10/09 02:06:08.897, 0, GPU-6c849b47-7111-9265-9d42-ff8eddc05a2d, 100 %, 0 %, 69, 2670 MHz, 10251 MHz, 411.39 W, 480.00 W, 974 MiB
2026/10/09 02:06:08.897, 1, GPU-81ac6e96-0bfe-390d-beb1-241466569d6b, 100 %, 0 %, 67, 2700 MHz, 10251 MHz, 479.77 W, 480.00 W, 974 MiB
2026/10/09 02:06:09.898, 0, GPU-6c849b47-7111-9265-9d42-ff8eddc05a2d, 100 %, 0 %, 71, 2610 MHz, 10251 MHz, 495.47 W, 480.00 W, 974 MiB
2026/10/09 02:06:09.898, 1, GPU-81ac6e96-0bfe-390d-beb1-241466569d6b, 100 %, 0 %, 68, 2715 MHz, 10251 MHz, 455.13 W, 480.00 W, 974 MiB
2026/10/09 02:06:10.899, 0, GPU-6c849b47-7111-9265-9d42-ff8eddc05a2d, 100 %, 0 %, 71, 2595 MHz, 10251 MHz, 477.55 W, 480.00 W, 974 MiB
2026/10/09 02:06:10.899, 1, GPU-81ac6e96-0bfe-390d-beb1-241466569d6b, 100 %, 0 %, 68, 2715 MHz, 10251 MHz, 482.33 W, 480.00 W, 974 MiB
2026/10/09 02:06:11.899, 0, GPU-6c849b47-7111-9265-9d42-ff8eddc05a2d, 100 %, 0 %, 72, 2700 MHz, 10251 MHz, 446.16 W, 480.00 W, 974 MiB
2026/10/09 02:06:11.900, 1, GPU-81ac6e96-0bfe-390d-beb1-241466569d6b, 100 %, 0 %, 64, 2775 MHz, 10251 MHz, 475.14 W, 480.00 W, 974 MiB
2026/10/09 02:06:12.900, 0, GPU-6c849b47-7111-9265-9d42-ff8eddc05a2d, 100 %, 0 %, 71, 2655 MHz, 10251 MHz, 491.24 W, 480.00 W, 974 MiB
2026/10/09 02:06:12.901, 1, GPU-81ac6e96-0bfe-390d-beb1-241466569d6b, 100 %, 0 %, 68, 2685 MHz, 10251 MHz, 454.16 W, 480.00 W, 974 MiB
2026/10/09 02:06:13.901, 0, GPU-6c849b47-7111-9265-9d42-ff8eddc05a2d, 100 %, 0 %, 71, 2640 MHz, 10251 MHz, 478.43 W, 480.00 W, 974 MiB
2026/10/09 02:06:13.901, 1, GPU-81ac6e96-0bfe-390d-beb1-241466569d6b, 100 %, 0 %, 68, 2700 MHz, 10251 MHz, 481.09 W, 480.00 W, 974 MiB
2026/10/09 02:06:14.902, 0, GPU-6c849b47-7111-9265-9d42-ff8eddc05a2d, 100 %, 0 %, 73, 2715 MHz, 10251 MHz, 444.02 W, 480.00 W, 974 MiB
2026/10/09 02:06:14.902, 1, GPU-81ac6e96-0bfe-390d-beb1-241466569d6b, 100 %, 0 %, 65, 2760 MHz, 10251 MHz, 423.80 W, 480.00 W, 974 MiB
2026/10/09 02:06:15.903, 0, GPU-6c849b47-7111-9265-9d42-ff8eddc05a2d, 100 %, 0 %, 71, 2715 MHz, 10251 MHz, 485.24 W, 480.00 W, 974 MiB
2026/10/09 02:06:15.903, 1, GPU-81ac6e96-0bfe-390d-beb1-241466569d6b, 100 %, 0 %, 67, 2685 MHz, 10251 MHz, 477.47 W, 480.00 W, 974 MiB
2026/10/09 02:06:16.904, 0, GPU-6c849b47-7111-9265-9d42-ff8eddc05a2d, 100 %, 0 %, 71, 2760 MHz, 10251 MHz, 478.47 W, 480.00 W, 974 MiB
2026/10/09 02:06:16.904, 1, GPU-81ac6e96-0bfe-390d-beb1-241466569d6b, 100 %, 0 %, 67, 2670 MHz, 10251 MHz, 477.40 W, 480.00 W, 974 MiB
2026/10/09 02:06:17.904, 0, GPU-6c849b47-7111-9265-9d42-ff8eddc05a2d, 100 %, 0 %, 73, 2730 MHz, 10251 MHz, 448.54 W, 480.00 W, 974 MiB
2026/10/09 02:06:17.905, 1, GPU-81ac6e96-0bfe-390d-beb1-241466569d6b, 100 %, 0 %, 68, 2760 MHz, 10251 MHz, 430.85 W, 480.00 W, 974 MiB
2026/10/09 02:06:18.905, 0, GPU-6c849b47-7111-9265-9d42-ff8eddc05a2d, 100 %, 0 %, 73, 2715 MHz, 10251 MHz, 481.40 W, 480.00 W, 974 MiB
2026/10/09 02:06:18.905, 1, GPU-81ac6e96-0bfe-390d-beb1-241466569d6b, 100 %, 0 %, 67, 2715 MHz, 10251 MHz, 484.81 W, 480.00 W, 974 MiB
2026/10/09 02:06:19.906, 0, GPU-6c849b47-7111-9265-9d42-ff8eddc05a2d, 100 %, 0 %, 64, 2760 MHz, 10251 MHz, 455.44 W, 480.00 W, 974 MiB
2026/10/09 02:06:19.906, 1, GPU-81ac6e96-0bfe-390d-beb1-241466569d6b, 100 %, 0 %, 67, 2760 MHz, 10251 MHz, 477.20 W, 480.00 W, 974 MiB
2026/10/09 02:06:20.907, 0, GPU-6c849b47-7111-9265-9d42-ff8eddc05a2d, 100 %, 0 %, 72, 2670 MHz, 10251 MHz, 453.89 W, 480.00 W, 974 MiB
2026/10/09 02:06:20.907, 1, GPU-81ac6e96-0bfe-390d-beb1-241466569d6b, 100 %, 0 %, 68, 2760 MHz, 10251 MHz, 437.42 W, 480.00 W, 974 MiB
2026/10/09 02:06:21.907, 0, GPU-6c849b47-7111-9265-9d42-ff8eddc05a2d, 100 %, 0 %, 72, 2670 MHz, 10251 MHz, 479.09 W, 480.00 W, 974 MiB
2026/10/09 02:06:21.908, 1, GPU-81ac6e96-0bfe-390d-beb1-241466569d6b, 100 %, 0 %, 68, 2745 MHz, 10251 MHz, 479.93 W, 480.00 W, 974 MiB
2026/10/09 02:06:22.908, 0, GPU-6c849b47-7111-9265-9d42-ff8eddc05a2d, 100 %, 0 %, 70, 2745 MHz, 10251 MHz, 424.20 W, 480.00 W, 974 MiB
2026/10/09 02:06:22.909, 1, GPU-81ac6e96-0bfe-390d-beb1-241466569d6b, 100 %, 0 %, 60, 2790 MHz, 10251 MHz, 454.08 W, 480.00 W, 974 MiB
2026/10/09 02:06:23.909, 0, GPU-6c849b47-7111-9265-9d42-ff8eddc05a2d, 100 %, 0 %, 71, 2685 MHz, 10251 MHz, 487.36 W, 480.00 W, 974 MiB
2026/10/09 02:06:23.910, 1, GPU-81ac6e96-0bfe-390d-beb1-241466569d6b, 0 %, 0 %, 48, 2805 MHz, 10251 MHz, 121.71 W, 480.00 W, 974 MiB
2026/10/09 02:06:24.910, 0, GPU-6c849b47-7111-9265-9d42-ff8eddc05a2d, 100 %, 0 %, 71, 2685 MHz, 10251 MHz, 477.01 W, 480.00 W, 974 MiB
2026/10/09 02:06:24.911, 1, GPU-81ac6e96-0bfe-390d-beb1-241466569d6b, 0 %, 0 %, 48, 2805 MHz, 10251 MHz, 87.10 W, 480.00 W, 974 MiB
2026/10/09 02:06:25.911, 0, GPU-6c849b47-7111-9265-9d42-ff8eddc05a2d, 0 %, 0 %, 51, 2775 MHz, 10251 MHz, 261.47 W, 480.00 W, 974 MiB
2026/10/09 02:06:25.912, 1, GPU-81ac6e96-0bfe-390d-beb1-241466569d6b, 0 %, 0 %, 47, 2625 MHz, 10251 MHz, 78.69 W, 480.00 W, 974 MiB
2026/10/09 02:06:26.912, 0, GPU-6c849b47-7111-9265-9d42-ff8eddc05a2d, 0 %, 0 %, 49, 2775 MHz, 10251 MHz, 98.52 W, 480.00 W, 974 MiB
2026/10/09 02:06:26.912, 1, GPU-81ac6e96-0bfe-390d-beb1-241466569d6b, 0 %, 0 %, 47, 2625 MHz, 10251 MHz, 77.78 W, 480.00 W, 974 MiB
2026/10/09 02:06:27.913, 0, GPU-6c849b47-7111-9265-9d42-ff8eddc05a2d, 0 %, 0 %, 49, 2775 MHz, 10251 MHz, 98.35 W, 480.00 W, 974 MiB
2026/10/09 02:06:27.913, 1, GPU-81ac6e96-0bfe-390d-beb1-241466569d6b, 0 %, 0 %, 47, 2625 MHz, 10251 MHz, 77.39 W, 480.00 W, 974 MiB
2026/10/09 02:06:28.914, 0, GPU-6c849b47-7111-9265-9d42-ff8eddc05a2d, 0 %, 0 %, 47, 2625 MHz, 10251 MHz, 89.14 W, 480.00 W, 974 MiB
2026/10/09 02:06:28.914, 1, GPU-81ac6e96-0bfe-390d-beb1-241466569d6b, 0 %, 0 %, 47, 2625 MHz, 10251 MHz, 76.76 W, 480.00 W, 974 MiB
2026/10/09 02:06:29.915, 0, GPU-6c849b47-7111-9265-9d42-ff8eddc05a2d, 0 %, 0 %, 47, 2625 MHz, 10251 MHz, 83.87 W, 480.00 W, 974 MiB
2026/10/09 02:06:29.915, 1, GPU-81ac6e96-0bfe-390d-beb1-241466569d6b, 0 %, 0 %, 47, 2625 MHz, 10251 MHz, 76.44 W, 480.00 W, 974 MiB
2026/10/09 02:06:30.916, 0, GPU-6c849b47-7111-9265-9d42-ff8eddc05a2d, 100 %, 0 %, 48, 2790 MHz, 10251 MHz, 108.60 W, 480.00 W, 974 MiB
2026/10/09 02:06:30.916, 1, GPU-81ac6e96-0bfe-390d-beb1-241466569d6b, 0 %, 0 %, 47, 2625 MHz, 10251 MHz, 76.34 W, 480.00 W, 974 MiB
2026/10/09 02:06:31.916, 0, GPU-6c849b47-7111-9265-9d42-ff8eddc05a2d, 100 %, 0 %, 48, 2790 MHz, 10251 MHz, 112.37 W, 480.00 W, 974 MiB
2026/10/09 02:06:31.917, 1, GPU-81ac6e96-0bfe-390d-beb1-241466569d6b, 0 %, 0 %, 47, 2625 MHz, 10251 MHz, 76.11 W, 480.00 W, 974 MiB
2026/10/09 02:06:32.917, 0, GPU-6c849b47-7111-9265-9d42-ff8eddc05a2d, 100 %, 0 %, 48, 2790 MHz, 10251 MHz, 112.27 W, 480.00 W, 974 MiB
2026/10/09 02:06:32.918, 1, GPU-81ac6e96-0bfe-390d-beb1-241466569d6b, 0 %, 0 %, 47, 2625 MHz, 10251 MHz, 75.91 W, 480.00 W, 974 MiB
2026/10/09 02:06:33.918, 0, GPU-6c849b47-7111-9265-9d42-ff8eddc05a2d, 100 %, 0 %, 67, 2730 MHz, 10251 MHz, 279.63 W, 480.00 W, 974 MiB
2026/10/09 02:06:33.918, 1, GPU-81ac6e96-0bfe-390d-beb1-241466569d6b, 0 %, 0 %, 47, 2625 MHz, 10251 MHz, 75.72 W, 480.00 W, 974 MiB
2026/10/09 02:06:34.920, 0, GPU-6c849b47-7111-9265-9d42-ff8eddc05a2d, 100 %, 0 %, 69, 2745 MHz, 10251 MHz, 485.07 W, 480.00 W, 974 MiB
2026/10/09 02:06:34.921, 1, GPU-81ac6e96-0bfe-390d-beb1-241466569d6b, 0 %, 0 %, 47, 2625 MHz, 10251 MHz, 75.83 W, 480.00 W, 974 MiB
2026/10/09 02:06:35.921, 0, GPU-6c849b47-7111-9265-9d42-ff8eddc05a2d, 100 %, 0 %, 60, 2775 MHz, 10251 MHz, 454.54 W, 480.00 W, 974 MiB
2026/10/09 02:06:35.921, 1, GPU-81ac6e96-0bfe-390d-beb1-241466569d6b, 0 %, 0 %, 47, 2625 MHz, 10251 MHz, 76.07 W, 480.00 W, 974 MiB
2026/10/09 02:06:36.922, 0, GPU-6c849b47-7111-9265-9d42-ff8eddc05a2d, 100 %, 0 %, 71, 2595 MHz, 10251 MHz, 447.11 W, 480.00 W, 974 MiB
2026/10/09 02:06:36.922, 1, GPU-81ac6e96-0bfe-390d-beb1-241466569d6b, 0 %, 0 %, 47, 2625 MHz, 10251 MHz, 75.99 W, 480.00 W, 974 MiB
2026/10/09 02:06:37.923, 0, GPU-6c849b47-7111-9265-9d42-ff8eddc05a2d, 100 %, 0 %, 72, 2610 MHz, 10251 MHz, 479.80 W, 480.00 W, 974 MiB
2026/10/09 02:06:37.923, 1, GPU-81ac6e96-0bfe-390d-beb1-241466569d6b, 0 %, 0 %, 46, 2625 MHz, 10251 MHz, 76.02 W, 480.00 W, 974 MiB
2026/10/09 02:06:38.924, 0, GPU-6c849b47-7111-9265-9d42-ff8eddc05a2d, 100 %, 0 %, 69, 2700 MHz, 10251 MHz, 439.74 W, 480.00 W, 974 MiB
2026/10/09 02:06:38.924, 1, GPU-81ac6e96-0bfe-390d-beb1-241466569d6b, 0 %, 0 %, 46, 2625 MHz, 10251 MHz, 75.88 W, 480.00 W, 974 MiB
2026/10/09 02:06:39.924, 0, GPU-6c849b47-7111-9265-9d42-ff8eddc05a2d, 100 %, 0 %, 71, 2625 MHz, 10251 MHz, 474.78 W, 480.00 W, 974 MiB
2026/10/09 02:06:39.925, 1, GPU-81ac6e96-0bfe-390d-beb1-241466569d6b, 0 %, 0 %, 46, 2625 MHz, 10251 MHz, 75.45 W, 480.00 W, 974 MiB
2026/10/09 02:06:40.925, 0, GPU-6c849b47-7111-9265-9d42-ff8eddc05a2d, 100 %, 0 %, 71, 2640 MHz, 10251 MHz, 477.46 W, 480.00 W, 974 MiB
2026/10/09 02:06:40.926, 1, GPU-81ac6e96-0bfe-390d-beb1-241466569d6b, 0 %, 0 %, 45, 465 MHz, 810 MHz, 69.45 W, 480.00 W, 974 MiB
2026/10/09 02:06:41.926, 0, GPU-6c849b47-7111-9265-9d42-ff8eddc05a2d, 100 %, 0 %, 71, 2715 MHz, 10251 MHz, 434.94 W, 480.00 W, 974 MiB
2026/10/09 02:06:41.927, 1, GPU-81ac6e96-0bfe-390d-beb1-241466569d6b, 0 %, 0 %, 45, 285 MHz, 405 MHz, 49.80 W, 480.00 W, 974 MiB
2026/10/09 02:06:42.927, 0, GPU-6c849b47-7111-9265-9d42-ff8eddc05a2d, 100 %, 0 %, 71, 2655 MHz, 10251 MHz, 490.76 W, 480.00 W, 974 MiB
2026/10/09 02:06:42.927, 1, GPU-81ac6e96-0bfe-390d-beb1-241466569d6b, 0 %, 0 %, 45, 210 MHz, 405 MHz, 34.30 W, 480.00 W, 974 MiB
2026/10/09 02:06:43.928, 0, GPU-6c849b47-7111-9265-9d42-ff8eddc05a2d, 100 %, 0 %, 71, 2655 MHz, 10251 MHz, 478.26 W, 480.00 W, 974 MiB
2026/10/09 02:06:43.928, 1, GPU-81ac6e96-0bfe-390d-beb1-241466569d6b, 0 %, 0 %, 45, 210 MHz, 405 MHz, 32.61 W, 480.00 W, 974 MiB
2026/10/09 02:06:44.929, 0, GPU-6c849b47-7111-9265-9d42-ff8eddc05a2d, 100 %, 0 %, 73, 2730 MHz, 10251 MHz, 444.81 W, 480.00 W, 974 MiB
2026/10/09 02:06:44.929, 1, GPU-81ac6e96-0bfe-390d-beb1-241466569d6b, 0 %, 0 %, 44, 210 MHz, 405 MHz, 32.58 W, 480.00 W, 974 MiB
2026/10/09 02:06:45.930, 0, GPU-6c849b47-7111-9265-9d42-ff8eddc05a2d, 100 %, 0 %, 72, 2715 MHz, 10251 MHz, 481.77 W, 480.00 W, 974 MiB
2026/10/09 02:06:45.930, 1, GPU-81ac6e96-0bfe-390d-beb1-241466569d6b, 0 %, 0 %, 44, 210 MHz, 405 MHz, 32.53 W, 480.00 W, 974 MiB
2026/10/09 02:06:46.930, 0, GPU-6c849b47-7111-9265-9d42-ff8eddc05a2d, 100 %, 0 %, 71, 2760 MHz, 10251 MHz, 473.55 W, 480.00 W, 974 MiB
2026/10/09 02:06:46.931, 1, GPU-81ac6e96-0bfe-390d-beb1-241466569d6b, 0 %, 0 %, 44, 210 MHz, 405 MHz, 32.52 W, 480.00 W, 974 MiB
2026/10/09 02:06:47.931, 0, GPU-6c849b47-7111-9265-9d42-ff8eddc05a2d, 100 %, 0 %, 73, 2745 MHz, 10251 MHz, 444.32 W, 480.00 W, 974 MiB
2026/10/09 02:06:47.932, 1, GPU-81ac6e96-0bfe-390d-beb1-241466569d6b, 0 %, 0 %, 44, 210 MHz, 405 MHz, 32.52 W, 480.00 W, 974 MiB
2026/10/09 02:06:48.932, 0, GPU-6c849b47-7111-9265-9d42-ff8eddc05a2d, 100 %, 0 %, 73, 2715 MHz, 10251 MHz, 481.17 W, 480.00 W, 974 MiB
2026/10/09 02:06:48.933, 1, GPU-81ac6e96-0bfe-390d-beb1-241466569d6b, 0 %, 0 %, 44, 210 MHz, 405 MHz, 32.60 W, 480.00 W, 974 MiB
2026/10/09 02:06:49.933, 0, GPU-6c849b47-7111-9265-9d42-ff8eddc05a2d, 100 %, 0 %, 62, 2760 MHz, 10251 MHz, 419.50 W, 480.00 W, 974 MiB
2026/10/09 02:06:49.934, 1, GPU-81ac6e96-0bfe-390d-beb1-241466569d6b, 0 %, 0 %, 44, 210 MHz, 405 MHz, 32.54 W, 480.00 W, 974 MiB
2026/10/09 02:06:50.934, 0, GPU-6c849b47-7111-9265-9d42-ff8eddc05a2d, 100 %, 0 %, 71, 2670 MHz, 10251 MHz, 469.79 W, 480.00 W, 974 MiB
2026/10/09 02:06:50.935, 1, GPU-81ac6e96-0bfe-390d-beb1-241466569d6b, 0 %, 0 %, 44, 210 MHz, 405 MHz, 32.48 W, 480.00 W, 974 MiB
2026/10/09 02:06:51.935, 0, GPU-6c849b47-7111-9265-9d42-ff8eddc05a2d, 100 %, 0 %, 72, 2670 MHz, 10251 MHz, 477.30 W, 480.00 W, 974 MiB
2026/10/09 02:06:51.935, 1, GPU-81ac6e96-0bfe-390d-beb1-241466569d6b, 0 %, 0 %, 44, 210 MHz, 405 MHz, 32.51 W, 480.00 W, 974 MiB
2026/10/09 02:06:52.936, 0, GPU-6c849b47-7111-9265-9d42-ff8eddc05a2d, 0 %, 0 %, 53, 2775 MHz, 10251 MHz, 309.96 W, 480.00 W, 974 MiB
2026/10/09 02:06:52.936, 1, GPU-81ac6e96-0bfe-390d-beb1-241466569d6b, 0 %, 0 %, 44, 210 MHz, 405 MHz, 32.38 W, 480.00 W, 974 MiB
2026/10/09 02:06:53.937, 0, GPU-6c849b47-7111-9265-9d42-ff8eddc05a2d, 0 %, 0 %, 49, 2775 MHz, 10251 MHz, 98.42 W, 480.00 W, 974 MiB
2026/10/09 02:06:53.937, 1, GPU-81ac6e96-0bfe-390d-beb1-241466569d6b, 0 %, 0 %, 43, 210 MHz, 405 MHz, 32.14 W, 480.00 W, 974 MiB
2026/10/09 02:06:54.938, 0, GPU-6c849b47-7111-9265-9d42-ff8eddc05a2d, 100 %, 0 %, 55, 2625 MHz, 10251 MHz, 116.18 W, 480.00 W, 974 MiB
2026/10/09 02:06:54.938, 1, GPU-81ac6e96-0bfe-390d-beb1-241466569d6b, 0 %, 0 %, 43, 210 MHz, 405 MHz, 32.03 W, 480.00 W, 974 MiB
2026/10/09 02:06:55.939, 0, GPU-6c849b47-7111-9265-9d42-ff8eddc05a2d, 100 %, 0 %, 72, 2685 MHz, 10251 MHz, 433.89 W, 480.00 W, 974 MiB
2026/10/09 02:06:55.939, 1, GPU-81ac6e96-0bfe-390d-beb1-241466569d6b, 0 %, 0 %, 43, 210 MHz, 405 MHz, 32.12 W, 480.00 W, 974 MiB
2026/10/09 02:06:56.940, 0, GPU-6c849b47-7111-9265-9d42-ff8eddc05a2d, 100 %, 0 %, 73, 2670 MHz, 10251 MHz, 482.41 W, 480.00 W, 974 MiB
2026/10/09 02:06:56.940, 1, GPU-81ac6e96-0bfe-390d-beb1-241466569d6b, 0 %, 0 %, 43, 210 MHz, 405 MHz, 31.95 W, 480.00 W, 974 MiB
2026/10/09 02:06:57.940, 0, GPU-6c849b47-7111-9265-9d42-ff8eddc05a2d, 100 %, 0 %, 70, 2670 MHz, 10251 MHz, 415.50 W, 480.00 W, 974 MiB
2026/10/09 02:06:57.941, 1, GPU-81ac6e96-0bfe-390d-beb1-241466569d6b, 0 %, 0 %, 43, 210 MHz, 405 MHz, 31.74 W, 480.00 W, 974 MiB
2026/10/09 02:06:58.942, 0, GPU-6c849b47-7111-9265-9d42-ff8eddc05a2d, 100 %, 0 %, 71, 2610 MHz, 10251 MHz, 490.73 W, 480.00 W, 974 MiB
2026/10/09 02:06:58.942, 1, GPU-81ac6e96-0bfe-390d-beb1-241466569d6b, 0 %, 0 %, 43, 210 MHz, 405 MHz, 31.97 W, 480.00 W, 974 MiB
2026/10/09 02:06:59.943, 0, GPU-6c849b47-7111-9265-9d42-ff8eddc05a2d, 100 %, 0 %, 71, 2595 MHz, 10251 MHz, 477.39 W, 480.00 W, 974 MiB
2026/10/09 02:06:59.943, 1, GPU-81ac6e96-0bfe-390d-beb1-241466569d6b, 0 %, 0 %, 43, 210 MHz, 405 MHz, 32.36 W, 480.00 W, 974 MiB
2026/10/09 02:07:00.944, 0, GPU-6c849b47-7111-9265-9d42-ff8eddc05a2d, 100 %, 0 %, 72, 2700 MHz, 10251 MHz, 454.06 W, 480.00 W, 974 MiB
2026/10/09 02:07:00.944, 1, GPU-81ac6e96-0bfe-390d-beb1-241466569d6b, 0 %, 0 %, 43, 210 MHz, 405 MHz, 32.40 W, 480.00 W, 974 MiB
2026/10/09 02:07:01.945, 0, GPU-6c849b47-7111-9265-9d42-ff8eddc05a2d, 100 %, 0 %, 71, 2670 MHz, 10251 MHz, 484.38 W, 480.00 W, 974 MiB
2026/10/09 02:07:01.945, 1, GPU-81ac6e96-0bfe-390d-beb1-241466569d6b, 0 %, 0 %, 43, 210 MHz, 405 MHz, 32.33 W, 480.00 W, 974 MiB
2026/10/09 02:07:02.946, 0, GPU-6c849b47-7111-9265-9d42-ff8eddc05a2d, 100 %, 0 %, 71, 2655 MHz, 10251 MHz, 479.29 W, 480.00 W, 974 MiB
2026/10/09 02:07:02.946, 1, GPU-81ac6e96-0bfe-390d-beb1-241466569d6b, 0 %, 0 %, 43, 210 MHz, 405 MHz, 32.37 W, 480.00 W, 974 MiB
2026/10/09 02:07:03.947, 0, GPU-6c849b47-7111-9265-9d42-ff8eddc05a2d, 100 %, 0 %, 73, 2715 MHz, 10251 MHz, 451.02 W, 480.00 W, 974 MiB
2026/10/09 02:07:03.947, 1, GPU-81ac6e96-0bfe-390d-beb1-241466569d6b, 0 %, 0 %, 43, 210 MHz, 405 MHz, 32.33 W, 480.00 W, 974 MiB
2026/10/09 02:07:04.948, 0, GPU-6c849b47-7111-9265-9d42-ff8eddc05a2d, 100 %, 0 %, 73, 2715 MHz, 10251 MHz, 482.12 W, 480.00 W, 974 MiB
2026/10/09 02:07:04.948, 1, GPU-81ac6e96-0bfe-390d-beb1-241466569d6b, 0 %, 0 %, 42, 210 MHz, 405 MHz, 32.26 W, 480.00 W, 974 MiB
2026/10/09 02:07:05.948, 0, GPU-6c849b47-7111-9265-9d42-ff8eddc05a2d, 100 %, 0 %, 70, 2760 MHz, 10251 MHz, 468.48 W, 480.00 W, 974 MiB
2026/10/09 02:07:05.949, 1, GPU-81ac6e96-0bfe-390d-beb1-241466569d6b, 0 %, 0 %, 42, 210 MHz, 405 MHz, 32.19 W, 480.00 W, 974 MiB
2026/10/09 02:07:06.949, 0, GPU-6c849b47-7111-9265-9d42-ff8eddc05a2d, 100 %, 0 %, 73, 2655 MHz, 10251 MHz, 458.05 W, 480.00 W, 974 MiB
2026/10/09 02:07:06.950, 1, GPU-81ac6e96-0bfe-390d-beb1-241466569d6b, 0 %, 0 %, 42, 210 MHz, 405 MHz, 32.20 W, 480.00 W, 974 MiB
2026/10/09 02:07:07.950, 0, GPU-6c849b47-7111-9265-9d42-ff8eddc05a2d, 100 %, 0 %, 73, 2685 MHz, 10251 MHz, 479.05 W, 480.00 W, 974 MiB
2026/10/09 02:07:07.950, 1, GPU-81ac6e96-0bfe-390d-beb1-241466569d6b, 0 %, 0 %, 42, 210 MHz, 405 MHz, 32.19 W, 480.00 W, 974 MiB
2026/10/09 02:07:08.951, 0, GPU-6c849b47-7111-9265-9d42-ff8eddc05a2d, 100 %, 0 %, 62, 2745 MHz, 10251 MHz, 425.32 W, 480.00 W, 974 MiB
2026/10/09 02:07:08.951, 1, GPU-81ac6e96-0bfe-390d-beb1-241466569d6b, 0 %, 0 %, 42, 210 MHz, 405 MHz, 32.17 W, 480.00 W, 974 MiB
2026/10/09 02:07:09.952, 0, GPU-6c849b47-7111-9265-9d42-ff8eddc05a2d, 100 %, 0 %, 71, 2655 MHz, 10251 MHz, 479.59 W, 480.00 W, 974 MiB
2026/10/09 02:07:09.952, 1, GPU-81ac6e96-0bfe-390d-beb1-241466569d6b, 0 %, 0 %, 42, 210 MHz, 405 MHz, 32.26 W, 480.00 W, 974 MiB
2026/10/09 02:07:10.953, 0, GPU-6c849b47-7111-9265-9d42-ff8eddc05a2d, 100 %, 0 %, 72, 2655 MHz, 10251 MHz, 476.76 W, 480.00 W, 974 MiB
2026/10/09 02:07:10.953, 1, GPU-81ac6e96-0bfe-390d-beb1-241466569d6b, 0 %, 0 %, 42, 210 MHz, 405 MHz, 32.18 W, 480.00 W, 974 MiB
2026/10/09 02:07:11.953, 0, GPU-6c849b47-7111-9265-9d42-ff8eddc05a2d, 100 %, 0 %, 71, 2745 MHz, 10251 MHz, 428.68 W, 480.00 W, 974 MiB
2026/10/09 02:07:11.954, 1, GPU-81ac6e96-0bfe-390d-beb1-241466569d6b, 0 %, 0 %, 42, 210 MHz, 405 MHz, 32.02 W, 480.00 W, 974 MiB
2026/10/09 02:07:12.954, 0, GPU-6c849b47-7111-9265-9d42-ff8eddc05a2d, 100 %, 0 %, 72, 2730 MHz, 10251 MHz, 480.72 W, 480.00 W, 974 MiB
2026/10/09 02:07:12.955, 1, GPU-81ac6e96-0bfe-390d-beb1-241466569d6b, 0 %, 0 %, 42, 210 MHz, 405 MHz, 31.89 W, 480.00 W, 974 MiB
2026/10/09 02:07:13.955, 0, GPU-6c849b47-7111-9265-9d42-ff8eddc05a2d, 100 %, 0 %, 72, 2715 MHz, 10251 MHz, 479.25 W, 480.00 W, 974 MiB
2026/10/09 02:07:13.956, 1, GPU-81ac6e96-0bfe-390d-beb1-241466569d6b, 0 %, 0 %, 42, 210 MHz, 405 MHz, 31.80 W, 480.00 W, 974 MiB
2026/10/09 02:07:14.956, 0, GPU-6c849b47-7111-9265-9d42-ff8eddc05a2d, 0 %, 0 %, 51, 2775 MHz, 10251 MHz, 210.59 W, 480.00 W, 974 MiB
2026/10/09 02:07:14.957, 1, GPU-81ac6e96-0bfe-390d-beb1-241466569d6b, 0 %, 0 %, 42, 210 MHz, 405 MHz, 31.85 W, 480.00 W, 974 MiB
2026/10/09 02:07:15.957, 0, GPU-6c849b47-7111-9265-9d42-ff8eddc05a2d, 0 %, 0 %, 49, 2775 MHz, 10251 MHz, 97.97 W, 480.00 W, 974 MiB
2026/10/09 02:07:15.957, 1, GPU-81ac6e96-0bfe-390d-beb1-241466569d6b, 0 %, 0 %, 41, 210 MHz, 405 MHz, 31.99 W, 480.00 W, 974 MiB
2026/10/09 02:07:16.958, 0, GPU-6c849b47-7111-9265-9d42-ff8eddc05a2d, 100 %, 0 %, 55, 2775 MHz, 10251 MHz, 154.32 W, 480.00 W, 974 MiB
2026/10/09 02:07:16.958, 1, GPU-81ac6e96-0bfe-390d-beb1-241466569d6b, 0 %, 0 %, 41, 210 MHz, 405 MHz, 31.93 W, 480.00 W, 974 MiB
2026/10/09 02:07:17.959, 0, GPU-6c849b47-7111-9265-9d42-ff8eddc05a2d, 100 %, 0 %, 71, 2625 MHz, 10251 MHz, 454.35 W, 480.00 W, 974 MiB
2026/10/09 02:07:17.959, 1, GPU-81ac6e96-0bfe-390d-beb1-241466569d6b, 0 %, 0 %, 41, 210 MHz, 405 MHz, 31.90 W, 480.00 W, 974 MiB
2026/10/09 02:07:18.960, 0, GPU-6c849b47-7111-9265-9d42-ff8eddc05a2d, 100 %, 0 %, 72, 2610 MHz, 10251 MHz, 475.33 W, 480.00 W, 974 MiB
2026/10/09 02:07:18.960, 1, GPU-81ac6e96-0bfe-390d-beb1-241466569d6b, 0 %, 0 %, 41, 210 MHz, 405 MHz, 31.98 W, 480.00 W, 974 MiB
2026/10/09 02:07:19.961, 0, GPU-6c849b47-7111-9265-9d42-ff8eddc05a2d, 100 %, 0 %, 72, 2670 MHz, 10251 MHz, 408.92 W, 480.00 W, 974 MiB
2026/10/09 02:07:19.961, 1, GPU-81ac6e96-0bfe-390d-beb1-241466569d6b, 0 %, 0 %, 41, 210 MHz, 405 MHz, 31.99 W, 480.00 W, 974 MiB
2026/10/09 02:07:20.961, 0, GPU-6c849b47-7111-9265-9d42-ff8eddc05a2d, 100 %, 0 %, 72, 2655 MHz, 10251 MHz, 481.66 W, 480.00 W, 974 MiB
2026/10/09 02:07:20.962, 1, GPU-81ac6e96-0bfe-390d-beb1-241466569d6b, 0 %, 0 %, 41, 210 MHz, 405 MHz, 31.88 W, 480.00 W, 974 MiB
2026/10/09 02:07:21.962, 0, GPU-6c849b47-7111-9265-9d42-ff8eddc05a2d, 100 %, 0 %, 72, 2670 MHz, 10251 MHz, 480.54 W, 480.00 W, 974 MiB
2026/10/09 02:07:21.963, 1, GPU-81ac6e96-0bfe-390d-beb1-241466569d6b, 0 %, 0 %, 41, 210 MHz, 405 MHz, 31.82 W, 480.00 W, 974 MiB
2026/10/09 02:07:22.963, 0, GPU-6c849b47-7111-9265-9d42-ff8eddc05a2d, 100 %, 0 %, 73, 2715 MHz, 10251 MHz, 460.21 W, 480.00 W, 974 MiB
2026/10/09 02:07:22.964, 1, GPU-81ac6e96-0bfe-390d-beb1-241466569d6b, 0 %, 0 %, 41, 210 MHz, 405 MHz, 31.99 W, 480.00 W, 974 MiB
2026/10/09 02:07:23.995, 0, GPU-6c849b47-7111-9265-9d42-ff8eddc05a2d, 100 %, 0 %, 73, 2700 MHz, 10251 MHz, 482.48 W, 480.00 W, 974 MiB
2026/10/09 02:07:23.996, 1, GPU-81ac6e96-0bfe-390d-beb1-241466569d6b, 0 %, 0 %, 41, 210 MHz, 405 MHz, 32.22 W, 480.00 W, 974 MiB
2026/10/09 02:07:24.996, 0, GPU-6c849b47-7111-9265-9d42-ff8eddc05a2d, 100 %, 0 %, 70, 2760 MHz, 10251 MHz, 466.11 W, 480.00 W, 974 MiB
2026/10/09 02:07:24.997, 1, GPU-81ac6e96-0bfe-390d-beb1-241466569d6b, 0 %, 0 %, 41, 210 MHz, 405 MHz, 32.29 W, 480.00 W, 974 MiB
2026/10/09 02:07:25.997, 0, GPU-6c849b47-7111-9265-9d42-ff8eddc05a2d, 100 %, 0 %, 73, 2640 MHz, 10251 MHz, 457.99 W, 480.00 W, 974 MiB
2026/10/09 02:07:25.998, 1, GPU-81ac6e96-0bfe-390d-beb1-241466569d6b, 0 %, 0 %, 41, 210 MHz, 405 MHz, 32.21 W, 480.00 W, 974 MiB
2026/10/09 02:07:26.998, 0, GPU-6c849b47-7111-9265-9d42-ff8eddc05a2d, 100 %, 0 %, 73, 2670 MHz, 10251 MHz, 479.67 W, 480.00 W, 974 MiB
2026/10/09 02:07:26.999, 1, GPU-81ac6e96-0bfe-390d-beb1-241466569d6b, 0 %, 0 %, 41, 210 MHz, 405 MHz, 32.08 W, 480.00 W, 974 MiB
2026/10/09 02:07:27.999, 0, GPU-6c849b47-7111-9265-9d42-ff8eddc05a2d, 100 %, 0 %, 61, 2730 MHz, 10251 MHz, 428.93 W, 480.00 W, 974 MiB
2026/10/09 02:07:28.000, 1, GPU-81ac6e96-0bfe-390d-beb1-241466569d6b, 0 %, 0 %, 41, 210 MHz, 405 MHz, 31.96 W, 480.00 W, 974 MiB
2026/10/09 02:07:29.000, 0, GPU-6c849b47-7111-9265-9d42-ff8eddc05a2d, 100 %, 0 %, 72, 2655 MHz, 10251 MHz, 480.11 W, 480.00 W, 974 MiB
2026/10/09 02:07:29.000, 1, GPU-81ac6e96-0bfe-390d-beb1-241466569d6b, 0 %, 0 %, 41, 210 MHz, 405 MHz, 31.77 W, 480.00 W, 974 MiB
2026/10/09 02:07:30.001, 0, GPU-6c849b47-7111-9265-9d42-ff8eddc05a2d, 100 %, 0 %, 72, 2655 MHz, 10251 MHz, 476.77 W, 480.00 W, 974 MiB
2026/10/09 02:07:30.001, 1, GPU-81ac6e96-0bfe-390d-beb1-241466569d6b, 0 %, 0 %, 40, 210 MHz, 405 MHz, 31.67 W, 480.00 W, 974 MiB
2026/10/09 02:07:31.002, 0, GPU-6c849b47-7111-9265-9d42-ff8eddc05a2d, 100 %, 0 %, 71, 2730 MHz, 10251 MHz, 429.64 W, 480.00 W, 974 MiB
2026/10/09 02:07:31.002, 1, GPU-81ac6e96-0bfe-390d-beb1-241466569d6b, 0 %, 0 %, 40, 210 MHz, 405 MHz, 31.72 W, 480.00 W, 974 MiB
2026/10/09 02:07:32.003, 0, GPU-6c849b47-7111-9265-9d42-ff8eddc05a2d, 100 %, 0 %, 71, 2685 MHz, 10251 MHz, 484.71 W, 480.00 W, 974 MiB
2026/10/09 02:07:32.004, 1, GPU-81ac6e96-0bfe-390d-beb1-241466569d6b, 0 %, 0 %, 40, 210 MHz, 405 MHz, 31.81 W, 480.00 W, 974 MiB
2026/10/09 02:07:33.004, 0, GPU-6c849b47-7111-9265-9d42-ff8eddc05a2d, 100 %, 0 %, 71, 2685 MHz, 10251 MHz, 477.56 W, 480.00 W, 974 MiB
2026/10/09 02:07:33.005, 1, GPU-81ac6e96-0bfe-390d-beb1-241466569d6b, 0 %, 0 %, 40, 210 MHz, 405 MHz, 32.08 W, 480.00 W, 974 MiB
2026/10/09 02:07:34.005, 0, GPU-6c849b47-7111-9265-9d42-ff8eddc05a2d, 100 %, 0 %, 72, 2745 MHz, 10251 MHz, 434.81 W, 480.00 W, 974 MiB
2026/10/09 02:07:34.006, 1, GPU-81ac6e96-0bfe-390d-beb1-241466569d6b, 0 %, 0 %, 40, 210 MHz, 405 MHz, 32.24 W, 480.00 W, 974 MiB
2026/10/09 02:07:35.007, 0, GPU-6c849b47-7111-9265-9d42-ff8eddc05a2d, 100 %, 0 %, 73, 2715 MHz, 10251 MHz, 480.15 W, 480.00 W, 974 MiB
2026/10/09 02:07:35.007, 1, GPU-81ac6e96-0bfe-390d-beb1-241466569d6b, 0 %, 0 %, 40, 210 MHz, 405 MHz, 32.21 W, 480.00 W, 974 MiB
2026/10/09 02:07:36.008, 0, GPU-6c849b47-7111-9265-9d42-ff8eddc05a2d, 100 %, 0 %, 69, 2760 MHz, 10251 MHz, 457.79 W, 480.00 W, 974 MiB
2026/10/09 02:07:36.008, 1, GPU-81ac6e96-0bfe-390d-beb1-241466569d6b, 0 %, 0 %, 40, 210 MHz, 405 MHz, 31.97 W, 480.00 W, 974 MiB
2026/10/09 02:07:37.009, 0, GPU-6c849b47-7111-9265-9d42-ff8eddc05a2d, 0 %, 0 %, 50, 2775 MHz, 10251 MHz, 139.93 W, 480.00 W, 974 MiB
2026/10/09 02:07:37.009, 1, GPU-81ac6e96-0bfe-390d-beb1-241466569d6b, 0 %, 0 %, 40, 210 MHz, 405 MHz, 31.96 W, 480.00 W, 974 MiB
2026/10/09 02:07:38.009, 0, GPU-6c849b47-7111-9265-9d42-ff8eddc05a2d, 0 %, 0 %, 49, 2775 MHz, 10251 MHz, 98.29 W, 480.00 W, 974 MiB
2026/10/09 02:07:38.010, 1, GPU-81ac6e96-0bfe-390d-beb1-241466569d6b, 0 %, 0 %, 40, 210 MHz, 405 MHz, 31.89 W, 480.00 W, 974 MiB
2026/10/09 02:07:39.024, 0, GPU-6c849b47-7111-9265-9d42-ff8eddc05a2d, 100 %, 0 %, 63, 2775 MHz, 10251 MHz, 193.57 W, 480.00 W, 974 MiB
2026/10/09 02:07:39.024, 1, GPU-81ac6e96-0bfe-390d-beb1-241466569d6b, 0 %, 0 %, 40, 210 MHz, 405 MHz, 31.85 W, 480.00 W, 974 MiB
2026/10/09 02:07:40.025, 0, GPU-6c849b47-7111-9265-9d42-ff8eddc05a2d, 100 %, 0 %, 70, 2745 MHz, 10251 MHz, 478.73 W, 480.00 W, 974 MiB
2026/10/09 02:07:40.025, 1, GPU-81ac6e96-0bfe-390d-beb1-241466569d6b, 0 %, 0 %, 40, 210 MHz, 405 MHz, 31.97 W, 480.00 W, 974 MiB
2026/10/09 02:07:41.026, 0, GPU-6c849b47-7111-9265-9d42-ff8eddc05a2d, 100 %, 0 %, 70, 2760 MHz, 10251 MHz, 473.05 W, 480.00 W, 974 MiB
2026/10/09 02:07:41.026, 1, GPU-81ac6e96-0bfe-390d-beb1-241466569d6b, 0 %, 0 %, 40, 210 MHz, 405 MHz, 31.80 W, 480.00 W, 974 MiB
2026/10/09 02:07:42.027, 0, GPU-6c849b47-7111-9265-9d42-ff8eddc05a2d, 100 %, 0 %, 73, 2670 MHz, 10251 MHz, 425.86 W, 480.00 W, 974 MiB
2026/10/09 02:07:42.027, 1, GPU-81ac6e96-0bfe-390d-beb1-241466569d6b, 0 %, 0 %, 40, 210 MHz, 405 MHz, 31.84 W, 480.00 W, 974 MiB
2026/10/09 02:07:43.028, 0, GPU-6c849b47-7111-9265-9d42-ff8eddc05a2d, 100 %, 0 %, 73, 2655 MHz, 10251 MHz, 481.71 W, 480.00 W, 974 MiB
2026/10/09 02:07:43.028, 1, GPU-81ac6e96-0bfe-390d-beb1-241466569d6b, 0 %, 0 %, 40, 210 MHz, 405 MHz, 31.87 W, 480.00 W, 974 MiB
2026/10/09 02:07:44.029, 0, GPU-6c849b47-7111-9265-9d42-ff8eddc05a2d, 100 %, 0 %, 70, 2760 MHz, 10251 MHz, 470.30 W, 480.00 W, 974 MiB
2026/10/09 02:07:44.029, 1, GPU-81ac6e96-0bfe-390d-beb1-241466569d6b, 0 %, 0 %, 40, 210 MHz, 405 MHz, 31.69 W, 480.00 W, 974 MiB
2026/10/09 02:07:45.030, 0, GPU-6c849b47-7111-9265-9d42-ff8eddc05a2d, 100 %, 0 %, 73, 2625 MHz, 10251 MHz, 465.30 W, 480.00 W, 974 MiB
2026/10/09 02:07:45.030, 1, GPU-81ac6e96-0bfe-390d-beb1-241466569d6b, 0 %, 0 %, 40, 210 MHz, 405 MHz, 31.50 W, 480.00 W, 974 MiB
2026/10/09 02:07:46.031, 0, GPU-6c849b47-7111-9265-9d42-ff8eddc05a2d, 100 %, 0 %, 73, 2640 MHz, 10251 MHz, 478.84 W, 480.00 W, 974 MiB
2026/10/09 02:07:46.031, 1, GPU-81ac6e96-0bfe-390d-beb1-241466569d6b, 0 %, 0 %, 40, 210 MHz, 405 MHz, 31.44 W, 480.00 W, 974 MiB
2026/10/09 02:07:47.032, 0, GPU-6c849b47-7111-9265-9d42-ff8eddc05a2d, 100 %, 0 %, 64, 2715 MHz, 10251 MHz, 427.25 W, 480.00 W, 974 MiB
2026/10/09 02:07:47.032, 1, GPU-81ac6e96-0bfe-390d-beb1-241466569d6b, 0 %, 0 %, 39, 210 MHz, 405 MHz, 31.57 W, 480.00 W, 974 MiB
2026/10/09 02:07:48.033, 0, GPU-6c849b47-7111-9265-9d42-ff8eddc05a2d, 100 %, 0 %, 72, 2655 MHz, 10251 MHz, 481.73 W, 480.00 W, 974 MiB
2026/10/09 02:07:48.033, 1, GPU-81ac6e96-0bfe-390d-beb1-241466569d6b, 0 %, 0 %, 39, 210 MHz, 405 MHz, 31.73 W, 480.00 W, 974 MiB
2026/10/09 02:07:49.034, 0, GPU-6c849b47-7111-9265-9d42-ff8eddc05a2d, 100 %, 0 %, 72, 2655 MHz, 10251 MHz, 477.10 W, 480.00 W, 974 MiB
2026/10/09 02:07:49.034, 1, GPU-81ac6e96-0bfe-390d-beb1-241466569d6b, 0 %, 0 %, 39, 210 MHz, 405 MHz, 31.90 W, 480.00 W, 974 MiB
2026/10/09 02:07:50.035, 0, GPU-6c849b47-7111-9265-9d42-ff8eddc05a2d, 100 %, 0 %, 71, 2730 MHz, 10251 MHz, 432.27 W, 480.00 W, 974 MiB
2026/10/09 02:07:50.035, 1, GPU-81ac6e96-0bfe-390d-beb1-241466569d6b, 0 %, 0 %, 39, 210 MHz, 405 MHz, 32.05 W, 480.00 W, 974 MiB
2026/10/09 02:07:51.036, 0, GPU-6c849b47-7111-9265-9d42-ff8eddc05a2d, 100 %, 0 %, 71, 2670 MHz, 10251 MHz, 489.64 W, 480.00 W, 974 MiB
2026/10/09 02:07:51.036, 1, GPU-81ac6e96-0bfe-390d-beb1-241466569d6b, 0 %, 0 %, 39, 210 MHz, 405 MHz, 32.24 W, 480.00 W, 974 MiB
2026/10/09 02:07:52.036, 0, GPU-6c849b47-7111-9265-9d42-ff8eddc05a2d, 100 %, 0 %, 71, 2655 MHz, 10251 MHz, 477.32 W, 480.00 W, 974 MiB
2026/10/09 02:07:52.037, 1, GPU-81ac6e96-0bfe-390d-beb1-241466569d6b, 0 %, 0 %, 39, 210 MHz, 405 MHz, 32.37 W, 480.00 W, 974 MiB
2026/10/09 02:07:53.037, 0, GPU-6c849b47-7111-9265-9d42-ff8eddc05a2d, 100 %, 0 %, 73, 2730 MHz, 10251 MHz, 439.14 W, 480.00 W, 974 MiB
2026/10/09 02:07:53.038, 1, GPU-81ac6e96-0bfe-390d-beb1-241466569d6b, 0 %, 0 %, 39, 210 MHz, 405 MHz, 32.29 W, 480.00 W, 974 MiB
2026/10/09 02:07:54.038, 0, GPU-6c849b47-7111-9265-9d42-ff8eddc05a2d, 100 %, 0 %, 73, 2730 MHz, 10251 MHz, 481.20 W, 480.00 W, 974 MiB
2026/10/09 02:07:54.039, 1, GPU-81ac6e96-0bfe-390d-beb1-241466569d6b, 0 %, 0 %, 39, 210 MHz, 405 MHz, 32.19 W, 480.00 W, 974 MiB
2026/10/09 02:07:55.039, 0, GPU-6c849b47-7111-9265-9d42-ff8eddc05a2d, 100 %, 0 %, 71, 2760 MHz, 10251 MHz, 472.40 W, 480.00 W, 974 MiB
2026/10/09 02:07:55.040, 1, GPU-81ac6e96-0bfe-390d-beb1-241466569d6b, 0 %, 0 %, 39, 210 MHz, 405 MHz, 32.06 W, 480.00 W, 974 MiB
2026/10/09 02:07:56.040, 0, GPU-6c849b47-7111-9265-9d42-ff8eddc05a2d, 100 %, 0 %, 73, 2745 MHz, 10251 MHz, 440.59 W, 480.00 W, 974 MiB
2026/10/09 02:07:56.040, 1, GPU-81ac6e96-0bfe-390d-beb1-241466569d6b, 0 %, 0 %, 39, 210 MHz, 405 MHz, 31.85 W, 480.00 W, 974 MiB
2026/10/09 02:07:57.041, 0, GPU-6c849b47-7111-9265-9d42-ff8eddc05a2d, 100 %, 0 %, 73, 2715 MHz, 10251 MHz, 481.08 W, 480.00 W, 974 MiB
2026/10/09 02:07:57.041, 1, GPU-81ac6e96-0bfe-390d-beb1-241466569d6b, 0 %, 0 %, 39, 210 MHz, 405 MHz, 31.70 W, 480.00 W, 974 MiB
2026/10/09 02:07:58.042, 0, GPU-6c849b47-7111-9265-9d42-ff8eddc05a2d, 51 %, 0 %, 60, 2760 MHz, 10251 MHz, 405.95 W, 480.00 W, 974 MiB
2026/10/09 02:07:58.042, 1, GPU-81ac6e96-0bfe-390d-beb1-241466569d6b, 0 %, 0 %, 39, 210 MHz, 405 MHz, 31.91 W, 480.00 W, 974 MiB
2026/10/09 02:07:59.043, 0, GPU-6c849b47-7111-9265-9d42-ff8eddc05a2d, 0 %, 0 %, 50, 2775 MHz, 10251 MHz, 101.61 W, 480.00 W, 974 MiB
2026/10/09 02:07:59.044, 1, GPU-81ac6e96-0bfe-390d-beb1-241466569d6b, 0 %, 0 %, 39, 210 MHz, 405 MHz, 31.87 W, 480.00 W, 974 MiB
2026/10/09 02:08:00.044, 0, GPU-6c849b47-7111-9265-9d42-ff8eddc05a2d, 0 %, 0 %, 49, 2775 MHz, 10251 MHz, 97.90 W, 480.00 W, 974 MiB
2026/10/09 02:08:00.045, 1, GPU-81ac6e96-0bfe-390d-beb1-241466569d6b, 0 %, 0 %, 39, 210 MHz, 405 MHz, 31.75 W, 480.00 W, 974 MiB
2026/10/09 02:08:01.045, 0, GPU-6c849b47-7111-9265-9d42-ff8eddc05a2d, 0 %, 0 %, 48, 2625 MHz, 10251 MHz, 86.90 W, 480.00 W, 974 MiB
2026/10/09 02:08:01.046, 1, GPU-81ac6e96-0bfe-390d-beb1-241466569d6b, 0 %, 0 %, 39, 210 MHz, 405 MHz, 31.80 W, 480.00 W, 974 MiB
2026/10/09 02:08:02.046, 0, GPU-6c849b47-7111-9265-9d42-ff8eddc05a2d, 0 %, 0 %, 47, 2625 MHz, 10251 MHz, 84.96 W, 480.00 W, 974 MiB
2026/10/09 02:08:02.047, 1, GPU-81ac6e96-0bfe-390d-beb1-241466569d6b, 0 %, 0 %, 39, 210 MHz, 405 MHz, 31.65 W, 480.00 W, 974 MiB
2026/10/09 02:08:03.047, 0, GPU-6c849b47-7111-9265-9d42-ff8eddc05a2d, 0 %, 0 %, 47, 2625 MHz, 10251 MHz, 83.75 W, 480.00 W, 974 MiB
2026/10/09 02:08:03.048, 1, GPU-81ac6e96-0bfe-390d-beb1-241466569d6b, 0 %, 0 %, 39, 210 MHz, 405 MHz, 31.74 W, 480.00 W, 974 MiB
2026/10/09 02:08:04.048, 0, GPU-6c849b47-7111-9265-9d42-ff8eddc05a2d, 100 %, 0 %, 47, 2625 MHz, 10251 MHz, 84.00 W, 480.00 W, 974 MiB
2026/10/09 02:08:04.049, 1, GPU-81ac6e96-0bfe-390d-beb1-241466569d6b, 0 %, 0 %, 39, 210 MHz, 405 MHz, 31.89 W, 480.00 W, 974 MiB
2026/10/09 02:08:05.049, 0, GPU-6c849b47-7111-9265-9d42-ff8eddc05a2d, 100 %, 0 %, 48, 2790 MHz, 10251 MHz, 109.14 W, 480.00 W, 974 MiB
2026/10/09 02:08:05.049, 1, GPU-81ac6e96-0bfe-390d-beb1-241466569d6b, 0 %, 0 %, 39, 210 MHz, 405 MHz, 32.05 W, 480.00 W, 974 MiB
2026/10/09 02:08:06.050, 0, GPU-6c849b47-7111-9265-9d42-ff8eddc05a2d, 100 %, 0 %, 48, 2790 MHz, 10251 MHz, 112.26 W, 480.00 W, 974 MiB
2026/10/09 02:08:06.050, 1, GPU-81ac6e96-0bfe-390d-beb1-241466569d6b, 0 %, 0 %, 39, 210 MHz, 405 MHz, 32.33 W, 480.00 W, 974 MiB
2026/10/09 02:08:07.051, 0, GPU-6c849b47-7111-9265-9d42-ff8eddc05a2d, 100 %, 0 %, 48, 2790 MHz, 10251 MHz, 112.02 W, 480.00 W, 974 MiB
2026/10/09 02:08:07.051, 1, GPU-81ac6e96-0bfe-390d-beb1-241466569d6b, 0 %, 0 %, 39, 210 MHz, 405 MHz, 32.42 W, 480.00 W, 974 MiB
2026/10/09 02:08:08.052, 0, GPU-6c849b47-7111-9265-9d42-ff8eddc05a2d, 100 %, 0 %, 68, 2715 MHz, 10251 MHz, 328.70 W, 480.00 W, 974 MiB
2026/10/09 02:08:08.052, 1, GPU-81ac6e96-0bfe-390d-beb1-241466569d6b, 0 %, 0 %, 38, 210 MHz, 405 MHz, 32.40 W, 480.00 W, 974 MiB
2026/10/09 02:08:09.053, 0, GPU-6c849b47-7111-9265-9d42-ff8eddc05a2d, 100 %, 0 %, 70, 2760 MHz, 10251 MHz, 484.54 W, 480.00 W, 974 MiB
2026/10/09 02:08:09.054, 1, GPU-81ac6e96-0bfe-390d-beb1-241466569d6b, 0 %, 0 %, 38, 210 MHz, 405 MHz, 32.26 W, 480.00 W, 974 MiB
2026/10/09 02:08:10.054, 0, GPU-6c849b47-7111-9265-9d42-ff8eddc05a2d, 100 %, 0 %, 58, 2760 MHz, 10251 MHz, 417.11 W, 480.00 W, 974 MiB
2026/10/09 02:08:10.055, 1, GPU-81ac6e96-0bfe-390d-beb1-241466569d6b, 0 %, 0 %, 38, 210 MHz, 405 MHz, 32.16 W, 480.00 W, 974 MiB
2026/10/09 02:08:11.055, 0, GPU-6c849b47-7111-9265-9d42-ff8eddc05a2d, 100 %, 0 %, 71, 2610 MHz, 10251 MHz, 471.50 W, 480.00 W, 974 MiB
2026/10/09 02:08:11.056, 1, GPU-81ac6e96-0bfe-390d-beb1-241466569d6b, 0 %, 0 %, 38, 210 MHz, 405 MHz, 32.19 W, 480.00 W, 974 MiB
2026/10/09 02:08:12.056, 0, GPU-6c849b47-7111-9265-9d42-ff8eddc05a2d, 100 %, 0 %, 71, 2595 MHz, 10251 MHz, 476.96 W, 480.00 W, 974 MiB
2026/10/09 02:08:12.057, 1, GPU-81ac6e96-0bfe-390d-beb1-241466569d6b, 0 %, 0 %, 38, 210 MHz, 405 MHz, 32.22 W, 480.00 W, 974 MiB
2026/10/09 02:08:13.057, 0, GPU-6c849b47-7111-9265-9d42-ff8eddc05a2d, 100 %, 0 %, 69, 2715 MHz, 10251 MHz, 440.52 W, 480.00 W, 974 MiB
2026/10/09 02:08:13.058, 1, GPU-81ac6e96-0bfe-390d-beb1-241466569d6b, 0 %, 0 %, 38, 210 MHz, 405 MHz, 32.19 W, 480.00 W, 974 MiB
2026/10/09 02:08:14.058, 0, GPU-6c849b47-7111-9265-9d42-ff8eddc05a2d, 100 %, 0 %, 72, 2640 MHz, 10251 MHz, 494.71 W, 480.00 W, 974 MiB
2026/10/09 02:08:14.059, 1, GPU-81ac6e96-0bfe-390d-beb1-241466569d6b, 0 %, 0 %, 38, 210 MHz, 405 MHz, 32.21 W, 480.00 W, 974 MiB
2026/10/09 02:08:15.059, 0, GPU-6c849b47-7111-9265-9d42-ff8eddc05a2d, 100 %, 0 %, 72, 2640 MHz, 10251 MHz, 478.37 W, 480.00 W, 974 MiB
2026/10/09 02:08:15.060, 1, GPU-81ac6e96-0bfe-390d-beb1-241466569d6b, 0 %, 0 %, 38, 210 MHz, 405 MHz, 32.32 W, 480.00 W, 974 MiB
2026/10/09 02:08:16.060, 0, GPU-6c849b47-7111-9265-9d42-ff8eddc05a2d, 100 %, 0 %, 72, 2715 MHz, 10251 MHz, 440.04 W, 480.00 W, 974 MiB
2026/10/09 02:08:16.061, 1, GPU-81ac6e96-0bfe-390d-beb1-241466569d6b, 0 %, 0 %, 38, 210 MHz, 405 MHz, 32.41 W, 480.00 W, 974 MiB
2026/10/09 02:08:17.061, 0, GPU-6c849b47-7111-9265-9d42-ff8eddc05a2d, 100 %, 0 %, 71, 2655 MHz, 10251 MHz, 487.49 W, 480.00 W, 974 MiB
2026/10/09 02:08:17.061, 1, GPU-81ac6e96-0bfe-390d-beb1-241466569d6b, 0 %, 0 %, 38, 210 MHz, 405 MHz, 32.26 W, 480.00 W, 974 MiB
2026/10/09 02:08:18.062, 0, GPU-6c849b47-7111-9265-9d42-ff8eddc05a2d, 100 %, 0 %, 71, 2655 MHz, 10251 MHz, 478.10 W, 480.00 W, 974 MiB
2026/10/09 02:08:18.062, 1, GPU-81ac6e96-0bfe-390d-beb1-241466569d6b, 0 %, 0 %, 38, 210 MHz, 405 MHz, 32.01 W, 480.00 W, 974 MiB
2026/10/09 02:08:19.063, 0, GPU-6c849b47-7111-9265-9d42-ff8eddc05a2d, 100 %, 0 %, 73, 2715 MHz, 10251 MHz, 443.75 W, 480.00 W, 974 MiB
2026/10/09 02:08:19.063, 1, GPU-81ac6e96-0bfe-390d-beb1-241466569d6b, 0 %, 0 %, 38, 210 MHz, 405 MHz, 32.16 W, 480.00 W, 974 MiB
2026/10/09 02:08:20.063, 0, GPU-6c849b47-7111-9265-9d42-ff8eddc05a2d, 100 %, 0 %, 72, 2715 MHz, 10251 MHz, 481.86 W, 480.00 W, 974 MiB
2026/10/09 02:08:20.064, 1, GPU-81ac6e96-0bfe-390d-beb1-241466569d6b, 0 %, 0 %, 38, 210 MHz, 405 MHz, 32.21 W, 480.00 W, 974 MiB
2026/10/09 02:08:21.064, 0, GPU-6c849b47-7111-9265-9d42-ff8eddc05a2d, 100 %, 0 %, 70, 2760 MHz, 10251 MHz, 470.17 W, 480.00 W, 974 MiB
2026/10/09 02:08:21.065, 1, GPU-81ac6e96-0bfe-390d-beb1-241466569d6b, 0 %, 0 %, 38, 210 MHz, 405 MHz, 32.08 W, 480.00 W, 974 MiB
2026/10/09 02:08:22.065, 0, GPU-6c849b47-7111-9265-9d42-ff8eddc05a2d, 100 %, 0 %, 73, 2685 MHz, 10251 MHz, 449.32 W, 480.00 W, 974 MiB
2026/10/09 02:08:22.066, 1, GPU-81ac6e96-0bfe-390d-beb1-241466569d6b, 0 %, 0 %, 38, 210 MHz, 405 MHz, 32.05 W, 480.00 W, 974 MiB
2026/10/09 02:08:23.066, 0, GPU-6c849b47-7111-9265-9d42-ff8eddc05a2d, 100 %, 0 %, 73, 2685 MHz, 10251 MHz, 480.41 W, 480.00 W, 974 MiB
2026/10/09 02:08:23.067, 1, GPU-81ac6e96-0bfe-390d-beb1-241466569d6b, 0 %, 0 %, 38, 210 MHz, 405 MHz, 32.14 W, 480.00 W, 974 MiB
2026/10/09 02:08:24.067, 0, GPU-6c849b47-7111-9265-9d42-ff8eddc05a2d, 100 %, 0 %, 63, 2760 MHz, 10251 MHz, 419.04 W, 480.00 W, 974 MiB
2026/10/09 02:08:24.068, 1, GPU-81ac6e96-0bfe-390d-beb1-241466569d6b, 0 %, 0 %, 38, 210 MHz, 405 MHz, 32.01 W, 480.00 W, 974 MiB
2026/10/09 02:08:25.068, 0, GPU-6c849b47-7111-9265-9d42-ff8eddc05a2d, 100 %, 0 %, 71, 2670 MHz, 10251 MHz, 477.95 W, 480.00 W, 974 MiB
2026/10/09 02:08:25.069, 1, GPU-81ac6e96-0bfe-390d-beb1-241466569d6b, 0 %, 0 %, 38, 210 MHz, 405 MHz, 31.80 W, 480.00 W, 974 MiB
2026/10/09 02:08:26.069, 0, GPU-6c849b47-7111-9265-9d42-ff8eddc05a2d, 100 %, 0 %, 72, 2670 MHz, 10251 MHz, 476.57 W, 480.00 W, 974 MiB
2026/10/09 02:08:26.069, 1, GPU-81ac6e96-0bfe-390d-beb1-241466569d6b, 0 %, 0 %, 38, 210 MHz, 405 MHz, 31.75 W, 480.00 W, 974 MiB
2026/10/09 02:08:27.070, 0, GPU-6c849b47-7111-9265-9d42-ff8eddc05a2d, 0 %, 0 %, 53, 2775 MHz, 10251 MHz, 300.86 W, 480.00 W, 974 MiB
2026/10/09 02:08:27.070, 1, GPU-81ac6e96-0bfe-390d-beb1-241466569d6b, 0 %, 0 %, 38, 210 MHz, 405 MHz, 31.83 W, 480.00 W, 974 MiB
2026/10/09 02:08:28.071, 0, GPU-6c849b47-7111-9265-9d42-ff8eddc05a2d, 0 %, 0 %, 49, 2775 MHz, 10251 MHz, 98.39 W, 480.00 W, 974 MiB
2026/10/09 02:08:28.071, 1, GPU-81ac6e96-0bfe-390d-beb1-241466569d6b, 0 %, 0 %, 38, 210 MHz, 405 MHz, 31.84 W, 480.00 W, 974 MiB
2026/10/09 02:08:29.072, 0, GPU-6c849b47-7111-9265-9d42-ff8eddc05a2d, 100 %, 0 %, 71, 2685 MHz, 10251 MHz, 382.29 W, 480.00 W, 974 MiB
2026/10/09 02:08:29.072, 1, GPU-81ac6e96-0bfe-390d-beb1-241466569d6b, 0 %, 0 %, 38, 210 MHz, 405 MHz, 30.50 W, 480.00 W, 974 MiB
2026/10/09 02:08:30.073, 0, GPU-6c849b47-7111-9265-9d42-ff8eddc05a2d, 100 %, 0 %, 72, 2700 MHz, 10251 MHz, 480.04 W, 480.00 W, 974 MiB
2026/10/09 02:08:30.073, 1, GPU-81ac6e96-0bfe-390d-beb1-241466569d6b, 0 %, 0 %, 38, 210 MHz, 405 MHz, 28.54 W, 480.00 W, 974 MiB
2026/10/09 02:08:31.074, 0, GPU-6c849b47-7111-9265-9d42-ff8eddc05a2d, 100 %, 0 %, 68, 2670 MHz, 10251 MHz, 412.65 W, 480.00 W, 974 MiB
2026/10/09 02:08:31.074, 1, GPU-81ac6e96-0bfe-390d-beb1-241466569d6b, 0 %, 0 %, 39, 210 MHz, 405 MHz, 27.58 W, 480.00 W, 974 MiB
2026/10/09 02:08:32.075, 0, GPU-6c849b47-7111-9265-9d42-ff8eddc05a2d, 100 %, 0 %, 71, 2595 MHz, 10251 MHz, 496.93 W, 480.00 W, 974 MiB
2026/10/09 02:08:32.075, 1, GPU-81ac6e96-0bfe-390d-beb1-241466569d6b, 0 %, 0 %, 39, 210 MHz, 405 MHz, 27.34 W, 480.00 W, 974 MiB
2026/10/09 02:08:33.076, 0, GPU-6c849b47-7111-9265-9d42-ff8eddc05a2d, 100 %, 0 %, 71, 2595 MHz, 10251 MHz, 477.20 W, 480.00 W, 974 MiB
2026/10/09 02:08:33.076, 1, GPU-81ac6e96-0bfe-390d-beb1-241466569d6b, 0 %, 0 %, 39, 210 MHz, 405 MHz, 27.40 W, 480.00 W, 974 MiB
2026/10/09 02:08:34.077, 0, GPU-6c849b47-7111-9265-9d42-ff8eddc05a2d, 100 %, 0 %, 71, 2700 MHz, 10251 MHz, 444.13 W, 480.00 W, 974 MiB
2026/10/09 02:08:34.077, 1, GPU-81ac6e96-0bfe-390d-beb1-241466569d6b, 0 %, 0 %, 39, 210 MHz, 405 MHz, 27.49 W, 480.00 W, 974 MiB
2026/10/09 02:08:35.077, 0, GPU-6c849b47-7111-9265-9d42-ff8eddc05a2d, 100 %, 0 %, 71, 2640 MHz, 10251 MHz, 489.52 W, 480.00 W, 974 MiB
2026/10/09 02:08:35.078, 1, GPU-81ac6e96-0bfe-390d-beb1-241466569d6b, 0 %, 0 %, 39, 210 MHz, 405 MHz, 27.49 W, 480.00 W, 974 MiB
2026/10/09 02:08:36.078, 0, GPU-6c849b47-7111-9265-9d42-ff8eddc05a2d, 100 %, 0 %, 71, 2640 MHz, 10251 MHz, 478.52 W, 480.00 W, 974 MiB
2026/10/09 02:08:36.079, 1, GPU-81ac6e96-0bfe-390d-beb1-241466569d6b, 0 %, 0 %, 39, 210 MHz, 405 MHz, 27.54 W, 480.00 W, 974 MiB
2026/10/09 02:08:37.079, 0, GPU-6c849b47-7111-9265-9d42-ff8eddc05a2d, 100 %, 0 %, 72, 2715 MHz, 10251 MHz, 441.55 W, 480.00 W, 974 MiB
2026/10/09 02:08:37.080, 1, GPU-81ac6e96-0bfe-390d-beb1-241466569d6b, 0 %, 0 %, 39, 210 MHz, 405 MHz, 27.45 W, 480.00 W, 974 MiB
2026/10/09 02:08:38.080, 0, GPU-6c849b47-7111-9265-9d42-ff8eddc05a2d, 100 %, 0 %, 71, 2700 MHz, 10251 MHz, 484.28 W, 480.00 W, 974 MiB
2026/10/09 02:08:38.081, 1, GPU-81ac6e96-0bfe-390d-beb1-241466569d6b, 0 %, 0 %, 39, 210 MHz, 405 MHz, 27.38 W, 480.00 W, 974 MiB
2026/10/09 02:08:39.081, 0, GPU-6c849b47-7111-9265-9d42-ff8eddc05a2d, 100 %, 0 %, 71, 2745 MHz, 10251 MHz, 478.26 W, 480.00 W, 974 MiB
2026/10/09 02:08:39.082, 1, GPU-81ac6e96-0bfe-390d-beb1-241466569d6b, 0 %, 0 %, 39, 210 MHz, 405 MHz, 27.47 W, 480.00 W, 974 MiB
2026/10/09 02:08:40.082, 0, GPU-6c849b47-7111-9265-9d42-ff8eddc05a2d, 100 %, 0 %, 73, 2730 MHz, 10251 MHz, 449.04 W, 480.00 W, 974 MiB
2026/10/09 02:08:40.083, 1, GPU-81ac6e96-0bfe-390d-beb1-241466569d6b, 0 %, 0 %, 39, 210 MHz, 405 MHz, 27.44 W, 480.00 W, 974 MiB
2026/10/09 02:08:41.083, 0, GPU-6c849b47-7111-9265-9d42-ff8eddc05a2d, 100 %, 0 %, 73, 2730 MHz, 10251 MHz, 481.30 W, 480.00 W, 974 MiB
2026/10/09 02:08:41.084, 1, GPU-81ac6e96-0bfe-390d-beb1-241466569d6b, 0 %, 0 %, 39, 210 MHz, 405 MHz, 27.35 W, 480.00 W, 974 MiB
2026/10/09 02:08:42.084, 0, GPU-6c849b47-7111-9265-9d42-ff8eddc05a2d, 100 %, 0 %, 64, 2760 MHz, 10251 MHz, 450.40 W, 480.00 W, 974 MiB
2026/10/09 02:08:42.085, 1, GPU-81ac6e96-0bfe-390d-beb1-241466569d6b, 0 %, 0 %, 39, 210 MHz, 405 MHz, 27.22 W, 480.00 W, 974 MiB
2026/10/09 02:08:43.085, 0, GPU-6c849b47-7111-9265-9d42-ff8eddc05a2d, 100 %, 0 %, 71, 2670 MHz, 10251 MHz, 455.62 W, 480.00 W, 974 MiB
2026/10/09 02:08:43.085, 1, GPU-81ac6e96-0bfe-390d-beb1-241466569d6b, 0 %, 0 %, 39, 210 MHz, 405 MHz, 27.32 W, 480.00 W, 974 MiB
2026/10/09 02:08:44.086, 0, GPU-6c849b47-7111-9265-9d42-ff8eddc05a2d, 100 %, 0 %, 72, 2685 MHz, 10251 MHz, 478.62 W, 480.00 W, 974 MiB
2026/10/09 02:08:44.086, 1, GPU-81ac6e96-0bfe-390d-beb1-241466569d6b, 0 %, 0 %, 39, 210 MHz, 405 MHz, 27.59 W, 480.00 W, 974 MiB
2026/10/09 02:08:45.087, 0, GPU-6c849b47-7111-9265-9d42-ff8eddc05a2d, 100 %, 0 %, 71, 2745 MHz, 10251 MHz, 417.68 W, 480.00 W, 974 MiB
2026/10/09 02:08:45.087, 1, GPU-81ac6e96-0bfe-390d-beb1-241466569d6b, 0 %, 0 %, 39, 210 MHz, 405 MHz, 27.71 W, 480.00 W, 974 MiB
2026/10/09 02:08:46.088, 0, GPU-6c849b47-7111-9265-9d42-ff8eddc05a2d, 100 %, 0 %, 71, 2685 MHz, 10251 MHz, 485.33 W, 480.00 W, 974 MiB
2026/10/09 02:08:46.088, 1, GPU-81ac6e96-0bfe-390d-beb1-241466569d6b, 0 %, 0 %, 39, 210 MHz, 405 MHz, 27.56 W, 480.00 W, 974 MiB
2026/10/09 02:08:47.089, 0, GPU-6c849b47-7111-9265-9d42-ff8eddc05a2d, 100 %, 0 %, 71, 2685 MHz, 10251 MHz, 476.48 W, 480.00 W, 974 MiB
2026/10/09 02:08:47.089, 1, GPU-81ac6e96-0bfe-390d-beb1-241466569d6b, 0 %, 0 %, 39, 210 MHz, 405 MHz, 27.34 W, 480.00 W, 974 MiB
2026/10/09 02:08:48.090, 0, GPU-6c849b47-7111-9265-9d42-ff8eddc05a2d, 0 %, 0 %, 51, 2775 MHz, 10251 MHz, 272.35 W, 480.00 W, 974 MiB
2026/10/09 02:08:48.090, 1, GPU-81ac6e96-0bfe-390d-beb1-241466569d6b, 0 %, 0 %, 39, 210 MHz, 405 MHz, 27.33 W, 480.00 W, 974 MiB
2026/10/09 02:08:49.090, 0, GPU-6c849b47-7111-9265-9d42-ff8eddc05a2d, 0 %, 0 %, 49, 2775 MHz, 10251 MHz, 97.97 W, 480.00 W, 974 MiB
2026/10/09 02:08:49.091, 1, GPU-81ac6e96-0bfe-390d-beb1-241466569d6b, 0 %, 0 %, 39, 210 MHz, 405 MHz, 27.29 W, 480.00 W, 974 MiB
2026/10/09 02:08:50.091, 0, GPU-6c849b47-7111-9265-9d42-ff8eddc05a2d, 100 %, 0 %, 72, 2670 MHz, 10251 MHz, 399.75 W, 480.00 W, 974 MiB
2026/10/09 02:08:50.092, 1, GPU-81ac6e96-0bfe-390d-beb1-241466569d6b, 0 %, 0 %, 39, 210 MHz, 405 MHz, 27.30 W, 480.00 W, 974 MiB
2026/10/09 02:08:51.092, 0, GPU-6c849b47-7111-9265-9d42-ff8eddc05a2d, 100 %, 0 %, 73, 2700 MHz, 10251 MHz, 480.13 W, 480.00 W, 974 MiB
2026/10/09 02:08:51.092, 1, GPU-81ac6e96-0bfe-390d-beb1-241466569d6b, 0 %, 0 %, 39, 210 MHz, 405 MHz, 27.31 W, 480.00 W, 974 MiB
2026/10/09 02:08:52.093, 0, GPU-6c849b47-7111-9265-9d42-ff8eddc05a2d, 100 %, 0 %, 70, 2670 MHz, 10251 MHz, 413.12 W, 480.00 W, 974 MiB
2026/10/09 02:08:52.093, 1, GPU-81ac6e96-0bfe-390d-beb1-241466569d6b, 0 %, 0 %, 39, 210 MHz, 405 MHz, 27.35 W, 480.00 W, 974 MiB
2026/10/09 02:08:53.107, 0, GPU-6c849b47-7111-9265-9d42-ff8eddc05a2d, 100 %, 0 %, 71, 2610 MHz, 10251 MHz, 495.08 W, 480.00 W, 974 MiB
2026/10/09 02:08:53.108, 1, GPU-81ac6e96-0bfe-390d-beb1-241466569d6b, 0 %, 0 %, 39, 210 MHz, 405 MHz, 27.43 W, 480.00 W, 974 MiB
2026/10/09 02:08:54.108, 0, GPU-6c849b47-7111-9265-9d42-ff8eddc05a2d, 100 %, 0 %, 71, 2595 MHz, 10251 MHz, 477.58 W, 480.00 W, 974 MiB
2026/10/09 02:08:54.108, 1, GPU-81ac6e96-0bfe-390d-beb1-241466569d6b, 0 %, 0 %, 39, 210 MHz, 405 MHz, 27.41 W, 480.00 W, 974 MiB
2026/10/09 02:08:55.109, 0, GPU-6c849b47-7111-9265-9d42-ff8eddc05a2d, 100 %, 0 %, 72, 2700 MHz, 10251 MHz, 445.76 W, 480.00 W, 974 MiB
2026/10/09 02:08:55.109, 1, GPU-81ac6e96-0bfe-390d-beb1-241466569d6b, 0 %, 0 %, 39, 210 MHz, 405 MHz, 27.60 W, 480.00 W, 974 MiB
2026/10/09 02:08:56.110, 0, GPU-6c849b47-7111-9265-9d42-ff8eddc05a2d, 100 %, 0 %, 71, 2655 MHz, 10251 MHz, 487.95 W, 480.00 W, 974 MiB
2026/10/09 02:08:56.110, 1, GPU-81ac6e96-0bfe-390d-beb1-241466569d6b, 0 %, 0 %, 39, 210 MHz, 405 MHz, 27.64 W, 480.00 W, 974 MiB
2026/10/09 02:08:57.111, 0, GPU-6c849b47-7111-9265-9d42-ff8eddc05a2d, 100 %, 0 %, 71, 2640 MHz, 10251 MHz, 478.61 W, 480.00 W, 974 MiB
2026/10/09 02:08:57.111, 1, GPU-81ac6e96-0bfe-390d-beb1-241466569d6b, 0 %, 0 %, 39, 210 MHz, 405 MHz, 27.48 W, 480.00 W, 974 MiB
2026/10/09 02:08:58.112, 0, GPU-6c849b47-7111-9265-9d42-ff8eddc05a2d, 100 %, 0 %, 73, 2715 MHz, 10251 MHz, 446.13 W, 480.00 W, 974 MiB
2026/10/09 02:08:58.112, 1, GPU-81ac6e96-0bfe-390d-beb1-241466569d6b, 0 %, 0 %, 39, 210 MHz, 405 MHz, 27.49 W, 480.00 W, 974 MiB
2026/10/09 02:08:59.113, 0, GPU-6c849b47-7111-9265-9d42-ff8eddc05a2d, 100 %, 0 %, 72, 2685 MHz, 10251 MHz, 483.50 W, 480.00 W, 974 MiB
2026/10/09 02:08:59.113, 1, GPU-81ac6e96-0bfe-390d-beb1-241466569d6b, 0 %, 0 %, 39, 210 MHz, 405 MHz, 27.42 W, 480.00 W, 974 MiB
2026/10/09 02:09:00.114, 0, GPU-6c849b47-7111-9265-9d42-ff8eddc05a2d, 100 %, 0 %, 70, 2760 MHz, 10251 MHz, 478.39 W, 480.00 W, 974 MiB
2026/10/09 02:09:00.114, 1, GPU-81ac6e96-0bfe-390d-beb1-241466569d6b, 0 %, 0 %, 39, 210 MHz, 405 MHz, 27.29 W, 480.00 W, 974 MiB
2026/10/09 02:09:01.114, 0, GPU-6c849b47-7111-9265-9d42-ff8eddc05a2d, 100 %, 0 %, 73, 2730 MHz, 10251 MHz, 449.79 W, 480.00 W, 974 MiB
2026/10/09 02:09:01.115, 1, GPU-81ac6e96-0bfe-390d-beb1-241466569d6b, 0 %, 0 %, 39, 210 MHz, 405 MHz, 27.16 W, 480.00 W, 974 MiB
2026/10/09 02:09:02.115, 0, GPU-6c849b47-7111-9265-9d42-ff8eddc05a2d, 100 %, 0 %, 73, 2715 MHz, 10251 MHz, 482.03 W, 480.00 W, 974 MiB
2026/10/09 02:09:02.116, 1, GPU-81ac6e96-0bfe-390d-beb1-241466569d6b, 0 %, 0 %, 39, 210 MHz, 405 MHz, 27.17 W, 480.00 W, 974 MiB
2026/10/09 02:09:03.116, 0, GPU-6c849b47-7111-9265-9d42-ff8eddc05a2d, 100 %, 0 %, 60, 2760 MHz, 10251 MHz, 436.01 W, 480.00 W, 974 MiB
2026/10/09 02:09:03.117, 1, GPU-81ac6e96-0bfe-390d-beb1-241466569d6b, 0 %, 0 %, 39, 210 MHz, 405 MHz, 27.29 W, 480.00 W, 974 MiB
2026/10/09 02:09:04.117, 0, GPU-6c849b47-7111-9265-9d42-ff8eddc05a2d, 100 %, 0 %, 71, 2655 MHz, 10251 MHz, 461.24 W, 480.00 W, 974 MiB
2026/10/09 02:09:04.118, 1, GPU-81ac6e96-0bfe-390d-beb1-241466569d6b, 0 %, 0 %, 39, 210 MHz, 405 MHz, 27.24 W, 480.00 W, 974 MiB
2026/10/09 02:09:05.118, 0, GPU-6c849b47-7111-9265-9d42-ff8eddc05a2d, 100 %, 0 %, 72, 2670 MHz, 10251 MHz, 477.47 W, 480.00 W, 974 MiB
2026/10/09 02:09:05.118, 1, GPU-81ac6e96-0bfe-390d-beb1-241466569d6b, 0 %, 0 %, 39, 210 MHz, 405 MHz, 27.12 W, 480.00 W, 974 MiB
2026/10/09 02:09:06.119, 0, GPU-6c849b47-7111-9265-9d42-ff8eddc05a2d, 100 %, 0 %, 71, 2730 MHz, 10251 MHz, 426.00 W, 480.00 W, 974 MiB
2026/10/09 02:09:06.119, 1, GPU-81ac6e96-0bfe-390d-beb1-241466569d6b, 0 %, 0 %, 39, 210 MHz, 405 MHz, 27.09 W, 480.00 W, 974 MiB
2026/10/09 02:09:07.120, 0, GPU-6c849b47-7111-9265-9d42-ff8eddc05a2d, 100 %, 0 %, 72, 2715 MHz, 10251 MHz, 482.27 W, 480.00 W, 974 MiB
2026/10/09 02:09:07.120, 1, GPU-81ac6e96-0bfe-390d-beb1-241466569d6b, 0 %, 0 %, 39, 210 MHz, 405 MHz, 27.09 W, 480.00 W, 974 MiB
2026/10/09 02:09:08.121, 0, GPU-6c849b47-7111-9265-9d42-ff8eddc05a2d, 100 %, 0 %, 72, 2700 MHz, 10251 MHz, 478.39 W, 480.00 W, 974 MiB
2026/10/09 02:09:08.121, 1, GPU-81ac6e96-0bfe-390d-beb1-241466569d6b, 0 %, 0 %, 39, 210 MHz, 405 MHz, 27.14 W, 480.00 W, 974 MiB
2026/10/09 02:09:09.122, 0, GPU-6c849b47-7111-9265-9d42-ff8eddc05a2d, 0 %, 0 %, 51, 2775 MHz, 10251 MHz, 251.23 W, 480.00 W, 974 MiB
2026/10/09 02:09:09.122, 1, GPU-81ac6e96-0bfe-390d-beb1-241466569d6b, 0 %, 0 %, 39, 210 MHz, 405 MHz, 27.19 W, 480.00 W, 974 MiB
2026/10/09 02:09:10.123, 0, GPU-6c849b47-7111-9265-9d42-ff8eddc05a2d, 20 %, 0 %, 59, 2775 MHz, 10251 MHz, 103.76 W, 480.00 W, 974 MiB
2026/10/09 02:09:10.123, 1, GPU-81ac6e96-0bfe-390d-beb1-241466569d6b, 0 %, 0 %, 39, 210 MHz, 405 MHz, 27.18 W, 480.00 W, 974 MiB
2026/10/09 02:09:11.124, 0, GPU-6c849b47-7111-9265-9d42-ff8eddc05a2d, 100 %, 0 %, 72, 2670 MHz, 10251 MHz, 416.93 W, 480.00 W, 974 MiB
2026/10/09 02:09:11.124, 1, GPU-81ac6e96-0bfe-390d-beb1-241466569d6b, 0 %, 0 %, 39, 210 MHz, 405 MHz, 27.29 W, 480.00 W, 974 MiB
2026/10/09 02:09:12.125, 0, GPU-6c849b47-7111-9265-9d42-ff8eddc05a2d, 100 %, 0 %, 73, 2685 MHz, 10251 MHz, 479.54 W, 480.00 W, 974 MiB
2026/10/09 02:09:12.125, 1, GPU-81ac6e96-0bfe-390d-beb1-241466569d6b, 0 %, 0 %, 39, 210 MHz, 405 MHz, 27.36 W, 480.00 W, 974 MiB
2026/10/09 02:09:13.125, 0, GPU-6c849b47-7111-9265-9d42-ff8eddc05a2d, 100 %, 0 %, 71, 2670 MHz, 10251 MHz, 412.05 W, 480.00 W, 974 MiB
2026/10/09 02:09:13.126, 1, GPU-81ac6e96-0bfe-390d-beb1-241466569d6b, 0 %, 0 %, 39, 210 MHz, 405 MHz, 27.31 W, 480.00 W, 974 MiB
2026/10/09 02:09:14.126, 0, GPU-6c849b47-7111-9265-9d42-ff8eddc05a2d, 100 %, 0 %, 71, 2610 MHz, 10251 MHz, 490.94 W, 480.00 W, 974 MiB
2026/10/09 02:09:14.127, 1, GPU-81ac6e96-0bfe-390d-beb1-241466569d6b, 0 %, 0 %, 39, 210 MHz, 405 MHz, 27.00 W, 480.00 W, 974 MiB
2026/10/09 02:09:15.127, 0, GPU-6c849b47-7111-9265-9d42-ff8eddc05a2d, 100 %, 0 %, 71, 2610 MHz, 10251 MHz, 477.33 W, 480.00 W, 974 MiB
2026/10/09 02:09:15.128, 1, GPU-81ac6e96-0bfe-390d-beb1-241466569d6b, 0 %, 0 %, 39, 210 MHz, 405 MHz, 26.74 W, 480.00 W, 974 MiB
2026/10/09 02:09:16.128, 0, GPU-6c849b47-7111-9265-9d42-ff8eddc05a2d, 100 %, 0 %, 72, 2700 MHz, 10251 MHz, 452.72 W, 480.00 W, 974 MiB
2026/10/09 02:09:16.129, 1, GPU-81ac6e96-0bfe-390d-beb1-241466569d6b, 0 %, 0 %, 39, 210 MHz, 405 MHz, 26.83 W, 480.00 W, 974 MiB
2026/10/09 02:09:17.129, 0, GPU-6c849b47-7111-9265-9d42-ff8eddc05a2d, 100 %, 0 %, 71, 2670 MHz, 10251 MHz, 486.68 W, 480.00 W, 974 MiB
2026/10/09 02:09:17.130, 1, GPU-81ac6e96-0bfe-390d-beb1-241466569d6b, 0 %, 0 %, 39, 210 MHz, 405 MHz, 27.07 W, 480.00 W, 974 MiB
2026/10/09 02:09:18.130, 0, GPU-6c849b47-7111-9265-9d42-ff8eddc05a2d, 100 %, 0 %, 72, 2655 MHz, 10251 MHz, 479.47 W, 480.00 W, 974 MiB
2026/10/09 02:09:18.130, 1, GPU-81ac6e96-0bfe-390d-beb1-241466569d6b, 0 %, 0 %, 39, 210 MHz, 405 MHz, 27.21 W, 480.00 W, 974 MiB
2026/10/09 02:09:19.131, 0, GPU-6c849b47-7111-9265-9d42-ff8eddc05a2d, 100 %, 0 %, 73, 2700 MHz, 10251 MHz, 449.46 W, 480.00 W, 974 MiB
2026/10/09 02:09:19.131, 1, GPU-81ac6e96-0bfe-390d-beb1-241466569d6b, 0 %, 0 %, 39, 210 MHz, 405 MHz, 27.24 W, 480.00 W, 974 MiB
2026/10/09 02:09:20.132, 0, GPU-6c849b47-7111-9265-9d42-ff8eddc05a2d, 100 %, 0 %, 72, 2700 MHz, 10251 MHz, 481.89 W, 480.00 W, 974 MiB
2026/10/09 02:09:20.132, 1, GPU-81ac6e96-0bfe-390d-beb1-241466569d6b, 0 %, 0 %, 39, 210 MHz, 405 MHz, 27.15 W, 480.00 W, 974 MiB
2026/10/09 02:09:21.133, 0, GPU-6c849b47-7111-9265-9d42-ff8eddc05a2d, 100 %, 0 %, 69, 2760 MHz, 10251 MHz, 475.66 W, 480.00 W, 974 MiB
2026/10/09 02:09:21.133, 1, GPU-81ac6e96-0bfe-390d-beb1-241466569d6b, 0 %, 0 %, 39, 210 MHz, 405 MHz, 26.85 W, 480.00 W, 974 MiB
2026/10/09 02:09:22.134, 0, GPU-6c849b47-7111-9265-9d42-ff8eddc05a2d, 100 %, 0 %, 73, 2730 MHz, 10251 MHz, 452.70 W, 480.00 W, 974 MiB
2026/10/09 02:09:22.134, 1, GPU-81ac6e96-0bfe-390d-beb1-241466569d6b, 0 %, 0 %, 39, 210 MHz, 405 MHz, 26.77 W, 480.00 W, 974 MiB
2026/10/09 02:09:23.135, 0, GPU-6c849b47-7111-9265-9d42-ff8eddc05a2d, 100 %, 0 %, 73, 2700 MHz, 10251 MHz, 480.94 W, 480.00 W, 974 MiB
2026/10/09 02:09:23.135, 1, GPU-81ac6e96-0bfe-390d-beb1-241466569d6b, 0 %, 0 %, 39, 210 MHz, 405 MHz, 26.84 W, 480.00 W, 974 MiB
2026/10/09 02:09:24.136, 0, GPU-6c849b47-7111-9265-9d42-ff8eddc05a2d, 100 %, 0 %, 66, 2745 MHz, 10251 MHz, 425.00 W, 480.00 W, 974 MiB
2026/10/09 02:09:24.136, 1, GPU-81ac6e96-0bfe-390d-beb1-241466569d6b, 0 %, 0 %, 39, 210 MHz, 405 MHz, 26.80 W, 480.00 W, 974 MiB
2026/10/09 02:09:25.136, 0, GPU-6c849b47-7111-9265-9d42-ff8eddc05a2d, 100 %, 0 %, 71, 2670 MHz, 10251 MHz, 463.30 W, 480.00 W, 974 MiB
2026/10/09 02:09:25.137, 1, GPU-81ac6e96-0bfe-390d-beb1-241466569d6b, 0 %, 0 %, 39, 210 MHz, 405 MHz, 26.87 W, 480.00 W, 974 MiB
2026/10/09 02:09:26.137, 0, GPU-6c849b47-7111-9265-9d42-ff8eddc05a2d, 100 %, 0 %, 71, 2670 MHz, 10251 MHz, 475.72 W, 480.00 W, 974 MiB
2026/10/09 02:09:26.138, 1, GPU-81ac6e96-0bfe-390d-beb1-241466569d6b, 0 %, 0 %, 39, 210 MHz, 405 MHz, 26.94 W, 480.00 W, 974 MiB
2026/10/09 02:09:27.138, 0, GPU-6c849b47-7111-9265-9d42-ff8eddc05a2d, 100 %, 0 %, 71, 2730 MHz, 10251 MHz, 422.89 W, 480.00 W, 974 MiB
2026/10/09 02:09:27.139, 1, GPU-81ac6e96-0bfe-390d-beb1-241466569d6b, 0 %, 0 %, 39, 210 MHz, 405 MHz, 26.87 W, 480.00 W, 974 MiB
2026/10/09 02:09:28.139, 0, GPU-6c849b47-7111-9265-9d42-ff8eddc05a2d, 100 %, 0 %, 72, 2700 MHz, 10251 MHz, 481.81 W, 480.00 W, 974 MiB
2026/10/09 02:09:28.139, 1, GPU-81ac6e96-0bfe-390d-beb1-241466569d6b, 0 %, 0 %, 39, 210 MHz, 405 MHz, 26.87 W, 480.00 W, 974 MiB
2026/10/09 02:09:29.140, 0, GPU-6c849b47-7111-9265-9d42-ff8eddc05a2d, 100 %, 0 %, 72, 2700 MHz, 10251 MHz, 478.63 W, 480.00 W, 974 MiB
2026/10/09 02:09:29.140, 1, GPU-81ac6e96-0bfe-390d-beb1-241466569d6b, 0 %, 0 %, 39, 210 MHz, 405 MHz, 27.04 W, 480.00 W, 974 MiB
2026/10/09 02:09:30.141, 0, GPU-6c849b47-7111-9265-9d42-ff8eddc05a2d, 0 %, 0 %, 51, 2775 MHz, 10251 MHz, 243.51 W, 480.00 W, 974 MiB
2026/10/09 02:09:30.141, 1, GPU-81ac6e96-0bfe-390d-beb1-241466569d6b, 0 %, 0 %, 39, 210 MHz, 405 MHz, 26.96 W, 480.00 W, 974 MiB
2026/10/09 02:09:31.142, 0, GPU-6c849b47-7111-9265-9d42-ff8eddc05a2d, 0 %, 0 %, 48, 2790 MHz, 10251 MHz, 98.45 W, 480.00 W, 974 MiB
2026/10/09 02:09:31.142, 1, GPU-81ac6e96-0bfe-390d-beb1-241466569d6b, 0 %, 0 %, 39, 210 MHz, 405 MHz, 26.81 W, 480.00 W, 974 MiB
2026/10/09 02:09:32.143, 0, GPU-6c849b47-7111-9265-9d42-ff8eddc05a2d, 0 %, 0 %, 48, 2790 MHz, 10251 MHz, 98.23 W, 480.00 W, 974 MiB
2026/10/09 02:09:32.143, 1, GPU-81ac6e96-0bfe-390d-beb1-241466569d6b, 0 %, 0 %, 39, 210 MHz, 405 MHz, 26.75 W, 480.00 W, 974 MiB
2026/10/09 02:09:33.144, 0, GPU-6c849b47-7111-9265-9d42-ff8eddc05a2d, 0 %, 0 %, 47, 2625 MHz, 10251 MHz, 87.80 W, 480.00 W, 974 MiB
2026/10/09 02:09:33.144, 1, GPU-81ac6e96-0bfe-390d-beb1-241466569d6b, 0 %, 0 %, 39, 210 MHz, 405 MHz, 26.64 W, 480.00 W, 974 MiB
2026/10/09 02:09:34.145, 0, GPU-6c849b47-7111-9265-9d42-ff8eddc05a2d, 0 %, 0 %, 47, 2625 MHz, 10251 MHz, 85.41 W, 480.00 W, 974 MiB
2026/10/09 02:09:34.145, 1, GPU-81ac6e96-0bfe-390d-beb1-241466569d6b, 0 %, 0 %, 39, 210 MHz, 405 MHz, 26.75 W, 480.00 W, 974 MiB
2026/10/09 02:09:35.146, 0, GPU-6c849b47-7111-9265-9d42-ff8eddc05a2d, 0 %, 0 %, 46, 2625 MHz, 10251 MHz, 83.65 W, 480.00 W, 974 MiB
2026/10/09 02:09:35.146, 1, GPU-81ac6e96-0bfe-390d-beb1-241466569d6b, 100 %, 0 %, 43, 2805 MHz, 10251 MHz, 54.85 W, 480.00 W, 974 MiB
2026/10/09 02:09:36.147, 0, GPU-6c849b47-7111-9265-9d42-ff8eddc05a2d, 0 %, 0 %, 46, 2625 MHz, 10251 MHz, 83.15 W, 480.00 W, 974 MiB
2026/10/09 02:09:36.147, 1, GPU-81ac6e96-0bfe-390d-beb1-241466569d6b, 100 %, 0 %, 44, 2805 MHz, 10251 MHz, 106.60 W, 480.00 W, 974 MiB
2026/10/09 02:09:37.148, 0, GPU-6c849b47-7111-9265-9d42-ff8eddc05a2d, 0 %, 0 %, 46, 2625 MHz, 10251 MHz, 82.61 W, 480.00 W, 974 MiB
2026/10/09 02:09:37.148, 1, GPU-81ac6e96-0bfe-390d-beb1-241466569d6b, 100 %, 0 %, 44, 2805 MHz, 10251 MHz, 106.50 W, 480.00 W, 974 MiB
2026/10/09 02:09:38.149, 0, GPU-6c849b47-7111-9265-9d42-ff8eddc05a2d, 0 %, 0 %, 46, 2625 MHz, 10251 MHz, 82.09 W, 480.00 W, 974 MiB
2026/10/09 02:09:38.149, 1, GPU-81ac6e96-0bfe-390d-beb1-241466569d6b, 100 %, 0 %, 60, 2790 MHz, 10251 MHz, 206.54 W, 480.00 W, 974 MiB
2026/10/09 02:09:39.149, 0, GPU-6c849b47-7111-9265-9d42-ff8eddc05a2d, 0 %, 0 %, 46, 2625 MHz, 10251 MHz, 81.84 W, 480.00 W, 974 MiB
2026/10/09 02:09:39.150, 1, GPU-81ac6e96-0bfe-390d-beb1-241466569d6b, 100 %, 0 %, 70, 2715 MHz, 10251 MHz, 471.25 W, 480.00 W, 974 MiB
2026/10/09 02:09:40.150, 0, GPU-6c849b47-7111-9265-9d42-ff8eddc05a2d, 0 %, 0 %, 46, 2625 MHz, 10251 MHz, 81.78 W, 480.00 W, 974 MiB
2026/10/09 02:09:40.152, 1, GPU-81ac6e96-0bfe-390d-beb1-241466569d6b, 100 %, 0 %, 61, 2685 MHz, 10251 MHz, 475.26 W, 480.00 W, 974 MiB
2026/10/09 02:09:41.152, 0, GPU-6c849b47-7111-9265-9d42-ff8eddc05a2d, 0 %, 0 %, 45, 2625 MHz, 10251 MHz, 81.65 W, 480.00 W, 974 MiB
2026/10/09 02:09:41.152, 1, GPU-81ac6e96-0bfe-390d-beb1-241466569d6b, 100 %, 0 %, 63, 2715 MHz, 10251 MHz, 429.31 W, 480.00 W, 974 MiB
2026/10/09 02:09:42.153, 0, GPU-6c849b47-7111-9265-9d42-ff8eddc05a2d, 0 %, 0 %, 45, 2625 MHz, 10251 MHz, 81.51 W, 480.00 W, 974 MiB
2026/10/09 02:09:42.153, 1, GPU-81ac6e96-0bfe-390d-beb1-241466569d6b, 100 %, 0 %, 62, 2700 MHz, 10251 MHz, 483.91 W, 480.00 W, 974 MiB
2026/10/09 02:09:43.154, 0, GPU-6c849b47-7111-9265-9d42-ff8eddc05a2d, 0 %, 0 %, 45, 2625 MHz, 10251 MHz, 81.46 W, 480.00 W, 974 MiB
2026/10/09 02:09:43.154, 1, GPU-81ac6e96-0bfe-390d-beb1-241466569d6b, 100 %, 0 %, 58, 2790 MHz, 10251 MHz, 474.03 W, 480.00 W, 974 MiB
2026/10/09 02:09:44.154, 0, GPU-6c849b47-7111-9265-9d42-ff8eddc05a2d, 0 %, 0 %, 45, 2625 MHz, 10251 MHz, 81.46 W, 480.00 W, 974 MiB
2026/10/09 02:09:44.155, 1, GPU-81ac6e96-0bfe-390d-beb1-241466569d6b, 100 %, 0 %, 61, 2670 MHz, 10251 MHz, 460.05 W, 480.00 W, 974 MiB
2026/10/09 02:09:45.155, 0, GPU-6c849b47-7111-9265-9d42-ff8eddc05a2d, 0 %, 0 %, 45, 2625 MHz, 10251 MHz, 81.46 W, 480.00 W, 974 MiB
2026/10/09 02:09:45.156, 1, GPU-81ac6e96-0bfe-390d-beb1-241466569d6b, 100 %, 0 %, 61, 2700 MHz, 10251 MHz, 480.12 W, 480.00 W, 974 MiB
2026/10/09 02:09:46.156, 0, GPU-6c849b47-7111-9265-9d42-ff8eddc05a2d, 0 %, 0 %, 45, 2625 MHz, 10251 MHz, 81.40 W, 480.00 W, 974 MiB
2026/10/09 02:09:46.157, 1, GPU-81ac6e96-0bfe-390d-beb1-241466569d6b, 100 %, 0 %, 59, 2760 MHz, 10251 MHz, 431.29 W, 480.00 W, 974 MiB
2026/10/09 02:09:47.157, 0, GPU-6c849b47-7111-9265-9d42-ff8eddc05a2d, 0 %, 0 %, 45, 2625 MHz, 10251 MHz, 81.33 W, 480.00 W, 974 MiB
2026/10/09 02:09:47.158, 1, GPU-81ac6e96-0bfe-390d-beb1-241466569d6b, 100 %, 0 %, 61, 2700 MHz, 10251 MHz, 473.07 W, 480.00 W, 974 MiB
2026/10/09 02:09:48.158, 0, GPU-6c849b47-7111-9265-9d42-ff8eddc05a2d, 0 %, 0 %, 45, 480 MHz, 810 MHz, 78.28 W, 480.00 W, 974 MiB
2026/10/09 02:09:48.158, 1, GPU-81ac6e96-0bfe-390d-beb1-241466569d6b, 100 %, 0 %, 61, 2700 MHz, 10251 MHz, 477.05 W, 480.00 W, 974 MiB
2026/10/09 02:09:49.159, 0, GPU-6c849b47-7111-9265-9d42-ff8eddc05a2d, 0 %, 0 %, 44, 315 MHz, 405 MHz, 61.41 W, 480.00 W, 974 MiB
2026/10/09 02:09:49.159, 1, GPU-81ac6e96-0bfe-390d-beb1-241466569d6b, 100 %, 0 %, 61, 2760 MHz, 10251 MHz, 432.03 W, 480.00 W, 974 MiB
2026/10/09 02:09:50.160, 0, GPU-6c849b47-7111-9265-9d42-ff8eddc05a2d, 0 %, 0 %, 44, 210 MHz, 405 MHz, 44.08 W, 480.00 W, 974 MiB
2026/10/09 02:09:50.160, 1, GPU-81ac6e96-0bfe-390d-beb1-241466569d6b, 100 %, 0 %, 61, 2745 MHz, 10251 MHz, 484.12 W, 480.00 W, 974 MiB
2026/10/09 02:09:51.174, 0, GPU-6c849b47-7111-9265-9d42-ff8eddc05a2d, 0 %, 0 %, 44, 210 MHz, 405 MHz, 39.72 W, 480.00 W, 974 MiB
2026/10/09 02:09:51.175, 1, GPU-81ac6e96-0bfe-390d-beb1-241466569d6b, 100 %, 0 %, 61, 2730 MHz, 10251 MHz, 478.51 W, 480.00 W, 974 MiB
2026/10/09 02:09:52.175, 0, GPU-6c849b47-7111-9265-9d42-ff8eddc05a2d, 0 %, 0 %, 44, 210 MHz, 405 MHz, 39.90 W, 480.00 W, 974 MiB
2026/10/09 02:09:52.175, 1, GPU-81ac6e96-0bfe-390d-beb1-241466569d6b, 100 %, 0 %, 62, 2775 MHz, 10251 MHz, 434.83 W, 480.00 W, 974 MiB
2026/10/09 02:09:53.176, 0, GPU-6c849b47-7111-9265-9d42-ff8eddc05a2d, 0 %, 0 %, 44, 210 MHz, 405 MHz, 40.20 W, 480.00 W, 974 MiB
2026/10/09 02:09:53.179, 1, GPU-81ac6e96-0bfe-390d-beb1-241466569d6b, 100 %, 0 %, 62, 2775 MHz, 10251 MHz, 478.68 W, 480.00 W, 974 MiB
2026/10/09 02:09:54.180, 0, GPU-6c849b47-7111-9265-9d42-ff8eddc05a2d, 0 %, 0 %, 44, 210 MHz, 405 MHz, 40.34 W, 480.00 W, 974 MiB
2026/10/09 02:09:54.180, 1, GPU-81ac6e96-0bfe-390d-beb1-241466569d6b, 100 %, 0 %, 54, 2790 MHz, 10251 MHz, 455.82 W, 480.00 W, 974 MiB
2026/10/09 02:09:55.181, 0, GPU-6c849b47-7111-9265-9d42-ff8eddc05a2d, 0 %, 0 %, 44, 210 MHz, 405 MHz, 40.21 W, 480.00 W, 974 MiB
2026/10/09 02:09:55.181, 1, GPU-81ac6e96-0bfe-390d-beb1-241466569d6b, 100 %, 0 %, 61, 2715 MHz, 10251 MHz, 442.86 W, 480.00 W, 974 MiB
2026/10/09 02:09:56.182, 0, GPU-6c849b47-7111-9265-9d42-ff8eddc05a2d, 0 %, 0 %, 44, 210 MHz, 405 MHz, 40.29 W, 480.00 W, 974 MiB
2026/10/09 02:09:56.182, 1, GPU-81ac6e96-0bfe-390d-beb1-241466569d6b, 100 %, 0 %, 62, 2730 MHz, 10251 MHz, 477.09 W, 480.00 W, 974 MiB
2026/10/09 02:09:57.183, 0, GPU-6c849b47-7111-9265-9d42-ff8eddc05a2d, 0 %, 0 %, 44, 210 MHz, 405 MHz, 40.59 W, 480.00 W, 974 MiB
2026/10/09 02:09:57.184, 1, GPU-81ac6e96-0bfe-390d-beb1-241466569d6b, 0 %, 0 %, 45, 2790 MHz, 10251 MHz, 351.31 W, 480.00 W, 974 MiB
2026/10/09 02:09:58.184, 0, GPU-6c849b47-7111-9265-9d42-ff8eddc05a2d, 0 %, 0 %, 44, 210 MHz, 405 MHz, 40.36 W, 480.00 W, 974 MiB
2026/10/09 02:09:58.185, 1, GPU-81ac6e96-0bfe-390d-beb1-241466569d6b, 0 %, 0 %, 43, 2805 MHz, 10251 MHz, 83.62 W, 480.00 W, 974 MiB
2026/10/09 02:09:59.185, 0, GPU-6c849b47-7111-9265-9d42-ff8eddc05a2d, 0 %, 0 %, 44, 210 MHz, 405 MHz, 39.91 W, 480.00 W, 974 MiB
2026/10/09 02:09:59.185, 1, GPU-81ac6e96-0bfe-390d-beb1-241466569d6b, 0 %, 0 %, 42, 2625 MHz, 10251 MHz, 83.43 W, 480.00 W, 974 MiB
2026/10/09 02:10:00.186, 0, GPU-6c849b47-7111-9265-9d42-ff8eddc05a2d, 0 %, 0 %, 44, 210 MHz, 405 MHz, 39.91 W, 480.00 W, 974 MiB
2026/10/09 02:10:00.186, 1, GPU-81ac6e96-0bfe-390d-beb1-241466569d6b, 100 %, 0 %, 64, 2715 MHz, 10251 MHz, 258.17 W, 480.00 W, 974 MiB
2026/10/09 02:10:01.187, 0, GPU-6c849b47-7111-9265-9d42-ff8eddc05a2d, 0 %, 0 %, 44, 210 MHz, 405 MHz, 40.01 W, 480.00 W, 974 MiB
2026/10/09 02:10:01.187, 1, GPU-81ac6e96-0bfe-390d-beb1-241466569d6b, 100 %, 0 %, 64, 2730 MHz, 10251 MHz, 480.86 W, 480.00 W, 974 MiB
2026/10/09 02:10:02.188, 0, GPU-6c849b47-7111-9265-9d42-ff8eddc05a2d, 0 %, 0 %, 43, 210 MHz, 405 MHz, 40.06 W, 480.00 W, 974 MiB
2026/10/09 02:10:02.188, 1, GPU-81ac6e96-0bfe-390d-beb1-241466569d6b, 100 %, 0 %, 62, 2715 MHz, 10251 MHz, 411.21 W, 480.00 W, 974 MiB
2026/10/09 02:10:03.189, 0, GPU-6c849b47-7111-9265-9d42-ff8eddc05a2d, 0 %, 0 %, 43, 210 MHz, 405 MHz, 39.87 W, 480.00 W, 974 MiB
2026/10/09 02:10:03.189, 1, GPU-81ac6e96-0bfe-390d-beb1-241466569d6b, 100 %, 0 %, 63, 2640 MHz, 10251 MHz, 496.80 W, 480.00 W, 974 MiB
2026/10/09 02:10:04.189, 0, GPU-6c849b47-7111-9265-9d42-ff8eddc05a2d, 0 %, 0 %, 43, 210 MHz, 405 MHz, 39.70 W, 480.00 W, 974 MiB
2026/10/09 02:10:04.190, 1, GPU-81ac6e96-0bfe-390d-beb1-241466569d6b, 100 %, 0 %, 63, 2625 MHz, 10251 MHz, 476.89 W, 480.00 W, 974 MiB
2026/10/09 02:10:05.190, 0, GPU-6c849b47-7111-9265-9d42-ff8eddc05a2d, 0 %, 0 %, 43, 210 MHz, 405 MHz, 39.64 W, 480.00 W, 974 MiB
2026/10/09 02:10:05.191, 1, GPU-81ac6e96-0bfe-390d-beb1-241466569d6b, 100 %, 0 %, 65, 2745 MHz, 10251 MHz, 444.20 W, 480.00 W, 974 MiB
2026/10/09 02:10:06.191, 0, GPU-6c849b47-7111-9265-9d42-ff8eddc05a2d, 0 %, 0 %, 43, 210 MHz, 405 MHz, 39.53 W, 480.00 W, 974 MiB
2026/10/09 02:10:06.205, 1, GPU-81ac6e96-0bfe-390d-beb1-241466569d6b, 100 %, 0 %, 64, 2685 MHz, 10251 MHz, 488.23 W, 480.00 W, 974 MiB
2026/10/09 02:10:07.206, 0, GPU-6c849b47-7111-9265-9d42-ff8eddc05a2d, 0 %, 0 %, 43, 210 MHz, 405 MHz, 39.45 W, 480.00 W, 974 MiB
2026/10/09 02:10:07.206, 1, GPU-81ac6e96-0bfe-390d-beb1-241466569d6b, 100 %, 0 %, 64, 2685 MHz, 10251 MHz, 478.46 W, 480.00 W, 974 MiB
2026/10/09 02:10:08.207, 0, GPU-6c849b47-7111-9265-9d42-ff8eddc05a2d, 0 %, 0 %, 43, 210 MHz, 405 MHz, 39.41 W, 480.00 W, 974 MiB
2026/10/09 02:10:08.207, 1, GPU-81ac6e96-0bfe-390d-beb1-241466569d6b, 100 %, 0 %, 65, 2745 MHz, 10251 MHz, 444.40 W, 480.00 W, 974 MiB
2026/10/09 02:10:09.208, 0, GPU-6c849b47-7111-9265-9d42-ff8eddc05a2d, 0 %, 0 %, 43, 210 MHz, 405 MHz, 39.48 W, 480.00 W, 974 MiB
2026/10/09 02:10:09.208, 1, GPU-81ac6e96-0bfe-390d-beb1-241466569d6b, 100 %, 0 %, 65, 2745 MHz, 10251 MHz, 480.01 W, 480.00 W, 974 MiB
2026/10/09 02:10:10.209, 0, GPU-6c849b47-7111-9265-9d42-ff8eddc05a2d, 0 %, 0 %, 43, 210 MHz, 405 MHz, 39.41 W, 480.00 W, 974 MiB
2026/10/09 02:10:10.209, 1, GPU-81ac6e96-0bfe-390d-beb1-241466569d6b, 100 %, 0 %, 61, 2775 MHz, 10251 MHz, 473.52 W, 480.00 W, 974 MiB
2026/10/09 02:10:11.210, 0, GPU-6c849b47-7111-9265-9d42-ff8eddc05a2d, 0 %, 0 %, 43, 210 MHz, 405 MHz, 39.45 W, 480.00 W, 974 MiB
2026/10/09 02:10:11.241, 1, GPU-81ac6e96-0bfe-390d-beb1-241466569d6b, 100 %, 0 %, 66, 2745 MHz, 10251 MHz, 445.87 W, 480.00 W, 974 MiB
2026/10/09 02:10:12.242, 0, GPU-6c849b47-7111-9265-9d42-ff8eddc05a2d, 0 %, 0 %, 43, 210 MHz, 405 MHz, 39.43 W, 480.00 W, 974 MiB
2026/10/09 02:10:12.243, 1, GPU-81ac6e96-0bfe-390d-beb1-241466569d6b, 100 %, 0 %, 65, 2715 MHz, 10251 MHz, 480.08 W, 480.00 W, 974 MiB
2026/10/09 02:10:13.243, 0, GPU-6c849b47-7111-9265-9d42-ff8eddc05a2d, 0 %, 0 %, 43, 210 MHz, 405 MHz, 39.44 W, 480.00 W, 974 MiB
2026/10/09 02:10:13.243, 1, GPU-81ac6e96-0bfe-390d-beb1-241466569d6b, 100 %, 0 %, 61, 2775 MHz, 10251 MHz, 424.01 W, 480.00 W, 974 MiB
2026/10/09 02:10:14.244, 0, GPU-6c849b47-7111-9265-9d42-ff8eddc05a2d, 0 %, 0 %, 43, 210 MHz, 405 MHz, 39.75 W, 480.00 W, 974 MiB
2026/10/09 02:10:14.244, 1, GPU-81ac6e96-0bfe-390d-beb1-241466569d6b, 100 %, 0 %, 64, 2700 MHz, 10251 MHz, 472.13 W, 480.00 W, 974 MiB
2026/10/09 02:10:15.245, 0, GPU-6c849b47-7111-9265-9d42-ff8eddc05a2d, 0 %, 0 %, 43, 210 MHz, 405 MHz, 39.83 W, 480.00 W, 974 MiB
2026/10/09 02:10:15.245, 1, GPU-81ac6e96-0bfe-390d-beb1-241466569d6b, 100 %, 0 %, 64, 2700 MHz, 10251 MHz, 476.70 W, 480.00 W, 974 MiB
2026/10/09 02:10:16.246, 0, GPU-6c849b47-7111-9265-9d42-ff8eddc05a2d, 0 %, 0 %, 43, 210 MHz, 405 MHz, 39.70 W, 480.00 W, 974 MiB
2026/10/09 02:10:16.246, 1, GPU-81ac6e96-0bfe-390d-beb1-241466569d6b, 100 %, 0 %, 65, 2775 MHz, 10251 MHz, 425.83 W, 480.00 W, 974 MiB
2026/10/09 02:10:17.247, 0, GPU-6c849b47-7111-9265-9d42-ff8eddc05a2d, 0 %, 0 %, 43, 210 MHz, 405 MHz, 39.40 W, 480.00 W, 974 MiB
2026/10/09 02:10:17.247, 1, GPU-81ac6e96-0bfe-390d-beb1-241466569d6b, 100 %, 0 %, 65, 2775 MHz, 10251 MHz, 480.62 W, 480.00 W, 974 MiB
2026/10/09 02:10:18.247, 0, GPU-6c849b47-7111-9265-9d42-ff8eddc05a2d, 0 %, 0 %, 42, 210 MHz, 405 MHz, 39.31 W, 480.00 W, 974 MiB
2026/10/09 02:10:18.248, 1, GPU-81ac6e96-0bfe-390d-beb1-241466569d6b, 100 %, 0 %, 64, 2775 MHz, 10251 MHz, 478.58 W, 480.00 W, 974 MiB
2026/10/09 02:10:19.248, 0, GPU-6c849b47-7111-9265-9d42-ff8eddc05a2d, 0 %, 0 %, 42, 210 MHz, 405 MHz, 39.16 W, 480.00 W, 974 MiB
2026/10/09 02:10:19.249, 1, GPU-81ac6e96-0bfe-390d-beb1-241466569d6b, 0 %, 0 %, 46, 2790 MHz, 10251 MHz, 195.00 W, 480.00 W, 974 MiB
2026/10/09 02:10:20.249, 0, GPU-6c849b47-7111-9265-9d42-ff8eddc05a2d, 0 %, 0 %, 42, 210 MHz, 405 MHz, 38.89 W, 480.00 W, 974 MiB
2026/10/09 02:10:20.250, 1, GPU-81ac6e96-0bfe-390d-beb1-241466569d6b, 0 %, 0 %, 45, 2790 MHz, 10251 MHz, 84.36 W, 480.00 W, 974 MiB
2026/10/09 02:10:21.250, 0, GPU-6c849b47-7111-9265-9d42-ff8eddc05a2d, 0 %, 0 %, 42, 210 MHz, 405 MHz, 38.80 W, 480.00 W, 974 MiB
2026/10/09 02:10:21.251, 1, GPU-81ac6e96-0bfe-390d-beb1-241466569d6b, 100 %, 0 %, 57, 2790 MHz, 10251 MHz, 145.33 W, 480.00 W, 974 MiB
2026/10/09 02:10:22.251, 0, GPU-6c849b47-7111-9265-9d42-ff8eddc05a2d, 0 %, 0 %, 42, 210 MHz, 405 MHz, 38.78 W, 480.00 W, 974 MiB
2026/10/09 02:10:22.252, 1, GPU-81ac6e96-0bfe-390d-beb1-241466569d6b, 100 %, 0 %, 64, 2715 MHz, 10251 MHz, 455.07 W, 480.00 W, 974 MiB
2026/10/09 02:10:23.252, 0, GPU-6c849b47-7111-9265-9d42-ff8eddc05a2d, 0 %, 0 %, 42, 210 MHz, 405 MHz, 38.95 W, 480.00 W, 974 MiB
2026/10/09 02:10:23.253, 1, GPU-81ac6e96-0bfe-390d-beb1-241466569d6b, 100 %, 0 %, 65, 2700 MHz, 10251 MHz, 475.53 W, 480.00 W, 974 MiB
2026/10/09 02:10:24.253, 0, GPU-6c849b47-7111-9265-9d42-ff8eddc05a2d, 0 %, 0 %, 42, 210 MHz, 405 MHz, 38.97 W, 480.00 W, 974 MiB
2026/10/09 02:10:24.254, 1, GPU-81ac6e96-0bfe-390d-beb1-241466569d6b, 100 %, 0 %, 67, 2700 MHz, 10251 MHz, 410.37 W, 480.00 W, 974 MiB
2026/10/09 02:10:25.254, 0, GPU-6c849b47-7111-9265-9d42-ff8eddc05a2d, 0 %, 0 %, 42, 210 MHz, 405 MHz, 38.92 W, 480.00 W, 974 MiB
2026/10/09 02:10:25.254, 1, GPU-81ac6e96-0bfe-390d-beb1-241466569d6b, 100 %, 0 %, 67, 2700 MHz, 10251 MHz, 482.42 W, 480.00 W, 974 MiB
2026/10/09 02:10:26.255, 0, GPU-6c849b47-7111-9265-9d42-ff8eddc05a2d, 0 %, 0 %, 42, 210 MHz, 405 MHz, 38.86 W, 480.00 W, 974 MiB
2026/10/09 02:10:26.255, 1, GPU-81ac6e96-0bfe-390d-beb1-241466569d6b, 100 %, 0 %, 66, 2775 MHz, 10251 MHz, 479.56 W, 480.00 W, 974 MiB
2026/10/09 02:10:27.256, 0, GPU-6c849b47-7111-9265-9d42-ff8eddc05a2d, 0 %, 0 %, 42, 210 MHz, 405 MHz, 38.87 W, 480.00 W, 974 MiB
2026/10/09 02:10:27.256, 1, GPU-81ac6e96-0bfe-390d-beb1-241466569d6b, 100 %, 0 %, 68, 2730 MHz, 10251 MHz, 456.58 W, 480.00 W, 974 MiB
2026/10/09 02:10:28.257, 0, GPU-6c849b47-7111-9265-9d42-ff8eddc05a2d, 0 %, 0 %, 42, 210 MHz, 405 MHz, 39.06 W, 480.00 W, 974 MiB
2026/10/09 02:10:28.257, 1, GPU-81ac6e96-0bfe-390d-beb1-241466569d6b, 100 %, 0 %, 67, 2715 MHz, 10251 MHz, 480.96 W, 480.00 W, 974 MiB
2026/10/09 02:10:29.258, 0, GPU-6c849b47-7111-9265-9d42-ff8eddc05a2d, 0 %, 0 %, 42, 210 MHz, 405 MHz, 39.25 W, 480.00 W, 974 MiB
2026/10/09 02:10:29.258, 1, GPU-81ac6e96-0bfe-390d-beb1-241466569d6b, 100 %, 0 %, 59, 2775 MHz, 10251 MHz, 457.30 W, 480.00 W, 974 MiB
2026/10/09 02:10:30.258, 0, GPU-6c849b47-7111-9265-9d42-ff8eddc05a2d, 0 %, 0 %, 42, 210 MHz, 405 MHz, 39.19 W, 480.00 W, 974 MiB
2026/10/09 02:10:30.259, 1, GPU-81ac6e96-0bfe-390d-beb1-241466569d6b, 100 %, 0 %, 66, 2670 MHz, 10251 MHz, 461.04 W, 480.00 W, 974 MiB
2026/10/09 02:10:31.273, 0, GPU-6c849b47-7111-9265-9d42-ff8eddc05a2d, 0 %, 0 %, 42, 210 MHz, 405 MHz, 39.00 W, 480.00 W, 974 MiB
2026/10/09 02:10:31.273, 1, GPU-81ac6e96-0bfe-390d-beb1-241466569d6b, 100 %, 0 %, 66, 2700 MHz, 10251 MHz, 475.30 W, 480.00 W, 974 MiB
2026/10/09 02:10:32.274, 0, GPU-6c849b47-7111-9265-9d42-ff8eddc05a2d, 0 %, 0 %, 42, 210 MHz, 405 MHz, 38.71 W, 480.00 W, 974 MiB
2026/10/09 02:10:32.274, 1, GPU-81ac6e96-0bfe-390d-beb1-241466569d6b, 100 %, 0 %, 66, 2745 MHz, 10251 MHz, 430.13 W, 480.00 W, 974 MiB
2026/10/09 02:10:33.275, 0, GPU-6c849b47-7111-9265-9d42-ff8eddc05a2d, 0 %, 0 %, 41, 210 MHz, 405 MHz, 38.58 W, 480.00 W, 974 MiB
2026/10/09 02:10:33.275, 1, GPU-81ac6e96-0bfe-390d-beb1-241466569d6b, 100 %, 0 %, 66, 2685 MHz, 10251 MHz, 489.25 W, 480.00 W, 974 MiB
2026/10/09 02:10:34.276, 0, GPU-6c849b47-7111-9265-9d42-ff8eddc05a2d, 0 %, 0 %, 41, 210 MHz, 405 MHz, 38.82 W, 480.00 W, 974 MiB
2026/10/09 02:10:34.276, 1, GPU-81ac6e96-0bfe-390d-beb1-241466569d6b, 100 %, 0 %, 66, 2670 MHz, 10251 MHz, 477.07 W, 480.00 W, 974 MiB
2026/10/09 02:10:35.276, 0, GPU-6c849b47-7111-9265-9d42-ff8eddc05a2d, 0 %, 0 %, 41, 210 MHz, 405 MHz, 39.02 W, 480.00 W, 974 MiB
2026/10/09 02:10:35.277, 1, GPU-81ac6e96-0bfe-390d-beb1-241466569d6b, 100 %, 0 %, 67, 2760 MHz, 10251 MHz, 435.90 W, 480.00 W, 974 MiB
2026/10/09 02:10:36.309, 0, GPU-6c849b47-7111-9265-9d42-ff8eddc05a2d, 0 %, 0 %, 41, 210 MHz, 405 MHz, 39.33 W, 480.00 W, 974 MiB
2026/10/09 02:10:36.309, 1, GPU-81ac6e96-0bfe-390d-beb1-241466569d6b, 100 %, 0 %, 67, 2745 MHz, 10251 MHz, 481.17 W, 480.00 W, 974 MiB
2026/10/09 02:10:37.309, 0, GPU-6c849b47-7111-9265-9d42-ff8eddc05a2d, 0 %, 0 %, 41, 210 MHz, 405 MHz, 39.41 W, 480.00 W, 974 MiB
2026/10/09 02:10:37.310, 1, GPU-81ac6e96-0bfe-390d-beb1-241466569d6b, 100 %, 0 %, 64, 2775 MHz, 10251 MHz, 476.13 W, 480.00 W, 974 MiB
2026/10/09 02:10:38.310, 0, GPU-6c849b47-7111-9265-9d42-ff8eddc05a2d, 0 %, 0 %, 41, 210 MHz, 405 MHz, 39.08 W, 480.00 W, 974 MiB
2026/10/09 02:10:38.311, 1, GPU-81ac6e96-0bfe-390d-beb1-241466569d6b, 100 %, 0 %, 67, 2775 MHz, 10251 MHz, 439.84 W, 480.00 W, 974 MiB
2026/10/09 02:10:39.311, 0, GPU-6c849b47-7111-9265-9d42-ff8eddc05a2d, 0 %, 0 %, 41, 210 MHz, 405 MHz, 38.97 W, 480.00 W, 974 MiB
2026/10/09 02:10:39.311, 1, GPU-81ac6e96-0bfe-390d-beb1-241466569d6b, 100 %, 0 %, 67, 2730 MHz, 10251 MHz, 480.17 W, 480.00 W, 974 MiB
2026/10/09 02:10:40.312, 0, GPU-6c849b47-7111-9265-9d42-ff8eddc05a2d, 0 %, 0 %, 41, 210 MHz, 405 MHz, 38.92 W, 480.00 W, 974 MiB
2026/10/09 02:10:40.312, 1, GPU-81ac6e96-0bfe-390d-beb1-241466569d6b, 76 %, 0 %, 52, 2790 MHz, 10251 MHz, 412.04 W, 480.00 W, 974 MiB
2026/10/09 02:10:41.326, 0, GPU-6c849b47-7111-9265-9d42-ff8eddc05a2d, 0 %, 0 %, 41, 210 MHz, 405 MHz, 38.88 W, 480.00 W, 974 MiB
2026/10/09 02:10:41.327, 1, GPU-81ac6e96-0bfe-390d-beb1-241466569d6b, 0 %, 0 %, 47, 2805 MHz, 10251 MHz, 91.12 W, 480.00 W, 974 MiB
2026/10/09 02:10:42.327, 0, GPU-6c849b47-7111-9265-9d42-ff8eddc05a2d, 0 %, 0 %, 41, 210 MHz, 405 MHz, 38.70 W, 480.00 W, 974 MiB
2026/10/09 02:10:42.328, 1, GPU-81ac6e96-0bfe-390d-beb1-241466569d6b, 0 %, 0 %, 47, 2805 MHz, 10251 MHz, 85.29 W, 480.00 W, 974 MiB
2026/10/09 02:10:43.328, 0, GPU-6c849b47-7111-9265-9d42-ff8eddc05a2d, 0 %, 0 %, 41, 210 MHz, 405 MHz, 38.62 W, 480.00 W, 974 MiB
2026/10/09 02:10:43.329, 1, GPU-81ac6e96-0bfe-390d-beb1-241466569d6b, 100 %, 0 %, 66, 2730 MHz, 10251 MHz, 231.54 W, 480.00 W, 974 MiB
2026/10/09 02:10:44.329, 0, GPU-6c849b47-7111-9265-9d42-ff8eddc05a2d, 0 %, 0 %, 41, 210 MHz, 405 MHz, 38.71 W, 480.00 W, 974 MiB
2026/10/09 02:10:44.330, 1, GPU-81ac6e96-0bfe-390d-beb1-241466569d6b, 100 %, 0 %, 66, 2775 MHz, 10251 MHz, 484.03 W, 480.00 W, 974 MiB
2026/10/09 02:10:45.330, 0, GPU-6c849b47-7111-9265-9d42-ff8eddc05a2d, 0 %, 0 %, 41, 210 MHz, 405 MHz, 38.49 W, 480.00 W, 974 MiB
2026/10/09 02:10:45.362, 1, GPU-81ac6e96-0bfe-390d-beb1-241466569d6b, 100 %, 0 %, 54, 2790 MHz, 10251 MHz, 440.31 W, 480.00 W, 974 MiB
2026/10/09 02:10:46.362, 0, GPU-6c849b47-7111-9265-9d42-ff8eddc05a2d, 0 %, 0 %, 41, 210 MHz, 405 MHz, 38.42 W, 480.00 W, 974 MiB
2026/10/09 02:10:46.363, 1, GPU-81ac6e96-0bfe-390d-beb1-241466569d6b, 100 %, 0 %, 67, 2625 MHz, 10251 MHz, 447.96 W, 480.00 W, 974 MiB
2026/10/09 02:10:47.363, 0, GPU-6c849b47-7111-9265-9d42-ff8eddc05a2d, 0 %, 0 %, 41, 210 MHz, 405 MHz, 38.35 W, 480.00 W, 974 MiB
2026/10/09 02:10:47.364, 1, GPU-81ac6e96-0bfe-390d-beb1-241466569d6b, 100 %, 0 %, 67, 2625 MHz, 10251 MHz, 477.94 W, 480.00 W, 974 MiB
2026/10/09 02:10:48.364, 0, GPU-6c849b47-7111-9265-9d42-ff8eddc05a2d, 0 %, 0 %, 41, 210 MHz, 405 MHz, 38.28 W, 480.00 W, 974 MiB
2026/10/09 02:10:48.365, 1, GPU-81ac6e96-0bfe-390d-beb1-241466569d6b, 100 %, 0 %, 66, 2715 MHz, 10251 MHz, 435.68 W, 480.00 W, 974 MiB
2026/10/09 02:10:49.365, 0, GPU-6c849b47-7111-9265-9d42-ff8eddc05a2d, 0 %, 0 %, 41, 210 MHz, 405 MHz, 38.42 W, 480.00 W, 974 MiB
2026/10/09 02:10:49.366, 1, GPU-81ac6e96-0bfe-390d-beb1-241466569d6b, 100 %, 0 %, 67, 2670 MHz, 10251 MHz, 487.43 W, 480.00 W, 974 MiB
2026/10/09 02:10:50.366, 0, GPU-6c849b47-7111-9265-9d42-ff8eddc05a2d, 0 %, 0 %, 41, 210 MHz, 405 MHz, 38.63 W, 480.00 W, 974 MiB
2026/10/09 02:10:50.366, 1, GPU-81ac6e96-0bfe-390d-beb1-241466569d6b, 100 %, 0 %, 67, 2655 MHz, 10251 MHz, 477.62 W, 480.00 W, 974 MiB
2026/10/09 02:10:51.367, 0, GPU-6c849b47-7111-9265-9d42-ff8eddc05a2d, 0 %, 0 %, 41, 210 MHz, 405 MHz, 38.65 W, 480.00 W, 974 MiB
2026/10/09 02:10:51.367, 1, GPU-81ac6e96-0bfe-390d-beb1-241466569d6b, 100 %, 0 %, 68, 2730 MHz, 10251 MHz, 435.03 W, 480.00 W, 974 MiB
2026/10/09 02:10:52.368, 0, GPU-6c849b47-7111-9265-9d42-ff8eddc05a2d, 0 %, 0 %, 40, 210 MHz, 405 MHz, 38.54 W, 480.00 W, 974 MiB
2026/10/09 02:10:52.368, 1, GPU-81ac6e96-0bfe-390d-beb1-241466569d6b, 100 %, 0 %, 67, 2700 MHz, 10251 MHz, 486.66 W, 480.00 W, 974 MiB
2026/10/09 02:10:53.369, 0, GPU-6c849b47-7111-9265-9d42-ff8eddc05a2d, 0 %, 0 %, 40, 210 MHz, 405 MHz, 38.64 W, 480.00 W, 974 MiB
2026/10/09 02:10:53.369, 1, GPU-81ac6e96-0bfe-390d-beb1-241466569d6b, 100 %, 0 %, 67, 2670 MHz, 10251 MHz, 478.16 W, 480.00 W, 974 MiB
2026/10/09 02:10:54.370, 0, GPU-6c849b47-7111-9265-9d42-ff8eddc05a2d, 0 %, 0 %, 40, 210 MHz, 405 MHz, 38.71 W, 480.00 W, 974 MiB
2026/10/09 02:10:54.370, 1, GPU-81ac6e96-0bfe-390d-beb1-241466569d6b, 100 %, 0 %, 69, 2745 MHz, 10251 MHz, 447.70 W, 480.00 W, 974 MiB
2026/10/09 02:10:55.371, 0, GPU-6c849b47-7111-9265-9d42-ff8eddc05a2d, 0 %, 0 %, 40, 210 MHz, 405 MHz, 38.60 W, 480.00 W, 974 MiB
2026/10/09 02:10:55.371, 1, GPU-81ac6e96-0bfe-390d-beb1-241466569d6b, 100 %, 0 %, 68, 2730 MHz, 10251 MHz, 481.86 W, 480.00 W, 974 MiB
2026/10/09 02:10:56.372, 0, GPU-6c849b47-7111-9265-9d42-ff8eddc05a2d, 0 %, 0 %, 40, 210 MHz, 405 MHz, 38.29 W, 480.00 W, 974 MiB
2026/10/09 02:10:56.372, 1, GPU-81ac6e96-0bfe-390d-beb1-241466569d6b, 100 %, 0 %, 64, 2775 MHz, 10251 MHz, 457.77 W, 480.00 W, 974 MiB
2026/10/09 02:10:57.373, 0, GPU-6c849b47-7111-9265-9d42-ff8eddc05a2d, 0 %, 0 %, 40, 210 MHz, 405 MHz, 38.27 W, 480.00 W, 974 MiB
2026/10/09 02:10:57.373, 1, GPU-81ac6e96-0bfe-390d-beb1-241466569d6b, 100 %, 0 %, 68, 2685 MHz, 10251 MHz, 452.32 W, 480.00 W, 974 MiB
2026/10/09 02:10:58.374, 0, GPU-6c849b47-7111-9265-9d42-ff8eddc05a2d, 0 %, 0 %, 40, 210 MHz, 405 MHz, 38.55 W, 480.00 W, 974 MiB
2026/10/09 02:10:58.374, 1, GPU-81ac6e96-0bfe-390d-beb1-241466569d6b, 100 %, 0 %, 68, 2700 MHz, 10251 MHz, 479.12 W, 480.00 W, 974 MiB
2026/10/09 02:10:59.374, 0, GPU-6c849b47-7111-9265-9d42-ff8eddc05a2d, 0 %, 0 %, 40, 210 MHz, 405 MHz, 38.71 W, 480.00 W, 974 MiB
2026/10/09 02:10:59.375, 1, GPU-81ac6e96-0bfe-390d-beb1-241466569d6b, 100 %, 0 %, 66, 2760 MHz, 10251 MHz, 426.22 W, 480.00 W, 974 MiB
2026/10/09 02:11:00.376, 0, GPU-6c849b47-7111-9265-9d42-ff8eddc05a2d, 0 %, 0 %, 40, 210 MHz, 405 MHz, 38.97 W, 480.00 W, 974 MiB
2026/10/09 02:11:00.376, 1, GPU-81ac6e96-0bfe-390d-beb1-241466569d6b, 100 %, 0 %, 67, 2715 MHz, 10251 MHz, 483.57 W, 480.00 W, 974 MiB
2026/10/09 02:11:01.377, 0, GPU-6c849b47-7111-9265-9d42-ff8eddc05a2d, 0 %, 0 %, 40, 210 MHz, 405 MHz, 39.15 W, 480.00 W, 974 MiB
2026/10/09 02:11:01.377, 1, GPU-81ac6e96-0bfe-390d-beb1-241466569d6b, 100 %, 0 %, 67, 2715 MHz, 10251 MHz, 477.54 W, 480.00 W, 974 MiB
2026/10/09 02:11:02.377, 0, GPU-6c849b47-7111-9265-9d42-ff8eddc05a2d, 0 %, 0 %, 40, 210 MHz, 405 MHz, 38.92 W, 480.00 W, 974 MiB
2026/10/09 02:11:02.378, 1, GPU-81ac6e96-0bfe-390d-beb1-241466569d6b, 0 %, 0 %, 50, 2790 MHz, 10251 MHz, 255.52 W, 480.00 W, 974 MiB
2026/10/09 02:11:03.378, 0, GPU-6c849b47-7111-9265-9d42-ff8eddc05a2d, 0 %, 0 %, 40, 210 MHz, 405 MHz, 38.90 W, 480.00 W, 974 MiB
2026/10/09 02:11:03.379, 1, GPU-81ac6e96-0bfe-390d-beb1-241466569d6b, 0 %, 0 %, 48, 2790 MHz, 10251 MHz, 86.50 W, 480.00 W, 974 MiB
2026/10/09 02:11:04.379, 0, GPU-6c849b47-7111-9265-9d42-ff8eddc05a2d, 0 %, 0 %, 40, 210 MHz, 405 MHz, 38.85 W, 480.00 W, 974 MiB
2026/10/09 02:11:04.379, 1, GPU-81ac6e96-0bfe-390d-beb1-241466569d6b, 0 %, 0 %, 48, 2790 MHz, 10251 MHz, 86.33 W, 480.00 W, 974 MiB
2026/10/09 02:11:05.380, 0, GPU-6c849b47-7111-9265-9d42-ff8eddc05a2d, 0 %, 0 %, 40, 210 MHz, 405 MHz, 38.56 W, 480.00 W, 974 MiB
2026/10/09 02:11:05.380, 1, GPU-81ac6e96-0bfe-390d-beb1-241466569d6b, 0 %, 0 %, 47, 2625 MHz, 10251 MHz, 79.44 W, 480.00 W, 974 MiB
2026/10/09 02:11:06.381, 0, GPU-6c849b47-7111-9265-9d42-ff8eddc05a2d, 0 %, 0 %, 40, 210 MHz, 405 MHz, 38.47 W, 480.00 W, 974 MiB
2026/10/09 02:11:06.381, 1, GPU-81ac6e96-0bfe-390d-beb1-241466569d6b, 0 %, 0 %, 47, 2625 MHz, 10251 MHz, 78.06 W, 480.00 W, 974 MiB
2026/10/09 02:11:07.382, 0, GPU-6c849b47-7111-9265-9d42-ff8eddc05a2d, 0 %, 0 %, 40, 210 MHz, 405 MHz, 38.34 W, 480.00 W, 974 MiB
2026/10/09 02:11:07.382, 1, GPU-81ac6e96-0bfe-390d-beb1-241466569d6b, 0 %, 0 %, 47, 2625 MHz, 10251 MHz, 77.08 W, 480.00 W, 974 MiB
2026/10/09 02:11:08.383, 0, GPU-6c849b47-7111-9265-9d42-ff8eddc05a2d, 0 %, 0 %, 40, 210 MHz, 405 MHz, 38.56 W, 480.00 W, 974 MiB
2026/10/09 02:11:08.383, 1, GPU-81ac6e96-0bfe-390d-beb1-241466569d6b, 100 %, 0 %, 48, 2805 MHz, 10251 MHz, 85.74 W, 480.00 W, 974 MiB
2026/10/09 02:11:09.384, 0, GPU-6c849b47-7111-9265-9d42-ff8eddc05a2d, 0 %, 0 %, 40, 210 MHz, 405 MHz, 38.80 W, 480.00 W, 974 MiB
2026/10/09 02:11:09.384, 1, GPU-81ac6e96-0bfe-390d-beb1-241466569d6b, 100 %, 0 %, 48, 2805 MHz, 10251 MHz, 112.17 W, 480.00 W, 974 MiB
2026/10/09 02:11:10.384, 0, GPU-6c849b47-7111-9265-9d42-ff8eddc05a2d, 0 %, 0 %, 40, 210 MHz, 405 MHz, 38.43 W, 480.00 W, 974 MiB
2026/10/09 02:11:10.385, 1, GPU-81ac6e96-0bfe-390d-beb1-241466569d6b, 100 %, 0 %, 49, 2805 MHz, 10251 MHz, 112.02 W, 480.00 W, 974 MiB
2026/10/09 02:11:11.385, 0, GPU-6c849b47-7111-9265-9d42-ff8eddc05a2d, 0 %, 0 %, 40, 210 MHz, 405 MHz, 38.18 W, 480.00 W, 974 MiB
2026/10/09 02:11:11.386, 1, GPU-81ac6e96-0bfe-390d-beb1-241466569d6b, 100 %, 0 %, 61, 2790 MHz, 10251 MHz, 180.59 W, 480.00 W, 974 MiB
2026/10/09 02:11:12.386, 0, GPU-6c849b47-7111-9265-9d42-ff8eddc05a2d, 0 %, 0 %, 40, 210 MHz, 405 MHz, 38.43 W, 480.00 W, 974 MiB
2026/10/09 02:11:12.387, 1, GPU-81ac6e96-0bfe-390d-beb1-241466569d6b, 100 %, 0 %, 69, 2625 MHz, 10251 MHz, 454.82 W, 480.00 W, 974 MiB
2026/10/09 02:11:13.387, 0, GPU-6c849b47-7111-9265-9d42-ff8eddc05a2d, 0 %, 0 %, 40, 210 MHz, 405 MHz, 38.65 W, 480.00 W, 974 MiB
2026/10/09 02:11:13.388, 1, GPU-81ac6e96-0bfe-390d-beb1-241466569d6b, 100 %, 0 %, 69, 2640 MHz, 10251 MHz, 480.88 W, 480.00 W, 974 MiB
2026/10/09 02:11:14.388, 0, GPU-6c849b47-7111-9265-9d42-ff8eddc05a2d, 0 %, 0 %, 40, 210 MHz, 405 MHz, 38.78 W, 480.00 W, 974 MiB
2026/10/09 02:11:14.389, 1, GPU-81ac6e96-0bfe-390d-beb1-241466569d6b, 100 %, 0 %, 68, 2685 MHz, 10251 MHz, 421.40 W, 480.00 W, 974 MiB
2026/10/09 02:11:15.389, 0, GPU-6c849b47-7111-9265-9d42-ff8eddc05a2d, 0 %, 0 %, 39, 210 MHz, 405 MHz, 38.82 W, 480.00 W, 974 MiB
2026/10/09 02:11:15.391, 1, GPU-81ac6e96-0bfe-390d-beb1-241466569d6b, 100 %, 0 %, 68, 2670 MHz, 10251 MHz, 483.37 W, 480.00 W, 974 MiB
2026/10/09 02:11:16.391, 0, GPU-6c849b47-7111-9265-9d42-ff8eddc05a2d, 0 %, 0 %, 39, 210 MHz, 405 MHz, 38.59 W, 480.00 W, 974 MiB
2026/10/09 02:11:16.392, 1, GPU-81ac6e96-0bfe-390d-beb1-241466569d6b, 100 %, 0 %, 68, 2670 MHz, 10251 MHz, 480.53 W, 480.00 W, 974 MiB
2026/10/09 02:11:17.392, 0, GPU-6c849b47-7111-9265-9d42-ff8eddc05a2d, 0 %, 0 %, 39, 210 MHz, 405 MHz, 38.41 W, 480.00 W, 974 MiB
2026/10/09 02:11:17.393, 1, GPU-81ac6e96-0bfe-390d-beb1-241466569d6b, 100 %, 0 %, 69, 2715 MHz, 10251 MHz, 457.02 W, 480.00 W, 974 MiB
2026/10/09 02:11:18.393, 0, GPU-6c849b47-7111-9265-9d42-ff8eddc05a2d, 0 %, 0 %, 39, 210 MHz, 405 MHz, 38.36 W, 480.00 W, 974 MiB
2026/10/09 02:11:18.394, 1, GPU-81ac6e96-0bfe-390d-beb1-241466569d6b, 100 %, 0 %, 69, 2715 MHz, 10251 MHz, 482.59 W, 480.00 W, 974 MiB
2026/10/09 02:11:19.408, 0, GPU-6c849b47-7111-9265-9d42-ff8eddc05a2d, 0 %, 0 %, 39, 210 MHz, 405 MHz, 38.28 W, 480.00 W, 974 MiB
2026/10/09 02:11:19.408, 1, GPU-81ac6e96-0bfe-390d-beb1-241466569d6b, 100 %, 0 %, 68, 2775 MHz, 10251 MHz, 474.06 W, 480.00 W, 974 MiB
2026/10/09 02:11:20.408, 0, GPU-6c849b47-7111-9265-9d42-ff8eddc05a2d, 0 %, 0 %, 39, 210 MHz, 405 MHz, 38.06 W, 480.00 W, 974 MiB
2026/10/09 02:11:20.409, 1, GPU-81ac6e96-0bfe-390d-beb1-241466569d6b, 100 %, 0 %, 69, 2745 MHz, 10251 MHz, 455.13 W, 480.00 W, 974 MiB
2026/10/09 02:11:21.409, 0, GPU-6c849b47-7111-9265-9d42-ff8eddc05a2d, 0 %, 0 %, 39, 210 MHz, 405 MHz, 38.23 W, 480.00 W, 974 MiB
2026/10/09 02:11:21.410, 1, GPU-81ac6e96-0bfe-390d-beb1-241466569d6b, 100 %, 0 %, 68, 2700 MHz, 10251 MHz, 480.74 W, 480.00 W, 974 MiB
2026/10/09 02:11:22.410, 0, GPU-6c849b47-7111-9265-9d42-ff8eddc05a2d, 0 %, 0 %, 39, 210 MHz, 405 MHz, 38.68 W, 480.00 W, 974 MiB
2026/10/09 02:11:22.411, 1, GPU-81ac6e96-0bfe-390d-beb1-241466569d6b, 100 %, 0 %, 59, 2790 MHz, 10251 MHz, 422.01 W, 480.00 W, 974 MiB
2026/10/09 02:11:23.411, 0, GPU-6c849b47-7111-9265-9d42-ff8eddc05a2d, 0 %, 0 %, 39, 210 MHz, 405 MHz, 38.58 W, 480.00 W, 974 MiB
2026/10/09 02:11:23.412, 1, GPU-81ac6e96-0bfe-390d-beb1-241466569d6b, 100 %, 0 %, 67, 2685 MHz, 10251 MHz, 475.78 W, 480.00 W, 974 MiB
2026/10/09 02:11:24.412, 0, GPU-6c849b47-7111-9265-9d42-ff8eddc05a2d, 0 %, 0 %, 39, 210 MHz, 405 MHz, 38.47 W, 480.00 W, 974 MiB
2026/10/09 02:11:24.413, 1, GPU-81ac6e96-0bfe-390d-beb1-241466569d6b, 100 %, 0 %, 67, 2685 MHz, 10251 MHz, 476.54 W, 480.00 W, 974 MiB
2026/10/09 02:11:25.413, 0, GPU-6c849b47-7111-9265-9d42-ff8eddc05a2d, 0 %, 0 %, 39, 210 MHz, 405 MHz, 38.33 W, 480.00 W, 974 MiB
2026/10/09 02:11:25.413, 1, GPU-81ac6e96-0bfe-390d-beb1-241466569d6b, 100 %, 0 %, 67, 2745 MHz, 10251 MHz, 429.95 W, 480.00 W, 974 MiB
2026/10/09 02:11:26.414, 0, GPU-6c849b47-7111-9265-9d42-ff8eddc05a2d, 0 %, 0 %, 39, 210 MHz, 405 MHz, 38.34 W, 480.00 W, 974 MiB
2026/10/09 02:11:26.414, 1, GPU-81ac6e96-0bfe-390d-beb1-241466569d6b, 100 %, 0 %, 67, 2730 MHz, 10251 MHz, 483.22 W, 480.00 W, 974 MiB
2026/10/09 02:11:27.415, 0, GPU-6c849b47-7111-9265-9d42-ff8eddc05a2d, 0 %, 0 %, 39, 210 MHz, 405 MHz, 38.53 W, 480.00 W, 974 MiB
2026/10/09 02:11:27.417, 1, GPU-81ac6e96-0bfe-390d-beb1-241466569d6b, 100 %, 0 %, 67, 2700 MHz, 10251 MHz, 479.88 W, 480.00 W, 974 MiB
2026/10/09 02:11:28.418, 0, GPU-6c849b47-7111-9265-9d42-ff8eddc05a2d, 0 %, 0 %, 39, 210 MHz, 405 MHz, 38.33 W, 480.00 W, 974 MiB
2026/10/09 02:11:28.418, 1, GPU-81ac6e96-0bfe-390d-beb1-241466569d6b, 100 %, 0 %, 68, 2760 MHz, 10251 MHz, 435.49 W, 480.00 W, 974 MiB
2026/10/09 02:11:29.419, 0, GPU-6c849b47-7111-9265-9d42-ff8eddc05a2d, 0 %, 0 %, 39, 210 MHz, 405 MHz, 38.22 W, 480.00 W, 974 MiB
2026/10/09 02:11:29.419, 1, GPU-81ac6e96-0bfe-390d-beb1-241466569d6b, 100 %, 0 %, 68, 2745 MHz, 10251 MHz, 479.76 W, 480.00 W, 974 MiB
2026/10/09 02:11:30.420, 0, GPU-6c849b47-7111-9265-9d42-ff8eddc05a2d, 0 %, 0 %, 39, 210 MHz, 405 MHz, 38.03 W, 480.00 W, 974 MiB
2026/10/09 02:11:30.420, 1, GPU-81ac6e96-0bfe-390d-beb1-241466569d6b, 100 %, 0 %, 64, 2775 MHz, 10251 MHz, 454.57 W, 480.00 W, 974 MiB
2026/10/09 02:11:31.421, 0, GPU-6c849b47-7111-9265-9d42-ff8eddc05a2d, 0 %, 0 %, 39, 210 MHz, 405 MHz, 37.85 W, 480.00 W, 974 MiB
2026/10/09 02:11:31.421, 1, GPU-81ac6e96-0bfe-390d-beb1-241466569d6b, 0 %, 0 %, 49, 2790 MHz, 10251 MHz, 121.03 W, 480.00 W, 974 MiB
2026/10/09 02:11:32.421, 0, GPU-6c849b47-7111-9265-9d42-ff8eddc05a2d, 0 %, 0 %, 39, 210 MHz, 405 MHz, 37.99 W, 480.00 W, 974 MiB
2026/10/09 02:11:32.422, 1, GPU-81ac6e96-0bfe-390d-beb1-241466569d6b, 100 %, 0 %, 62, 2790 MHz, 10251 MHz, 232.32 W, 480.00 W, 974 MiB
2026/10/09 02:11:33.422, 0, GPU-6c849b47-7111-9265-9d42-ff8eddc05a2d, 0 %, 0 %, 39, 210 MHz, 405 MHz, 38.69 W, 480.00 W, 974 MiB
2026/10/09 02:11:33.423, 1, GPU-81ac6e96-0bfe-390d-beb1-241466569d6b, 100 %, 0 %, 66, 2775 MHz, 10251 MHz, 486.12 W, 480.00 W, 974 MiB
2026/10/09 02:11:34.423, 0, GPU-6c849b47-7111-9265-9d42-ff8eddc05a2d, 0 %, 0 %, 39, 210 MHz, 405 MHz, 39.06 W, 480.00 W, 974 MiB
2026/10/09 02:11:34.424, 1, GPU-81ac6e96-0bfe-390d-beb1-241466569d6b, 100 %, 0 %, 63, 2775 MHz, 10251 MHz, 469.19 W, 480.00 W, 974 MiB
2026/10/09 02:11:35.424, 0, GPU-6c849b47-7111-9265-9d42-ff8eddc05a2d, 0 %, 0 %, 39, 210 MHz, 405 MHz, 38.84 W, 480.00 W, 974 MiB
2026/10/09 02:11:35.424, 1, GPU-81ac6e96-0bfe-390d-beb1-241466569d6b, 100 %, 0 %, 69, 2700 MHz, 10251 MHz, 429.91 W, 480.00 W, 974 MiB
2026/10/09 02:11:36.425, 0, GPU-6c849b47-7111-9265-9d42-ff8eddc05a2d, 0 %, 0 %, 39, 210 MHz, 405 MHz, 38.65 W, 480.00 W, 974 MiB
2026/10/09 02:11:36.425, 1, GPU-81ac6e96-0bfe-390d-beb1-241466569d6b, 100 %, 0 %, 69, 2640 MHz, 10251 MHz, 482.35 W, 480.00 W, 974 MiB
2026/10/09 02:11:37.426, 0, GPU-6c849b47-7111-9265-9d42-ff8eddc05a2d, 0 %, 0 %, 39, 210 MHz, 405 MHz, 38.08 W, 480.00 W, 974 MiB
2026/10/09 02:11:37.426, 1, GPU-81ac6e96-0bfe-390d-beb1-241466569d6b, 100 %, 0 %, 61, 2775 MHz, 10251 MHz, 461.78 W, 480.00 W, 974 MiB
2026/10/09 02:11:38.427, 0, GPU-6c849b47-7111-9265-9d42-ff8eddc05a2d, 0 %, 0 %, 39, 210 MHz, 405 MHz, 37.80 W, 480.00 W, 974 MiB
2026/10/09 02:11:38.427, 1, GPU-81ac6e96-0bfe-390d-beb1-241466569d6b, 100 %, 0 %, 68, 2655 MHz, 10251 MHz, 465.37 W, 480.00 W, 974 MiB
2026/10/09 02:11:39.428, 0, GPU-6c849b47-7111-9265-9d42-ff8eddc05a2d, 0 %, 0 %, 39, 210 MHz, 405 MHz, 38.02 W, 480.00 W, 974 MiB
2026/10/09 02:11:39.428, 1, GPU-81ac6e96-0bfe-390d-beb1-241466569d6b, 100 %, 0 %, 68, 2670 MHz, 10251 MHz, 476.62 W, 480.00 W, 974 MiB
2026/10/09 02:11:40.429, 0, GPU-6c849b47-7111-9265-9d42-ff8eddc05a2d, 0 %, 0 %, 39, 210 MHz, 405 MHz, 38.10 W, 480.00 W, 974 MiB
2026/10/09 02:11:40.429, 1, GPU-81ac6e96-0bfe-390d-beb1-241466569d6b, 100 %, 0 %, 68, 2745 MHz, 10251 MHz, 431.72 W, 480.00 W, 974 MiB
2026/10/09 02:11:41.430, 0, GPU-6c849b47-7111-9265-9d42-ff8eddc05a2d, 0 %, 0 %, 39, 210 MHz, 405 MHz, 37.83 W, 480.00 W, 974 MiB
2026/10/09 02:11:41.430, 1, GPU-81ac6e96-0bfe-390d-beb1-241466569d6b, 100 %, 0 %, 68, 2670 MHz, 10251 MHz, 492.60 W, 480.00 W, 974 MiB
2026/10/09 02:11:42.430, 0, GPU-6c849b47-7111-9265-9d42-ff8eddc05a2d, 0 %, 0 %, 39, 210 MHz, 405 MHz, 37.80 W, 480.00 W, 974 MiB
2026/10/09 02:11:42.431, 1, GPU-81ac6e96-0bfe-390d-beb1-241466569d6b, 100 %, 0 %, 68, 2670 MHz, 10251 MHz, 476.75 W, 480.00 W, 974 MiB
2026/10/09 02:11:43.431, 0, GPU-6c849b47-7111-9265-9d42-ff8eddc05a2d, 0 %, 0 %, 39, 210 MHz, 405 MHz, 38.27 W, 480.00 W, 974 MiB
2026/10/09 02:11:43.432, 1, GPU-81ac6e96-0bfe-390d-beb1-241466569d6b, 100 %, 0 %, 69, 2745 MHz, 10251 MHz, 435.83 W, 480.00 W, 974 MiB
2026/10/09 02:11:44.432, 0, GPU-6c849b47-7111-9265-9d42-ff8eddc05a2d, 0 %, 0 %, 39, 210 MHz, 405 MHz, 38.40 W, 480.00 W, 974 MiB
2026/10/09 02:11:44.433, 1, GPU-81ac6e96-0bfe-390d-beb1-241466569d6b, 100 %, 0 %, 69, 2715 MHz, 10251 MHz, 484.41 W, 480.00 W, 974 MiB
2026/10/09 02:11:45.433, 0, GPU-6c849b47-7111-9265-9d42-ff8eddc05a2d, 0 %, 0 %, 39, 210 MHz, 405 MHz, 38.32 W, 480.00 W, 974 MiB
2026/10/09 02:11:45.465, 1, GPU-81ac6e96-0bfe-390d-beb1-241466569d6b, 100 %, 0 %, 68, 2745 MHz, 10251 MHz, 478.27 W, 480.00 W, 974 MiB
2026/10/09 02:11:46.465, 0, GPU-6c849b47-7111-9265-9d42-ff8eddc05a2d, 0 %, 0 %, 38, 210 MHz, 405 MHz, 38.44 W, 480.00 W, 974 MiB
2026/10/09 02:11:46.466, 1, GPU-81ac6e96-0bfe-390d-beb1-241466569d6b, 100 %, 0 %, 69, 2760 MHz, 10251 MHz, 440.25 W, 480.00 W, 974 MiB
2026/10/09 02:11:47.466, 0, GPU-6c849b47-7111-9265-9d42-ff8eddc05a2d, 0 %, 0 %, 38, 210 MHz, 405 MHz, 38.04 W, 480.00 W, 974 MiB
2026/10/09 02:11:47.467, 1, GPU-81ac6e96-0bfe-390d-beb1-241466569d6b, 100 %, 0 %, 69, 2730 MHz, 10251 MHz, 481.18 W, 480.00 W, 974 MiB
2026/10/09 02:11:48.467, 0, GPU-6c849b47-7111-9265-9d42-ff8eddc05a2d, 0 %, 0 %, 38, 210 MHz, 405 MHz, 37.49 W, 480.00 W, 974 MiB
2026/10/09 02:11:48.468, 1, GPU-81ac6e96-0bfe-390d-beb1-241466569d6b, 100 %, 0 %, 61, 2775 MHz, 10251 MHz, 455.36 W, 480.00 W, 974 MiB
2026/10/09 02:11:49.468, 0, GPU-6c849b47-7111-9265-9d42-ff8eddc05a2d, 0 %, 0 %, 38, 210 MHz, 405 MHz, 37.56 W, 480.00 W, 974 MiB
2026/10/09 02:11:49.469, 1, GPU-81ac6e96-0bfe-390d-beb1-241466569d6b, 100 %, 0 %, 68, 2700 MHz, 10251 MHz, 451.69 W, 480.00 W, 974 MiB
2026/10/09 02:11:50.469, 0, GPU-6c849b47-7111-9265-9d42-ff8eddc05a2d, 0 %, 0 %, 38, 210 MHz, 405 MHz, 37.75 W, 480.00 W, 974 MiB
2026/10/09 02:11:50.469, 1, GPU-81ac6e96-0bfe-390d-beb1-241466569d6b, 100 %, 0 %, 68, 2685 MHz, 10251 MHz, 478.07 W, 480.00 W, 974 MiB
2026/10/09 02:11:51.470, 0, GPU-6c849b47-7111-9265-9d42-ff8eddc05a2d, 0 %, 0 %, 38, 210 MHz, 405 MHz, 37.96 W, 480.00 W, 974 MiB
2026/10/09 02:11:51.470, 1, GPU-81ac6e96-0bfe-390d-beb1-241466569d6b, 0 %, 0 %, 51, 2790 MHz, 10251 MHz, 354.63 W, 480.00 W, 974 MiB
2026/10/09 02:11:52.471, 0, GPU-6c849b47-7111-9265-9d42-ff8eddc05a2d, 0 %, 0 %, 38, 210 MHz, 405 MHz, 38.19 W, 480.00 W, 974 MiB
2026/10/09 02:11:52.471, 1, GPU-81ac6e96-0bfe-390d-beb1-241466569d6b, 0 %, 0 %, 49, 2790 MHz, 10251 MHz, 88.13 W, 480.00 W, 974 MiB
2026/10/09 02:11:53.472, 0, GPU-6c849b47-7111-9265-9d42-ff8eddc05a2d, 0 %, 0 %, 38, 210 MHz, 405 MHz, 38.33 W, 480.00 W, 974 MiB
2026/10/09 02:11:53.472, 1, GPU-81ac6e96-0bfe-390d-beb1-241466569d6b, 100 %, 0 %, 69, 2700 MHz, 10251 MHz, 355.24 W, 480.00 W, 974 MiB
2026/10/09 02:11:54.472, 0, GPU-6c849b47-7111-9265-9d42-ff8eddc05a2d, 0 %, 0 %, 38, 210 MHz, 405 MHz, 38.41 W, 480.00 W, 974 MiB
2026/10/09 02:11:54.473, 1, GPU-81ac6e96-0bfe-390d-beb1-241466569d6b, 100 %, 0 %, 69, 2730 MHz, 10251 MHz, 482.91 W, 480.00 W, 974 MiB
2026/10/09 02:11:55.473, 0, GPU-6c849b47-7111-9265-9d42-ff8eddc05a2d, 0 %, 0 %, 38, 210 MHz, 405 MHz, 38.62 W, 480.00 W, 974 MiB
2026/10/09 02:11:55.474, 1, GPU-81ac6e96-0bfe-390d-beb1-241466569d6b, 100 %, 0 %, 67, 2790 MHz, 10251 MHz, 421.39 W, 480.00 W, 974 MiB
2026/10/09 02:11:56.474, 0, GPU-6c849b47-7111-9265-9d42-ff8eddc05a2d, 0 %, 0 %, 38, 210 MHz, 405 MHz, 38.45 W, 480.00 W, 974 MiB
2026/10/09 02:11:56.475, 1, GPU-81ac6e96-0bfe-390d-beb1-241466569d6b, 100 %, 0 %, 68, 2625 MHz, 10251 MHz, 477.30 W, 480.00 W, 974 MiB
2026/10/09 02:11:57.475, 0, GPU-6c849b47-7111-9265-9d42-ff8eddc05a2d, 0 %, 0 %, 38, 210 MHz, 405 MHz, 37.76 W, 480.00 W, 974 MiB
2026/10/09 02:11:57.476, 1, GPU-81ac6e96-0bfe-390d-beb1-241466569d6b, 100 %, 0 %, 68, 2610 MHz, 10251 MHz, 476.95 W, 480.00 W, 974 MiB
2026/10/09 02:11:58.476, 0, GPU-6c849b47-7111-9265-9d42-ff8eddc05a2d, 0 %, 0 %, 39, 210 MHz, 405 MHz, 35.99 W, 480.00 W, 974 MiB
2026/10/09 02:11:58.476, 1, GPU-81ac6e96-0bfe-390d-beb1-241466569d6b, 100 %, 0 %, 69, 2730 MHz, 10251 MHz, 439.33 W, 480.00 W, 974 MiB
2026/10/09 02:11:59.477, 0, GPU-6c849b47-7111-9265-9d42-ff8eddc05a2d, 0 %, 0 %, 39, 210 MHz, 405 MHz, 34.06 W, 480.00 W, 974 MiB
2026/10/09 02:11:59.477, 1, GPU-81ac6e96-0bfe-390d-beb1-241466569d6b, 100 %, 0 %, 68, 2670 MHz, 10251 MHz, 494.56 W, 480.00 W, 974 MiB
2026/10/09 02:12:00.477, 0, GPU-6c849b47-7111-9265-9d42-ff8eddc05a2d, 0 %, 0 %, 40, 210 MHz, 405 MHz, 33.45 W, 480.00 W, 974 MiB
2026/10/09 02:12:00.478, 1, GPU-81ac6e96-0bfe-390d-beb1-241466569d6b, 100 %, 0 %, 68, 2655 MHz, 10251 MHz, 478.00 W, 480.00 W, 974 MiB
2026/10/09 02:12:01.478, 0, GPU-6c849b47-7111-9265-9d42-ff8eddc05a2d, 0 %, 0 %, 40, 210 MHz, 405 MHz, 33.51 W, 480.00 W, 974 MiB
2026/10/09 02:12:01.485, 1, GPU-81ac6e96-0bfe-390d-beb1-241466569d6b, 100 %, 0 %, 70, 2730 MHz, 10251 MHz, 439.60 W, 480.00 W, 974 MiB
2026/10/09 02:12:02.485, 0, GPU-6c849b47-7111-9265-9d42-ff8eddc05a2d, 0 %, 0 %, 40, 210 MHz, 405 MHz, 34.16 W, 480.00 W, 974 MiB
2026/10/09 02:12:02.485, 1, GPU-81ac6e96-0bfe-390d-beb1-241466569d6b, 100 %, 0 %, 69, 2700 MHz, 10251 MHz, 483.99 W, 480.00 W, 974 MiB
2026/10/09 02:12:03.486, 0, GPU-6c849b47-7111-9265-9d42-ff8eddc05a2d, 0 %, 0 %, 40, 210 MHz, 405 MHz, 34.64 W, 480.00 W, 974 MiB
2026/10/09 02:12:03.486, 1, GPU-81ac6e96-0bfe-390d-beb1-241466569d6b, 100 %, 0 %, 68, 2745 MHz, 10251 MHz, 478.88 W, 480.00 W, 974 MiB
2026/10/09 02:12:04.487, 0, GPU-6c849b47-7111-9265-9d42-ff8eddc05a2d, 0 %, 0 %, 40, 210 MHz, 405 MHz, 34.44 W, 480.00 W, 974 MiB
2026/10/09 02:12:04.487, 1, GPU-81ac6e96-0bfe-390d-beb1-241466569d6b, 100 %, 0 %, 70, 2745 MHz, 10251 MHz, 446.04 W, 480.00 W, 974 MiB
2026/10/09 02:12:05.488, 0, GPU-6c849b47-7111-9265-9d42-ff8eddc05a2d, 0 %, 0 %, 41, 210 MHz, 405 MHz, 34.16 W, 480.00 W, 974 MiB
2026/10/09 02:12:05.488, 1, GPU-81ac6e96-0bfe-390d-beb1-241466569d6b, 100 %, 0 %, 70, 2730 MHz, 10251 MHz, 482.14 W, 480.00 W, 974 MiB
2026/10/09 02:12:06.488, 0, GPU-6c849b47-7111-9265-9d42-ff8eddc05a2d, 0 %, 0 %, 41, 210 MHz, 405 MHz, 34.03 W, 480.00 W, 974 MiB
2026/10/09 02:12:06.489, 1, GPU-81ac6e96-0bfe-390d-beb1-241466569d6b, 100 %, 0 %, 62, 2775 MHz, 10251 MHz, 461.96 W, 480.00 W, 974 MiB
2026/10/09 02:12:07.489, 0, GPU-6c849b47-7111-9265-9d42-ff8eddc05a2d, 0 %, 0 %, 41, 210 MHz, 405 MHz, 34.13 W, 480.00 W, 974 MiB
2026/10/09 02:12:07.490, 1, GPU-81ac6e96-0bfe-390d-beb1-241466569d6b, 100 %, 0 %, 68, 2685 MHz, 10251 MHz, 453.85 W, 480.00 W, 974 MiB
2026/10/09 02:12:08.490, 0, GPU-6c849b47-7111-9265-9d42-ff8eddc05a2d, 0 %, 0 %, 41, 210 MHz, 405 MHz, 34.41 W, 480.00 W, 974 MiB
2026/10/09 02:12:08.491, 1, GPU-81ac6e96-0bfe-390d-beb1-241466569d6b, 100 %, 0 %, 69, 2700 MHz, 10251 MHz, 479.33 W, 480.00 W, 974 MiB
2026/10/09 02:12:09.491, 0, GPU-6c849b47-7111-9265-9d42-ff8eddc05a2d, 0 %, 0 %, 41, 210 MHz, 405 MHz, 34.52 W, 480.00 W, 974 MiB
2026/10/09 02:12:09.491, 1, GPU-81ac6e96-0bfe-390d-beb1-241466569d6b, 100 %, 0 %, 68, 2760 MHz, 10251 MHz, 425.10 W, 480.00 W, 974 MiB
2026/10/09 02:12:10.492, 0, GPU-6c849b47-7111-9265-9d42-ff8eddc05a2d, 0 %, 0 %, 41, 210 MHz, 405 MHz, 34.37 W, 480.00 W, 974 MiB
2026/10/09 02:12:10.492, 1, GPU-81ac6e96-0bfe-390d-beb1-241466569d6b, 100 %, 0 %, 68, 2715 MHz, 10251 MHz, 485.13 W, 480.00 W, 974 MiB
2026/10/09 02:12:11.492, 0, GPU-6c849b47-7111-9265-9d42-ff8eddc05a2d, 0 %, 0 %, 41, 210 MHz, 405 MHz, 34.08 W, 480.00 W, 974 MiB
2026/10/09 02:12:11.493, 1, GPU-81ac6e96-0bfe-390d-beb1-241466569d6b, 100 %, 0 %, 68, 2700 MHz, 10251 MHz, 476.15 W, 480.00 W, 974 MiB
2026/10/09 02:12:12.493, 0, GPU-6c849b47-7111-9265-9d42-ff8eddc05a2d, 0 %, 0 %, 41, 210 MHz, 405 MHz, 33.93 W, 480.00 W, 974 MiB
2026/10/09 02:12:12.494, 1, GPU-81ac6e96-0bfe-390d-beb1-241466569d6b, 0 %, 0 %, 50, 2790 MHz, 10251 MHz, 262.88 W, 480.00 W, 974 MiB
2026/10/09 02:12:13.494, 0, GPU-6c849b47-7111-9265-9d42-ff8eddc05a2d, 0 %, 0 %, 41, 210 MHz, 405 MHz, 34.13 W, 480.00 W, 974 MiB
2026/10/09 02:12:13.494, 1, GPU-81ac6e96-0bfe-390d-beb1-241466569d6b, 31 %, 0 %, 61, 2790 MHz, 10251 MHz, 96.91 W, 480.00 W, 974 MiB
2026/10/09 02:12:14.495, 0, GPU-6c849b47-7111-9265-9d42-ff8eddc05a2d, 0 %, 0 %, 41, 210 MHz, 405 MHz, 34.46 W, 480.00 W, 974 MiB
2026/10/09 02:12:14.495, 1, GPU-81ac6e96-0bfe-390d-beb1-241466569d6b, 100 %, 0 %, 70, 2685 MHz, 10251 MHz, 420.61 W, 480.00 W, 974 MiB
2026/10/09 02:12:15.496, 0, GPU-6c849b47-7111-9265-9d42-ff8eddc05a2d, 0 %, 0 %, 41, 210 MHz, 405 MHz, 34.51 W, 480.00 W, 974 MiB
2026/10/09 02:12:15.496, 1, GPU-81ac6e96-0bfe-390d-beb1-241466569d6b, 100 %, 0 %, 70, 2700 MHz, 10251 MHz, 481.32 W, 480.00 W, 974 MiB
2026/10/09 02:12:16.497, 0, GPU-6c849b47-7111-9265-9d42-ff8eddc05a2d, 0 %, 0 %, 41, 210 MHz, 405 MHz, 34.24 W, 480.00 W, 974 MiB
2026/10/09 02:12:16.497, 1, GPU-81ac6e96-0bfe-390d-beb1-241466569d6b, 100 %, 0 %, 69, 2685 MHz, 10251 MHz, 406.52 W, 480.00 W, 974 MiB
2026/10/09 02:12:17.497, 0, GPU-6c849b47-7111-9265-9d42-ff8eddc05a2d, 0 %, 0 %, 41, 210 MHz, 405 MHz, 34.32 W, 480.00 W, 974 MiB
2026/10/09 02:12:17.498, 1, GPU-81ac6e96-0bfe-390d-beb1-241466569d6b, 100 %, 0 %, 68, 2625 MHz, 10251 MHz, 490.01 W, 480.00 W, 974 MiB
2026/10/09 02:12:18.498, 0, GPU-6c849b47-7111-9265-9d42-ff8eddc05a2d, 0 %, 0 %, 41, 210 MHz, 405 MHz, 34.66 W, 480.00 W, 974 MiB
2026/10/09 02:12:18.499, 1, GPU-81ac6e96-0bfe-390d-beb1-241466569d6b, 100 %, 0 %, 68, 2625 MHz, 10251 MHz, 476.75 W, 480.00 W, 974 MiB
2026/10/09 02:12:19.499, 0, GPU-6c849b47-7111-9265-9d42-ff8eddc05a2d, 0 %, 0 %, 41, 210 MHz, 405 MHz, 34.36 W, 480.00 W, 974 MiB
2026/10/09 02:12:19.500, 1, GPU-81ac6e96-0bfe-390d-beb1-241466569d6b, 100 %, 0 %, 70, 2715 MHz, 10251 MHz, 450.79 W, 480.00 W, 974 MiB
2026/10/09 02:12:20.500, 0, GPU-6c849b47-7111-9265-9d42-ff8eddc05a2d, 0 %, 0 %, 41, 210 MHz, 405 MHz, 34.20 W, 480.00 W, 974 MiB
2026/10/09 02:12:20.501, 1, GPU-81ac6e96-0bfe-390d-beb1-241466569d6b, 100 %, 0 %, 69, 2685 MHz, 10251 MHz, 486.06 W, 480.00 W, 974 MiB
2026/10/09 02:12:21.501, 0, GPU-6c849b47-7111-9265-9d42-ff8eddc05a2d, 0 %, 0 %, 41, 210 MHz, 405 MHz, 34.56 W, 480.00 W, 974 MiB
2026/10/09 02:12:21.502, 1, GPU-81ac6e96-0bfe-390d-beb1-241466569d6b, 100 %, 0 %, 69, 2700 MHz, 10251 MHz, 478.91 W, 480.00 W, 974 MiB
2026/10/09 02:12:22.502, 0, GPU-6c849b47-7111-9265-9d42-ff8eddc05a2d, 0 %, 0 %, 41, 210 MHz, 405 MHz, 34.67 W, 480.00 W, 974 MiB
2026/10/09 02:12:22.502, 1, GPU-81ac6e96-0bfe-390d-beb1-241466569d6b, 100 %, 0 %, 70, 2730 MHz, 10251 MHz, 446.49 W, 480.00 W, 974 MiB
2026/10/09 02:12:23.503, 0, GPU-6c849b47-7111-9265-9d42-ff8eddc05a2d, 0 %, 0 %, 41, 210 MHz, 405 MHz, 34.45 W, 480.00 W, 974 MiB
2026/10/09 02:12:23.503, 1, GPU-81ac6e96-0bfe-390d-beb1-241466569d6b, 100 %, 0 %, 70, 2730 MHz, 10251 MHz, 481.66 W, 480.00 W, 974 MiB
2026/10/09 02:12:24.504, 0, GPU-6c849b47-7111-9265-9d42-ff8eddc05a2d, 0 %, 0 %, 41, 210 MHz, 405 MHz, 34.40 W, 480.00 W, 974 MiB
2026/10/09 02:12:24.504, 1, GPU-81ac6e96-0bfe-390d-beb1-241466569d6b, 100 %, 0 %, 66, 2775 MHz, 10251 MHz, 472.35 W, 480.00 W, 974 MiB
2026/10/09 02:12:25.504, 0, GPU-6c849b47-7111-9265-9d42-ff8eddc05a2d, 0 %, 0 %, 41, 210 MHz, 405 MHz, 34.52 W, 480.00 W, 974 MiB
2026/10/09 02:12:25.505, 1, GPU-81ac6e96-0bfe-390d-beb1-241466569d6b, 100 %, 0 %, 69, 2685 MHz, 10251 MHz, 454.19 W, 480.00 W, 974 MiB
2026/10/09 02:12:26.505, 0, GPU-6c849b47-7111-9265-9d42-ff8eddc05a2d, 0 %, 0 %, 41, 210 MHz, 405 MHz, 34.85 W, 480.00 W, 974 MiB
2026/10/09 02:12:26.506, 1, GPU-81ac6e96-0bfe-390d-beb1-241466569d6b, 100 %, 0 %, 69, 2700 MHz, 10251 MHz, 480.09 W, 480.00 W, 974 MiB
2026/10/09 02:12:27.506, 0, GPU-6c849b47-7111-9265-9d42-ff8eddc05a2d, 0 %, 0 %, 41, 210 MHz, 405 MHz, 35.08 W, 480.00 W, 974 MiB
2026/10/09 02:12:27.507, 1, GPU-81ac6e96-0bfe-390d-beb1-241466569d6b, 100 %, 0 %, 66, 2760 MHz, 10251 MHz, 427.50 W, 480.00 W, 974 MiB
2026/10/09 02:12:28.507, 0, GPU-6c849b47-7111-9265-9d42-ff8eddc05a2d, 0 %, 0 %, 41, 210 MHz, 405 MHz, 34.70 W, 480.00 W, 974 MiB
2026/10/09 02:12:28.507, 1, GPU-81ac6e96-0bfe-390d-beb1-241466569d6b, 100 %, 0 %, 68, 2685 MHz, 10251 MHz, 478.86 W, 480.00 W, 974 MiB
2026/10/09 02:12:29.508, 0, GPU-6c849b47-7111-9265-9d42-ff8eddc05a2d, 0 %, 0 %, 41, 210 MHz, 405 MHz, 34.53 W, 480.00 W, 974 MiB
2026/10/09 02:12:29.508, 1, GPU-81ac6e96-0bfe-390d-beb1-241466569d6b, 100 %, 0 %, 68, 2685 MHz, 10251 MHz, 476.40 W, 480.00 W, 974 MiB
2026/10/09 02:12:30.509, 0, GPU-6c849b47-7111-9265-9d42-ff8eddc05a2d, 0 %, 0 %, 41, 210 MHz, 405 MHz, 34.76 W, 480.00 W, 974 MiB
2026/10/09 02:12:30.509, 1, GPU-81ac6e96-0bfe-390d-beb1-241466569d6b, 100 %, 0 %, 69, 2745 MHz, 10251 MHz, 428.60 W, 480.00 W, 974 MiB
2026/10/09 02:12:31.510, 0, GPU-6c849b47-7111-9265-9d42-ff8eddc05a2d, 0 %, 0 %, 41, 210 MHz, 405 MHz, 34.83 W, 480.00 W, 974 MiB
2026/10/09 02:12:31.510, 1, GPU-81ac6e96-0bfe-390d-beb1-241466569d6b, 100 %, 0 %, 68, 2745 MHz, 10251 MHz, 482.28 W, 480.00 W, 974 MiB
2026/10/09 02:12:32.510, 0, GPU-6c849b47-7111-9265-9d42-ff8eddc05a2d, 0 %, 0 %, 41, 210 MHz, 405 MHz, 34.95 W, 480.00 W, 974 MiB
2026/10/09 02:12:32.511, 1, GPU-81ac6e96-0bfe-390d-beb1-241466569d6b, 100 %, 0 %, 68, 2775 MHz, 10251 MHz, 478.08 W, 480.00 W, 974 MiB
2026/10/09 02:12:33.511, 0, GPU-6c849b47-7111-9265-9d42-ff8eddc05a2d, 0 %, 0 %, 41, 210 MHz, 405 MHz, 35.11 W, 480.00 W, 974 MiB
2026/10/09 02:12:33.512, 1, GPU-81ac6e96-0bfe-390d-beb1-241466569d6b, 0 %, 0 %, 50, 2790 MHz, 10251 MHz, 195.37 W, 480.00 W, 974 MiB
2026/10/09 02:12:34.512, 0, GPU-6c849b47-7111-9265-9d42-ff8eddc05a2d, 0 %, 0 %, 41, 210 MHz, 405 MHz, 34.97 W, 480.00 W, 974 MiB
2026/10/09 02:12:34.513, 1, GPU-81ac6e96-0bfe-390d-beb1-241466569d6b, 0 %, 0 %, 49, 2790 MHz, 10251 MHz, 86.22 W, 480.00 W, 974 MiB
2026/10/09 02:12:35.513, 0, GPU-6c849b47-7111-9265-9d42-ff8eddc05a2d, 0 %, 0 %, 41, 210 MHz, 405 MHz, 34.69 W, 480.00 W, 974 MiB
2026/10/09 02:12:35.514, 1, GPU-81ac6e96-0bfe-390d-beb1-241466569d6b, 0 %, 0 %, 48, 2625 MHz, 10251 MHz, 79.11 W, 480.00 W, 974 MiB
2026/10/09 02:12:36.514, 0, GPU-6c849b47-7111-9265-9d42-ff8eddc05a2d, 0 %, 0 %, 41, 210 MHz, 405 MHz, 34.41 W, 480.00 W, 974 MiB
2026/10/09 02:12:36.514, 1, GPU-81ac6e96-0bfe-390d-beb1-241466569d6b, 0 %, 0 %, 48, 2625 MHz, 10251 MHz, 77.74 W, 480.00 W, 974 MiB
2026/10/09 02:12:37.515, 0, GPU-6c849b47-7111-9265-9d42-ff8eddc05a2d, 0 %, 0 %, 41, 210 MHz, 405 MHz, 34.30 W, 480.00 W, 1 MiB
2026/10/09 02:12:37.538, 1, GPU-81ac6e96-0bfe-390d-beb1-241466569d6b, 0 %, 0 %, 48, 2625 MHz, 10251 MHz, 76.88 W, 480.00 W, 1 MiB
