timestamp, index, uuid, utilization.gpu [%], utilization.memory [%], temperature.gpu, clocks.current.sm [MHz], clocks.current.memory [MHz], power.draw [W], power.limit [W], memory.used [MiB]
2026/10/09 01:23:10.196, 0, GPU-6c849b47-7111-9265-9d42-ff8eddc05a2d, 0 %, 0 %, 41, 210 MHz, 405 MHz, 34.16 W, 480.00 W, 1 MiB
2026/10/09 01:23:10.200, 1, GPU-81ac6e96-0bfe-390d-beb1-241466569d6b, 0 %, 0 %, 38, 210 MHz, 405 MHz, 25.33 W, 480.00 W, 1 MiB
2026/10/09 01:23:11.203, 0, GPU-6c849b47-7111-9265-9d42-ff8eddc05a2d, 3 %, 0 %, 42, 2625 MHz, 10501 MHz, 40.04 W, 480.00 W, 428 MiB
2026/10/09 01:23:11.204, 1, GPU-81ac6e96-0bfe-390d-beb1-241466569d6b, 4 %, 0 %, 39, 2625 MHz, 10501 MHz, 30.94 W, 480.00 W, 428 MiB
2026/10/09 01:23:12.204, 0, GPU-6c849b47-7111-9265-9d42-ff8eddc05a2d, 100 %, 0 %, 44, 2790 MHz, 10251 MHz, 87.39 W, 480.00 W, 526 MiB
2026/10/09 01:23:12.204, 1, GPU-81ac6e96-0bfe-390d-beb1-241466569d6b, 100 %, 0 %, 42, 2820 MHz, 10251 MHz, 79.02 W, 480.00 W, 526 MiB
2026/10/09 01:23:13.205, 0, GPU-6c849b47-7111-9265-9d42-ff8eddc05a2d, 100 %, 0 %, 46, 2790 MHz, 10251 MHz, 105.82 W, 480.00 W, 526 MiB
2026/10/09 01:23:13.205, 1, GPU-81ac6e96-0bfe-390d-beb1-241466569d6b, 100 %, 0 %, 43, 2805 MHz, 10251 MHz, 106.05 W, 480.00 W, 526 MiB
2026/10/09 01:23:14.205, 0, GPU-6c849b47-7111-9265-9d42-ff8eddc05a2d, 100 %, 0 %, 46, 2790 MHz, 10251 MHz, 106.07 W, 480.00 W, 526 MiB
2026/10/09 01:23:14.206, 1, GPU-81ac6e96-0bfe-390d-beb1-241466569d6b, 100 %, 0 %, 43, 2805 MHz, 10251 MHz, 105.98 W, 480.00 W, 526 MiB
2026/10/09 01:23:15.206, 0, GPU-6c849b47-7111-9265-9d42-ff8eddc05a2d, 100 %, 0 %, 46, 2790 MHz, 10251 MHz, 100.80 W, 480.00 W, 686 MiB
2026/10/09 01:23:15.207, 1, GPU-81ac6e96-0bfe-390d-beb1-241466569d6b, 84 %, 0 %, 43, 2805 MHz, 10251 MHz, 97.87 W, 480.00 W, 686 MiB
2026/10/09 01:23:16.207, 0, GPU-6c849b47-7111-9265-9d42-ff8eddc05a2d, 100 %, 0 %, 47, 2790 MHz, 10251 MHz, 106.73 W, 480.00 W, 686 MiB
2026/10/09 01:23:16.208, 1, GPU-81ac6e96-0bfe-390d-beb1-241466569d6b, 100 %, 0 %, 44, 2805 MHz, 10251 MHz, 105.76 W, 480.00 W, 686 MiB
2026/10/09 01:23:17.208, 0, GPU-6c849b47-7111-9265-9d42-ff8eddc05a2d, 100 %, 0 %, 47, 2790 MHz, 10251 MHz, 107.10 W, 480.00 W, 686 MiB
2026/10/09 01:23:17.208, 1, GPU-81ac6e96-0bfe-390d-beb1-241466569d6b, 100 %, 0 %, 44, 2805 MHz, 10251 MHz, 106.48 W, 480.00 W, 686 MiB
2026/10/09 01:23:18.209, 0, GPU-6c849b47-7111-9265-9d42-ff8eddc05a2d, 100 %, 0 %, 47, 2790 MHz, 10251 MHz, 107.24 W, 480.00 W, 686 MiB
2026/10/09 01:23:18.209, 1, GPU-81ac6e96-0bfe-390d-beb1-241466569d6b, 100 %, 0 %, 44, 2805 MHz, 10251 MHz, 106.60 W, 480.00 W, 686 MiB
2026/10/09 01:23:19.210, 0, GPU-6c849b47-7111-9265-9d42-ff8eddc05a2d, 100 %, 0 %, 48, 2790 MHz, 10251 MHz, 107.26 W, 480.00 W, 686 MiB
2026/10/09 01:23:19.210, 1, GPU-81ac6e96-0bfe-390d-beb1-241466569d6b, 100 %, 0 %, 44, 2805 MHz, 10251 MHz, 106.70 W, 480.00 W, 686 MiB
2026/10/09 01:23:20.210, 0, GPU-6c849b47-7111-9265-9d42-ff8eddc05a2d, 100 %, 0 %, 48, 2790 MHz, 10251 MHz, 107.25 W, 480.00 W, 750 MiB
2026/10/09 01:23:20.211, 1, GPU-81ac6e96-0bfe-390d-beb1-241466569d6b, 100 %, 0 %, 44, 2805 MHz, 10251 MHz, 106.58 W, 480.00 W, 686 MiB
2026/10/09 01:23:21.211, 0, GPU-6c849b47-7111-9265-9d42-ff8eddc05a2d, 100 %, 0 %, 73, 2760 MHz, 10251 MHz, 315.47 W, 480.00 W, 750 MiB
2026/10/09 01:23:21.212, 1, GPU-81ac6e96-0bfe-390d-beb1-241466569d6b, 0 %, 0 %, 42, 2805 MHz, 10251 MHz, 87.60 W, 480.00 W, 686 MiB
2026/10/09 01:23:22.212, 0, GPU-6c849b47-7111-9265-9d42-ff8eddc05a2d, 100 %, 0 %, 74, 2685 MHz, 10251 MHz, 426.41 W, 480.00 W, 750 MiB
2026/10/09 01:23:22.212, 1, GPU-81ac6e96-0bfe-390d-beb1-241466569d6b, 0 %, 0 %, 42, 2805 MHz, 10251 MHz, 82.31 W, 480.00 W, 686 MiB
2026/10/09 01:23:23.213, 0, GPU-6c849b47-7111-9265-9d42-ff8eddc05a2d, 100 %, 0 %, 67, 2640 MHz, 10251 MHz, 489.10 W, 480.00 W, 750 MiB
2026/10/09 01:23:23.213, 1, GPU-81ac6e96-0bfe-390d-beb1-241466569d6b, 0 %, 0 %, 42, 2625 MHz, 10251 MHz, 74.82 W, 480.00 W, 686 MiB
2026/10/09 01:23:24.213, 0, GPU-6c849b47-7111-9265-9d42-ff8eddc05a2d, 100 %, 0 %, 68, 2745 MHz, 10251 MHz, 465.54 W, 480.00 W, 750 MiB
2026/10/09 01:23:24.214, 1, GPU-81ac6e96-0bfe-390d-beb1-241466569d6b, 0 %, 0 %, 41, 2625 MHz, 10251 MHz, 71.45 W, 480.00 W, 686 MiB
2026/10/09 01:23:25.214, 0, GPU-6c849b47-7111-9265-9d42-ff8eddc05a2d, 100 %, 0 %, 64, 2760 MHz, 10251 MHz, 449.89 W, 480.00 W, 750 MiB
2026/10/09 01:23:25.215, 1, GPU-81ac6e96-0bfe-390d-beb1-241466569d6b, 0 %, 0 %, 41, 2625 MHz, 10251 MHz, 68.29 W, 480.00 W, 686 MiB
2026/10/09 01:23:26.215, 0, GPU-6c849b47-7111-9265-9d42-ff8eddc05a2d, 100 %, 0 %, 66, 2700 MHz, 10251 MHz, 463.90 W, 480.00 W, 750 MiB
2026/10/09 01:23:26.216, 1, GPU-81ac6e96-0bfe-390d-beb1-241466569d6b, 0 %, 0 %, 41, 2625 MHz, 10251 MHz, 68.27 W, 480.00 W, 686 MiB
2026/10/09 01:23:27.216, 0, GPU-6c849b47-7111-9265-9d42-ff8eddc05a2d, 100 %, 0 %, 67, 2760 MHz, 10251 MHz, 449.00 W, 480.00 W, 750 MiB
2026/10/09 01:23:27.216, 1, GPU-81ac6e96-0bfe-390d-beb1-241466569d6b, 0 %, 0 %, 41, 2625 MHz, 10251 MHz, 68.27 W, 480.00 W, 686 MiB
2026/10/09 01:23:28.217, 0, GPU-6c849b47-7111-9265-9d42-ff8eddc05a2d, 100 %, 0 %, 64, 2760 MHz, 10251 MHz, 476.34 W, 480.00 W, 750 MiB
2026/10/09 01:23:28.217, 1, GPU-81ac6e96-0bfe-390d-beb1-241466569d6b, 0 %, 0 %, 41, 2625 MHz, 10251 MHz, 68.13 W, 480.00 W, 686 MiB
2026/10/09 01:23:29.218, 0, GPU-6c849b47-7111-9265-9d42-ff8eddc05a2d, 100 %, 0 %, 67, 2760 MHz, 10251 MHz, 445.27 W, 480.00 W, 750 MiB
2026/10/09 01:23:29.218, 1, GPU-81ac6e96-0bfe-390d-beb1-241466569d6b, 0 %, 0 %, 41, 2625 MHz, 10251 MHz, 67.94 W, 480.00 W, 686 MiB
2026/10/09 01:23:30.219, 0, GPU-6c849b47-7111-9265-9d42-ff8eddc05a2d, 100 %, 0 %, 66, 2760 MHz, 10251 MHz, 444.32 W, 480.00 W, 750 MiB
2026/10/09 01:23:30.219, 1, GPU-81ac6e96-0bfe-390d-beb1-241466569d6b, 0 %, 0 %, 41, 2625 MHz, 10251 MHz, 68.01 W, 480.00 W, 686 MiB
2026/10/09 01:23:31.219, 0, GPU-6c849b47-7111-9265-9d42-ff8eddc05a2d, 100 %, 0 %, 67, 2760 MHz, 10251 MHz, 472.70 W, 480.00 W, 750 MiB
2026/10/09 01:23:31.220, 1, GPU-81ac6e96-0bfe-390d-beb1-241466569d6b, 0 %, 0 %, 41, 2625 MHz, 10251 MHz, 68.25 W, 480.00 W, 686 MiB
2026/10/09 01:23:32.220, 0, GPU-6c849b47-7111-9265-9d42-ff8eddc05a2d, 100 %, 0 %, 65, 2760 MHz, 10251 MHz, 421.85 W, 480.00 W, 750 MiB
2026/10/09 01:23:32.221, 1, GPU-81ac6e96-0bfe-390d-beb1-241466569d6b, 0 %, 0 %, 41, 2625 MHz, 10251 MHz, 68.26 W, 480.00 W, 686 MiB
2026/10/09 01:23:33.221, 0, GPU-6c849b47-7111-9265-9d42-ff8eddc05a2d, 100 %, 0 %, 68, 2685 MHz, 10251 MHz, 434.16 W, 480.00 W, 750 MiB
2026/10/09 01:23:33.222, 1, GPU-81ac6e96-0bfe-390d-beb1-241466569d6b, 0 %, 0 %, 41, 2625 MHz, 10251 MHz, 68.13 W, 480.00 W, 686 MiB
2026/10/09 01:23:34.222, 0, GPU-6c849b47-7111-9265-9d42-ff8eddc05a2d, 100 %, 0 %, 67, 2655 MHz, 10251 MHz, 487.45 W, 480.00 W, 750 MiB
2026/10/09 01:23:34.222, 1, GPU-81ac6e96-0bfe-390d-beb1-241466569d6b, 0 %, 0 %, 41, 2625 MHz, 10251 MHz, 68.27 W, 480.00 W, 686 MiB
2026/10/09 01:23:35.223, 0, GPU-6c849b47-7111-9265-9d42-ff8eddc05a2d, 100 %, 0 %, 69, 2715 MHz, 10251 MHz, 471.79 W, 480.00 W, 750 MiB
2026/10/09 01:23:35.223, 1, GPU-81ac6e96-0bfe-390d-beb1-241466569d6b, 0 %, 0 %, 41, 2625 MHz, 10251 MHz, 68.39 W, 480.00 W, 686 MiB
2026/10/09 01:23:36.224, 0, GPU-6c849b47-7111-9265-9d42-ff8eddc05a2d, 100 %, 0 %, 66, 2760 MHz, 10251 MHz, 445.50 W, 480.00 W, 750 MiB
2026/10/09 01:23:36.224, 1, GPU-81ac6e96-0bfe-390d-beb1-241466569d6b, 0 %, 0 %, 41, 2625 MHz, 10251 MHz, 68.23 W, 480.00 W, 686 MiB
2026/10/09 01:23:37.224, 0, GPU-6c849b47-7111-9265-9d42-ff8eddc05a2d, 100 %, 0 %, 67, 2685 MHz, 10251 MHz, 475.90 W, 480.00 W, 750 MiB
2026/10/09 01:23:37.225, 1, GPU-81ac6e96-0bfe-390d-beb1-241466569d6b, 0 %, 0 %, 41, 2625 MHz, 10251 MHz, 67.93 W, 480.00 W, 686 MiB
2026/10/09 01:23:38.225, 0, GPU-6c849b47-7111-9265-9d42-ff8eddc05a2d, 100 %, 0 %, 67, 2760 MHz, 10251 MHz, 448.85 W, 480.00 W, 750 MiB
2026/10/09 01:23:38.226, 1, GPU-81ac6e96-0bfe-390d-beb1-241466569d6b, 0 %, 0 %, 40, 450 MHz, 810 MHz, 61.06 W, 480.00 W, 686 MiB
2026/10/09 01:23:39.226, 0, GPU-6c849b47-7111-9265-9d42-ff8eddc05a2d, 100 %, 0 %, 63, 2760 MHz, 10251 MHz, 472.66 W, 480.00 W, 750 MiB
2026/10/09 01:23:39.227, 1, GPU-81ac6e96-0bfe-390d-beb1-241466569d6b, 0 %, 0 %, 40, 285 MHz, 405 MHz, 42.15 W, 480.00 W, 686 MiB
2026/10/09 01:23:40.227, 0, GPU-6c849b47-7111-9265-9d42-ff8eddc05a2d, 100 %, 0 %, 67, 2730 MHz, 10251 MHz, 448.48 W, 480.00 W, 750 MiB
2026/10/09 01:23:40.228, 1, GPU-81ac6e96-0bfe-390d-beb1-241466569d6b, 0 %, 0 %, 39, 210 MHz, 405 MHz, 28.12 W, 480.00 W, 686 MiB
2026/10/09 01:23:41.228, 0, GPU-6c849b47-7111-9265-9d42-ff8eddc05a2d, 100 %, 0 %, 66, 2760 MHz, 10251 MHz, 444.10 W, 480.00 W, 750 MiB
2026/10/09 01:23:41.229, 1, GPU-81ac6e96-0bfe-390d-beb1-241466569d6b, 0 %, 0 %, 39, 210 MHz, 405 MHz, 26.29 W, 480.00 W, 686 MiB
2026/10/09 01:23:42.229, 0, GPU-6c849b47-7111-9265-9d42-ff8eddc05a2d, 100 %, 0 %, 67, 2760 MHz, 10251 MHz, 473.58 W, 480.00 W, 750 MiB
2026/10/09 01:23:42.230, 1, GPU-81ac6e96-0bfe-390d-beb1-241466569d6b, 0 %, 0 %, 39, 210 MHz, 405 MHz, 26.05 W, 480.00 W, 686 MiB
2026/10/09 01:23:43.230, 0, GPU-6c849b47-7111-9265-9d42-ff8eddc05a2d, 0 %, 0 %, 45, 2790 MHz, 10251 MHz, 192.37 W, 480.00 W, 750 MiB
2026/10/09 01:23:43.231, 1, GPU-81ac6e96-0bfe-390d-beb1-241466569d6b, 0 %, 0 %, 39, 210 MHz, 405 MHz, 25.73 W, 480.00 W, 686 MiB
2026/10/09 01:23:44.231, 0, GPU-6c849b47-7111-9265-9d42-ff8eddc05a2d, 0 %, 0 %, 43, 2625 MHz, 10251 MHz, 93.92 W, 480.00 W, 750 MiB
2026/10/09 01:23:44.231, 1, GPU-81ac6e96-0bfe-390d-beb1-241466569d6b, 0 %, 0 %, 39, 210 MHz, 405 MHz, 25.67 W, 480.00 W, 686 MiB
2026/10/09 01:23:45.232, 0, GPU-6c849b47-7111-9265-9d42-ff8eddc05a2d, 0 %, 0 %, 43, 2625 MHz, 10251 MHz, 88.84 W, 480.00 W, 750 MiB
2026/10/09 01:23:45.232, 1, GPU-81ac6e96-0bfe-390d-beb1-241466569d6b, 0 %, 0 %, 39, 210 MHz, 405 MHz, 25.95 W, 480.00 W, 686 MiB
2026/10/09 01:23:46.233, 0, GPU-6c849b47-7111-9265-9d42-ff8eddc05a2d, 0 %, 0 %, 42, 2625 MHz, 10251 MHz, 82.90 W, 480.00 W, 750 MiB
2026/10/09 01:23:46.233, 1, GPU-81ac6e96-0bfe-390d-beb1-241466569d6b, 0 %, 0 %, 39, 210 MHz, 405 MHz, 25.79 W, 480.00 W, 686 MiB
2026/10/09 01:23:47.234, 0, GPU-6c849b47-7111-9265-9d42-ff8eddc05a2d, 0 %, 0 %, 42, 2625 MHz, 10251 MHz, 82.57 W, 480.00 W, 750 MiB
2026/10/09 01:23:47.234, 1, GPU-81ac6e96-0bfe-390d-beb1-241466569d6b, 0 %, 0 %, 39, 210 MHz, 405 MHz, 25.67 W, 480.00 W, 686 MiB
2026/10/09 01:23:48.235, 0, GPU-6c849b47-7111-9265-9d42-ff8eddc05a2d, 0 %, 0 %, 42, 2625 MHz, 10251 MHz, 82.13 W, 480.00 W, 750 MiB
2026/10/09 01:23:48.235, 1, GPU-81ac6e96-0bfe-390d-beb1-241466569d6b, 0 %, 0 %, 39, 210 MHz, 405 MHz, 25.85 W, 480.00 W, 686 MiB
2026/10/09 01:23:49.236, 0, GPU-6c849b47-7111-9265-9d42-ff8eddc05a2d, 0 %, 0 %, 41, 2625 MHz, 10251 MHz, 81.88 W, 480.00 W, 750 MiB
2026/10/09 01:23:49.236, 1, GPU-81ac6e96-0bfe-390d-beb1-241466569d6b, 0 %, 0 %, 39, 210 MHz, 405 MHz, 25.74 W, 480.00 W, 750 MiB
2026/10/09 01:23:50.237, 0, GPU-6c849b47-7111-9265-9d42-ff8eddc05a2d, 0 %, 0 %, 41, 2625 MHz, 10251 MHz, 81.74 W, 480.00 W, 750 MiB
2026/10/09 01:23:50.237, 1, GPU-81ac6e96-0bfe-390d-beb1-241466569d6b, 100 %, 0 %, 63, 2745 MHz, 10251 MHz, 118.83 W, 480.00 W, 750 MiB
2026/10/09 01:23:51.238, 0, GPU-6c849b47-7111-9265-9d42-ff8eddc05a2d, 0 %, 0 %, 41, 2625 MHz, 10251 MHz, 81.62 W, 480.00 W, 750 MiB
2026/10/09 01:23:51.238, 1, GPU-81ac6e96-0bfe-390d-beb1-241466569d6b, 100 %, 0 %, 68, 2715 MHz, 10251 MHz, 429.24 W, 480.00 W, 750 MiB
2026/10/09 01:23:52.238, 0, GPU-6c849b47-7111-9265-9d42-ff8eddc05a2d, 0 %, 0 %, 41, 2625 MHz, 10251 MHz, 81.55 W, 480.00 W, 750 MiB
2026/10/09 01:23:52.239, 1, GPU-81ac6e96-0bfe-390d-beb1-241466569d6b, 100 %, 0 %, 61, 2625 MHz, 10251 MHz, 501.04 W, 480.00 W, 750 MiB
2026/10/09 01:23:53.239, 0, GPU-6c849b47-7111-9265-9d42-ff8eddc05a2d, 0 %, 0 %, 41, 2625 MHz, 10251 MHz, 81.49 W, 480.00 W, 750 MiB
2026/10/09 01:23:53.240, 1, GPU-81ac6e96-0bfe-390d-beb1-241466569d6b, 100 %, 0 %, 61, 2775 MHz, 10251 MHz, 459.61 W, 480.00 W, 750 MiB
2026/10/09 01:23:54.240, 0, GPU-6c849b47-7111-9265-9d42-ff8eddc05a2d, 0 %, 0 %, 41, 2625 MHz, 10251 MHz, 81.35 W, 480.00 W, 750 MiB
2026/10/09 01:23:54.254, 1, GPU-81ac6e96-0bfe-390d-beb1-241466569d6b, 100 %, 0 %, 57, 2790 MHz, 10251 MHz, 477.96 W, 480.00 W, 750 MiB
2026/10/09 01:23:55.255, 0, GPU-6c849b47-7111-9265-9d42-ff8eddc05a2d, 0 %, 0 %, 41, 2625 MHz, 10251 MHz, 81.32 W, 480.00 W, 750 MiB
2026/10/09 01:23:55.255, 1, GPU-81ac6e96-0bfe-390d-beb1-241466569d6b, 100 %, 0 %, 60, 2700 MHz, 10251 MHz, 461.17 W, 480.00 W, 750 MiB
2026/10/09 01:23:56.256, 0, GPU-6c849b47-7111-9265-9d42-ff8eddc05a2d, 0 %, 0 %, 41, 2625 MHz, 10251 MHz, 81.38 W, 480.00 W, 750 MiB
2026/10/09 01:23:56.256, 1, GPU-81ac6e96-0bfe-390d-beb1-241466569d6b, 100 %, 0 %, 60, 2790 MHz, 10251 MHz, 447.50 W, 480.00 W, 750 MiB
2026/10/09 01:23:57.256, 0, GPU-6c849b47-7111-9265-9d42-ff8eddc05a2d, 0 %, 0 %, 41, 2625 MHz, 10251 MHz, 81.43 W, 480.00 W, 750 MiB
2026/10/09 01:23:57.257, 1, GPU-81ac6e96-0bfe-390d-beb1-241466569d6b, 100 %, 0 %, 60, 2775 MHz, 10251 MHz, 478.33 W, 480.00 W, 750 MiB
2026/10/09 01:23:58.257, 0, GPU-6c849b47-7111-9265-9d42-ff8eddc05a2d, 0 %, 0 %, 41, 2625 MHz, 10251 MHz, 81.44 W, 480.00 W, 750 MiB
2026/10/09 01:23:58.257, 1, GPU-81ac6e96-0bfe-390d-beb1-241466569d6b, 100 %, 0 %, 60, 2790 MHz, 10251 MHz, 445.67 W, 480.00 W, 750 MiB
2026/10/09 01:23:59.258, 0, GPU-6c849b47-7111-9265-9d42-ff8eddc05a2d, 0 %, 0 %, 41, 2625 MHz, 10251 MHz, 81.42 W, 480.00 W, 750 MiB
2026/10/09 01:23:59.258, 1, GPU-81ac6e96-0bfe-390d-beb1-241466569d6b, 100 %, 0 %, 59, 2790 MHz, 10251 MHz, 441.68 W, 480.00 W, 750 MiB
2026/10/09 01:24:00.259, 0, GPU-6c849b47-7111-9265-9d42-ff8eddc05a2d, 0 %, 0 %, 41, 2625 MHz, 10251 MHz, 81.39 W, 480.00 W, 750 MiB
2026/10/09 01:24:00.259, 1, GPU-81ac6e96-0bfe-390d-beb1-241466569d6b, 100 %, 0 %, 60, 2790 MHz, 10251 MHz, 470.04 W, 480.00 W, 750 MiB
2026/10/09 01:24:01.260, 0, GPU-6c849b47-7111-9265-9d42-ff8eddc05a2d, 0 %, 0 %, 41, 2625 MHz, 10251 MHz, 81.32 W, 480.00 W, 750 MiB
2026/10/09 01:24:01.260, 1, GPU-81ac6e96-0bfe-390d-beb1-241466569d6b, 100 %, 0 %, 61, 2745 MHz, 10251 MHz, 418.74 W, 480.00 W, 750 MiB
2026/10/09 01:24:02.261, 0, GPU-6c849b47-7111-9265-9d42-ff8eddc05a2d, 0 %, 0 %, 40, 375 MHz, 810 MHz, 67.25 W, 480.00 W, 750 MiB
2026/10/09 01:24:02.261, 1, GPU-81ac6e96-0bfe-390d-beb1-241466569d6b, 100 %, 0 %, 61, 2715 MHz, 10251 MHz, 433.46 W, 480.00 W, 750 MiB
2026/10/09 01:24:03.262, 0, GPU-6c849b47-7111-9265-9d42-ff8eddc05a2d, 0 %, 0 %, 40, 240 MHz, 405 MHz, 48.04 W, 480.00 W, 750 MiB
2026/10/09 01:24:03.262, 1, GPU-81ac6e96-0bfe-390d-beb1-241466569d6b, 100 %, 0 %, 60, 2655 MHz, 10251 MHz, 496.37 W, 480.00 W, 750 MiB
2026/10/09 01:24:04.263, 0, GPU-6c849b47-7111-9265-9d42-ff8eddc05a2d, 0 %, 0 %, 40, 210 MHz, 405 MHz, 40.77 W, 480.00 W, 750 MiB
2026/10/09 01:24:04.264, 1, GPU-81ac6e96-0bfe-390d-beb1-241466569d6b, 100 %, 0 %, 62, 2760 MHz, 10251 MHz, 462.02 W, 480.00 W, 750 MiB
2026/10/09 01:24:05.264, 0, GPU-6c849b47-7111-9265-9d42-ff8eddc05a2d, 0 %, 0 %, 40, 210 MHz, 405 MHz, 38.46 W, 480.00 W, 750 MiB
2026/10/09 01:24:05.265, 1, GPU-81ac6e96-0bfe-390d-beb1-241466569d6b, 100 %, 0 %, 52, 2790 MHz, 10251 MHz, 460.81 W, 480.00 W, 750 MiB
2026/10/09 01:24:06.265, 0, GPU-6c849b47-7111-9265-9d42-ff8eddc05a2d, 0 %, 0 %, 39, 210 MHz, 405 MHz, 38.23 W, 480.00 W, 750 MiB
2026/10/09 01:24:06.265, 1, GPU-81ac6e96-0bfe-390d-beb1-241466569d6b, 100 %, 0 %, 61, 2700 MHz, 10251 MHz, 463.22 W, 480.00 W, 750 MiB
2026/10/09 01:24:07.266, 0, GPU-6c849b47-7111-9265-9d42-ff8eddc05a2d, 0 %, 0 %, 39, 210 MHz, 405 MHz, 38.25 W, 480.00 W, 750 MiB
2026/10/09 01:24:07.266, 1, GPU-81ac6e96-0bfe-390d-beb1-241466569d6b, 100 %, 0 %, 62, 2790 MHz, 10251 MHz, 447.18 W, 480.00 W, 750 MiB
2026/10/09 01:24:08.267, 0, GPU-6c849b47-7111-9265-9d42-ff8eddc05a2d, 0 %, 0 %, 39, 210 MHz, 405 MHz, 38.43 W, 480.00 W, 750 MiB
2026/10/09 01:24:08.267, 1, GPU-81ac6e96-0bfe-390d-beb1-241466569d6b, 100 %, 0 %, 60, 2790 MHz, 10251 MHz, 477.96 W, 480.00 W, 750 MiB
2026/10/09 01:24:09.267, 0, GPU-6c849b47-7111-9265-9d42-ff8eddc05a2d, 0 %, 0 %, 39, 210 MHz, 405 MHz, 38.81 W, 480.00 W, 750 MiB
2026/10/09 01:24:09.268, 1, GPU-81ac6e96-0bfe-390d-beb1-241466569d6b, 100 %, 0 %, 62, 2790 MHz, 10251 MHz, 447.51 W, 480.00 W, 750 MiB
2026/10/09 01:24:10.268, 0, GPU-6c849b47-7111-9265-9d42-ff8eddc05a2d, 0 %, 0 %, 39, 210 MHz, 405 MHz, 38.93 W, 480.00 W, 750 MiB
2026/10/09 01:24:10.269, 1, GPU-81ac6e96-0bfe-390d-beb1-241466569d6b, 100 %, 0 %, 61, 2790 MHz, 10251 MHz, 442.66 W, 480.00 W, 750 MiB
2026/10/09 01:24:11.269, 0, GPU-6c849b47-7111-9265-9d42-ff8eddc05a2d, 0 %, 0 %, 39, 210 MHz, 405 MHz, 38.88 W, 480.00 W, 750 MiB
2026/10/09 01:24:11.270, 1, GPU-81ac6e96-0bfe-390d-beb1-241466569d6b, 100 %, 0 %, 62, 2790 MHz, 10251 MHz, 472.33 W, 480.00 W, 750 MiB
2026/10/09 01:24:12.284, 0, GPU-6c849b47-7111-9265-9d42-ff8eddc05a2d, 0 %, 0 %, 39, 210 MHz, 405 MHz, 38.86 W, 480.00 W, 750 MiB
2026/10/09 01:24:12.284, 1, GPU-81ac6e96-0bfe-390d-beb1-241466569d6b, 0 %, 0 %, 43, 2805 MHz, 10251 MHz, 201.22 W, 480.00 W, 750 MiB
2026/10/09 01:24:13.285, 0, GPU-6c849b47-7111-9265-9d42-ff8eddc05a2d, 0 %, 0 %, 39, 210 MHz, 405 MHz, 38.60 W, 480.00 W, 750 MiB
2026/10/09 01:24:13.285, 1, GPU-81ac6e96-0bfe-390d-beb1-241466569d6b, 0 %, 0 %, 42, 2805 MHz, 10251 MHz, 83.04 W, 480.00 W, 750 MiB
2026/10/09 01:24:14.286, 0, GPU-6c849b47-7111-9265-9d42-ff8eddc05a2d, 0 %, 0 %, 39, 210 MHz, 405 MHz, 38.34 W, 480.00 W, 750 MiB
2026/10/09 01:24:14.286, 1, GPU-81ac6e96-0bfe-390d-beb1-241466569d6b, 0 %, 0 %, 42, 2625 MHz, 10251 MHz, 80.28 W, 480.00 W, 750 MiB
2026/10/09 01:24:15.287, 0, GPU-6c849b47-7111-9265-9d42-ff8eddc05a2d, 0 %, 0 %, 39, 210 MHz, 405 MHz, 38.20 W, 480.00 W, 750 MiB
2026/10/09 01:24:15.287, 1, GPU-81ac6e96-0bfe-390d-beb1-241466569d6b, 0 %, 0 %, 42, 2625 MHz, 10251 MHz, 73.86 W, 480.00 W, 750 MiB
2026/10/09 01:24:16.288, 0, GPU-6c849b47-7111-9265-9d42-ff8eddc05a2d, 0 %, 0 %, 39, 210 MHz, 405 MHz, 38.11 W, 480.00 W, 750 MiB
2026/10/09 01:24:16.288, 1, GPU-81ac6e96-0bfe-390d-beb1-241466569d6b, 0 %, 0 %, 42, 2625 MHz, 10251 MHz, 73.82 W, 480.00 W, 750 MiB
2026/10/09 01:24:17.289, 0, GPU-6c849b47-7111-9265-9d42-ff8eddc05a2d, 0 %, 0 %, 39, 210 MHz, 405 MHz, 38.16 W, 480.00 W, 750 MiB
2026/10/09 01:24:17.289, 1, GPU-81ac6e96-0bfe-390d-beb1-241466569d6b, 0 %, 0 %, 42, 2625 MHz, 10251 MHz, 73.74 W, 480.00 W, 750 MiB
2026/10/09 01:24:18.290, 0, GPU-6c849b47-7111-9265-9d42-ff8eddc05a2d, 0 %, 0 %, 39, 210 MHz, 405 MHz, 38.18 W, 480.00 W, 750 MiB
2026/10/09 01:24:18.290, 1, GPU-81ac6e96-0bfe-390d-beb1-241466569d6b, 0 %, 0 %, 42, 2625 MHz, 10251 MHz, 73.46 W, 480.00 W, 750 MiB
2026/10/09 01:24:19.291, 0, GPU-6c849b47-7111-9265-9d42-ff8eddc05a2d, 100 %, 0 %, 61, 2715 MHz, 10251 MHz, 163.61 W, 480.00 W, 750 MiB
2026/10/09 01:24:19.291, 1, GPU-81ac6e96-0bfe-390d-beb1-241466569d6b, 100 %, 0 %, 62, 2760 MHz, 10251 MHz, 245.50 W, 480.00 W, 750 MiB
2026/10/09 01:24:20.291, 0, GPU-6c849b47-7111-9265-9d42-ff8eddc05a2d, 100 %, 0 %, 63, 2700 MHz, 10251 MHz, 428.76 W, 480.00 W, 750 MiB
2026/10/09 01:24:20.292, 1, GPU-81ac6e96-0bfe-390d-beb1-241466569d6b, 100 %, 0 %, 64, 2730 MHz, 10251 MHz, 455.58 W, 480.00 W, 750 MiB
2026/10/09 01:24:21.292, 0, GPU-6c849b47-7111-9265-9d42-ff8eddc05a2d, 100 %, 0 %, 65, 2610 MHz, 10251 MHz, 493.34 W, 480.00 W, 750 MiB
2026/10/09 01:24:21.292, 1, GPU-81ac6e96-0bfe-390d-beb1-241466569d6b, 100 %, 0 %, 57, 2775 MHz, 10251 MHz, 467.72 W, 480.00 W, 750 MiB
2026/10/09 01:24:22.293, 0, GPU-6c849b47-7111-9265-9d42-ff8eddc05a2d, 100 %, 0 %, 67, 2745 MHz, 10251 MHz, 460.43 W, 480.00 W, 750 MiB
2026/10/09 01:24:22.293, 1, GPU-81ac6e96-0bfe-390d-beb1-241466569d6b, 100 %, 0 %, 63, 2685 MHz, 10251 MHz, 472.36 W, 480.00 W, 750 MiB
2026/10/09 01:24:23.294, 0, GPU-6c849b47-7111-9265-9d42-ff8eddc05a2d, 100 %, 0 %, 65, 2760 MHz, 10251 MHz, 470.12 W, 480.00 W, 750 MiB
2026/10/09 01:24:23.308, 1, GPU-81ac6e96-0bfe-390d-beb1-241466569d6b, 100 %, 0 %, 64, 2775 MHz, 10251 MHz, 449.31 W, 480.00 W, 750 MiB
2026/10/09 01:24:24.308, 0, GPU-6c849b47-7111-9265-9d42-ff8eddc05a2d, 100 %, 0 %, 67, 2670 MHz, 10251 MHz, 460.76 W, 480.00 W, 750 MiB
2026/10/09 01:24:24.309, 1, GPU-81ac6e96-0bfe-390d-beb1-241466569d6b, 100 %, 0 %, 63, 2775 MHz, 10251 MHz, 480.21 W, 480.00 W, 750 MiB
2026/10/09 01:24:25.309, 0, GPU-6c849b47-7111-9265-9d42-ff8eddc05a2d, 100 %, 0 %, 66, 2760 MHz, 10251 MHz, 446.58 W, 480.00 W, 750 MiB
2026/10/09 01:24:25.310, 1, GPU-81ac6e96-0bfe-390d-beb1-241466569d6b, 100 %, 0 %, 64, 2775 MHz, 10251 MHz, 452.48 W, 480.00 W, 750 MiB
2026/10/09 01:24:26.310, 0, GPU-6c849b47-7111-9265-9d42-ff8eddc05a2d, 100 %, 0 %, 67, 2730 MHz, 10251 MHz, 478.43 W, 480.00 W, 750 MiB
2026/10/09 01:24:26.310, 1, GPU-81ac6e96-0bfe-390d-beb1-241466569d6b, 100 %, 0 %, 63, 2775 MHz, 10251 MHz, 445.65 W, 480.00 W, 750 MiB
2026/10/09 01:24:27.311, 0, GPU-6c849b47-7111-9265-9d42-ff8eddc05a2d, 100 %, 0 %, 66, 2760 MHz, 10251 MHz, 446.41 W, 480.00 W, 750 MiB
2026/10/09 01:24:27.311, 1, GPU-81ac6e96-0bfe-390d-beb1-241466569d6b, 100 %, 0 %, 64, 2760 MHz, 10251 MHz, 478.42 W, 480.00 W, 750 MiB
2026/10/09 01:24:28.311, 0, GPU-6c849b47-7111-9265-9d42-ff8eddc05a2d, 100 %, 0 %, 64, 2775 MHz, 10251 MHz, 444.41 W, 480.00 W, 750 MiB
2026/10/09 01:24:28.312, 1, GPU-81ac6e96-0bfe-390d-beb1-241466569d6b, 100 %, 0 %, 63, 2790 MHz, 10251 MHz, 443.61 W, 480.00 W, 750 MiB
2026/10/09 01:24:29.312, 0, GPU-6c849b47-7111-9265-9d42-ff8eddc05a2d, 100 %, 0 %, 67, 2760 MHz, 10251 MHz, 472.41 W, 480.00 W, 750 MiB
2026/10/09 01:24:29.313, 1, GPU-81ac6e96-0bfe-390d-beb1-241466569d6b, 58 %, 0 %, 49, 2790 MHz, 10251 MHz, 420.65 W, 480.00 W, 750 MiB
2026/10/09 01:24:30.313, 0, GPU-6c849b47-7111-9265-9d42-ff8eddc05a2d, 0 %, 0 %, 46, 2790 MHz, 10251 MHz, 236.18 W, 480.00 W, 750 MiB
2026/10/09 01:24:30.314, 1, GPU-81ac6e96-0bfe-390d-beb1-241466569d6b, 0 %, 0 %, 44, 2805 MHz, 10251 MHz, 89.66 W, 480.00 W, 750 MiB
2026/10/09 01:24:31.314, 0, GPU-6c849b47-7111-9265-9d42-ff8eddc05a2d, 0 %, 0 %, 44, 2790 MHz, 10251 MHz, 107.12 W, 480.00 W, 750 MiB
2026/10/09 01:24:31.314, 1, GPU-81ac6e96-0bfe-390d-beb1-241466569d6b, 0 %, 0 %, 43, 2625 MHz, 10251 MHz, 79.68 W, 480.00 W, 750 MiB
2026/10/09 01:24:32.315, 0, GPU-6c849b47-7111-9265-9d42-ff8eddc05a2d, 0 %, 0 %, 43, 2625 MHz, 10251 MHz, 90.60 W, 480.00 W, 750 MiB
2026/10/09 01:24:32.315, 1, GPU-81ac6e96-0bfe-390d-beb1-241466569d6b, 0 %, 0 %, 43, 2625 MHz, 10251 MHz, 76.41 W, 480.00 W, 750 MiB
2026/10/09 01:24:33.316, 0, GPU-6c849b47-7111-9265-9d42-ff8eddc05a2d, 0 %, 0 %, 42, 2625 MHz, 10251 MHz, 86.20 W, 480.00 W, 750 MiB
2026/10/09 01:24:33.316, 1, GPU-81ac6e96-0bfe-390d-beb1-241466569d6b, 0 %, 0 %, 42, 2625 MHz, 10251 MHz, 73.57 W, 480.00 W, 750 MiB
2026/10/09 01:24:34.317, 0, GPU-6c849b47-7111-9265-9d42-ff8eddc05a2d, 0 %, 0 %, 41, 2625 MHz, 10251 MHz, 81.74 W, 480.00 W, 750 MiB
2026/10/09 01:24:34.317, 1, GPU-81ac6e96-0bfe-390d-beb1-241466569d6b, 0 %, 0 %, 42, 2625 MHz, 10251 MHz, 73.50 W, 480.00 W, 750 MiB
2026/10/09 01:24:35.317, 0, GPU-6c849b47-7111-9265-9d42-ff8eddc05a2d, 0 %, 0 %, 41, 2625 MHz, 10251 MHz, 81.38 W, 480.00 W, 750 MiB
2026/10/09 01:24:35.318, 1, GPU-81ac6e96-0bfe-390d-beb1-241466569d6b, 100 %, 0 %, 50, 2625 MHz, 10251 MHz, 74.95 W, 480.00 W, 750 MiB
2026/10/09 01:24:36.318, 0, GPU-6c849b47-7111-9265-9d42-ff8eddc05a2d, 0 %, 0 %, 41, 2625 MHz, 10251 MHz, 81.18 W, 480.00 W, 750 MiB
2026/10/09 01:24:36.319, 1, GPU-81ac6e96-0bfe-390d-beb1-241466569d6b, 100 %, 0 %, 63, 2745 MHz, 10251 MHz, 255.57 W, 480.00 W, 750 MiB
2026/10/09 01:24:37.319, 0, GPU-6c849b47-7111-9265-9d42-ff8eddc05a2d, 0 %, 0 %, 41, 2625 MHz, 10251 MHz, 81.14 W, 480.00 W, 750 MiB
2026/10/09 01:24:37.319, 1, GPU-81ac6e96-0bfe-390d-beb1-241466569d6b, 100 %, 0 %, 64, 2730 MHz, 10251 MHz, 453.74 W, 480.00 W, 750 MiB
2026/10/09 01:24:38.320, 0, GPU-6c849b47-7111-9265-9d42-ff8eddc05a2d, 0 %, 0 %, 41, 2625 MHz, 10251 MHz, 81.32 W, 480.00 W, 750 MiB
2026/10/09 01:24:38.320, 1, GPU-81ac6e96-0bfe-390d-beb1-241466569d6b, 100 %, 0 %, 62, 2760 MHz, 10251 MHz, 449.54 W, 480.00 W, 750 MiB
2026/10/09 01:24:39.321, 0, GPU-6c849b47-7111-9265-9d42-ff8eddc05a2d, 0 %, 0 %, 41, 2625 MHz, 10251 MHz, 81.46 W, 480.00 W, 750 MiB
2026/10/09 01:24:39.321, 1, GPU-81ac6e96-0bfe-390d-beb1-241466569d6b, 100 %, 0 %, 63, 2685 MHz, 10251 MHz, 475.73 W, 480.00 W, 750 MiB
2026/10/09 01:24:40.322, 0, GPU-6c849b47-7111-9265-9d42-ff8eddc05a2d, 0 %, 0 %, 40, 2625 MHz, 10251 MHz, 81.40 W, 480.00 W, 750 MiB
2026/10/09 01:24:40.322, 1, GPU-81ac6e96-0bfe-390d-beb1-241466569d6b, 100 %, 0 %, 64, 2775 MHz, 10251 MHz, 451.80 W, 480.00 W, 750 MiB
2026/10/09 01:24:41.353, 0, GPU-6c849b47-7111-9265-9d42-ff8eddc05a2d, 0 %, 0 %, 40, 2625 MHz, 10251 MHz, 81.39 W, 480.00 W, 750 MiB
2026/10/09 01:24:41.354, 1, GPU-81ac6e96-0bfe-390d-beb1-241466569d6b, 100 %, 0 %, 63, 2775 MHz, 10251 MHz, 479.06 W, 480.00 W, 750 MiB
2026/10/09 01:24:42.354, 0, GPU-6c849b47-7111-9265-9d42-ff8eddc05a2d, 0 %, 0 %, 40, 2625 MHz, 10251 MHz, 81.32 W, 480.00 W, 750 MiB
2026/10/09 01:24:42.355, 1, GPU-81ac6e96-0bfe-390d-beb1-241466569d6b, 100 %, 0 %, 65, 2730 MHz, 10251 MHz, 455.62 W, 480.00 W, 750 MiB
2026/10/09 01:24:43.355, 0, GPU-6c849b47-7111-9265-9d42-ff8eddc05a2d, 0 %, 0 %, 40, 2625 MHz, 10251 MHz, 81.32 W, 480.00 W, 750 MiB
2026/10/09 01:24:43.355, 1, GPU-81ac6e96-0bfe-390d-beb1-241466569d6b, 100 %, 0 %, 64, 2775 MHz, 10251 MHz, 447.03 W, 480.00 W, 750 MiB
2026/10/09 01:24:44.356, 0, GPU-6c849b47-7111-9265-9d42-ff8eddc05a2d, 0 %, 0 %, 40, 2625 MHz, 10251 MHz, 81.26 W, 480.00 W, 750 MiB
2026/10/09 01:24:44.356, 1, GPU-81ac6e96-0bfe-390d-beb1-241466569d6b, 100 %, 0 %, 65, 2760 MHz, 10251 MHz, 477.70 W, 480.00 W, 750 MiB
2026/10/09 01:24:45.357, 0, GPU-6c849b47-7111-9265-9d42-ff8eddc05a2d, 0 %, 0 %, 40, 2625 MHz, 10251 MHz, 81.12 W, 480.00 W, 750 MiB
2026/10/09 01:24:45.357, 1, GPU-81ac6e96-0bfe-390d-beb1-241466569d6b, 100 %, 0 %, 64, 2775 MHz, 10251 MHz, 444.03 W, 480.00 W, 750 MiB
2026/10/09 01:24:46.388, 0, GPU-6c849b47-7111-9265-9d42-ff8eddc05a2d, 0 %, 0 %, 39, 390 MHz, 810 MHz, 67.10 W, 480.00 W, 750 MiB
2026/10/09 01:24:46.389, 1, GPU-81ac6e96-0bfe-390d-beb1-241466569d6b, 100 %, 0 %, 58, 2790 MHz, 10251 MHz, 431.44 W, 480.00 W, 750 MiB
2026/10/09 01:24:47.390, 0, GPU-6c849b47-7111-9265-9d42-ff8eddc05a2d, 0 %, 0 %, 39, 240 MHz, 405 MHz, 47.43 W, 480.00 W, 750 MiB
2026/10/09 01:24:47.390, 1, GPU-81ac6e96-0bfe-390d-beb1-241466569d6b, 100 %, 0 %, 64, 2775 MHz, 10251 MHz, 453.66 W, 480.00 W, 750 MiB
2026/10/09 01:24:48.391, 0, GPU-6c849b47-7111-9265-9d42-ff8eddc05a2d, 0 %, 0 %, 39, 210 MHz, 405 MHz, 40.05 W, 480.00 W, 750 MiB
2026/10/09 01:24:48.391, 1, GPU-81ac6e96-0bfe-390d-beb1-241466569d6b, 100 %, 0 %, 66, 2625 MHz, 10251 MHz, 459.16 W, 480.00 W, 750 MiB
2026/10/09 01:24:49.392, 0, GPU-6c849b47-7111-9265-9d42-ff8eddc05a2d, 0 %, 0 %, 39, 210 MHz, 405 MHz, 38.55 W, 480.00 W, 750 MiB
2026/10/09 01:24:49.392, 1, GPU-81ac6e96-0bfe-390d-beb1-241466569d6b, 100 %, 0 %, 64, 2730 MHz, 10251 MHz, 449.58 W, 480.00 W, 750 MiB
2026/10/09 01:24:50.393, 0, GPU-6c849b47-7111-9265-9d42-ff8eddc05a2d, 0 %, 0 %, 39, 210 MHz, 405 MHz, 38.69 W, 480.00 W, 750 MiB
2026/10/09 01:24:50.425, 1, GPU-81ac6e96-0bfe-390d-beb1-241466569d6b, 100 %, 0 %, 64, 2685 MHz, 10251 MHz, 490.00 W, 480.00 W, 750 MiB
2026/10/09 01:24:51.425, 0, GPU-6c849b47-7111-9265-9d42-ff8eddc05a2d, 0 %, 0 %, 39, 210 MHz, 405 MHz, 38.48 W, 480.00 W, 750 MiB
2026/10/09 01:24:51.426, 1, GPU-81ac6e96-0bfe-390d-beb1-241466569d6b, 100 %, 0 %, 65, 2775 MHz, 10251 MHz, 456.98 W, 480.00 W, 750 MiB
2026/10/09 01:24:52.426, 0, GPU-6c849b47-7111-9265-9d42-ff8eddc05a2d, 0 %, 0 %, 39, 210 MHz, 405 MHz, 38.18 W, 480.00 W, 750 MiB
2026/10/09 01:24:52.427, 1, GPU-81ac6e96-0bfe-390d-beb1-241466569d6b, 100 %, 0 %, 58, 2775 MHz, 10251 MHz, 469.89 W, 480.00 W, 750 MiB
2026/10/09 01:24:53.427, 0, GPU-6c849b47-7111-9265-9d42-ff8eddc05a2d, 0 %, 0 %, 39, 210 MHz, 405 MHz, 38.19 W, 480.00 W, 750 MiB
2026/10/09 01:24:53.428, 1, GPU-81ac6e96-0bfe-390d-beb1-241466569d6b, 100 %, 0 %, 63, 2715 MHz, 10251 MHz, 455.52 W, 480.00 W, 750 MiB
2026/10/09 01:24:54.428, 0, GPU-6c849b47-7111-9265-9d42-ff8eddc05a2d, 0 %, 0 %, 39, 210 MHz, 405 MHz, 38.55 W, 480.00 W, 750 MiB
2026/10/09 01:24:54.429, 1, GPU-81ac6e96-0bfe-390d-beb1-241466569d6b, 100 %, 0 %, 65, 2775 MHz, 10251 MHz, 447.19 W, 480.00 W, 750 MiB
2026/10/09 01:24:55.429, 0, GPU-6c849b47-7111-9265-9d42-ff8eddc05a2d, 0 %, 0 %, 39, 210 MHz, 405 MHz, 38.56 W, 480.00 W, 750 MiB
2026/10/09 01:24:55.430, 1, GPU-81ac6e96-0bfe-390d-beb1-241466569d6b, 100 %, 0 %, 64, 2775 MHz, 10251 MHz, 478.35 W, 480.00 W, 750 MiB
2026/10/09 01:24:56.430, 0, GPU-6c849b47-7111-9265-9d42-ff8eddc05a2d, 0 %, 0 %, 39, 210 MHz, 405 MHz, 38.19 W, 480.00 W, 750 MiB
2026/10/09 01:24:56.431, 1, GPU-81ac6e96-0bfe-390d-beb1-241466569d6b, 100 %, 0 %, 64, 2775 MHz, 10251 MHz, 445.16 W, 480.00 W, 750 MiB
2026/10/09 01:24:57.431, 0, GPU-6c849b47-7111-9265-9d42-ff8eddc05a2d, 0 %, 0 %, 39, 210 MHz, 405 MHz, 38.26 W, 480.00 W, 750 MiB
2026/10/09 01:24:57.431, 1, GPU-81ac6e96-0bfe-390d-beb1-241466569d6b, 0 %, 0 %, 48, 2790 MHz, 10251 MHz, 368.30 W, 480.00 W, 750 MiB
2026/10/09 01:24:58.432, 0, GPU-6c849b47-7111-9265-9d42-ff8eddc05a2d, 0 %, 0 %, 39, 210 MHz, 405 MHz, 38.24 W, 480.00 W, 750 MiB
2026/10/09 01:24:58.433, 1, GPU-81ac6e96-0bfe-390d-beb1-241466569d6b, 0 %, 0 %, 46, 2805 MHz, 10251 MHz, 95.59 W, 480.00 W, 750 MiB
2026/10/09 01:24:59.433, 0, GPU-6c849b47-7111-9265-9d42-ff8eddc05a2d, 0 %, 0 %, 39, 210 MHz, 405 MHz, 38.01 W, 480.00 W, 750 MiB
2026/10/09 01:24:59.434, 1, GPU-81ac6e96-0bfe-390d-beb1-241466569d6b, 0 %, 0 %, 45, 2625 MHz, 10251 MHz, 81.82 W, 480.00 W, 750 MiB
2026/10/09 01:25:00.434, 0, GPU-6c849b47-7111-9265-9d42-ff8eddc05a2d, 0 %, 0 %, 39, 210 MHz, 405 MHz, 37.91 W, 480.00 W, 750 MiB
2026/10/09 01:25:00.435, 1, GPU-81ac6e96-0bfe-390d-beb1-241466569d6b, 0 %, 0 %, 44, 2625 MHz, 10251 MHz, 81.36 W, 480.00 W, 750 MiB
2026/10/09 01:25:01.435, 0, GPU-6c849b47-7111-9265-9d42-ff8eddc05a2d, 0 %, 0 %, 39, 210 MHz, 405 MHz, 37.65 W, 480.00 W, 750 MiB
2026/10/09 01:25:01.436, 1, GPU-81ac6e96-0bfe-390d-beb1-241466569d6b, 0 %, 0 %, 44, 2625 MHz, 10251 MHz, 75.15 W, 480.00 W, 750 MiB
2026/10/09 01:25:02.436, 0, GPU-6c849b47-7111-9265-9d42-ff8eddc05a2d, 0 %, 0 %, 39, 210 MHz, 405 MHz, 37.63 W, 480.00 W, 750 MiB
2026/10/09 01:25:02.437, 1, GPU-81ac6e96-0bfe-390d-beb1-241466569d6b, 0 %, 0 %, 44, 2625 MHz, 10251 MHz, 74.98 W, 480.00 W, 750 MiB
2026/10/09 01:25:03.437, 0, GPU-6c849b47-7111-9265-9d42-ff8eddc05a2d, 0 %, 0 %, 39, 210 MHz, 405 MHz, 37.80 W, 480.00 W, 750 MiB
2026/10/09 01:25:03.438, 1, GPU-81ac6e96-0bfe-390d-beb1-241466569d6b, 0 %, 0 %, 44, 2625 MHz, 10251 MHz, 74.62 W, 480.00 W, 750 MiB
2026/10/09 01:25:04.438, 0, GPU-6c849b47-7111-9265-9d42-ff8eddc05a2d, 40 %, 0 %, 39, 2625 MHz, 10251 MHz, 48.71 W, 480.00 W, 750 MiB
2026/10/09 01:25:04.439, 1, GPU-81ac6e96-0bfe-390d-beb1-241466569d6b, 0 %, 0 %, 44, 2625 MHz, 10251 MHz, 74.05 W, 480.00 W, 750 MiB
2026/10/09 01:25:05.439, 0, GPU-6c849b47-7111-9265-9d42-ff8eddc05a2d, 100 %, 0 %, 63, 2730 MHz, 10251 MHz, 403.11 W, 480.00 W, 750 MiB
2026/10/09 01:25:05.440, 1, GPU-81ac6e96-0bfe-390d-beb1-241466569d6b, 100 %, 0 %, 64, 2790 MHz, 10251 MHz, 239.61 W, 480.00 W, 750 MiB
2026/10/09 01:25:06.440, 0, GPU-6c849b47-7111-9265-9d42-ff8eddc05a2d, 100 %, 0 %, 67, 2715 MHz, 10251 MHz, 441.37 W, 480.00 W, 750 MiB
2026/10/09 01:25:06.440, 1, GPU-81ac6e96-0bfe-390d-beb1-241466569d6b, 100 %, 0 %, 66, 2715 MHz, 10251 MHz, 452.50 W, 480.00 W, 750 MiB
2026/10/09 01:25:07.441, 0, GPU-6c849b47-7111-9265-9d42-ff8eddc05a2d, 100 %, 0 %, 61, 2760 MHz, 10251 MHz, 457.71 W, 480.00 W, 750 MiB
2026/10/09 01:25:07.441, 1, GPU-81ac6e96-0bfe-390d-beb1-241466569d6b, 100 %, 0 %, 64, 2790 MHz, 10251 MHz, 455.08 W, 480.00 W, 750 MiB
2026/10/09 01:25:08.442, 0, GPU-6c849b47-7111-9265-9d42-ff8eddc05a2d, 100 %, 0 %, 66, 2670 MHz, 10251 MHz, 472.67 W, 480.00 W, 750 MiB
2026/10/09 01:25:08.442, 1, GPU-81ac6e96-0bfe-390d-beb1-241466569d6b, 100 %, 0 %, 65, 2670 MHz, 10251 MHz, 475.13 W, 480.00 W, 750 MiB
2026/10/09 01:25:09.442, 0, GPU-6c849b47-7111-9265-9d42-ff8eddc05a2d, 100 %, 0 %, 66, 2760 MHz, 10251 MHz, 450.89 W, 480.00 W, 750 MiB
2026/10/09 01:25:09.443, 1, GPU-81ac6e96-0bfe-390d-beb1-241466569d6b, 100 %, 0 %, 66, 2775 MHz, 10251 MHz, 454.61 W, 480.00 W, 750 MiB
2026/10/09 01:25:10.443, 0, GPU-6c849b47-7111-9265-9d42-ff8eddc05a2d, 100 %, 0 %, 66, 2730 MHz, 10251 MHz, 479.61 W, 480.00 W, 750 MiB
2026/10/09 01:25:10.444, 1, GPU-81ac6e96-0bfe-390d-beb1-241466569d6b, 100 %, 0 %, 66, 2775 MHz, 10251 MHz, 479.31 W, 480.00 W, 750 MiB
2026/10/09 01:25:11.444, 0, GPU-6c849b47-7111-9265-9d42-ff8eddc05a2d, 100 %, 0 %, 66, 2760 MHz, 10251 MHz, 451.51 W, 480.00 W, 750 MiB
2026/10/09 01:25:11.444, 1, GPU-81ac6e96-0bfe-390d-beb1-241466569d6b, 100 %, 0 %, 66, 2775 MHz, 10251 MHz, 455.57 W, 480.00 W, 750 MiB
2026/10/09 01:25:12.445, 0, GPU-6c849b47-7111-9265-9d42-ff8eddc05a2d, 100 %, 0 %, 65, 2760 MHz, 10251 MHz, 445.26 W, 480.00 W, 750 MiB
2026/10/09 01:25:12.445, 1, GPU-81ac6e96-0bfe-390d-beb1-241466569d6b, 100 %, 0 %, 65, 2775 MHz, 10251 MHz, 446.93 W, 480.00 W, 750 MiB
2026/10/09 01:25:13.445, 0, GPU-6c849b47-7111-9265-9d42-ff8eddc05a2d, 100 %, 0 %, 67, 2745 MHz, 10251 MHz, 476.40 W, 480.00 W, 750 MiB
2026/10/09 01:25:13.446, 1, GPU-81ac6e96-0bfe-390d-beb1-241466569d6b, 100 %, 0 %, 66, 2760 MHz, 10251 MHz, 478.40 W, 480.00 W, 750 MiB
2026/10/09 01:25:14.446, 0, GPU-6c849b47-7111-9265-9d42-ff8eddc05a2d, 100 %, 0 %, 66, 2760 MHz, 10251 MHz, 442.32 W, 480.00 W, 750 MiB
2026/10/09 01:25:14.447, 1, GPU-81ac6e96-0bfe-390d-beb1-241466569d6b, 100 %, 0 %, 65, 2775 MHz, 10251 MHz, 445.95 W, 480.00 W, 750 MiB
2026/10/09 01:25:15.447, 0, GPU-6c849b47-7111-9265-9d42-ff8eddc05a2d, 51 %, 0 %, 57, 2760 MHz, 10251 MHz, 422.86 W, 480.00 W, 750 MiB
2026/10/09 01:25:15.448, 1, GPU-81ac6e96-0bfe-390d-beb1-241466569d6b, 4 %, 0 %, 50, 2790 MHz, 10251 MHz, 406.74 W, 480.00 W, 750 MiB
2026/10/09 01:25:16.448, 0, GPU-6c849b47-7111-9265-9d42-ff8eddc05a2d, 0 %, 0 %, 44, 2790 MHz, 10251 MHz, 117.79 W, 480.00 W, 750 MiB
2026/10/09 01:25:16.448, 1, GPU-81ac6e96-0bfe-390d-beb1-241466569d6b, 0 %, 0 %, 46, 2805 MHz, 10251 MHz, 84.80 W, 480.00 W, 750 MiB
2026/10/09 01:25:17.449, 0, GPU-6c849b47-7111-9265-9d42-ff8eddc05a2d, 0 %, 0 %, 42, 2625 MHz, 10251 MHz, 90.24 W, 480.00 W, 750 MiB
2026/10/09 01:25:17.449, 1, GPU-81ac6e96-0bfe-390d-beb1-241466569d6b, 0 %, 0 %, 45, 2625 MHz, 10251 MHz, 81.25 W, 480.00 W, 750 MiB
2026/10/09 01:25:18.450, 0, GPU-6c849b47-7111-9265-9d42-ff8eddc05a2d, 0 %, 0 %, 42, 2625 MHz, 10251 MHz, 86.15 W, 480.00 W, 750 MiB
2026/10/09 01:25:18.450, 1, GPU-81ac6e96-0bfe-390d-beb1-241466569d6b, 0 %, 0 %, 44, 2625 MHz, 10251 MHz, 77.05 W, 480.00 W, 750 MiB
2026/10/09 01:25:19.451, 0, GPU-6c849b47-7111-9265-9d42-ff8eddc05a2d, 0 %, 0 %, 41, 2625 MHz, 10251 MHz, 82.11 W, 480.00 W, 750 MiB
2026/10/09 01:25:19.451, 1, GPU-81ac6e96-0bfe-390d-beb1-241466569d6b, 0 %, 0 %, 44, 2625 MHz, 10251 MHz, 73.35 W, 480.00 W, 750 MiB
2026/10/09 01:25:20.452, 0, GPU-6c849b47-7111-9265-9d42-ff8eddc05a2d, 0 %, 0 %, 41, 2625 MHz, 10251 MHz, 81.76 W, 480.00 W, 750 MiB
2026/10/09 01:25:20.452, 1, GPU-81ac6e96-0bfe-390d-beb1-241466569d6b, 0 %, 0 %, 44, 2625 MHz, 10251 MHz, 73.39 W, 480.00 W, 750 MiB
2026/10/09 01:25:21.452, 0, GPU-6c849b47-7111-9265-9d42-ff8eddc05a2d, 52 %, 0 %, 41, 2625 MHz, 10251 MHz, 94.11 W, 480.00 W, 750 MiB
2026/10/09 01:25:21.453, 1, GPU-81ac6e96-0bfe-390d-beb1-241466569d6b, 0 %, 0 %, 44, 2625 MHz, 10251 MHz, 73.24 W, 480.00 W, 750 MiB
2026/10/09 01:25:22.453, 0, GPU-6c849b47-7111-9265-9d42-ff8eddc05a2d, 100 %, 0 %, 64, 2745 MHz, 10251 MHz, 412.04 W, 480.00 W, 750 MiB
2026/10/09 01:25:22.454, 1, GPU-81ac6e96-0bfe-390d-beb1-241466569d6b, 0 %, 0 %, 44, 2625 MHz, 10251 MHz, 73.34 W, 480.00 W, 750 MiB
2026/10/09 01:25:23.454, 0, GPU-6c849b47-7111-9265-9d42-ff8eddc05a2d, 100 %, 0 %, 67, 2700 MHz, 10251 MHz, 455.23 W, 480.00 W, 750 MiB
2026/10/09 01:25:23.455, 1, GPU-81ac6e96-0bfe-390d-beb1-241466569d6b, 0 %, 0 %, 44, 2625 MHz, 10251 MHz, 73.40 W, 480.00 W, 750 MiB
2026/10/09 01:25:24.455, 0, GPU-6c849b47-7111-9265-9d42-ff8eddc05a2d, 100 %, 0 %, 60, 2730 MHz, 10251 MHz, 453.35 W, 480.00 W, 750 MiB
2026/10/09 01:25:24.455, 1, GPU-81ac6e96-0bfe-390d-beb1-241466569d6b, 0 %, 0 %, 44, 2625 MHz, 10251 MHz, 73.43 W, 480.00 W, 750 MiB
2026/10/09 01:25:25.456, 0, GPU-6c849b47-7111-9265-9d42-ff8eddc05a2d, 100 %, 0 %, 66, 2655 MHz, 10251 MHz, 475.06 W, 480.00 W, 750 MiB
2026/10/09 01:25:25.456, 1, GPU-81ac6e96-0bfe-390d-beb1-241466569d6b, 0 %, 0 %, 44, 2625 MHz, 10251 MHz, 73.17 W, 480.00 W, 750 MiB
2026/10/09 01:25:26.457, 0, GPU-6c849b47-7111-9265-9d42-ff8eddc05a2d, 100 %, 0 %, 67, 2760 MHz, 10251 MHz, 452.43 W, 480.00 W, 750 MiB
2026/10/09 01:25:26.457, 1, GPU-81ac6e96-0bfe-390d-beb1-241466569d6b, 0 %, 0 %, 44, 2625 MHz, 10251 MHz, 72.65 W, 480.00 W, 750 MiB
2026/10/09 01:25:27.458, 0, GPU-6c849b47-7111-9265-9d42-ff8eddc05a2d, 100 %, 0 %, 65, 2760 MHz, 10251 MHz, 477.64 W, 480.00 W, 750 MiB
2026/10/09 01:25:27.458, 1, GPU-81ac6e96-0bfe-390d-beb1-241466569d6b, 0 %, 0 %, 44, 2625 MHz, 10251 MHz, 72.75 W, 480.00 W, 750 MiB
2026/10/09 01:25:28.458, 0, GPU-6c849b47-7111-9265-9d42-ff8eddc05a2d, 100 %, 0 %, 67, 2745 MHz, 10251 MHz, 453.23 W, 480.00 W, 750 MiB
2026/10/09 01:25:28.459, 1, GPU-81ac6e96-0bfe-390d-beb1-241466569d6b, 0 %, 0 %, 44, 2625 MHz, 10251 MHz, 72.92 W, 480.00 W, 750 MiB
2026/10/09 01:25:29.459, 0, GPU-6c849b47-7111-9265-9d42-ff8eddc05a2d, 100 %, 0 %, 66, 2760 MHz, 10251 MHz, 445.00 W, 480.00 W, 750 MiB
2026/10/09 01:25:29.460, 1, GPU-81ac6e96-0bfe-390d-beb1-241466569d6b, 0 %, 0 %, 44, 2625 MHz, 10251 MHz, 72.78 W, 480.00 W, 750 MiB
2026/10/09 01:25:30.460, 0, GPU-6c849b47-7111-9265-9d42-ff8eddc05a2d, 100 %, 0 %, 67, 2760 MHz, 10251 MHz, 477.04 W, 480.00 W, 750 MiB
2026/10/09 01:25:30.461, 1, GPU-81ac6e96-0bfe-390d-beb1-241466569d6b, 0 %, 0 %, 44, 2625 MHz, 10251 MHz, 72.88 W, 480.00 W, 750 MiB
2026/10/09 01:25:31.461, 0, GPU-6c849b47-7111-9265-9d42-ff8eddc05a2d, 100 %, 0 %, 66, 2760 MHz, 10251 MHz, 441.55 W, 480.00 W, 750 MiB
2026/10/09 01:25:31.461, 1, GPU-81ac6e96-0bfe-390d-beb1-241466569d6b, 0 %, 0 %, 44, 2625 MHz, 10251 MHz, 72.89 W, 480.00 W, 750 MiB
2026/10/09 01:25:32.462, 0, GPU-6c849b47-7111-9265-9d42-ff8eddc05a2d, 98 %, 0 %, 55, 2760 MHz, 10251 MHz, 437.81 W, 480.00 W, 750 MiB
2026/10/09 01:25:32.462, 1, GPU-81ac6e96-0bfe-390d-beb1-241466569d6b, 0 %, 0 %, 44, 2625 MHz, 10251 MHz, 73.18 W, 480.00 W, 750 MiB
2026/10/09 01:25:33.463, 0, GPU-6c849b47-7111-9265-9d42-ff8eddc05a2d, 100 %, 0 %, 67, 2760 MHz, 10251 MHz, 446.58 W, 480.00 W, 750 MiB
2026/10/09 01:25:33.463, 1, GPU-81ac6e96-0bfe-390d-beb1-241466569d6b, 0 %, 0 %, 43, 420 MHz, 810 MHz, 60.75 W, 480.00 W, 750 MiB
2026/10/09 01:25:34.464, 0, GPU-6c849b47-7111-9265-9d42-ff8eddc05a2d, 100 %, 0 %, 69, 2715 MHz, 10251 MHz, 457.80 W, 480.00 W, 750 MiB
2026/10/09 01:25:34.464, 1, GPU-81ac6e96-0bfe-390d-beb1-241466569d6b, 0 %, 0 %, 43, 270 MHz, 405 MHz, 41.01 W, 480.00 W, 750 MiB
2026/10/09 01:25:35.465, 0, GPU-6c849b47-7111-9265-9d42-ff8eddc05a2d, 100 %, 0 %, 67, 2730 MHz, 10251 MHz, 453.67 W, 480.00 W, 750 MiB
2026/10/09 01:25:35.465, 1, GPU-81ac6e96-0bfe-390d-beb1-241466569d6b, 0 %, 0 %, 43, 210 MHz, 405 MHz, 33.12 W, 480.00 W, 750 MiB
2026/10/09 01:25:36.465, 0, GPU-6c849b47-7111-9265-9d42-ff8eddc05a2d, 100 %, 0 %, 67, 2655 MHz, 10251 MHz, 484.50 W, 480.00 W, 750 MiB
2026/10/09 01:25:36.466, 1, GPU-81ac6e96-0bfe-390d-beb1-241466569d6b, 0 %, 0 %, 42, 210 MHz, 405 MHz, 32.01 W, 480.00 W, 750 MiB
2026/10/09 01:25:37.466, 0, GPU-6c849b47-7111-9265-9d42-ff8eddc05a2d, 100 %, 0 %, 68, 2760 MHz, 10251 MHz, 456.07 W, 480.00 W, 750 MiB
2026/10/09 01:25:37.467, 1, GPU-81ac6e96-0bfe-390d-beb1-241466569d6b, 0 %, 0 %, 42, 210 MHz, 405 MHz, 31.77 W, 480.00 W, 750 MiB
2026/10/09 01:25:38.481, 0, GPU-6c849b47-7111-9265-9d42-ff8eddc05a2d, 100 %, 0 %, 64, 2760 MHz, 10251 MHz, 475.68 W, 480.00 W, 750 MiB
2026/10/09 01:25:38.481, 1, GPU-81ac6e96-0bfe-390d-beb1-241466569d6b, 0 %, 0 %, 42, 210 MHz, 405 MHz, 31.70 W, 480.00 W, 750 MiB
2026/10/09 01:25:39.482, 0, GPU-6c849b47-7111-9265-9d42-ff8eddc05a2d, 100 %, 0 %, 67, 2685 MHz, 10251 MHz, 455.18 W, 480.00 W, 750 MiB
2026/10/09 01:25:39.482, 1, GPU-81ac6e96-0bfe-390d-beb1-241466569d6b, 0 %, 0 %, 42, 210 MHz, 405 MHz, 31.85 W, 480.00 W, 750 MiB
2026/10/09 01:25:40.483, 0, GPU-6c849b47-7111-9265-9d42-ff8eddc05a2d, 100 %, 0 %, 67, 2760 MHz, 10251 MHz, 444.92 W, 480.00 W, 750 MiB
2026/10/09 01:25:40.483, 1, GPU-81ac6e96-0bfe-390d-beb1-241466569d6b, 0 %, 0 %, 42, 210 MHz, 405 MHz, 32.03 W, 480.00 W, 750 MiB
2026/10/09 01:25:41.483, 0, GPU-6c849b47-7111-9265-9d42-ff8eddc05a2d, 100 %, 0 %, 68, 2745 MHz, 10251 MHz, 478.31 W, 480.00 W, 750 MiB
2026/10/09 01:25:41.484, 1, GPU-81ac6e96-0bfe-390d-beb1-241466569d6b, 0 %, 0 %, 42, 210 MHz, 405 MHz, 32.00 W, 480.00 W, 750 MiB
2026/10/09 01:25:42.484, 0, GPU-6c849b47-7111-9265-9d42-ff8eddc05a2d, 100 %, 0 %, 67, 2760 MHz, 10251 MHz, 444.53 W, 480.00 W, 750 MiB
2026/10/09 01:25:42.485, 1, GPU-81ac6e96-0bfe-390d-beb1-241466569d6b, 0 %, 0 %, 42, 210 MHz, 405 MHz, 31.85 W, 480.00 W, 750 MiB
2026/10/09 01:25:43.499, 0, GPU-6c849b47-7111-9265-9d42-ff8eddc05a2d, 0 %, 0 %, 51, 2775 MHz, 10251 MHz, 398.58 W, 480.00 W, 750 MiB
2026/10/09 01:25:43.499, 1, GPU-81ac6e96-0bfe-390d-beb1-241466569d6b, 0 %, 0 %, 41, 210 MHz, 405 MHz, 31.69 W, 480.00 W, 750 MiB
2026/10/09 01:25:44.500, 0, GPU-6c849b47-7111-9265-9d42-ff8eddc05a2d, 0 %, 0 %, 45, 2790 MHz, 10251 MHz, 102.67 W, 480.00 W, 750 MiB
2026/10/09 01:25:44.500, 1, GPU-81ac6e96-0bfe-390d-beb1-241466569d6b, 0 %, 0 %, 41, 210 MHz, 405 MHz, 31.73 W, 480.00 W, 750 MiB
2026/10/09 01:25:45.501, 0, GPU-6c849b47-7111-9265-9d42-ff8eddc05a2d, 0 %, 0 %, 43, 2625 MHz, 10251 MHz, 89.35 W, 480.00 W, 750 MiB
2026/10/09 01:25:45.501, 1, GPU-81ac6e96-0bfe-390d-beb1-241466569d6b, 0 %, 0 %, 41, 210 MHz, 405 MHz, 31.71 W, 480.00 W, 750 MiB
2026/10/09 01:25:46.502, 0, GPU-6c849b47-7111-9265-9d42-ff8eddc05a2d, 0 %, 0 %, 43, 2625 MHz, 10251 MHz, 88.39 W, 480.00 W, 750 MiB
2026/10/09 01:25:46.502, 1, GPU-81ac6e96-0bfe-390d-beb1-241466569d6b, 0 %, 0 %, 41, 210 MHz, 405 MHz, 31.56 W, 480.00 W, 750 MiB
2026/10/09 01:25:47.503, 0, GPU-6c849b47-7111-9265-9d42-ff8eddc05a2d, 0 %, 0 %, 43, 2625 MHz, 10251 MHz, 82.73 W, 480.00 W, 750 MiB
2026/10/09 01:25:47.503, 1, GPU-81ac6e96-0bfe-390d-beb1-241466569d6b, 0 %, 0 %, 41, 210 MHz, 405 MHz, 31.56 W, 480.00 W, 750 MiB
2026/10/09 01:25:48.504, 0, GPU-6c849b47-7111-9265-9d42-ff8eddc05a2d, 0 %, 0 %, 42, 2625 MHz, 10251 MHz, 82.43 W, 480.00 W, 750 MiB
2026/10/09 01:25:48.504, 1, GPU-81ac6e96-0bfe-390d-beb1-241466569d6b, 0 %, 0 %, 41, 210 MHz, 405 MHz, 31.78 W, 480.00 W, 750 MiB
2026/10/09 01:25:49.505, 0, GPU-6c849b47-7111-9265-9d42-ff8eddc05a2d, 0 %, 0 %, 42, 2625 MHz, 10251 MHz, 82.07 W, 480.00 W, 750 MiB
2026/10/09 01:25:49.506, 1, GPU-81ac6e96-0bfe-390d-beb1-241466569d6b, 0 %, 0 %, 41, 210 MHz, 405 MHz, 31.83 W, 480.00 W, 750 MiB
2026/10/09 01:25:50.506, 0, GPU-6c849b47-7111-9265-9d42-ff8eddc05a2d, 0 %, 0 %, 42, 2625 MHz, 10251 MHz, 81.83 W, 480.00 W, 750 MiB
2026/10/09 01:25:50.506, 1, GPU-81ac6e96-0bfe-390d-beb1-241466569d6b, 0 %, 0 %, 41, 210 MHz, 405 MHz, 31.60 W, 480.00 W, 750 MiB
2026/10/09 01:25:51.507, 0, GPU-6c849b47-7111-9265-9d42-ff8eddc05a2d, 100 %, 0 %, 62, 2775 MHz, 10251 MHz, 226.33 W, 480.00 W, 750 MiB
2026/10/09 01:25:51.507, 1, GPU-81ac6e96-0bfe-390d-beb1-241466569d6b, 100 %, 0 %, 59, 2790 MHz, 10251 MHz, 177.23 W, 480.00 W, 750 MiB
2026/10/09 01:25:52.508, 0, GPU-6c849b47-7111-9265-9d42-ff8eddc05a2d, 100 %, 0 %, 68, 2700 MHz, 10251 MHz, 436.04 W, 480.00 W, 750 MiB
2026/10/09 01:25:52.508, 1, GPU-81ac6e96-0bfe-390d-beb1-241466569d6b, 100 %, 0 %, 64, 2715 MHz, 10251 MHz, 432.60 W, 480.00 W, 750 MiB
2026/10/09 01:25:53.509, 0, GPU-6c849b47-7111-9265-9d42-ff8eddc05a2d, 100 %, 0 %, 67, 2670 MHz, 10251 MHz, 487.17 W, 480.00 W, 750 MiB
2026/10/09 01:25:53.509, 1, GPU-81ac6e96-0bfe-390d-beb1-241466569d6b, 100 %, 0 %, 63, 2700 MHz, 10251 MHz, 486.16 W, 480.00 W, 750 MiB
2026/10/09 01:25:54.509, 0, GPU-6c849b47-7111-9265-9d42-ff8eddc05a2d, 100 %, 0 %, 69, 2730 MHz, 10251 MHz, 468.86 W, 480.00 W, 750 MiB
2026/10/09 01:25:54.510, 1, GPU-81ac6e96-0bfe-390d-beb1-241466569d6b, 100 %, 0 %, 64, 2730 MHz, 10251 MHz, 468.57 W, 480.00 W, 750 MiB
2026/10/09 01:25:55.510, 0, GPU-6c849b47-7111-9265-9d42-ff8eddc05a2d, 100 %, 0 %, 67, 2760 MHz, 10251 MHz, 450.27 W, 480.00 W, 750 MiB
2026/10/09 01:25:55.542, 1, GPU-81ac6e96-0bfe-390d-beb1-241466569d6b, 100 %, 0 %, 63, 2775 MHz, 10251 MHz, 450.45 W, 480.00 W, 750 MiB
2026/10/09 01:25:56.542, 0, GPU-6c849b47-7111-9265-9d42-ff8eddc05a2d, 100 %, 0 %, 67, 2685 MHz, 10251 MHz, 485.25 W, 480.00 W, 750 MiB
2026/10/09 01:25:56.543, 1, GPU-81ac6e96-0bfe-390d-beb1-241466569d6b, 100 %, 0 %, 63, 2730 MHz, 10251 MHz, 482.49 W, 480.00 W, 750 MiB
2026/10/09 01:25:57.543, 0, GPU-6c849b47-7111-9265-9d42-ff8eddc05a2d, 100 %, 0 %, 68, 2760 MHz, 10251 MHz, 451.81 W, 480.00 W, 750 MiB
2026/10/09 01:25:57.544, 1, GPU-81ac6e96-0bfe-390d-beb1-241466569d6b, 100 %, 0 %, 63, 2775 MHz, 10251 MHz, 451.04 W, 480.00 W, 750 MiB
2026/10/09 01:25:58.544, 0, GPU-6c849b47-7111-9265-9d42-ff8eddc05a2d, 100 %, 0 %, 60, 2760 MHz, 10251 MHz, 463.15 W, 480.00 W, 750 MiB
2026/10/09 01:25:58.544, 1, GPU-81ac6e96-0bfe-390d-beb1-241466569d6b, 100 %, 0 %, 53, 2775 MHz, 10251 MHz, 456.39 W, 480.00 W, 750 MiB
2026/10/09 01:25:59.545, 0, GPU-6c849b47-7111-9265-9d42-ff8eddc05a2d, 100 %, 0 %, 68, 2730 MHz, 10251 MHz, 450.14 W, 480.00 W, 750 MiB
2026/10/09 01:25:59.545, 1, GPU-81ac6e96-0bfe-390d-beb1-241466569d6b, 100 %, 0 %, 63, 2760 MHz, 10251 MHz, 452.08 W, 480.00 W, 750 MiB
2026/10/09 01:26:00.546, 0, GPU-6c849b47-7111-9265-9d42-ff8eddc05a2d, 100 %, 0 %, 68, 2760 MHz, 10251 MHz, 444.30 W, 480.00 W, 750 MiB
2026/10/09 01:26:00.546, 1, GPU-81ac6e96-0bfe-390d-beb1-241466569d6b, 100 %, 0 %, 63, 2790 MHz, 10251 MHz, 443.62 W, 480.00 W, 750 MiB
2026/10/09 01:26:01.546, 0, GPU-6c849b47-7111-9265-9d42-ff8eddc05a2d, 100 %, 0 %, 66, 2760 MHz, 10251 MHz, 473.63 W, 480.00 W, 750 MiB
2026/10/09 01:26:01.547, 1, GPU-81ac6e96-0bfe-390d-beb1-241466569d6b, 100 %, 0 %, 62, 2790 MHz, 10251 MHz, 467.58 W, 480.00 W, 750 MiB
2026/10/09 01:26:02.547, 0, GPU-6c849b47-7111-9265-9d42-ff8eddc05a2d, 0 %, 0 %, 46, 2790 MHz, 10251 MHz, 168.58 W, 480.00 W, 750 MiB
2026/10/09 01:26:02.548, 1, GPU-81ac6e96-0bfe-390d-beb1-241466569d6b, 0 %, 0 %, 44, 2805 MHz, 10251 MHz, 141.57 W, 480.00 W, 750 MiB
2026/10/09 01:26:03.548, 0, GPU-6c849b47-7111-9265-9d42-ff8eddc05a2d, 0 %, 0 %, 46, 2790 MHz, 10251 MHz, 108.91 W, 480.00 W, 750 MiB
2026/10/09 01:26:03.548, 1, GPU-81ac6e96-0bfe-390d-beb1-241466569d6b, 0 %, 0 %, 43, 2805 MHz, 10251 MHz, 88.97 W, 480.00 W, 750 MiB
2026/10/09 01:26:04.549, 0, GPU-6c849b47-7111-9265-9d42-ff8eddc05a2d, 0 %, 0 %, 44, 2625 MHz, 10251 MHz, 91.30 W, 480.00 W, 750 MiB
2026/10/09 01:26:04.549, 1, GPU-81ac6e96-0bfe-390d-beb1-241466569d6b, 0 %, 0 %, 42, 2625 MHz, 10251 MHz, 80.49 W, 480.00 W, 750 MiB
2026/10/09 01:26:05.549, 0, GPU-6c849b47-7111-9265-9d42-ff8eddc05a2d, 0 %, 0 %, 44, 2625 MHz, 10251 MHz, 87.03 W, 480.00 W, 750 MiB
2026/10/09 01:26:05.550, 1, GPU-81ac6e96-0bfe-390d-beb1-241466569d6b, 0 %, 0 %, 42, 2625 MHz, 10251 MHz, 77.06 W, 480.00 W, 750 MiB
2026/10/09 01:26:06.550, 0, GPU-6c849b47-7111-9265-9d42-ff8eddc05a2d, 0 %, 0 %, 43, 2625 MHz, 10251 MHz, 82.82 W, 480.00 W, 750 MiB
2026/10/09 01:26:06.551, 1, GPU-81ac6e96-0bfe-390d-beb1-241466569d6b, 0 %, 0 %, 42, 2625 MHz, 10251 MHz, 73.70 W, 480.00 W, 750 MiB
2026/10/09 01:26:07.551, 0, GPU-6c849b47-7111-9265-9d42-ff8eddc05a2d, 0 %, 0 %, 43, 2625 MHz, 10251 MHz, 82.42 W, 480.00 W, 750 MiB
2026/10/09 01:26:07.551, 1, GPU-81ac6e96-0bfe-390d-beb1-241466569d6b, 0 %, 0 %, 42, 2625 MHz, 10251 MHz, 73.33 W, 480.00 W, 750 MiB
2026/10/09 01:26:08.552, 0, GPU-6c849b47-7111-9265-9d42-ff8eddc05a2d, 100 %, 0 %, 63, 2760 MHz, 10251 MHz, 229.78 W, 480.00 W, 750 MiB
2026/10/09 01:26:08.552, 1, GPU-81ac6e96-0bfe-390d-beb1-241466569d6b, 0 %, 0 %, 42, 2625 MHz, 10251 MHz, 73.31 W, 480.00 W, 750 MiB
2026/10/09 01:26:09.553, 0, GPU-6c849b47-7111-9265-9d42-ff8eddc05a2d, 100 %, 0 %, 69, 2700 MHz, 10251 MHz, 439.36 W, 480.00 W, 750 MiB
2026/10/09 01:26:09.553, 1, GPU-81ac6e96-0bfe-390d-beb1-241466569d6b, 0 %, 0 %, 42, 2625 MHz, 10251 MHz, 73.54 W, 480.00 W, 750 MiB
2026/10/09 01:26:10.554, 0, GPU-6c849b47-7111-9265-9d42-ff8eddc05a2d, 100 %, 0 %, 67, 2745 MHz, 10251 MHz, 485.44 W, 480.00 W, 750 MiB
2026/10/09 01:26:10.554, 1, GPU-81ac6e96-0bfe-390d-beb1-241466569d6b, 0 %, 0 %, 42, 2625 MHz, 10251 MHz, 73.41 W, 480.00 W, 750 MiB
2026/10/09 01:26:11.554, 0, GPU-6c849b47-7111-9265-9d42-ff8eddc05a2d, 100 %, 0 %, 69, 2655 MHz, 10251 MHz, 469.00 W, 480.00 W, 750 MiB
2026/10/09 01:26:11.555, 1, GPU-81ac6e96-0bfe-390d-beb1-241466569d6b, 0 %, 0 %, 42, 2625 MHz, 10251 MHz, 73.34 W, 480.00 W, 750 MiB
2026/10/09 01:26:12.555, 0, GPU-6c849b47-7111-9265-9d42-ff8eddc05a2d, 100 %, 0 %, 67, 2745 MHz, 10251 MHz, 443.94 W, 480.00 W, 750 MiB
2026/10/09 01:26:12.556, 1, GPU-81ac6e96-0bfe-390d-beb1-241466569d6b, 0 %, 0 %, 42, 2625 MHz, 10251 MHz, 73.37 W, 480.00 W, 750 MiB
2026/10/09 01:26:13.556, 0, GPU-6c849b47-7111-9265-9d42-ff8eddc05a2d, 100 %, 0 %, 68, 2685 MHz, 10251 MHz, 484.05 W, 480.00 W, 750 MiB
2026/10/09 01:26:13.557, 1, GPU-81ac6e96-0bfe-390d-beb1-241466569d6b, 0 %, 0 %, 42, 2625 MHz, 10251 MHz, 73.26 W, 480.00 W, 750 MiB
2026/10/09 01:26:14.557, 0, GPU-6c849b47-7111-9265-9d42-ff8eddc05a2d, 100 %, 0 %, 68, 2760 MHz, 10251 MHz, 450.95 W, 480.00 W, 750 MiB
2026/10/09 01:26:14.557, 1, GPU-81ac6e96-0bfe-390d-beb1-241466569d6b, 0 %, 0 %, 42, 2625 MHz, 10251 MHz, 73.34 W, 480.00 W, 750 MiB
2026/10/09 01:26:15.558, 0, GPU-6c849b47-7111-9265-9d42-ff8eddc05a2d, 100 %, 0 %, 59, 2760 MHz, 10251 MHz, 455.47 W, 480.00 W, 750 MiB
2026/10/09 01:26:15.558, 1, GPU-81ac6e96-0bfe-390d-beb1-241466569d6b, 0 %, 0 %, 42, 2625 MHz, 10251 MHz, 73.48 W, 480.00 W, 750 MiB
2026/10/09 01:26:16.559, 0, GPU-6c849b47-7111-9265-9d42-ff8eddc05a2d, 100 %, 0 %, 68, 2730 MHz, 10251 MHz, 450.31 W, 480.00 W, 750 MiB
2026/10/09 01:26:16.559, 1, GPU-81ac6e96-0bfe-390d-beb1-241466569d6b, 0 %, 0 %, 42, 2625 MHz, 10251 MHz, 73.63 W, 480.00 W, 750 MiB
2026/10/09 01:26:17.560, 0, GPU-6c849b47-7111-9265-9d42-ff8eddc05a2d, 100 %, 0 %, 68, 2760 MHz, 10251 MHz, 443.84 W, 480.00 W, 750 MiB
2026/10/09 01:26:17.560, 1, GPU-81ac6e96-0bfe-390d-beb1-241466569d6b, 0 %, 0 %, 43, 2625 MHz, 10251 MHz, 73.76 W, 480.00 W, 750 MiB
2026/10/09 01:26:18.560, 0, GPU-6c849b47-7111-9265-9d42-ff8eddc05a2d, 100 %, 0 %, 66, 2760 MHz, 10251 MHz, 473.42 W, 480.00 W, 750 MiB
2026/10/09 01:26:18.561, 1, GPU-81ac6e96-0bfe-390d-beb1-241466569d6b, 0 %, 0 %, 43, 2625 MHz, 10251 MHz, 73.70 W, 480.00 W, 750 MiB
2026/10/09 01:26:19.561, 0, GPU-6c849b47-7111-9265-9d42-ff8eddc05a2d, 100 %, 0 %, 67, 2760 MHz, 10251 MHz, 417.58 W, 480.00 W, 750 MiB
2026/10/09 01:26:19.562, 1, GPU-81ac6e96-0bfe-390d-beb1-241466569d6b, 0 %, 0 %, 42, 360 MHz, 810 MHz, 57.19 W, 480.00 W, 750 MiB
2026/10/09 01:26:20.562, 0, GPU-6c849b47-7111-9265-9d42-ff8eddc05a2d, 100 %, 0 %, 70, 2700 MHz, 10251 MHz, 440.62 W, 480.00 W, 750 MiB
2026/10/09 01:26:20.563, 1, GPU-81ac6e96-0bfe-390d-beb1-241466569d6b, 0 %, 0 %, 41, 225 MHz, 405 MHz, 36.85 W, 480.00 W, 750 MiB
2026/10/09 01:26:21.563, 0, GPU-6c849b47-7111-9265-9d42-ff8eddc05a2d, 100 %, 0 %, 69, 2760 MHz, 10251 MHz, 484.57 W, 480.00 W, 750 MiB
2026/10/09 01:26:21.564, 1, GPU-81ac6e96-0bfe-390d-beb1-241466569d6b, 0 %, 0 %, 41, 210 MHz, 405 MHz, 32.26 W, 480.00 W, 750 MiB
2026/10/09 01:26:22.564, 0, GPU-6c849b47-7111-9265-9d42-ff8eddc05a2d, 100 %, 0 %, 70, 2655 MHz, 10251 MHz, 471.47 W, 480.00 W, 750 MiB
2026/10/09 01:26:22.565, 1, GPU-81ac6e96-0bfe-390d-beb1-241466569d6b, 0 %, 0 %, 41, 210 MHz, 405 MHz, 31.64 W, 480.00 W, 750 MiB
2026/10/09 01:26:23.565, 0, GPU-6c849b47-7111-9265-9d42-ff8eddc05a2d, 100 %, 0 %, 69, 2745 MHz, 10251 MHz, 451.58 W, 480.00 W, 750 MiB
2026/10/09 01:26:23.566, 1, GPU-81ac6e96-0bfe-390d-beb1-241466569d6b, 0 %, 0 %, 41, 210 MHz, 405 MHz, 31.81 W, 480.00 W, 750 MiB
2026/10/09 01:26:24.566, 0, GPU-6c849b47-7111-9265-9d42-ff8eddc05a2d, 100 %, 0 %, 69, 2715 MHz, 10251 MHz, 481.88 W, 480.00 W, 750 MiB
2026/10/09 01:26:24.567, 1, GPU-81ac6e96-0bfe-390d-beb1-241466569d6b, 0 %, 0 %, 41, 210 MHz, 405 MHz, 31.94 W, 480.00 W, 750 MiB
2026/10/09 01:26:25.567, 0, GPU-6c849b47-7111-9265-9d42-ff8eddc05a2d, 100 %, 0 %, 69, 2760 MHz, 10251 MHz, 456.12 W, 480.00 W, 750 MiB
2026/10/09 01:26:25.568, 1, GPU-81ac6e96-0bfe-390d-beb1-241466569d6b, 0 %, 0 %, 41, 210 MHz, 405 MHz, 31.98 W, 480.00 W, 750 MiB
2026/10/09 01:26:26.568, 0, GPU-6c849b47-7111-9265-9d42-ff8eddc05a2d, 100 %, 0 %, 65, 2760 MHz, 10251 MHz, 452.80 W, 480.00 W, 750 MiB
2026/10/09 01:26:26.569, 1, GPU-81ac6e96-0bfe-390d-beb1-241466569d6b, 0 %, 0 %, 41, 210 MHz, 405 MHz, 31.95 W, 480.00 W, 750 MiB
2026/10/09 01:26:27.569, 0, GPU-6c849b47-7111-9265-9d42-ff8eddc05a2d, 100 %, 0 %, 69, 2700 MHz, 10251 MHz, 453.95 W, 480.00 W, 750 MiB
2026/10/09 01:26:27.570, 1, GPU-81ac6e96-0bfe-390d-beb1-241466569d6b, 0 %, 0 %, 41, 210 MHz, 405 MHz, 31.95 W, 480.00 W, 750 MiB
2026/10/09 01:26:28.570, 0, GPU-6c849b47-7111-9265-9d42-ff8eddc05a2d, 100 %, 0 %, 69, 2760 MHz, 10251 MHz, 446.16 W, 480.00 W, 750 MiB
2026/10/09 01:26:28.570, 1, GPU-81ac6e96-0bfe-390d-beb1-241466569d6b, 0 %, 0 %, 40, 210 MHz, 405 MHz, 32.04 W, 480.00 W, 750 MiB
2026/10/09 01:26:29.571, 0, GPU-6c849b47-7111-9265-9d42-ff8eddc05a2d, 100 %, 0 %, 66, 2760 MHz, 10251 MHz, 474.15 W, 480.00 W, 750 MiB
2026/10/09 01:26:29.571, 1, GPU-81ac6e96-0bfe-390d-beb1-241466569d6b, 0 %, 0 %, 40, 210 MHz, 405 MHz, 32.10 W, 480.00 W, 750 MiB
2026/10/09 01:26:30.572, 0, GPU-6c849b47-7111-9265-9d42-ff8eddc05a2d, 0 %, 0 %, 47, 2775 MHz, 10251 MHz, 159.88 W, 480.00 W, 750 MiB
2026/10/09 01:26:30.572, 1, GPU-81ac6e96-0bfe-390d-beb1-241466569d6b, 0 %, 0 %, 40, 210 MHz, 405 MHz, 31.70 W, 480.00 W, 750 MiB
2026/10/09 01:26:31.573, 0, GPU-6c849b47-7111-9265-9d42-ff8eddc05a2d, 0 %, 0 %, 45, 2625 MHz, 10251 MHz, 94.96 W, 480.00 W, 750 MiB
2026/10/09 01:26:31.573, 1, GPU-81ac6e96-0bfe-390d-beb1-241466569d6b, 0 %, 0 %, 40, 210 MHz, 405 MHz, 31.18 W, 480.00 W, 750 MiB
2026/10/09 01:26:32.574, 0, GPU-6c849b47-7111-9265-9d42-ff8eddc05a2d, 0 %, 0 %, 45, 2625 MHz, 10251 MHz, 91.56 W, 480.00 W, 750 MiB
2026/10/09 01:26:32.574, 1, GPU-81ac6e96-0bfe-390d-beb1-241466569d6b, 0 %, 0 %, 40, 210 MHz, 405 MHz, 31.19 W, 480.00 W, 750 MiB
2026/10/09 01:26:33.575, 0, GPU-6c849b47-7111-9265-9d42-ff8eddc05a2d, 0 %, 0 %, 44, 2625 MHz, 10251 MHz, 83.48 W, 480.00 W, 750 MiB
2026/10/09 01:26:33.575, 1, GPU-81ac6e96-0bfe-390d-beb1-241466569d6b, 0 %, 0 %, 40, 210 MHz, 405 MHz, 31.50 W, 480.00 W, 750 MiB
2026/10/09 01:26:34.576, 0, GPU-6c849b47-7111-9265-9d42-ff8eddc05a2d, 0 %, 0 %, 44, 2625 MHz, 10251 MHz, 83.08 W, 480.00 W, 750 MiB
2026/10/09 01:26:34.576, 1, GPU-81ac6e96-0bfe-390d-beb1-241466569d6b, 0 %, 0 %, 40, 210 MHz, 405 MHz, 31.71 W, 480.00 W, 750 MiB
2026/10/09 01:26:35.577, 0, GPU-6c849b47-7111-9265-9d42-ff8eddc05a2d, 0 %, 0 %, 43, 2625 MHz, 10251 MHz, 82.49 W, 480.00 W, 750 MiB
2026/10/09 01:26:35.577, 1, GPU-81ac6e96-0bfe-390d-beb1-241466569d6b, 0 %, 0 %, 40, 210 MHz, 405 MHz, 31.82 W, 480.00 W, 750 MiB
2026/10/09 01:26:36.578, 0, GPU-6c849b47-7111-9265-9d42-ff8eddc05a2d, 0 %, 0 %, 43, 2625 MHz, 10251 MHz, 82.07 W, 480.00 W, 750 MiB
2026/10/09 01:26:36.578, 1, GPU-81ac6e96-0bfe-390d-beb1-241466569d6b, 0 %, 0 %, 40, 210 MHz, 405 MHz, 31.70 W, 480.00 W, 750 MiB
2026/10/09 01:26:37.579, 0, GPU-6c849b47-7111-9265-9d42-ff8eddc05a2d, 0 %, 0 %, 43, 2625 MHz, 10251 MHz, 81.84 W, 480.00 W, 750 MiB
2026/10/09 01:26:37.579, 1, GPU-81ac6e96-0bfe-390d-beb1-241466569d6b, 100 %, 0 %, 61, 2730 MHz, 10251 MHz, 147.80 W, 480.00 W, 750 MiB
2026/10/09 01:26:38.580, 0, GPU-6c849b47-7111-9265-9d42-ff8eddc05a2d, 0 %, 0 %, 43, 2625 MHz, 10251 MHz, 81.78 W, 480.00 W, 750 MiB
2026/10/09 01:26:38.580, 1, GPU-81ac6e96-0bfe-390d-beb1-241466569d6b, 100 %, 0 %, 62, 2715 MHz, 10251 MHz, 431.03 W, 480.00 W, 750 MiB
2026/10/09 01:26:39.581, 0, GPU-6c849b47-7111-9265-9d42-ff8eddc05a2d, 0 %, 0 %, 43, 2625 MHz, 10251 MHz, 81.76 W, 480.00 W, 750 MiB
2026/10/09 01:26:39.581, 1, GPU-81ac6e96-0bfe-390d-beb1-241466569d6b, 100 %, 0 %, 61, 2640 MHz, 10251 MHz, 495.45 W, 480.00 W, 750 MiB
2026/10/09 01:26:40.581, 0, GPU-6c849b47-7111-9265-9d42-ff8eddc05a2d, 0 %, 0 %, 43, 2625 MHz, 10251 MHz, 81.69 W, 480.00 W, 750 MiB
2026/10/09 01:26:40.582, 1, GPU-81ac6e96-0bfe-390d-beb1-241466569d6b, 100 %, 0 %, 63, 2760 MHz, 10251 MHz, 461.08 W, 480.00 W, 750 MiB
2026/10/09 01:26:41.582, 0, GPU-6c849b47-7111-9265-9d42-ff8eddc05a2d, 0 %, 0 %, 43, 2625 MHz, 10251 MHz, 81.68 W, 480.00 W, 750 MiB
2026/10/09 01:26:41.583, 1, GPU-81ac6e96-0bfe-390d-beb1-241466569d6b, 100 %, 0 %, 55, 2775 MHz, 10251 MHz, 465.39 W, 480.00 W, 750 MiB
2026/10/09 01:26:42.583, 0, GPU-6c849b47-7111-9265-9d42-ff8eddc05a2d, 0 %, 0 %, 43, 2625 MHz, 10251 MHz, 81.67 W, 480.00 W, 750 MiB
2026/10/09 01:26:42.583, 1, GPU-81ac6e96-0bfe-390d-beb1-241466569d6b, 100 %, 0 %, 62, 2700 MHz, 10251 MHz, 460.05 W, 480.00 W, 750 MiB
2026/10/09 01:26:43.584, 0, GPU-6c849b47-7111-9265-9d42-ff8eddc05a2d, 0 %, 0 %, 43, 2625 MHz, 10251 MHz, 81.56 W, 480.00 W, 750 MiB
2026/10/09 01:26:43.584, 1, GPU-81ac6e96-0bfe-390d-beb1-241466569d6b, 100 %, 0 %, 62, 2790 MHz, 10251 MHz, 447.87 W, 480.00 W, 750 MiB
2026/10/09 01:26:44.585, 0, GPU-6c849b47-7111-9265-9d42-ff8eddc05a2d, 0 %, 0 %, 43, 2625 MHz, 10251 MHz, 81.53 W, 480.00 W, 750 MiB
2026/10/09 01:26:44.585, 1, GPU-81ac6e96-0bfe-390d-beb1-241466569d6b, 100 %, 0 %, 61, 2790 MHz, 10251 MHz, 478.79 W, 480.00 W, 750 MiB
2026/10/09 01:26:45.586, 0, GPU-6c849b47-7111-9265-9d42-ff8eddc05a2d, 0 %, 0 %, 43, 2625 MHz, 10251 MHz, 81.60 W, 480.00 W, 750 MiB
2026/10/09 01:26:45.586, 1, GPU-81ac6e96-0bfe-390d-beb1-241466569d6b, 100 %, 0 %, 62, 2790 MHz, 10251 MHz, 446.82 W, 480.00 W, 750 MiB
2026/10/09 01:26:46.587, 0, GPU-6c849b47-7111-9265-9d42-ff8eddc05a2d, 0 %, 0 %, 43, 2625 MHz, 10251 MHz, 81.63 W, 480.00 W, 750 MiB
2026/10/09 01:26:46.587, 1, GPU-81ac6e96-0bfe-390d-beb1-241466569d6b, 100 %, 0 %, 61, 2790 MHz, 10251 MHz, 442.59 W, 480.00 W, 750 MiB
2026/10/09 01:26:47.588, 0, GPU-6c849b47-7111-9265-9d42-ff8eddc05a2d, 0 %, 0 %, 43, 2625 MHz, 10251 MHz, 81.57 W, 480.00 W, 750 MiB
2026/10/09 01:26:47.588, 1, GPU-81ac6e96-0bfe-390d-beb1-241466569d6b, 100 %, 0 %, 62, 2790 MHz, 10251 MHz, 470.48 W, 480.00 W, 750 MiB
2026/10/09 01:26:48.589, 0, GPU-6c849b47-7111-9265-9d42-ff8eddc05a2d, 0 %, 0 %, 42, 465 MHz, 810 MHz, 76.98 W, 480.00 W, 750 MiB
2026/10/09 01:26:48.589, 1, GPU-81ac6e96-0bfe-390d-beb1-241466569d6b, 100 %, 0 %, 61, 2790 MHz, 10251 MHz, 422.49 W, 480.00 W, 750 MiB
2026/10/09 01:26:49.590, 0, GPU-6c849b47-7111-9265-9d42-ff8eddc05a2d, 0 %, 0 %, 41, 300 MHz, 405 MHz, 59.06 W, 480.00 W, 750 MiB
2026/10/09 01:26:49.590, 1, GPU-81ac6e96-0bfe-390d-beb1-241466569d6b, 100 %, 0 %, 64, 2715 MHz, 10251 MHz, 437.79 W, 480.00 W, 750 MiB
2026/10/09 01:26:50.591, 0, GPU-6c849b47-7111-9265-9d42-ff8eddc05a2d, 0 %, 0 %, 41, 210 MHz, 405 MHz, 42.42 W, 480.00 W, 750 MiB
2026/10/09 01:26:50.591, 1, GPU-81ac6e96-0bfe-390d-beb1-241466569d6b, 100 %, 0 %, 62, 2685 MHz, 10251 MHz, 486.80 W, 480.00 W, 750 MiB
2026/10/09 01:26:51.592, 0, GPU-6c849b47-7111-9265-9d42-ff8eddc05a2d, 0 %, 0 %, 41, 210 MHz, 405 MHz, 38.89 W, 480.00 W, 750 MiB
2026/10/09 01:26:51.593, 1, GPU-81ac6e96-0bfe-390d-beb1-241466569d6b, 100 %, 0 %, 63, 2760 MHz, 10251 MHz, 466.36 W, 480.00 W, 750 MiB
2026/10/09 01:26:52.594, 0, GPU-6c849b47-7111-9265-9d42-ff8eddc05a2d, 0 %, 0 %, 41, 210 MHz, 405 MHz, 38.68 W, 480.00 W, 750 MiB
2026/10/09 01:26:52.594, 1, GPU-81ac6e96-0bfe-390d-beb1-241466569d6b, 100 %, 0 %, 61, 2775 MHz, 10251 MHz, 447.16 W, 480.00 W, 750 MiB
2026/10/09 01:26:53.595, 0, GPU-6c849b47-7111-9265-9d42-ff8eddc05a2d, 0 %, 0 %, 41, 210 MHz, 405 MHz, 39.16 W, 480.00 W, 750 MiB
2026/10/09 01:26:53.596, 1, GPU-81ac6e96-0bfe-390d-beb1-241466569d6b, 100 %, 0 %, 62, 2700 MHz, 10251 MHz, 471.82 W, 480.00 W, 750 MiB
2026/10/09 01:26:54.596, 0, GPU-6c849b47-7111-9265-9d42-ff8eddc05a2d, 0 %, 0 %, 41, 210 MHz, 405 MHz, 39.54 W, 480.00 W, 750 MiB
2026/10/09 01:26:54.596, 1, GPU-81ac6e96-0bfe-390d-beb1-241466569d6b, 100 %, 0 %, 63, 2790 MHz, 10251 MHz, 447.73 W, 480.00 W, 750 MiB
2026/10/09 01:26:55.597, 0, GPU-6c849b47-7111-9265-9d42-ff8eddc05a2d, 0 %, 0 %, 41, 210 MHz, 405 MHz, 39.65 W, 480.00 W, 750 MiB
2026/10/09 01:26:55.597, 1, GPU-81ac6e96-0bfe-390d-beb1-241466569d6b, 100 %, 0 %, 58, 2790 MHz, 10251 MHz, 471.42 W, 480.00 W, 750 MiB
2026/10/09 01:26:56.598, 0, GPU-6c849b47-7111-9265-9d42-ff8eddc05a2d, 0 %, 0 %, 41, 210 MHz, 405 MHz, 39.58 W, 480.00 W, 750 MiB
2026/10/09 01:26:56.598, 1, GPU-81ac6e96-0bfe-390d-beb1-241466569d6b, 100 %, 0 %, 63, 2745 MHz, 10251 MHz, 448.63 W, 480.00 W, 750 MiB
2026/10/09 01:26:57.599, 0, GPU-6c849b47-7111-9265-9d42-ff8eddc05a2d, 0 %, 0 %, 41, 210 MHz, 405 MHz, 39.40 W, 480.00 W, 750 MiB
2026/10/09 01:26:57.599, 1, GPU-81ac6e96-0bfe-390d-beb1-241466569d6b, 100 %, 0 %, 63, 2790 MHz, 10251 MHz, 444.11 W, 480.00 W, 750 MiB
2026/10/09 01:26:58.600, 0, GPU-6c849b47-7111-9265-9d42-ff8eddc05a2d, 0 %, 0 %, 41, 210 MHz, 405 MHz, 39.54 W, 480.00 W, 750 MiB
2026/10/09 01:26:58.600, 1, GPU-81ac6e96-0bfe-390d-beb1-241466569d6b, 100 %, 0 %, 62, 2790 MHz, 10251 MHz, 472.08 W, 480.00 W, 750 MiB
2026/10/09 01:26:59.601, 0, GPU-6c849b47-7111-9265-9d42-ff8eddc05a2d, 0 %, 0 %, 41, 210 MHz, 405 MHz, 39.27 W, 480.00 W, 750 MiB
2026/10/09 01:26:59.601, 1, GPU-81ac6e96-0bfe-390d-beb1-241466569d6b, 0 %, 0 %, 44, 2805 MHz, 10251 MHz, 171.68 W, 480.00 W, 750 MiB
2026/10/09 01:27:00.602, 0, GPU-6c849b47-7111-9265-9d42-ff8eddc05a2d, 0 %, 0 %, 41, 210 MHz, 405 MHz, 38.89 W, 480.00 W, 750 MiB
2026/10/09 01:27:00.602, 1, GPU-81ac6e96-0bfe-390d-beb1-241466569d6b, 0 %, 0 %, 43, 2625 MHz, 10251 MHz, 82.88 W, 480.00 W, 750 MiB
2026/10/09 01:27:01.603, 0, GPU-6c849b47-7111-9265-9d42-ff8eddc05a2d, 0 %, 0 %, 41, 210 MHz, 405 MHz, 38.82 W, 480.00 W, 750 MiB
2026/10/09 01:27:01.603, 1, GPU-81ac6e96-0bfe-390d-beb1-241466569d6b, 0 %, 0 %, 43, 2625 MHz, 10251 MHz, 79.88 W, 480.00 W, 750 MiB
2026/10/09 01:27:02.604, 0, GPU-6c849b47-7111-9265-9d42-ff8eddc05a2d, 0 %, 0 %, 41, 210 MHz, 405 MHz, 38.57 W, 480.00 W, 750 MiB
2026/10/09 01:27:02.604, 1, GPU-81ac6e96-0bfe-390d-beb1-241466569d6b, 0 %, 0 %, 43, 2625 MHz, 10251 MHz, 74.68 W, 480.00 W, 750 MiB
2026/10/09 01:27:03.605, 0, GPU-6c849b47-7111-9265-9d42-ff8eddc05a2d, 0 %, 0 %, 41, 210 MHz, 405 MHz, 38.50 W, 480.00 W, 750 MiB
2026/10/09 01:27:03.605, 1, GPU-81ac6e96-0bfe-390d-beb1-241466569d6b, 0 %, 0 %, 43, 2625 MHz, 10251 MHz, 74.25 W, 480.00 W, 750 MiB
2026/10/09 01:27:04.606, 0, GPU-6c849b47-7111-9265-9d42-ff8eddc05a2d, 0 %, 0 %, 41, 210 MHz, 405 MHz, 38.55 W, 480.00 W, 750 MiB
2026/10/09 01:27:04.606, 1, GPU-81ac6e96-0bfe-390d-beb1-241466569d6b, 0 %, 0 %, 43, 2625 MHz, 10251 MHz, 73.88 W, 480.00 W, 750 MiB
2026/10/09 01:27:05.607, 0, GPU-6c849b47-7111-9265-9d42-ff8eddc05a2d, 0 %, 0 %, 41, 210 MHz, 405 MHz, 38.46 W, 480.00 W, 750 MiB
2026/10/09 01:27:05.607, 1, GPU-81ac6e96-0bfe-390d-beb1-241466569d6b, 0 %, 0 %, 43, 2625 MHz, 10251 MHz, 73.59 W, 480.00 W, 750 MiB
2026/10/09 01:27:06.608, 0, GPU-6c849b47-7111-9265-9d42-ff8eddc05a2d, 100 %, 0 %, 60, 2775 MHz, 10251 MHz, 141.31 W, 480.00 W, 846 MiB
2026/10/09 01:27:06.608, 1, GPU-81ac6e96-0bfe-390d-beb1-241466569d6b, 0 %, 0 %, 43, 2625 MHz, 10251 MHz, 73.60 W, 480.00 W, 750 MiB
2026/10/09 01:27:07.609, 0, GPU-6c849b47-7111-9265-9d42-ff8eddc05a2d, 100 %, 0 %, 65, 2775 MHz, 10251 MHz, 480.12 W, 480.00 W, 846 MiB
2026/10/09 01:27:07.609, 1, GPU-81ac6e96-0bfe-390d-beb1-241466569d6b, 0 %, 0 %, 43, 2625 MHz, 10251 MHz, 73.83 W, 480.00 W, 750 MiB
2026/10/09 01:27:08.610, 0, GPU-6c849b47-7111-9265-9d42-ff8eddc05a2d, 100 %, 0 %, 63, 2760 MHz, 10251 MHz, 470.50 W, 480.00 W, 846 MiB
2026/10/09 01:27:08.610, 1, GPU-81ac6e96-0bfe-390d-beb1-241466569d6b, 0 %, 0 %, 43, 2625 MHz, 10251 MHz, 73.98 W, 480.00 W, 750 MiB
2026/10/09 01:27:09.610, 0, GPU-6c849b47-7111-9265-9d42-ff8eddc05a2d, 100 %, 0 %, 69, 2610 MHz, 10251 MHz, 430.47 W, 480.00 W, 846 MiB
2026/10/09 01:27:09.611, 1, GPU-81ac6e96-0bfe-390d-beb1-241466569d6b, 0 %, 0 %, 43, 2625 MHz, 10251 MHz, 74.49 W, 480.00 W, 750 MiB
2026/10/09 01:27:10.611, 0, GPU-6c849b47-7111-9265-9d42-ff8eddc05a2d, 100 %, 0 %, 69, 2625 MHz, 10251 MHz, 481.46 W, 480.00 W, 846 MiB
2026/10/09 01:27:10.611, 1, GPU-81ac6e96-0bfe-390d-beb1-241466569d6b, 0 %, 0 %, 43, 2625 MHz, 10251 MHz, 74.66 W, 480.00 W, 750 MiB
2026/10/09 01:27:11.612, 0, GPU-6c849b47-7111-9265-9d42-ff8eddc05a2d, 100 %, 0 %, 61, 2760 MHz, 10251 MHz, 463.50 W, 480.00 W, 846 MiB
2026/10/09 01:27:11.612, 1, GPU-81ac6e96-0bfe-390d-beb1-241466569d6b, 0 %, 0 %, 43, 2625 MHz, 10251 MHz, 74.39 W, 480.00 W, 750 MiB
2026/10/09 01:27:12.613, 0, GPU-6c849b47-7111-9265-9d42-ff8eddc05a2d, 100 %, 0 %, 68, 2655 MHz, 10251 MHz, 461.90 W, 480.00 W, 846 MiB
2026/10/09 01:27:12.613, 1, GPU-81ac6e96-0bfe-390d-beb1-241466569d6b, 0 %, 0 %, 43, 2625 MHz, 10251 MHz, 73.93 W, 480.00 W, 750 MiB
2026/10/09 01:27:13.627, 0, GPU-6c849b47-7111-9265-9d42-ff8eddc05a2d, 100 %, 0 %, 69, 2670 MHz, 10251 MHz, 477.25 W, 480.00 W, 846 MiB
2026/10/09 01:27:13.627, 1, GPU-81ac6e96-0bfe-390d-beb1-241466569d6b, 0 %, 0 %, 43, 2625 MHz, 10251 MHz, 73.57 W, 480.00 W, 750 MiB
2026/10/09 01:27:14.628, 0, GPU-6c849b47-7111-9265-9d42-ff8eddc05a2d, 100 %, 0 %, 66, 2730 MHz, 10251 MHz, 430.08 W, 480.00 W, 846 MiB
2026/10/09 01:27:14.628, 1, GPU-81ac6e96-0bfe-390d-beb1-241466569d6b, 0 %, 0 %, 43, 2625 MHz, 10251 MHz, 73.49 W, 480.00 W, 750 MiB
2026/10/09 01:27:15.629, 0, GPU-6c849b47-7111-9265-9d42-ff8eddc05a2d, 100 %, 0 %, 68, 2670 MHz, 10251 MHz, 486.50 W, 480.00 W, 846 MiB
2026/10/09 01:27:15.629, 1, GPU-81ac6e96-0bfe-390d-beb1-241466569d6b, 0 %, 0 %, 43, 2625 MHz, 10251 MHz, 73.32 W, 480.00 W, 750 MiB
2026/10/09 01:27:16.630, 0, GPU-6c849b47-7111-9265-9d42-ff8eddc05a2d, 100 %, 0 %, 68, 2655 MHz, 10251 MHz, 477.39 W, 480.00 W, 846 MiB
2026/10/09 01:27:16.630, 1, GPU-81ac6e96-0bfe-390d-beb1-241466569d6b, 0 %, 0 %, 43, 2625 MHz, 10251 MHz, 72.97 W, 480.00 W, 750 MiB
2026/10/09 01:27:17.630, 0, GPU-6c849b47-7111-9265-9d42-ff8eddc05a2d, 100 %, 0 %, 69, 2745 MHz, 10251 MHz, 433.60 W, 480.00 W, 846 MiB
2026/10/09 01:27:17.631, 1, GPU-81ac6e96-0bfe-390d-beb1-241466569d6b, 0 %, 0 %, 42, 510 MHz, 810 MHz, 69.91 W, 480.00 W, 750 MiB
2026/10/09 01:27:18.631, 0, GPU-6c849b47-7111-9265-9d42-ff8eddc05a2d, 100 %, 0 %, 68, 2700 MHz, 10251 MHz, 485.72 W, 480.00 W, 846 MiB
2026/10/09 01:27:18.632, 1, GPU-81ac6e96-0bfe-390d-beb1-241466569d6b, 0 %, 0 %, 42, 330 MHz, 405 MHz, 51.04 W, 480.00 W, 750 MiB
2026/10/09 01:27:19.632, 0, GPU-6c849b47-7111-9265-9d42-ff8eddc05a2d, 100 %, 0 %, 68, 2760 MHz, 10251 MHz, 478.16 W, 480.00 W, 846 MiB
2026/10/09 01:27:19.633, 1, GPU-81ac6e96-0bfe-390d-beb1-241466569d6b, 0 %, 0 %, 42, 210 MHz, 405 MHz, 33.63 W, 480.00 W, 750 MiB
2026/10/09 01:27:20.633, 0, GPU-6c849b47-7111-9265-9d42-ff8eddc05a2d, 100 %, 0 %, 69, 2745 MHz, 10251 MHz, 436.32 W, 480.00 W, 846 MiB
2026/10/09 01:27:20.633, 1, GPU-81ac6e96-0bfe-390d-beb1-241466569d6b, 0 %, 0 %, 41, 210 MHz, 405 MHz, 31.73 W, 480.00 W, 750 MiB
2026/10/09 01:27:21.634, 0, GPU-6c849b47-7111-9265-9d42-ff8eddc05a2d, 100 %, 0 %, 69, 2730 MHz, 10251 MHz, 480.07 W, 480.00 W, 846 MiB
2026/10/09 01:27:21.634, 1, GPU-81ac6e96-0bfe-390d-beb1-241466569d6b, 0 %, 0 %, 41, 210 MHz, 405 MHz, 31.53 W, 480.00 W, 750 MiB
2026/10/09 01:27:22.635, 0, GPU-6c849b47-7111-9265-9d42-ff8eddc05a2d, 100 %, 0 %, 61, 2760 MHz, 10251 MHz, 460.89 W, 480.00 W, 846 MiB
2026/10/09 01:27:22.635, 1, GPU-81ac6e96-0bfe-390d-beb1-241466569d6b, 0 %, 0 %, 41, 210 MHz, 405 MHz, 31.83 W, 480.00 W, 750 MiB
2026/10/09 01:27:23.636, 0, GPU-6c849b47-7111-9265-9d42-ff8eddc05a2d, 100 %, 0 %, 68, 2685 MHz, 10251 MHz, 453.41 W, 480.00 W, 846 MiB
2026/10/09 01:27:23.636, 1, GPU-81ac6e96-0bfe-390d-beb1-241466569d6b, 0 %, 0 %, 41, 210 MHz, 405 MHz, 31.73 W, 480.00 W, 750 MiB
2026/10/09 01:27:24.637, 0, GPU-6c849b47-7111-9265-9d42-ff8eddc05a2d, 100 %, 0 %, 69, 2700 MHz, 10251 MHz, 477.22 W, 480.00 W, 846 MiB
2026/10/09 01:27:24.637, 1, GPU-81ac6e96-0bfe-390d-beb1-241466569d6b, 0 %, 0 %, 41, 210 MHz, 405 MHz, 31.49 W, 480.00 W, 750 MiB
2026/10/09 01:27:25.637, 0, GPU-6c849b47-7111-9265-9d42-ff8eddc05a2d, 100 %, 0 %, 65, 2775 MHz, 10251 MHz, 403.35 W, 480.00 W, 846 MiB
2026/10/09 01:27:25.638, 1, GPU-81ac6e96-0bfe-390d-beb1-241466569d6b, 0 %, 0 %, 41, 210 MHz, 405 MHz, 31.27 W, 480.00 W, 750 MiB
2026/10/09 01:27:26.638, 0, GPU-6c849b47-7111-9265-9d42-ff8eddc05a2d, 100 %, 0 %, 70, 2595 MHz, 10251 MHz, 446.05 W, 480.00 W, 846 MiB
2026/10/09 01:27:26.639, 1, GPU-81ac6e96-0bfe-390d-beb1-241466569d6b, 0 %, 0 %, 41, 210 MHz, 405 MHz, 31.22 W, 480.00 W, 750 MiB
2026/10/09 01:27:27.639, 0, GPU-6c849b47-7111-9265-9d42-ff8eddc05a2d, 100 %, 0 %, 70, 2625 MHz, 10251 MHz, 476.88 W, 480.00 W, 846 MiB
2026/10/09 01:27:27.640, 1, GPU-81ac6e96-0bfe-390d-beb1-241466569d6b, 0 %, 0 %, 41, 210 MHz, 405 MHz, 31.41 W, 480.00 W, 750 MiB
2026/10/09 01:27:28.640, 0, GPU-6c849b47-7111-9265-9d42-ff8eddc05a2d, 100 %, 0 %, 68, 2685 MHz, 10251 MHz, 411.87 W, 480.00 W, 846 MiB
2026/10/09 01:27:28.641, 1, GPU-81ac6e96-0bfe-390d-beb1-241466569d6b, 0 %, 0 %, 41, 210 MHz, 405 MHz, 31.58 W, 480.00 W, 750 MiB
2026/10/09 01:27:29.641, 0, GPU-6c849b47-7111-9265-9d42-ff8eddc05a2d, 100 %, 0 %, 68, 2640 MHz, 10251 MHz, 485.21 W, 480.00 W, 846 MiB
2026/10/09 01:27:29.642, 1, GPU-81ac6e96-0bfe-390d-beb1-241466569d6b, 0 %, 0 %, 40, 210 MHz, 405 MHz, 31.34 W, 480.00 W, 750 MiB
2026/10/09 01:27:30.642, 0, GPU-6c849b47-7111-9265-9d42-ff8eddc05a2d, 100 %, 0 %, 68, 2640 MHz, 10251 MHz, 479.72 W, 480.00 W, 846 MiB
2026/10/09 01:27:30.643, 1, GPU-81ac6e96-0bfe-390d-beb1-241466569d6b, 0 %, 0 %, 40, 210 MHz, 405 MHz, 31.09 W, 480.00 W, 750 MiB
2026/10/09 01:27:31.643, 0, GPU-6c849b47-7111-9265-9d42-ff8eddc05a2d, 100 %, 0 %, 69, 2715 MHz, 10251 MHz, 457.18 W, 480.00 W, 846 MiB
2026/10/09 01:27:31.644, 1, GPU-81ac6e96-0bfe-390d-beb1-241466569d6b, 0 %, 0 %, 40, 210 MHz, 405 MHz, 31.16 W, 480.00 W, 750 MiB
2026/10/09 01:27:32.644, 0, GPU-6c849b47-7111-9265-9d42-ff8eddc05a2d, 100 %, 0 %, 69, 2700 MHz, 10251 MHz, 482.27 W, 480.00 W, 846 MiB
2026/10/09 01:27:32.645, 1, GPU-81ac6e96-0bfe-390d-beb1-241466569d6b, 0 %, 0 %, 40, 210 MHz, 405 MHz, 31.20 W, 480.00 W, 750 MiB
2026/10/09 01:27:33.645, 0, GPU-6c849b47-7111-9265-9d42-ff8eddc05a2d, 100 %, 0 %, 68, 2760 MHz, 10251 MHz, 473.63 W, 480.00 W, 846 MiB
2026/10/09 01:27:33.646, 1, GPU-81ac6e96-0bfe-390d-beb1-241466569d6b, 0 %, 0 %, 40, 210 MHz, 405 MHz, 31.22 W, 480.00 W, 750 MiB
2026/10/09 01:27:34.646, 0, GPU-6c849b47-7111-9265-9d42-ff8eddc05a2d, 100 %, 0 %, 70, 2715 MHz, 10251 MHz, 452.03 W, 480.00 W, 846 MiB
2026/10/09 01:27:34.647, 1, GPU-81ac6e96-0bfe-390d-beb1-241466569d6b, 0 %, 0 %, 40, 210 MHz, 405 MHz, 31.46 W, 480.00 W, 750 MiB
2026/10/09 01:27:35.647, 0, GPU-6c849b47-7111-9265-9d42-ff8eddc05a2d, 100 %, 0 %, 70, 2700 MHz, 10251 MHz, 480.69 W, 480.00 W, 846 MiB
2026/10/09 01:27:35.648, 1, GPU-81ac6e96-0bfe-390d-beb1-241466569d6b, 0 %, 0 %, 40, 210 MHz, 405 MHz, 31.60 W, 480.00 W, 750 MiB
2026/10/09 01:27:36.648, 0, GPU-6c849b47-7111-9265-9d42-ff8eddc05a2d, 100 %, 0 %, 61, 2775 MHz, 10251 MHz, 427.50 W, 480.00 W, 846 MiB
2026/10/09 01:27:36.649, 1, GPU-81ac6e96-0bfe-390d-beb1-241466569d6b, 0 %, 0 %, 40, 210 MHz, 405 MHz, 31.52 W, 480.00 W, 750 MiB
2026/10/09 01:27:37.649, 0, GPU-6c849b47-7111-9265-9d42-ff8eddc05a2d, 100 %, 0 %, 69, 2655 MHz, 10251 MHz, 469.48 W, 480.00 W, 846 MiB
2026/10/09 01:27:37.650, 1, GPU-81ac6e96-0bfe-390d-beb1-241466569d6b, 0 %, 0 %, 40, 210 MHz, 405 MHz, 31.39 W, 480.00 W, 750 MiB
2026/10/09 01:27:38.650, 0, GPU-6c849b47-7111-9265-9d42-ff8eddc05a2d, 100 %, 0 %, 69, 2670 MHz, 10251 MHz, 476.83 W, 480.00 W, 846 MiB
2026/10/09 01:27:38.650, 1, GPU-81ac6e96-0bfe-390d-beb1-241466569d6b, 0 %, 0 %, 40, 210 MHz, 405 MHz, 31.39 W, 480.00 W, 750 MiB
2026/10/09 01:27:39.651, 0, GPU-6c849b47-7111-9265-9d42-ff8eddc05a2d, 100 %, 0 %, 68, 2745 MHz, 10251 MHz, 428.72 W, 480.00 W, 846 MiB
2026/10/09 01:27:39.651, 1, GPU-81ac6e96-0bfe-390d-beb1-241466569d6b, 0 %, 0 %, 40, 210 MHz, 405 MHz, 31.59 W, 480.00 W, 750 MiB
2026/10/09 01:27:40.652, 0, GPU-6c849b47-7111-9265-9d42-ff8eddc05a2d, 100 %, 0 %, 68, 2700 MHz, 10251 MHz, 486.43 W, 480.00 W, 846 MiB
2026/10/09 01:27:40.652, 1, GPU-81ac6e96-0bfe-390d-beb1-241466569d6b, 0 %, 0 %, 40, 210 MHz, 405 MHz, 31.52 W, 480.00 W, 750 MiB
2026/10/09 01:27:41.653, 0, GPU-6c849b47-7111-9265-9d42-ff8eddc05a2d, 100 %, 0 %, 69, 2670 MHz, 10251 MHz, 477.74 W, 480.00 W, 846 MiB
2026/10/09 01:27:41.653, 1, GPU-81ac6e96-0bfe-390d-beb1-241466569d6b, 0 %, 0 %, 40, 210 MHz, 405 MHz, 31.21 W, 480.00 W, 750 MiB
2026/10/09 01:27:42.654, 0, GPU-6c849b47-7111-9265-9d42-ff8eddc05a2d, 100 %, 0 %, 69, 2760 MHz, 10251 MHz, 431.77 W, 480.00 W, 846 MiB
2026/10/09 01:27:42.654, 1, GPU-81ac6e96-0bfe-390d-beb1-241466569d6b, 0 %, 0 %, 40, 210 MHz, 405 MHz, 30.97 W, 480.00 W, 750 MiB
2026/10/09 01:27:43.655, 0, GPU-6c849b47-7111-9265-9d42-ff8eddc05a2d, 100 %, 0 %, 69, 2730 MHz, 10251 MHz, 479.78 W, 480.00 W, 846 MiB
2026/10/09 01:27:43.655, 1, GPU-81ac6e96-0bfe-390d-beb1-241466569d6b, 0 %, 0 %, 39, 210 MHz, 405 MHz, 31.07 W, 480.00 W, 750 MiB
2026/10/09 01:27:44.656, 0, GPU-6c849b47-7111-9265-9d42-ff8eddc05a2d, 100 %, 0 %, 66, 2760 MHz, 10251 MHz, 462.14 W, 480.00 W, 846 MiB
2026/10/09 01:27:44.656, 1, GPU-81ac6e96-0bfe-390d-beb1-241466569d6b, 0 %, 0 %, 39, 210 MHz, 405 MHz, 31.15 W, 480.00 W, 750 MiB
2026/10/09 01:27:45.657, 0, GPU-6c849b47-7111-9265-9d42-ff8eddc05a2d, 0 %, 0 %, 47, 2790 MHz, 10251 MHz, 138.90 W, 480.00 W, 846 MiB
2026/10/09 01:27:45.657, 1, GPU-81ac6e96-0bfe-390d-beb1-241466569d6b, 0 %, 0 %, 39, 210 MHz, 405 MHz, 31.01 W, 480.00 W, 750 MiB
2026/10/09 01:27:46.658, 0, GPU-6c849b47-7111-9265-9d42-ff8eddc05a2d, 0 %, 0 %, 45, 2625 MHz, 10251 MHz, 93.85 W, 480.00 W, 846 MiB
2026/10/09 01:27:46.658, 1, GPU-81ac6e96-0bfe-390d-beb1-241466569d6b, 0 %, 0 %, 39, 210 MHz, 405 MHz, 30.91 W, 480.00 W, 750 MiB
2026/10/09 01:27:47.659, 0, GPU-6c849b47-7111-9265-9d42-ff8eddc05a2d, 0 %, 0 %, 44, 2625 MHz, 10251 MHz, 89.20 W, 480.00 W, 846 MiB
2026/10/09 01:27:47.659, 1, GPU-81ac6e96-0bfe-390d-beb1-241466569d6b, 0 %, 0 %, 39, 210 MHz, 405 MHz, 31.16 W, 480.00 W, 750 MiB
2026/10/09 01:27:48.660, 0, GPU-6c849b47-7111-9265-9d42-ff8eddc05a2d, 0 %, 0 %, 44, 2625 MHz, 10251 MHz, 83.22 W, 480.00 W, 846 MiB
2026/10/09 01:27:48.660, 1, GPU-81ac6e96-0bfe-390d-beb1-241466569d6b, 0 %, 0 %, 39, 210 MHz, 405 MHz, 31.46 W, 480.00 W, 750 MiB
2026/10/09 01:27:49.660, 0, GPU-6c849b47-7111-9265-9d42-ff8eddc05a2d, 0 %, 0 %, 44, 2625 MHz, 10251 MHz, 82.89 W, 480.00 W, 846 MiB
2026/10/09 01:27:49.661, 1, GPU-81ac6e96-0bfe-390d-beb1-241466569d6b, 0 %, 0 %, 39, 210 MHz, 405 MHz, 31.44 W, 480.00 W, 750 MiB
2026/10/09 01:27:50.661, 0, GPU-6c849b47-7111-9265-9d42-ff8eddc05a2d, 0 %, 0 %, 43, 2625 MHz, 10251 MHz, 82.38 W, 480.00 W, 846 MiB
2026/10/09 01:27:50.662, 1, GPU-81ac6e96-0bfe-390d-beb1-241466569d6b, 0 %, 0 %, 39, 210 MHz, 405 MHz, 31.27 W, 480.00 W, 750 MiB
2026/10/09 01:27:51.662, 0, GPU-6c849b47-7111-9265-9d42-ff8eddc05a2d, 0 %, 0 %, 43, 2625 MHz, 10251 MHz, 82.07 W, 480.00 W, 846 MiB
2026/10/09 01:27:51.663, 1, GPU-81ac6e96-0bfe-390d-beb1-241466569d6b, 0 %, 0 %, 39, 210 MHz, 405 MHz, 30.99 W, 480.00 W, 750 MiB
2026/10/09 01:27:52.663, 0, GPU-6c849b47-7111-9265-9d42-ff8eddc05a2d, 0 %, 0 %, 43, 2625 MHz, 10251 MHz, 81.95 W, 480.00 W, 846 MiB
2026/10/09 01:27:52.664, 1, GPU-81ac6e96-0bfe-390d-beb1-241466569d6b, 0 %, 0 %, 39, 210 MHz, 405 MHz, 30.82 W, 480.00 W, 750 MiB
2026/10/09 01:27:53.664, 0, GPU-6c849b47-7111-9265-9d42-ff8eddc05a2d, 0 %, 0 %, 43, 2625 MHz, 10251 MHz, 81.84 W, 480.00 W, 846 MiB
2026/10/09 01:27:53.665, 1, GPU-81ac6e96-0bfe-390d-beb1-241466569d6b, 0 %, 0 %, 39, 210 MHz, 405 MHz, 31.04 W, 480.00 W, 750 MiB
2026/10/09 01:27:54.665, 0, GPU-6c849b47-7111-9265-9d42-ff8eddc05a2d, 0 %, 0 %, 43, 2625 MHz, 10251 MHz, 81.76 W, 480.00 W, 846 MiB
2026/10/09 01:27:54.666, 1, GPU-81ac6e96-0bfe-390d-beb1-241466569d6b, 100 %, 0 %, 56, 2790 MHz, 10251 MHz, 138.90 W, 480.00 W, 846 MiB
2026/10/09 01:27:55.666, 0, GPU-6c849b47-7111-9265-9d42-ff8eddc05a2d, 0 %, 0 %, 43, 2625 MHz, 10251 MHz, 81.71 W, 480.00 W, 846 MiB
2026/10/09 01:27:55.667, 1, GPU-81ac6e96-0bfe-390d-beb1-241466569d6b, 100 %, 0 %, 59, 2790 MHz, 10251 MHz, 479.95 W, 480.00 W, 846 MiB
2026/10/09 01:27:56.667, 0, GPU-6c849b47-7111-9265-9d42-ff8eddc05a2d, 0 %, 0 %, 43, 2625 MHz, 10251 MHz, 81.62 W, 480.00 W, 846 MiB
2026/10/09 01:27:56.668, 1, GPU-81ac6e96-0bfe-390d-beb1-241466569d6b, 100 %, 0 %, 57, 2790 MHz, 10251 MHz, 470.66 W, 480.00 W, 846 MiB
2026/10/09 01:27:57.668, 0, GPU-6c849b47-7111-9265-9d42-ff8eddc05a2d, 0 %, 0 %, 43, 2625 MHz, 10251 MHz, 81.59 W, 480.00 W, 846 MiB
2026/10/09 01:27:57.669, 1, GPU-81ac6e96-0bfe-390d-beb1-241466569d6b, 100 %, 0 %, 63, 2655 MHz, 10251 MHz, 429.61 W, 480.00 W, 846 MiB
2026/10/09 01:27:58.669, 0, GPU-6c849b47-7111-9265-9d42-ff8eddc05a2d, 0 %, 0 %, 43, 2625 MHz, 10251 MHz, 81.56 W, 480.00 W, 846 MiB
2026/10/09 01:27:58.669, 1, GPU-81ac6e96-0bfe-390d-beb1-241466569d6b, 100 %, 0 %, 62, 2670 MHz, 10251 MHz, 481.90 W, 480.00 W, 846 MiB
2026/10/09 01:27:59.670, 0, GPU-6c849b47-7111-9265-9d42-ff8eddc05a2d, 0 %, 0 %, 43, 2625 MHz, 10251 MHz, 81.50 W, 480.00 W, 846 MiB
2026/10/09 01:27:59.670, 1, GPU-81ac6e96-0bfe-390d-beb1-241466569d6b, 100 %, 0 %, 54, 2790 MHz, 10251 MHz, 433.72 W, 480.00 W, 846 MiB
2026/10/09 01:28:00.671, 0, GPU-6c849b47-7111-9265-9d42-ff8eddc05a2d, 0 %, 0 %, 43, 2625 MHz, 10251 MHz, 81.43 W, 480.00 W, 846 MiB
2026/10/09 01:28:00.671, 1, GPU-81ac6e96-0bfe-390d-beb1-241466569d6b, 100 %, 0 %, 61, 2670 MHz, 10251 MHz, 474.04 W, 480.00 W, 846 MiB
2026/10/09 01:28:01.671, 0, GPU-6c849b47-7111-9265-9d42-ff8eddc05a2d, 0 %, 0 %, 43, 2625 MHz, 10251 MHz, 81.41 W, 480.00 W, 846 MiB
2026/10/09 01:28:01.672, 1, GPU-81ac6e96-0bfe-390d-beb1-241466569d6b, 100 %, 0 %, 61, 2670 MHz, 10251 MHz, 476.98 W, 480.00 W, 846 MiB
2026/10/09 01:28:02.672, 0, GPU-6c849b47-7111-9265-9d42-ff8eddc05a2d, 0 %, 0 %, 43, 2625 MHz, 10251 MHz, 81.44 W, 480.00 W, 846 MiB
2026/10/09 01:28:02.673, 1, GPU-81ac6e96-0bfe-390d-beb1-241466569d6b, 100 %, 0 %, 61, 2745 MHz, 10251 MHz, 433.33 W, 480.00 W, 846 MiB
2026/10/09 01:28:03.673, 0, GPU-6c849b47-7111-9265-9d42-ff8eddc05a2d, 0 %, 0 %, 42, 390 MHz, 810 MHz, 70.49 W, 480.00 W, 846 MiB
2026/10/09 01:28:03.674, 1, GPU-81ac6e96-0bfe-390d-beb1-241466569d6b, 100 %, 0 %, 61, 2700 MHz, 10251 MHz, 485.51 W, 480.00 W, 846 MiB
2026/10/09 01:28:04.674, 0, GPU-6c849b47-7111-9265-9d42-ff8eddc05a2d, 0 %, 0 %, 41, 255 MHz, 405 MHz, 51.12 W, 480.00 W, 846 MiB
2026/10/09 01:28:04.675, 1, GPU-81ac6e96-0bfe-390d-beb1-241466569d6b, 100 %, 0 %, 61, 2685 MHz, 10251 MHz, 477.27 W, 480.00 W, 846 MiB
2026/10/09 01:28:05.675, 0, GPU-6c849b47-7111-9265-9d42-ff8eddc05a2d, 0 %, 0 %, 41, 210 MHz, 405 MHz, 40.75 W, 480.00 W, 846 MiB
2026/10/09 01:28:05.675, 1, GPU-81ac6e96-0bfe-390d-beb1-241466569d6b, 100 %, 0 %, 62, 2775 MHz, 10251 MHz, 434.58 W, 480.00 W, 846 MiB
2026/10/09 01:28:06.676, 0, GPU-6c849b47-7111-9265-9d42-ff8eddc05a2d, 0 %, 0 %, 41, 210 MHz, 405 MHz, 38.90 W, 480.00 W, 846 MiB
2026/10/09 01:28:06.676, 1, GPU-81ac6e96-0bfe-390d-beb1-241466569d6b, 100 %, 0 %, 62, 2760 MHz, 10251 MHz, 480.42 W, 480.00 W, 846 MiB
2026/10/09 01:28:07.677, 0, GPU-6c849b47-7111-9265-9d42-ff8eddc05a2d, 0 %, 0 %, 41, 210 MHz, 405 MHz, 39.23 W, 480.00 W, 846 MiB
2026/10/09 01:28:07.677, 1, GPU-81ac6e96-0bfe-390d-beb1-241466569d6b, 100 %, 0 %, 60, 2790 MHz, 10251 MHz, 469.92 W, 480.00 W, 846 MiB
2026/10/09 01:28:08.678, 0, GPU-6c849b47-7111-9265-9d42-ff8eddc05a2d, 0 %, 0 %, 41, 210 MHz, 405 MHz, 39.18 W, 480.00 W, 846 MiB
2026/10/09 01:28:08.678, 1, GPU-81ac6e96-0bfe-390d-beb1-241466569d6b, 100 %, 0 %, 62, 2775 MHz, 10251 MHz, 440.19 W, 480.00 W, 846 MiB
2026/10/09 01:28:09.679, 0, GPU-6c849b47-7111-9265-9d42-ff8eddc05a2d, 0 %, 0 %, 41, 210 MHz, 405 MHz, 39.28 W, 480.00 W, 846 MiB
2026/10/09 01:28:09.679, 1, GPU-81ac6e96-0bfe-390d-beb1-241466569d6b, 100 %, 0 %, 62, 2760 MHz, 10251 MHz, 479.05 W, 480.00 W, 846 MiB
2026/10/09 01:28:10.680, 0, GPU-6c849b47-7111-9265-9d42-ff8eddc05a2d, 0 %, 0 %, 41, 210 MHz, 405 MHz, 39.40 W, 480.00 W, 846 MiB
2026/10/09 01:28:10.680, 1, GPU-81ac6e96-0bfe-390d-beb1-241466569d6b, 100 %, 0 %, 57, 2790 MHz, 10251 MHz, 426.27 W, 480.00 W, 846 MiB
2026/10/09 01:28:11.680, 0, GPU-6c849b47-7111-9265-9d42-ff8eddc05a2d, 0 %, 0 %, 41, 210 MHz, 405 MHz, 39.08 W, 480.00 W, 846 MiB
2026/10/09 01:28:11.695, 1, GPU-81ac6e96-0bfe-390d-beb1-241466569d6b, 100 %, 0 %, 62, 2715 MHz, 10251 MHz, 482.02 W, 480.00 W, 846 MiB
2026/10/09 01:28:12.695, 0, GPU-6c849b47-7111-9265-9d42-ff8eddc05a2d, 0 %, 0 %, 41, 210 MHz, 405 MHz, 38.99 W, 480.00 W, 846 MiB
2026/10/09 01:28:12.696, 1, GPU-81ac6e96-0bfe-390d-beb1-241466569d6b, 100 %, 0 %, 62, 2715 MHz, 10251 MHz, 477.92 W, 480.00 W, 846 MiB
2026/10/09 01:28:13.696, 0, GPU-6c849b47-7111-9265-9d42-ff8eddc05a2d, 0 %, 0 %, 41, 210 MHz, 405 MHz, 38.91 W, 480.00 W, 846 MiB
2026/10/09 01:28:13.697, 1, GPU-81ac6e96-0bfe-390d-beb1-241466569d6b, 100 %, 0 %, 56, 2790 MHz, 10251 MHz, 376.45 W, 480.00 W, 846 MiB
2026/10/09 01:28:14.697, 0, GPU-6c849b47-7111-9265-9d42-ff8eddc05a2d, 0 %, 0 %, 41, 210 MHz, 405 MHz, 38.84 W, 480.00 W, 846 MiB
2026/10/09 01:28:14.698, 1, GPU-81ac6e96-0bfe-390d-beb1-241466569d6b, 100 %, 0 %, 62, 2715 MHz, 10251 MHz, 479.08 W, 480.00 W, 846 MiB
2026/10/09 01:28:15.698, 0, GPU-6c849b47-7111-9265-9d42-ff8eddc05a2d, 0 %, 0 %, 41, 210 MHz, 405 MHz, 38.93 W, 480.00 W, 846 MiB
2026/10/09 01:28:15.699, 1, GPU-81ac6e96-0bfe-390d-beb1-241466569d6b, 100 %, 0 %, 63, 2715 MHz, 10251 MHz, 474.72 W, 480.00 W, 846 MiB
2026/10/09 01:28:16.699, 0, GPU-6c849b47-7111-9265-9d42-ff8eddc05a2d, 0 %, 0 %, 41, 210 MHz, 405 MHz, 39.07 W, 480.00 W, 846 MiB
2026/10/09 01:28:16.700, 1, GPU-81ac6e96-0bfe-390d-beb1-241466569d6b, 100 %, 0 %, 64, 2700 MHz, 10251 MHz, 421.01 W, 480.00 W, 846 MiB
2026/10/09 01:28:17.700, 0, GPU-6c849b47-7111-9265-9d42-ff8eddc05a2d, 0 %, 0 %, 41, 210 MHz, 405 MHz, 39.21 W, 480.00 W, 846 MiB
2026/10/09 01:28:17.701, 1, GPU-81ac6e96-0bfe-390d-beb1-241466569d6b, 100 %, 0 %, 64, 2700 MHz, 10251 MHz, 482.29 W, 480.00 W, 846 MiB
2026/10/09 01:28:18.701, 0, GPU-6c849b47-7111-9265-9d42-ff8eddc05a2d, 0 %, 0 %, 41, 210 MHz, 405 MHz, 39.30 W, 480.00 W, 846 MiB
2026/10/09 01:28:18.702, 1, GPU-81ac6e96-0bfe-390d-beb1-241466569d6b, 100 %, 0 %, 64, 2775 MHz, 10251 MHz, 474.24 W, 480.00 W, 846 MiB
2026/10/09 01:28:19.702, 0, GPU-6c849b47-7111-9265-9d42-ff8eddc05a2d, 0 %, 0 %, 41, 210 MHz, 405 MHz, 39.01 W, 480.00 W, 846 MiB
2026/10/09 01:28:19.703, 1, GPU-81ac6e96-0bfe-390d-beb1-241466569d6b, 100 %, 0 %, 65, 2730 MHz, 10251 MHz, 460.61 W, 480.00 W, 846 MiB
2026/10/09 01:28:20.703, 0, GPU-6c849b47-7111-9265-9d42-ff8eddc05a2d, 0 %, 0 %, 41, 210 MHz, 405 MHz, 38.63 W, 480.00 W, 846 MiB
2026/10/09 01:28:20.704, 1, GPU-81ac6e96-0bfe-390d-beb1-241466569d6b, 100 %, 0 %, 65, 2700 MHz, 10251 MHz, 480.29 W, 480.00 W, 846 MiB
2026/10/09 01:28:21.704, 0, GPU-6c849b47-7111-9265-9d42-ff8eddc05a2d, 0 %, 0 %, 41, 210 MHz, 405 MHz, 38.63 W, 480.00 W, 846 MiB
2026/10/09 01:28:21.705, 1, GPU-81ac6e96-0bfe-390d-beb1-241466569d6b, 100 %, 0 %, 57, 2790 MHz, 10251 MHz, 430.31 W, 480.00 W, 846 MiB
2026/10/09 01:28:22.719, 0, GPU-6c849b47-7111-9265-9d42-ff8eddc05a2d, 0 %, 0 %, 41, 210 MHz, 405 MHz, 38.64 W, 480.00 W, 846 MiB
2026/10/09 01:28:22.720, 1, GPU-81ac6e96-0bfe-390d-beb1-241466569d6b, 100 %, 0 %, 64, 2685 MHz, 10251 MHz, 471.66 W, 480.00 W, 846 MiB
2026/10/09 01:28:23.720, 0, GPU-6c849b47-7111-9265-9d42-ff8eddc05a2d, 0 %, 0 %, 41, 210 MHz, 405 MHz, 38.93 W, 480.00 W, 846 MiB
2026/10/09 01:28:23.720, 1, GPU-81ac6e96-0bfe-390d-beb1-241466569d6b, 100 %, 0 %, 64, 2685 MHz, 10251 MHz, 476.59 W, 480.00 W, 846 MiB
2026/10/09 01:28:24.721, 0, GPU-6c849b47-7111-9265-9d42-ff8eddc05a2d, 0 %, 0 %, 40, 210 MHz, 405 MHz, 39.08 W, 480.00 W, 846 MiB
2026/10/09 01:28:24.721, 1, GPU-81ac6e96-0bfe-390d-beb1-241466569d6b, 100 %, 0 %, 64, 2760 MHz, 10251 MHz, 432.17 W, 480.00 W, 846 MiB
2026/10/09 01:28:25.722, 0, GPU-6c849b47-7111-9265-9d42-ff8eddc05a2d, 0 %, 0 %, 40, 210 MHz, 405 MHz, 38.78 W, 480.00 W, 846 MiB
2026/10/09 01:28:25.722, 1, GPU-81ac6e96-0bfe-390d-beb1-241466569d6b, 100 %, 0 %, 64, 2730 MHz, 10251 MHz, 484.24 W, 480.00 W, 846 MiB
2026/10/09 01:28:26.723, 0, GPU-6c849b47-7111-9265-9d42-ff8eddc05a2d, 0 %, 0 %, 40, 210 MHz, 405 MHz, 38.66 W, 480.00 W, 846 MiB
2026/10/09 01:28:26.723, 1, GPU-81ac6e96-0bfe-390d-beb1-241466569d6b, 100 %, 0 %, 64, 2715 MHz, 10251 MHz, 477.56 W, 480.00 W, 846 MiB
2026/10/09 01:28:27.724, 0, GPU-6c849b47-7111-9265-9d42-ff8eddc05a2d, 0 %, 0 %, 40, 210 MHz, 405 MHz, 38.70 W, 480.00 W, 846 MiB
2026/10/09 01:28:27.724, 1, GPU-81ac6e96-0bfe-390d-beb1-241466569d6b, 100 %, 0 %, 65, 2775 MHz, 10251 MHz, 434.75 W, 480.00 W, 846 MiB
2026/10/09 01:28:28.724, 0, GPU-6c849b47-7111-9265-9d42-ff8eddc05a2d, 0 %, 0 %, 40, 210 MHz, 405 MHz, 38.74 W, 480.00 W, 846 MiB
2026/10/09 01:28:28.725, 1, GPU-81ac6e96-0bfe-390d-beb1-241466569d6b, 100 %, 0 %, 65, 2745 MHz, 10251 MHz, 479.97 W, 480.00 W, 846 MiB
2026/10/09 01:28:29.725, 0, GPU-6c849b47-7111-9265-9d42-ff8eddc05a2d, 0 %, 0 %, 40, 210 MHz, 405 MHz, 38.66 W, 480.00 W, 846 MiB
2026/10/09 01:28:29.726, 1, GPU-81ac6e96-0bfe-390d-beb1-241466569d6b, 100 %, 0 %, 62, 2775 MHz, 10251 MHz, 462.24 W, 480.00 W, 846 MiB
2026/10/09 01:28:30.727, 0, GPU-6c849b47-7111-9265-9d42-ff8eddc05a2d, 0 %, 0 %, 40, 210 MHz, 405 MHz, 38.63 W, 480.00 W, 846 MiB
2026/10/09 01:28:30.727, 1, GPU-81ac6e96-0bfe-390d-beb1-241466569d6b, 100 %, 0 %, 66, 2775 MHz, 10251 MHz, 439.31 W, 480.00 W, 846 MiB
2026/10/09 01:28:31.728, 0, GPU-6c849b47-7111-9265-9d42-ff8eddc05a2d, 0 %, 0 %, 40, 210 MHz, 405 MHz, 38.76 W, 480.00 W, 846 MiB
2026/10/09 01:28:31.728, 1, GPU-81ac6e96-0bfe-390d-beb1-241466569d6b, 100 %, 0 %, 65, 2730 MHz, 10251 MHz, 478.42 W, 480.00 W, 846 MiB
2026/10/09 01:28:32.728, 0, GPU-6c849b47-7111-9265-9d42-ff8eddc05a2d, 0 %, 0 %, 40, 210 MHz, 405 MHz, 38.85 W, 480.00 W, 846 MiB
2026/10/09 01:28:32.729, 1, GPU-81ac6e96-0bfe-390d-beb1-241466569d6b, 0 %, 0 %, 50, 2790 MHz, 10251 MHz, 368.80 W, 480.00 W, 846 MiB
2026/10/09 01:28:33.729, 0, GPU-6c849b47-7111-9265-9d42-ff8eddc05a2d, 0 %, 0 %, 40, 210 MHz, 405 MHz, 38.65 W, 480.00 W, 846 MiB
2026/10/09 01:28:33.730, 1, GPU-81ac6e96-0bfe-390d-beb1-241466569d6b, 0 %, 0 %, 46, 2805 MHz, 10251 MHz, 104.01 W, 480.00 W, 846 MiB
2026/10/09 01:28:34.730, 0, GPU-6c849b47-7111-9265-9d42-ff8eddc05a2d, 0 %, 0 %, 40, 210 MHz, 405 MHz, 38.42 W, 480.00 W, 846 MiB
2026/10/09 01:28:34.731, 1, GPU-81ac6e96-0bfe-390d-beb1-241466569d6b, 0 %, 0 %, 45, 2625 MHz, 10251 MHz, 81.52 W, 480.00 W, 846 MiB
2026/10/09 01:28:35.731, 0, GPU-6c849b47-7111-9265-9d42-ff8eddc05a2d, 0 %, 0 %, 40, 210 MHz, 405 MHz, 38.24 W, 480.00 W, 846 MiB
2026/10/09 01:28:35.732, 1, GPU-81ac6e96-0bfe-390d-beb1-241466569d6b, 0 %, 0 %, 45, 2625 MHz, 10251 MHz, 80.28 W, 480.00 W, 846 MiB
2026/10/09 01:28:36.732, 0, GPU-6c849b47-7111-9265-9d42-ff8eddc05a2d, 0 %, 0 %, 40, 210 MHz, 405 MHz, 38.28 W, 480.00 W, 846 MiB
2026/10/09 01:28:36.733, 1, GPU-81ac6e96-0bfe-390d-beb1-241466569d6b, 0 %, 0 %, 44, 2625 MHz, 10251 MHz, 75.22 W, 480.00 W, 846 MiB
2026/10/09 01:28:37.733, 0, GPU-6c849b47-7111-9265-9d42-ff8eddc05a2d, 0 %, 0 %, 40, 210 MHz, 405 MHz, 38.29 W, 480.00 W, 846 MiB
2026/10/09 01:28:37.734, 1, GPU-81ac6e96-0bfe-390d-beb1-241466569d6b, 0 %, 0 %, 44, 2625 MHz, 10251 MHz, 74.79 W, 480.00 W, 846 MiB
2026/10/09 01:28:38.734, 0, GPU-6c849b47-7111-9265-9d42-ff8eddc05a2d, 0 %, 0 %, 40, 210 MHz, 405 MHz, 38.07 W, 480.00 W, 846 MiB
2026/10/09 01:28:38.735, 1, GPU-81ac6e96-0bfe-390d-beb1-241466569d6b, 0 %, 0 %, 44, 2625 MHz, 10251 MHz, 74.49 W, 480.00 W, 846 MiB
2026/10/09 01:28:39.735, 0, GPU-6c849b47-7111-9265-9d42-ff8eddc05a2d, 0 %, 0 %, 39, 210 MHz, 405 MHz, 37.87 W, 480.00 W, 846 MiB
2026/10/09 01:28:39.736, 1, GPU-81ac6e96-0bfe-390d-beb1-241466569d6b, 0 %, 0 %, 44, 2625 MHz, 10251 MHz, 74.18 W, 480.00 W, 846 MiB
2026/10/09 01:28:40.736, 0, GPU-6c849b47-7111-9265-9d42-ff8eddc05a2d, 0 %, 0 %, 39, 210 MHz, 405 MHz, 37.70 W, 480.00 W, 846 MiB
2026/10/09 01:28:40.737, 1, GPU-81ac6e96-0bfe-390d-beb1-241466569d6b, 0 %, 0 %, 44, 2625 MHz, 10251 MHz, 74.12 W, 480.00 W, 846 MiB
2026/10/09 01:28:41.768, 0, GPU-6c849b47-7111-9265-9d42-ff8eddc05a2d, 0 %, 0 %, 39, 210 MHz, 405 MHz, 37.63 W, 480.00 W, 846 MiB
2026/10/09 01:28:41.768, 1, GPU-81ac6e96-0bfe-390d-beb1-241466569d6b, 0 %, 0 %, 44, 2625 MHz, 10251 MHz, 74.33 W, 480.00 W, 846 MiB
2026/10/09 01:28:42.769, 0, GPU-6c849b47-7111-9265-9d42-ff8eddc05a2d, 100 %, 0 %, 65, 2700 MHz, 10251 MHz, 306.89 W, 480.00 W, 846 MiB
2026/10/09 01:28:42.769, 1, GPU-81ac6e96-0bfe-390d-beb1-241466569d6b, 100 %, 0 %, 65, 2715 MHz, 10251 MHz, 265.04 W, 480.00 W, 846 MiB
2026/10/09 01:28:43.770, 0, GPU-6c849b47-7111-9265-9d42-ff8eddc05a2d, 100 %, 0 %, 66, 2715 MHz, 10251 MHz, 478.39 W, 480.00 W, 846 MiB
2026/10/09 01:28:43.770, 1, GPU-81ac6e96-0bfe-390d-beb1-241466569d6b, 100 %, 0 %, 66, 2745 MHz, 10251 MHz, 480.62 W, 480.00 W, 846 MiB
2026/10/09 01:28:44.771, 0, GPU-6c849b47-7111-9265-9d42-ff8eddc05a2d, 100 %, 0 %, 63, 2700 MHz, 10251 MHz, 423.57 W, 480.00 W, 846 MiB
2026/10/09 01:28:44.771, 1, GPU-81ac6e96-0bfe-390d-beb1-241466569d6b, 100 %, 0 %, 62, 2715 MHz, 10251 MHz, 404.55 W, 480.00 W, 846 MiB
2026/10/09 01:28:45.771, 0, GPU-6c849b47-7111-9265-9d42-ff8eddc05a2d, 100 %, 0 %, 67, 2625 MHz, 10251 MHz, 497.61 W, 480.00 W, 846 MiB
2026/10/09 01:28:45.772, 1, GPU-81ac6e96-0bfe-390d-beb1-241466569d6b, 100 %, 0 %, 65, 2640 MHz, 10251 MHz, 495.33 W, 480.00 W, 846 MiB
2026/10/09 01:28:46.772, 0, GPU-6c849b47-7111-9265-9d42-ff8eddc05a2d, 100 %, 0 %, 67, 2610 MHz, 10251 MHz, 477.24 W, 480.00 W, 846 MiB
2026/10/09 01:28:46.804, 1, GPU-81ac6e96-0bfe-390d-beb1-241466569d6b, 100 %, 0 %, 66, 2640 MHz, 10251 MHz, 476.29 W, 480.00 W, 846 MiB
2026/10/09 01:28:47.804, 0, GPU-6c849b47-7111-9265-9d42-ff8eddc05a2d, 100 %, 0 %, 67, 2715 MHz, 10251 MHz, 442.70 W, 480.00 W, 846 MiB
2026/10/09 01:28:47.805, 1, GPU-81ac6e96-0bfe-390d-beb1-241466569d6b, 100 %, 0 %, 66, 2730 MHz, 10251 MHz, 445.28 W, 480.00 W, 846 MiB
2026/10/09 01:28:48.805, 0, GPU-6c849b47-7111-9265-9d42-ff8eddc05a2d, 100 %, 0 %, 67, 2655 MHz, 10251 MHz, 485.62 W, 480.00 W, 846 MiB
2026/10/09 01:28:48.805, 1, GPU-81ac6e96-0bfe-390d-beb1-241466569d6b, 100 %, 0 %, 65, 2685 MHz, 10251 MHz, 486.10 W, 480.00 W, 846 MiB
2026/10/09 01:28:49.806, 0, GPU-6c849b47-7111-9265-9d42-ff8eddc05a2d, 100 %, 0 %, 67, 2655 MHz, 10251 MHz, 478.45 W, 480.00 W, 846 MiB
2026/10/09 01:28:49.806, 1, GPU-81ac6e96-0bfe-390d-beb1-241466569d6b, 100 %, 0 %, 65, 2685 MHz, 10251 MHz, 478.27 W, 480.00 W, 846 MiB
2026/10/09 01:28:50.807, 0, GPU-6c849b47-7111-9265-9d42-ff8eddc05a2d, 100 %, 0 %, 68, 2730 MHz, 10251 MHz, 443.83 W, 480.00 W, 846 MiB
2026/10/09 01:28:50.807, 1, GPU-81ac6e96-0bfe-390d-beb1-241466569d6b, 100 %, 0 %, 66, 2745 MHz, 10251 MHz, 442.75 W, 480.00 W, 846 MiB
2026/10/09 01:28:51.807, 0, GPU-6c849b47-7111-9265-9d42-ff8eddc05a2d, 100 %, 0 %, 68, 2730 MHz, 10251 MHz, 480.80 W, 480.00 W, 846 MiB
2026/10/09 01:28:51.808, 1, GPU-81ac6e96-0bfe-390d-beb1-241466569d6b, 100 %, 0 %, 66, 2745 MHz, 10251 MHz, 480.83 W, 480.00 W, 846 MiB
2026/10/09 01:28:52.808, 0, GPU-6c849b47-7111-9265-9d42-ff8eddc05a2d, 100 %, 0 %, 67, 2760 MHz, 10251 MHz, 475.27 W, 480.00 W, 846 MiB
2026/10/09 01:28:52.809, 1, GPU-81ac6e96-0bfe-390d-beb1-241466569d6b, 100 %, 0 %, 65, 2775 MHz, 10251 MHz, 475.09 W, 480.00 W, 846 MiB
2026/10/09 01:28:53.809, 0, GPU-6c849b47-7111-9265-9d42-ff8eddc05a2d, 100 %, 0 %, 69, 2745 MHz, 10251 MHz, 446.32 W, 480.00 W, 846 MiB
2026/10/09 01:28:53.809, 1, GPU-81ac6e96-0bfe-390d-beb1-241466569d6b, 100 %, 0 %, 67, 2760 MHz, 10251 MHz, 448.36 W, 480.00 W, 846 MiB
2026/10/09 01:28:54.810, 0, GPU-6c849b47-7111-9265-9d42-ff8eddc05a2d, 100 %, 0 %, 69, 2730 MHz, 10251 MHz, 480.14 W, 480.00 W, 846 MiB
2026/10/09 01:28:54.810, 1, GPU-81ac6e96-0bfe-390d-beb1-241466569d6b, 100 %, 0 %, 66, 2745 MHz, 10251 MHz, 479.33 W, 480.00 W, 846 MiB
2026/10/09 01:28:55.811, 0, GPU-6c849b47-7111-9265-9d42-ff8eddc05a2d, 100 %, 0 %, 59, 2775 MHz, 10251 MHz, 428.23 W, 480.00 W, 846 MiB
2026/10/09 01:28:55.811, 1, GPU-81ac6e96-0bfe-390d-beb1-241466569d6b, 100 %, 0 %, 56, 2790 MHz, 10251 MHz, 417.31 W, 480.00 W, 846 MiB
2026/10/09 01:28:56.811, 0, GPU-6c849b47-7111-9265-9d42-ff8eddc05a2d, 100 %, 0 %, 67, 2685 MHz, 10251 MHz, 467.09 W, 480.00 W, 846 MiB
2026/10/09 01:28:56.812, 1, GPU-81ac6e96-0bfe-390d-beb1-241466569d6b, 100 %, 0 %, 65, 2700 MHz, 10251 MHz, 467.28 W, 480.00 W, 846 MiB
2026/10/09 01:28:57.812, 0, GPU-6c849b47-7111-9265-9d42-ff8eddc05a2d, 100 %, 0 %, 68, 2670 MHz, 10251 MHz, 477.71 W, 480.00 W, 846 MiB
2026/10/09 01:28:57.813, 1, GPU-81ac6e96-0bfe-390d-beb1-241466569d6b, 100 %, 0 %, 65, 2700 MHz, 10251 MHz, 476.40 W, 480.00 W, 846 MiB
2026/10/09 01:28:58.813, 0, GPU-6c849b47-7111-9265-9d42-ff8eddc05a2d, 100 %, 0 %, 66, 2745 MHz, 10251 MHz, 426.71 W, 480.00 W, 846 MiB
2026/10/09 01:28:58.814, 1, GPU-81ac6e96-0bfe-390d-beb1-241466569d6b, 100 %, 0 %, 65, 2775 MHz, 10251 MHz, 424.67 W, 480.00 W, 846 MiB
2026/10/09 01:28:59.815, 0, GPU-6c849b47-7111-9265-9d42-ff8eddc05a2d, 100 %, 0 %, 67, 2730 MHz, 10251 MHz, 480.46 W, 480.00 W, 846 MiB
2026/10/09 01:28:59.815, 1, GPU-81ac6e96-0bfe-390d-beb1-241466569d6b, 100 %, 0 %, 65, 2760 MHz, 10251 MHz, 480.04 W, 480.00 W, 846 MiB
2026/10/09 01:29:00.817, 0, GPU-6c849b47-7111-9265-9d42-ff8eddc05a2d, 100 %, 0 %, 67, 2730 MHz, 10251 MHz, 478.96 W, 480.00 W, 846 MiB
2026/10/09 01:29:00.817, 1, GPU-81ac6e96-0bfe-390d-beb1-241466569d6b, 100 %, 0 %, 66, 2775 MHz, 10251 MHz, 478.95 W, 480.00 W, 846 MiB
2026/10/09 01:29:01.818, 0, GPU-6c849b47-7111-9265-9d42-ff8eddc05a2d, 0 %, 0 %, 46, 2775 MHz, 10251 MHz, 214.78 W, 480.00 W, 846 MiB
2026/10/09 01:29:01.818, 1, GPU-81ac6e96-0bfe-390d-beb1-241466569d6b, 0 %, 0 %, 47, 2805 MHz, 10251 MHz, 200.16 W, 480.00 W, 846 MiB
2026/10/09 01:29:02.819, 0, GPU-6c849b47-7111-9265-9d42-ff8eddc05a2d, 0 %, 0 %, 45, 2790 MHz, 10251 MHz, 104.04 W, 480.00 W, 846 MiB
2026/10/09 01:29:02.819, 1, GPU-81ac6e96-0bfe-390d-beb1-241466569d6b, 0 %, 0 %, 46, 2805 MHz, 10251 MHz, 89.26 W, 480.00 W, 846 MiB
2026/10/09 01:29:03.819, 0, GPU-6c849b47-7111-9265-9d42-ff8eddc05a2d, 0 %, 0 %, 43, 2625 MHz, 10251 MHz, 91.50 W, 480.00 W, 846 MiB
2026/10/09 01:29:03.820, 1, GPU-81ac6e96-0bfe-390d-beb1-241466569d6b, 0 %, 0 %, 45, 2625 MHz, 10251 MHz, 82.60 W, 480.00 W, 846 MiB
2026/10/09 01:29:04.820, 0, GPU-6c849b47-7111-9265-9d42-ff8eddc05a2d, 0 %, 0 %, 42, 2625 MHz, 10251 MHz, 86.85 W, 480.00 W, 846 MiB
2026/10/09 01:29:04.821, 1, GPU-81ac6e96-0bfe-390d-beb1-241466569d6b, 0 %, 0 %, 45, 2625 MHz, 10251 MHz, 78.48 W, 480.00 W, 846 MiB
2026/10/09 01:29:05.821, 0, GPU-6c849b47-7111-9265-9d42-ff8eddc05a2d, 0 %, 0 %, 42, 2625 MHz, 10251 MHz, 81.92 W, 480.00 W, 846 MiB
2026/10/09 01:29:05.822, 1, GPU-81ac6e96-0bfe-390d-beb1-241466569d6b, 0 %, 0 %, 45, 2625 MHz, 10251 MHz, 74.62 W, 480.00 W, 846 MiB
2026/10/09 01:29:06.822, 0, GPU-6c849b47-7111-9265-9d42-ff8eddc05a2d, 0 %, 0 %, 42, 2625 MHz, 10251 MHz, 81.34 W, 480.00 W, 846 MiB
2026/10/09 01:29:06.823, 1, GPU-81ac6e96-0bfe-390d-beb1-241466569d6b, 0 %, 0 %, 45, 2625 MHz, 10251 MHz, 74.48 W, 480.00 W, 846 MiB
2026/10/09 01:29:07.823, 0, GPU-6c849b47-7111-9265-9d42-ff8eddc05a2d, 0 %, 0 %, 42, 2625 MHz, 10251 MHz, 81.22 W, 480.00 W, 846 MiB
2026/10/09 01:29:07.824, 1, GPU-81ac6e96-0bfe-390d-beb1-241466569d6b, 0 %, 0 %, 45, 2625 MHz, 10251 MHz, 74.03 W, 480.00 W, 846 MiB
2026/10/09 01:29:08.824, 0, GPU-6c849b47-7111-9265-9d42-ff8eddc05a2d, 0 %, 0 %, 41, 2625 MHz, 10251 MHz, 81.23 W, 480.00 W, 846 MiB
2026/10/09 01:29:08.825, 1, GPU-81ac6e96-0bfe-390d-beb1-241466569d6b, 0 %, 0 %, 45, 2625 MHz, 10251 MHz, 73.76 W, 480.00 W, 846 MiB
2026/10/09 01:29:09.825, 0, GPU-6c849b47-7111-9265-9d42-ff8eddc05a2d, 0 %, 0 %, 41, 2625 MHz, 10251 MHz, 81.33 W, 480.00 W, 846 MiB
2026/10/09 01:29:09.826, 1, GPU-81ac6e96-0bfe-390d-beb1-241466569d6b, 100 %, 0 %, 66, 2715 MHz, 10251 MHz, 272.71 W, 480.00 W, 846 MiB
2026/10/09 01:29:10.826, 0, GPU-6c849b47-7111-9265-9d42-ff8eddc05a2d, 0 %, 0 %, 41, 2625 MHz, 10251 MHz, 81.48 W, 480.00 W, 846 MiB
2026/10/09 01:29:10.826, 1, GPU-81ac6e96-0bfe-390d-beb1-241466569d6b, 100 %, 0 %, 67, 2730 MHz, 10251 MHz, 482.93 W, 480.00 W, 846 MiB
2026/10/09 01:29:11.827, 0, GPU-6c849b47-7111-9265-9d42-ff8eddc05a2d, 0 %, 0 %, 41, 2625 MHz, 10251 MHz, 81.47 W, 480.00 W, 846 MiB
2026/10/09 01:29:11.828, 1, GPU-81ac6e96-0bfe-390d-beb1-241466569d6b, 100 %, 0 %, 64, 2700 MHz, 10251 MHz, 422.42 W, 480.00 W, 846 MiB
2026/10/09 01:29:12.828, 0, GPU-6c849b47-7111-9265-9d42-ff8eddc05a2d, 0 %, 0 %, 41, 2625 MHz, 10251 MHz, 81.43 W, 480.00 W, 846 MiB
2026/10/09 01:29:12.828, 1, GPU-81ac6e96-0bfe-390d-beb1-241466569d6b, 100 %, 0 %, 66, 2640 MHz, 10251 MHz, 495.87 W, 480.00 W, 846 MiB
2026/10/09 01:29:13.829, 0, GPU-6c849b47-7111-9265-9d42-ff8eddc05a2d, 0 %, 0 %, 41, 2625 MHz, 10251 MHz, 81.38 W, 480.00 W, 846 MiB
2026/10/09 01:29:13.843, 1, GPU-81ac6e96-0bfe-390d-beb1-241466569d6b, 100 %, 0 %, 66, 2625 MHz, 10251 MHz, 477.38 W, 480.00 W, 846 MiB
2026/10/09 01:29:14.844, 0, GPU-6c849b47-7111-9265-9d42-ff8eddc05a2d, 0 %, 0 %, 41, 2625 MHz, 10251 MHz, 81.29 W, 480.00 W, 846 MiB
2026/10/09 01:29:14.844, 1, GPU-81ac6e96-0bfe-390d-beb1-241466569d6b, 100 %, 0 %, 67, 2655 MHz, 10251 MHz, 460.50 W, 480.00 W, 846 MiB
2026/10/09 01:29:15.844, 0, GPU-6c849b47-7111-9265-9d42-ff8eddc05a2d, 0 %, 0 %, 41, 2625 MHz, 10251 MHz, 81.17 W, 480.00 W, 846 MiB
2026/10/09 01:29:15.845, 1, GPU-81ac6e96-0bfe-390d-beb1-241466569d6b, 100 %, 0 %, 67, 2685 MHz, 10251 MHz, 478.35 W, 480.00 W, 846 MiB
2026/10/09 01:29:16.845, 0, GPU-6c849b47-7111-9265-9d42-ff8eddc05a2d, 0 %, 0 %, 41, 2625 MHz, 10251 MHz, 81.14 W, 480.00 W, 846 MiB
2026/10/09 01:29:16.846, 1, GPU-81ac6e96-0bfe-390d-beb1-241466569d6b, 100 %, 0 %, 59, 2745 MHz, 10251 MHz, 431.79 W, 480.00 W, 846 MiB
2026/10/09 01:29:17.846, 0, GPU-6c849b47-7111-9265-9d42-ff8eddc05a2d, 0 %, 0 %, 41, 2625 MHz, 10251 MHz, 81.15 W, 480.00 W, 846 MiB
2026/10/09 01:29:17.847, 1, GPU-81ac6e96-0bfe-390d-beb1-241466569d6b, 100 %, 0 %, 66, 2670 MHz, 10251 MHz, 479.07 W, 480.00 W, 846 MiB
2026/10/09 01:29:18.847, 0, GPU-6c849b47-7111-9265-9d42-ff8eddc05a2d, 0 %, 0 %, 40, 480 MHz, 810 MHz, 75.80 W, 480.00 W, 846 MiB
2026/10/09 01:29:18.862, 1, GPU-81ac6e96-0bfe-390d-beb1-241466569d6b, 100 %, 0 %, 66, 2670 MHz, 10251 MHz, 476.94 W, 480.00 W, 846 MiB
2026/10/09 01:29:19.862, 0, GPU-6c849b47-7111-9265-9d42-ff8eddc05a2d, 0 %, 0 %, 40, 300 MHz, 405 MHz, 57.47 W, 480.00 W, 846 MiB
2026/10/09 01:29:19.863, 1, GPU-81ac6e96-0bfe-390d-beb1-241466569d6b, 100 %, 0 %, 66, 2745 MHz, 10251 MHz, 432.69 W, 480.00 W, 846 MiB
2026/10/09 01:29:20.863, 0, GPU-6c849b47-7111-9265-9d42-ff8eddc05a2d, 0 %, 0 %, 40, 210 MHz, 405 MHz, 41.24 W, 480.00 W, 846 MiB
2026/10/09 01:29:20.864, 1, GPU-81ac6e96-0bfe-390d-beb1-241466569d6b, 100 %, 0 %, 65, 2700 MHz, 10251 MHz, 484.82 W, 480.00 W, 846 MiB
2026/10/09 01:29:21.864, 0, GPU-6c849b47-7111-9265-9d42-ff8eddc05a2d, 0 %, 0 %, 40, 210 MHz, 405 MHz, 38.01 W, 480.00 W, 846 MiB
2026/10/09 01:29:21.865, 1, GPU-81ac6e96-0bfe-390d-beb1-241466569d6b, 100 %, 0 %, 66, 2715 MHz, 10251 MHz, 478.09 W, 480.00 W, 846 MiB
2026/10/09 01:29:22.865, 0, GPU-6c849b47-7111-9265-9d42-ff8eddc05a2d, 0 %, 0 %, 40, 210 MHz, 405 MHz, 38.17 W, 480.00 W, 846 MiB
2026/10/09 01:29:22.866, 1, GPU-81ac6e96-0bfe-390d-beb1-241466569d6b, 100 %, 0 %, 67, 2760 MHz, 10251 MHz, 438.00 W, 480.00 W, 846 MiB
2026/10/09 01:29:23.866, 0, GPU-6c849b47-7111-9265-9d42-ff8eddc05a2d, 0 %, 0 %, 40, 210 MHz, 405 MHz, 38.31 W, 480.00 W, 846 MiB
2026/10/09 01:29:23.867, 1, GPU-81ac6e96-0bfe-390d-beb1-241466569d6b, 100 %, 0 %, 66, 2745 MHz, 10251 MHz, 480.46 W, 480.00 W, 846 MiB
2026/10/09 01:29:24.867, 0, GPU-6c849b47-7111-9265-9d42-ff8eddc05a2d, 0 %, 0 %, 40, 210 MHz, 405 MHz, 38.33 W, 480.00 W, 846 MiB
2026/10/09 01:29:24.868, 1, GPU-81ac6e96-0bfe-390d-beb1-241466569d6b, 100 %, 0 %, 63, 2775 MHz, 10251 MHz, 463.28 W, 480.00 W, 846 MiB
2026/10/09 01:29:25.868, 0, GPU-6c849b47-7111-9265-9d42-ff8eddc05a2d, 0 %, 0 %, 40, 210 MHz, 405 MHz, 38.14 W, 480.00 W, 846 MiB
2026/10/09 01:29:25.869, 1, GPU-81ac6e96-0bfe-390d-beb1-241466569d6b, 100 %, 0 %, 67, 2760 MHz, 10251 MHz, 446.28 W, 480.00 W, 846 MiB
2026/10/09 01:29:26.869, 0, GPU-6c849b47-7111-9265-9d42-ff8eddc05a2d, 0 %, 0 %, 40, 210 MHz, 405 MHz, 37.96 W, 480.00 W, 846 MiB
2026/10/09 01:29:26.870, 1, GPU-81ac6e96-0bfe-390d-beb1-241466569d6b, 100 %, 0 %, 67, 2730 MHz, 10251 MHz, 479.13 W, 480.00 W, 846 MiB
2026/10/09 01:29:27.870, 0, GPU-6c849b47-7111-9265-9d42-ff8eddc05a2d, 0 %, 0 %, 40, 210 MHz, 405 MHz, 38.34 W, 480.00 W, 846 MiB
2026/10/09 01:29:27.870, 1, GPU-81ac6e96-0bfe-390d-beb1-241466569d6b, 100 %, 0 %, 63, 2790 MHz, 10251 MHz, 415.61 W, 480.00 W, 846 MiB
2026/10/09 01:29:28.871, 0, GPU-6c849b47-7111-9265-9d42-ff8eddc05a2d, 0 %, 0 %, 40, 210 MHz, 405 MHz, 38.57 W, 480.00 W, 846 MiB
2026/10/09 01:29:28.871, 1, GPU-81ac6e96-0bfe-390d-beb1-241466569d6b, 100 %, 0 %, 68, 2700 MHz, 10251 MHz, 447.42 W, 480.00 W, 846 MiB
2026/10/09 01:29:29.872, 0, GPU-6c849b47-7111-9265-9d42-ff8eddc05a2d, 0 %, 0 %, 40, 210 MHz, 405 MHz, 38.62 W, 480.00 W, 846 MiB
2026/10/09 01:29:29.872, 1, GPU-81ac6e96-0bfe-390d-beb1-241466569d6b, 100 %, 0 %, 68, 2685 MHz, 10251 MHz, 478.40 W, 480.00 W, 846 MiB
2026/10/09 01:29:30.873, 0, GPU-6c849b47-7111-9265-9d42-ff8eddc05a2d, 0 %, 0 %, 40, 210 MHz, 405 MHz, 38.61 W, 480.00 W, 846 MiB
2026/10/09 01:29:30.873, 1, GPU-81ac6e96-0bfe-390d-beb1-241466569d6b, 100 %, 0 %, 67, 2700 MHz, 10251 MHz, 414.46 W, 480.00 W, 846 MiB
2026/10/09 01:29:31.874, 0, GPU-6c849b47-7111-9265-9d42-ff8eddc05a2d, 0 %, 0 %, 40, 210 MHz, 405 MHz, 38.42 W, 480.00 W, 846 MiB
2026/10/09 01:29:31.874, 1, GPU-81ac6e96-0bfe-390d-beb1-241466569d6b, 100 %, 0 %, 66, 2655 MHz, 10251 MHz, 485.70 W, 480.00 W, 846 MiB
2026/10/09 01:29:32.875, 0, GPU-6c849b47-7111-9265-9d42-ff8eddc05a2d, 0 %, 0 %, 40, 210 MHz, 405 MHz, 38.33 W, 480.00 W, 846 MiB
2026/10/09 01:29:32.875, 1, GPU-81ac6e96-0bfe-390d-beb1-241466569d6b, 100 %, 0 %, 66, 2655 MHz, 10251 MHz, 478.18 W, 480.00 W, 846 MiB
2026/10/09 01:29:33.876, 0, GPU-6c849b47-7111-9265-9d42-ff8eddc05a2d, 0 %, 0 %, 40, 210 MHz, 405 MHz, 38.33 W, 480.00 W, 846 MiB
2026/10/09 01:29:33.876, 1, GPU-81ac6e96-0bfe-390d-beb1-241466569d6b, 100 %, 0 %, 68, 2730 MHz, 10251 MHz, 455.30 W, 480.00 W, 846 MiB
2026/10/09 01:29:34.876, 0, GPU-6c849b47-7111-9265-9d42-ff8eddc05a2d, 0 %, 0 %, 40, 210 MHz, 405 MHz, 38.27 W, 480.00 W, 846 MiB
2026/10/09 01:29:34.877, 1, GPU-81ac6e96-0bfe-390d-beb1-241466569d6b, 100 %, 0 %, 67, 2700 MHz, 10251 MHz, 482.84 W, 480.00 W, 846 MiB
2026/10/09 01:29:35.877, 0, GPU-6c849b47-7111-9265-9d42-ff8eddc05a2d, 0 %, 0 %, 40, 210 MHz, 405 MHz, 38.20 W, 480.00 W, 846 MiB
2026/10/09 01:29:35.878, 1, GPU-81ac6e96-0bfe-390d-beb1-241466569d6b, 100 %, 0 %, 67, 2775 MHz, 10251 MHz, 477.40 W, 480.00 W, 846 MiB
2026/10/09 01:29:36.878, 0, GPU-6c849b47-7111-9265-9d42-ff8eddc05a2d, 0 %, 0 %, 40, 210 MHz, 405 MHz, 38.16 W, 480.00 W, 846 MiB
2026/10/09 01:29:36.879, 1, GPU-81ac6e96-0bfe-390d-beb1-241466569d6b, 100 %, 0 %, 68, 2745 MHz, 10251 MHz, 455.92 W, 480.00 W, 846 MiB
2026/10/09 01:29:37.879, 0, GPU-6c849b47-7111-9265-9d42-ff8eddc05a2d, 0 %, 0 %, 40, 210 MHz, 405 MHz, 38.25 W, 480.00 W, 846 MiB
2026/10/09 01:29:37.880, 1, GPU-81ac6e96-0bfe-390d-beb1-241466569d6b, 100 %, 0 %, 68, 2700 MHz, 10251 MHz, 481.08 W, 480.00 W, 846 MiB
2026/10/09 01:29:38.880, 0, GPU-6c849b47-7111-9265-9d42-ff8eddc05a2d, 0 %, 0 %, 40, 210 MHz, 405 MHz, 38.53 W, 480.00 W, 846 MiB
2026/10/09 01:29:38.881, 1, GPU-81ac6e96-0bfe-390d-beb1-241466569d6b, 100 %, 0 %, 60, 2775 MHz, 10251 MHz, 438.34 W, 480.00 W, 846 MiB
2026/10/09 01:29:39.881, 0, GPU-6c849b47-7111-9265-9d42-ff8eddc05a2d, 0 %, 0 %, 40, 210 MHz, 405 MHz, 38.76 W, 480.00 W, 846 MiB
2026/10/09 01:29:39.882, 1, GPU-81ac6e96-0bfe-390d-beb1-241466569d6b, 100 %, 0 %, 67, 2685 MHz, 10251 MHz, 464.40 W, 480.00 W, 846 MiB
2026/10/09 01:29:40.882, 0, GPU-6c849b47-7111-9265-9d42-ff8eddc05a2d, 0 %, 0 %, 39, 210 MHz, 405 MHz, 38.61 W, 480.00 W, 846 MiB
2026/10/09 01:29:40.883, 1, GPU-81ac6e96-0bfe-390d-beb1-241466569d6b, 100 %, 0 %, 67, 2685 MHz, 10251 MHz, 476.14 W, 480.00 W, 846 MiB
2026/10/09 01:29:41.883, 0, GPU-6c849b47-7111-9265-9d42-ff8eddc05a2d, 0 %, 0 %, 39, 210 MHz, 405 MHz, 38.25 W, 480.00 W, 846 MiB
2026/10/09 01:29:41.884, 1, GPU-81ac6e96-0bfe-390d-beb1-241466569d6b, 100 %, 0 %, 66, 2760 MHz, 10251 MHz, 425.83 W, 480.00 W, 846 MiB
2026/10/09 01:29:42.884, 0, GPU-6c849b47-7111-9265-9d42-ff8eddc05a2d, 0 %, 0 %, 39, 210 MHz, 405 MHz, 38.58 W, 480.00 W, 846 MiB
2026/10/09 01:29:42.885, 1, GPU-81ac6e96-0bfe-390d-beb1-241466569d6b, 100 %, 0 %, 67, 2730 MHz, 10251 MHz, 483.38 W, 480.00 W, 846 MiB
2026/10/09 01:29:43.885, 0, GPU-6c849b47-7111-9265-9d42-ff8eddc05a2d, 0 %, 0 %, 39, 210 MHz, 405 MHz, 38.25 W, 480.00 W, 846 MiB
2026/10/09 01:29:43.885, 1, GPU-81ac6e96-0bfe-390d-beb1-241466569d6b, 100 %, 0 %, 67, 2715 MHz, 10251 MHz, 477.54 W, 480.00 W, 846 MiB
2026/10/09 01:29:44.886, 0, GPU-6c849b47-7111-9265-9d42-ff8eddc05a2d, 0 %, 0 %, 39, 210 MHz, 405 MHz, 38.07 W, 480.00 W, 846 MiB
2026/10/09 01:29:44.886, 1, GPU-81ac6e96-0bfe-390d-beb1-241466569d6b, 100 %, 0 %, 68, 2775 MHz, 10251 MHz, 430.87 W, 480.00 W, 846 MiB
2026/10/09 01:29:45.887, 0, GPU-6c849b47-7111-9265-9d42-ff8eddc05a2d, 0 %, 0 %, 39, 210 MHz, 405 MHz, 38.11 W, 480.00 W, 846 MiB
2026/10/09 01:29:45.887, 1, GPU-81ac6e96-0bfe-390d-beb1-241466569d6b, 100 %, 0 %, 67, 2745 MHz, 10251 MHz, 479.91 W, 480.00 W, 846 MiB
2026/10/09 01:29:46.888, 0, GPU-6c849b47-7111-9265-9d42-ff8eddc05a2d, 0 %, 0 %, 39, 210 MHz, 405 MHz, 38.22 W, 480.00 W, 846 MiB
2026/10/09 01:29:46.888, 1, GPU-81ac6e96-0bfe-390d-beb1-241466569d6b, 100 %, 0 %, 64, 2775 MHz, 10251 MHz, 457.58 W, 480.00 W, 846 MiB
2026/10/09 01:29:47.889, 0, GPU-6c849b47-7111-9265-9d42-ff8eddc05a2d, 0 %, 0 %, 39, 210 MHz, 405 MHz, 38.06 W, 480.00 W, 846 MiB
2026/10/09 01:29:47.890, 1, GPU-81ac6e96-0bfe-390d-beb1-241466569d6b, 0 %, 0 %, 48, 2790 MHz, 10251 MHz, 131.29 W, 480.00 W, 846 MiB
2026/10/09 01:29:48.903, 0, GPU-6c849b47-7111-9265-9d42-ff8eddc05a2d, 0 %, 0 %, 39, 210 MHz, 405 MHz, 37.84 W, 480.00 W, 846 MiB
2026/10/09 01:29:48.904, 1, GPU-81ac6e96-0bfe-390d-beb1-241466569d6b, 0 %, 0 %, 47, 2625 MHz, 10251 MHz, 84.91 W, 480.00 W, 846 MiB
2026/10/09 01:29:49.904, 0, GPU-6c849b47-7111-9265-9d42-ff8eddc05a2d, 0 %, 0 %, 39, 210 MHz, 405 MHz, 37.98 W, 480.00 W, 846 MiB
2026/10/09 01:29:49.905, 1, GPU-81ac6e96-0bfe-390d-beb1-241466569d6b, 0 %, 0 %, 47, 2625 MHz, 10251 MHz, 81.53 W, 480.00 W, 846 MiB
2026/10/09 01:29:50.906, 0, GPU-6c849b47-7111-9265-9d42-ff8eddc05a2d, 0 %, 0 %, 39, 210 MHz, 405 MHz, 38.22 W, 480.00 W, 846 MiB
2026/10/09 01:29:50.906, 1, GPU-81ac6e96-0bfe-390d-beb1-241466569d6b, 0 %, 0 %, 47, 2625 MHz, 10251 MHz, 76.67 W, 480.00 W, 846 MiB
2026/10/09 01:29:51.907, 0, GPU-6c849b47-7111-9265-9d42-ff8eddc05a2d, 0 %, 0 %, 39, 210 MHz, 405 MHz, 38.15 W, 480.00 W, 846 MiB
2026/10/09 01:29:51.907, 1, GPU-81ac6e96-0bfe-390d-beb1-241466569d6b, 0 %, 0 %, 46, 2625 MHz, 10251 MHz, 76.10 W, 480.00 W, 846 MiB
2026/10/09 01:29:52.908, 0, GPU-6c849b47-7111-9265-9d42-ff8eddc05a2d, 0 %, 0 %, 39, 210 MHz, 405 MHz, 37.90 W, 480.00 W, 846 MiB
2026/10/09 01:29:52.908, 1, GPU-81ac6e96-0bfe-390d-beb1-241466569d6b, 0 %, 0 %, 46, 2625 MHz, 10251 MHz, 75.47 W, 480.00 W, 846 MiB
2026/10/09 01:29:53.909, 0, GPU-6c849b47-7111-9265-9d42-ff8eddc05a2d, 0 %, 0 %, 39, 210 MHz, 405 MHz, 37.72 W, 480.00 W, 846 MiB
2026/10/09 01:29:53.909, 1, GPU-81ac6e96-0bfe-390d-beb1-241466569d6b, 0 %, 0 %, 46, 2625 MHz, 10251 MHz, 75.24 W, 480.00 W, 846 MiB
2026/10/09 01:29:54.910, 0, GPU-6c849b47-7111-9265-9d42-ff8eddc05a2d, 0 %, 0 %, 39, 210 MHz, 405 MHz, 37.57 W, 480.00 W, 846 MiB
2026/10/09 01:29:54.910, 1, GPU-81ac6e96-0bfe-390d-beb1-241466569d6b, 0 %, 0 %, 46, 2625 MHz, 10251 MHz, 74.95 W, 480.00 W, 846 MiB
2026/10/09 01:29:55.911, 0, GPU-6c849b47-7111-9265-9d42-ff8eddc05a2d, 0 %, 0 %, 39, 210 MHz, 405 MHz, 37.51 W, 480.00 W, 846 MiB
2026/10/09 01:29:55.912, 1, GPU-81ac6e96-0bfe-390d-beb1-241466569d6b, 0 %, 0 %, 46, 2625 MHz, 10251 MHz, 74.65 W, 480.00 W, 846 MiB
2026/10/09 01:29:56.912, 0, GPU-6c849b47-7111-9265-9d42-ff8eddc05a2d, 100 %, 0 %, 63, 2730 MHz, 10251 MHz, 271.10 W, 480.00 W, 846 MiB
2026/10/09 01:29:56.912, 1, GPU-81ac6e96-0bfe-390d-beb1-241466569d6b, 100 %, 0 %, 66, 2745 MHz, 10251 MHz, 246.69 W, 480.00 W, 846 MiB
2026/10/09 01:29:57.913, 0, GPU-6c849b47-7111-9265-9d42-ff8eddc05a2d, 100 %, 0 %, 65, 2760 MHz, 10251 MHz, 483.68 W, 480.00 W, 846 MiB
2026/10/09 01:29:57.913, 1, GPU-81ac6e96-0bfe-390d-beb1-241466569d6b, 100 %, 0 %, 66, 2760 MHz, 10251 MHz, 483.58 W, 480.00 W, 846 MiB
2026/10/09 01:29:58.914, 0, GPU-6c849b47-7111-9265-9d42-ff8eddc05a2d, 100 %, 0 %, 56, 2775 MHz, 10251 MHz, 429.46 W, 480.00 W, 846 MiB
2026/10/09 01:29:58.914, 1, GPU-81ac6e96-0bfe-390d-beb1-241466569d6b, 100 %, 0 %, 54, 2790 MHz, 10251 MHz, 439.20 W, 480.00 W, 846 MiB
2026/10/09 01:29:59.914, 0, GPU-6c849b47-7111-9265-9d42-ff8eddc05a2d, 100 %, 0 %, 66, 2610 MHz, 10251 MHz, 461.13 W, 480.00 W, 846 MiB
2026/10/09 01:29:59.915, 1, GPU-81ac6e96-0bfe-390d-beb1-241466569d6b, 100 %, 0 %, 67, 2625 MHz, 10251 MHz, 441.41 W, 480.00 W, 846 MiB
2026/10/09 01:30:00.915, 0, GPU-6c849b47-7111-9265-9d42-ff8eddc05a2d, 100 %, 0 %, 66, 2610 MHz, 10251 MHz, 476.29 W, 480.00 W, 846 MiB
2026/10/09 01:30:00.916, 1, GPU-81ac6e96-0bfe-390d-beb1-241466569d6b, 100 %, 0 %, 67, 2625 MHz, 10251 MHz, 477.99 W, 480.00 W, 846 MiB
2026/10/09 01:30:01.916, 0, GPU-6c849b47-7111-9265-9d42-ff8eddc05a2d, 100 %, 0 %, 65, 2715 MHz, 10251 MHz, 432.15 W, 480.00 W, 846 MiB
2026/10/09 01:30:01.916, 1, GPU-81ac6e96-0bfe-390d-beb1-241466569d6b, 100 %, 0 %, 66, 2730 MHz, 10251 MHz, 438.15 W, 480.00 W, 846 MiB
2026/10/09 01:30:02.917, 0, GPU-6c849b47-7111-9265-9d42-ff8eddc05a2d, 100 %, 0 %, 66, 2655 MHz, 10251 MHz, 494.54 W, 480.00 W, 846 MiB
2026/10/09 01:30:02.917, 1, GPU-81ac6e96-0bfe-390d-beb1-241466569d6b, 100 %, 0 %, 67, 2655 MHz, 10251 MHz, 485.76 W, 480.00 W, 846 MiB
2026/10/09 01:30:03.917, 0, GPU-6c849b47-7111-9265-9d42-ff8eddc05a2d, 100 %, 0 %, 66, 2655 MHz, 10251 MHz, 477.49 W, 480.00 W, 846 MiB
2026/10/09 01:30:03.918, 1, GPU-81ac6e96-0bfe-390d-beb1-241466569d6b, 100 %, 0 %, 67, 2670 MHz, 10251 MHz, 477.53 W, 480.00 W, 846 MiB
2026/10/09 01:30:04.918, 0, GPU-6c849b47-7111-9265-9d42-ff8eddc05a2d, 100 %, 0 %, 67, 2730 MHz, 10251 MHz, 434.62 W, 480.00 W, 846 MiB
2026/10/09 01:30:04.919, 1, GPU-81ac6e96-0bfe-390d-beb1-241466569d6b, 100 %, 0 %, 68, 2745 MHz, 10251 MHz, 434.79 W, 480.00 W, 846 MiB
2026/10/09 01:30:05.919, 0, GPU-6c849b47-7111-9265-9d42-ff8eddc05a2d, 100 %, 0 %, 66, 2715 MHz, 10251 MHz, 483.74 W, 480.00 W, 846 MiB
2026/10/09 01:30:05.919, 1, GPU-81ac6e96-0bfe-390d-beb1-241466569d6b, 100 %, 0 %, 67, 2685 MHz, 10251 MHz, 487.42 W, 480.00 W, 846 MiB
2026/10/09 01:30:06.920, 0, GPU-6c849b47-7111-9265-9d42-ff8eddc05a2d, 100 %, 0 %, 67, 2700 MHz, 10251 MHz, 477.45 W, 480.00 W, 846 MiB
2026/10/09 01:30:06.920, 1, GPU-81ac6e96-0bfe-390d-beb1-241466569d6b, 100 %, 0 %, 67, 2685 MHz, 10251 MHz, 477.89 W, 480.00 W, 846 MiB
2026/10/09 01:30:07.934, 0, GPU-6c849b47-7111-9265-9d42-ff8eddc05a2d, 100 %, 0 %, 68, 2745 MHz, 10251 MHz, 442.49 W, 480.00 W, 846 MiB
2026/10/09 01:30:07.934, 1, GPU-81ac6e96-0bfe-390d-beb1-241466569d6b, 100 %, 0 %, 68, 2745 MHz, 10251 MHz, 441.44 W, 480.00 W, 846 MiB
2026/10/09 01:30:08.935, 0, GPU-6c849b47-7111-9265-9d42-ff8eddc05a2d, 100 %, 0 %, 68, 2730 MHz, 10251 MHz, 480.84 W, 480.00 W, 846 MiB
2026/10/09 01:30:08.935, 1, GPU-81ac6e96-0bfe-390d-beb1-241466569d6b, 100 %, 0 %, 67, 2730 MHz, 10251 MHz, 481.28 W, 480.00 W, 846 MiB
2026/10/09 01:30:09.936, 0, GPU-6c849b47-7111-9265-9d42-ff8eddc05a2d, 100 %, 0 %, 62, 2760 MHz, 10251 MHz, 467.01 W, 480.00 W, 846 MiB
2026/10/09 01:30:09.936, 1, GPU-81ac6e96-0bfe-390d-beb1-241466569d6b, 100 %, 0 %, 63, 2775 MHz, 10251 MHz, 470.76 W, 480.00 W, 846 MiB
2026/10/09 01:30:10.936, 0, GPU-6c849b47-7111-9265-9d42-ff8eddc05a2d, 100 %, 0 %, 68, 2670 MHz, 10251 MHz, 445.24 W, 480.00 W, 846 MiB
2026/10/09 01:30:10.937, 1, GPU-81ac6e96-0bfe-390d-beb1-241466569d6b, 100 %, 0 %, 68, 2760 MHz, 10251 MHz, 443.29 W, 480.00 W, 846 MiB
2026/10/09 01:30:11.937, 0, GPU-6c849b47-7111-9265-9d42-ff8eddc05a2d, 100 %, 0 %, 68, 2685 MHz, 10251 MHz, 479.63 W, 480.00 W, 846 MiB
2026/10/09 01:30:11.938, 1, GPU-81ac6e96-0bfe-390d-beb1-241466569d6b, 100 %, 0 %, 67, 2730 MHz, 10251 MHz, 480.26 W, 480.00 W, 846 MiB
2026/10/09 01:30:12.938, 0, GPU-6c849b47-7111-9265-9d42-ff8eddc05a2d, 100 %, 0 %, 65, 2760 MHz, 10251 MHz, 422.22 W, 480.00 W, 846 MiB
2026/10/09 01:30:12.939, 1, GPU-81ac6e96-0bfe-390d-beb1-241466569d6b, 100 %, 0 %, 65, 2775 MHz, 10251 MHz, 421.94 W, 480.00 W, 846 MiB
2026/10/09 01:30:13.939, 0, GPU-6c849b47-7111-9265-9d42-ff8eddc05a2d, 100 %, 0 %, 66, 2715 MHz, 10251 MHz, 482.11 W, 480.00 W, 846 MiB
2026/10/09 01:30:13.939, 1, GPU-81ac6e96-0bfe-390d-beb1-241466569d6b, 100 %, 0 %, 66, 2700 MHz, 10251 MHz, 480.98 W, 480.00 W, 846 MiB
2026/10/09 01:30:14.940, 0, GPU-6c849b47-7111-9265-9d42-ff8eddc05a2d, 100 %, 0 %, 67, 2700 MHz, 10251 MHz, 478.42 W, 480.00 W, 846 MiB
2026/10/09 01:30:14.940, 1, GPU-81ac6e96-0bfe-390d-beb1-241466569d6b, 100 %, 0 %, 67, 2685 MHz, 10251 MHz, 477.40 W, 480.00 W, 846 MiB
2026/10/09 01:30:15.941, 0, GPU-6c849b47-7111-9265-9d42-ff8eddc05a2d, 0 %, 0 %, 46, 2775 MHz, 10251 MHz, 283.00 W, 480.00 W, 846 MiB
2026/10/09 01:30:15.941, 1, GPU-81ac6e96-0bfe-390d-beb1-241466569d6b, 0 %, 0 %, 49, 2790 MHz, 10251 MHz, 287.04 W, 480.00 W, 846 MiB
2026/10/09 01:30:16.942, 0, GPU-6c849b47-7111-9265-9d42-ff8eddc05a2d, 0 %, 0 %, 44, 2790 MHz, 10251 MHz, 103.73 W, 480.00 W, 846 MiB
2026/10/09 01:30:16.942, 1, GPU-81ac6e96-0bfe-390d-beb1-241466569d6b, 0 %, 0 %, 48, 2790 MHz, 10251 MHz, 99.15 W, 480.00 W, 846 MiB
2026/10/09 01:30:17.943, 0, GPU-6c849b47-7111-9265-9d42-ff8eddc05a2d, 0 %, 0 %, 43, 2625 MHz, 10251 MHz, 89.73 W, 480.00 W, 846 MiB
2026/10/09 01:30:17.943, 1, GPU-81ac6e96-0bfe-390d-beb1-241466569d6b, 0 %, 0 %, 47, 2625 MHz, 10251 MHz, 82.33 W, 480.00 W, 846 MiB
2026/10/09 01:30:18.943, 0, GPU-6c849b47-7111-9265-9d42-ff8eddc05a2d, 0 %, 0 %, 42, 2625 MHz, 10251 MHz, 85.98 W, 480.00 W, 846 MiB
2026/10/09 01:30:18.944, 1, GPU-81ac6e96-0bfe-390d-beb1-241466569d6b, 0 %, 0 %, 46, 2625 MHz, 10251 MHz, 79.05 W, 480.00 W, 846 MiB
2026/10/09 01:30:19.944, 0, GPU-6c849b47-7111-9265-9d42-ff8eddc05a2d, 0 %, 0 %, 41, 2625 MHz, 10251 MHz, 82.22 W, 480.00 W, 846 MiB
2026/10/09 01:30:19.945, 1, GPU-81ac6e96-0bfe-390d-beb1-241466569d6b, 0 %, 0 %, 46, 2625 MHz, 10251 MHz, 75.82 W, 480.00 W, 846 MiB
2026/10/09 01:30:20.945, 0, GPU-6c849b47-7111-9265-9d42-ff8eddc05a2d, 0 %, 0 %, 41, 2625 MHz, 10251 MHz, 81.70 W, 480.00 W, 846 MiB
2026/10/09 01:30:20.945, 1, GPU-81ac6e96-0bfe-390d-beb1-241466569d6b, 0 %, 0 %, 46, 2625 MHz, 10251 MHz, 75.52 W, 480.00 W, 846 MiB
2026/10/09 01:30:21.946, 0, GPU-6c849b47-7111-9265-9d42-ff8eddc05a2d, 0 %, 0 %, 41, 2625 MHz, 10251 MHz, 81.33 W, 480.00 W, 846 MiB
2026/10/09 01:30:21.947, 1, GPU-81ac6e96-0bfe-390d-beb1-241466569d6b, 0 %, 0 %, 46, 2625 MHz, 10251 MHz, 75.24 W, 480.00 W, 846 MiB
2026/10/09 01:30:22.947, 0, GPU-6c849b47-7111-9265-9d42-ff8eddc05a2d, 0 %, 0 %, 41, 2625 MHz, 10251 MHz, 81.19 W, 480.00 W, 846 MiB
2026/10/09 01:30:22.947, 1, GPU-81ac6e96-0bfe-390d-beb1-241466569d6b, 0 %, 0 %, 46, 2625 MHz, 10251 MHz, 74.83 W, 480.00 W, 846 MiB
2026/10/09 01:30:23.948, 0, GPU-6c849b47-7111-9265-9d42-ff8eddc05a2d, 100 %, 0 %, 64, 2715 MHz, 10251 MHz, 256.34 W, 480.00 W, 846 MiB
2026/10/09 01:30:23.948, 1, GPU-81ac6e96-0bfe-390d-beb1-241466569d6b, 0 %, 0 %, 46, 2625 MHz, 10251 MHz, 74.65 W, 480.00 W, 846 MiB
2026/10/09 01:30:24.949, 0, GPU-6c849b47-7111-9265-9d42-ff8eddc05a2d, 100 %, 0 %, 66, 2745 MHz, 10251 MHz, 481.69 W, 480.00 W, 846 MiB
2026/10/09 01:30:24.949, 1, GPU-81ac6e96-0bfe-390d-beb1-241466569d6b, 0 %, 0 %, 46, 2625 MHz, 10251 MHz, 74.58 W, 480.00 W, 846 MiB
2026/10/09 01:30:25.950, 0, GPU-6c849b47-7111-9265-9d42-ff8eddc05a2d, 100 %, 0 %, 62, 2700 MHz, 10251 MHz, 414.38 W, 480.00 W, 846 MiB
2026/10/09 01:30:25.950, 1, GPU-81ac6e96-0bfe-390d-beb1-241466569d6b, 0 %, 0 %, 46, 2625 MHz, 10251 MHz, 74.56 W, 480.00 W, 846 MiB
2026/10/09 01:30:26.950, 0, GPU-6c849b47-7111-9265-9d42-ff8eddc05a2d, 100 %, 0 %, 66, 2625 MHz, 10251 MHz, 472.28 W, 480.00 W, 846 MiB
2026/10/09 01:30:26.951, 1, GPU-81ac6e96-0bfe-390d-beb1-241466569d6b, 0 %, 0 %, 46, 2625 MHz, 10251 MHz, 74.67 W, 480.00 W, 846 MiB
2026/10/09 01:30:27.951, 0, GPU-6c849b47-7111-9265-9d42-ff8eddc05a2d, 100 %, 0 %, 67, 2610 MHz, 10251 MHz, 477.37 W, 480.00 W, 846 MiB
2026/10/09 01:30:27.952, 1, GPU-81ac6e96-0bfe-390d-beb1-241466569d6b, 0 %, 0 %, 46, 2625 MHz, 10251 MHz, 74.66 W, 480.00 W, 846 MiB
2026/10/09 01:30:28.952, 0, GPU-6c849b47-7111-9265-9d42-ff8eddc05a2d, 100 %, 0 %, 67, 2715 MHz, 10251 MHz, 437.29 W, 480.00 W, 846 MiB
2026/10/09 01:30:28.952, 1, GPU-81ac6e96-0bfe-390d-beb1-241466569d6b, 0 %, 0 %, 46, 2625 MHz, 10251 MHz, 74.52 W, 480.00 W, 846 MiB
2026/10/09 01:30:29.953, 0, GPU-6c849b47-7111-9265-9d42-ff8eddc05a2d, 100 %, 0 %, 66, 2655 MHz, 10251 MHz, 489.48 W, 480.00 W, 846 MiB
2026/10/09 01:30:29.953, 1, GPU-81ac6e96-0bfe-390d-beb1-241466569d6b, 0 %, 0 %, 46, 2625 MHz, 10251 MHz, 74.36 W, 480.00 W, 846 MiB
2026/10/09 01:30:30.954, 0, GPU-6c849b47-7111-9265-9d42-ff8eddc05a2d, 100 %, 0 %, 67, 2640 MHz, 10251 MHz, 477.86 W, 480.00 W, 846 MiB
2026/10/09 01:30:30.954, 1, GPU-81ac6e96-0bfe-390d-beb1-241466569d6b, 0 %, 0 %, 46, 2625 MHz, 10251 MHz, 74.40 W, 480.00 W, 846 MiB
2026/10/09 01:30:31.954, 0, GPU-6c849b47-7111-9265-9d42-ff8eddc05a2d, 100 %, 0 %, 68, 2730 MHz, 10251 MHz, 438.32 W, 480.00 W, 846 MiB
2026/10/09 01:30:31.955, 1, GPU-81ac6e96-0bfe-390d-beb1-241466569d6b, 0 %, 0 %, 46, 2625 MHz, 10251 MHz, 74.36 W, 480.00 W, 846 MiB
2026/10/09 01:30:32.955, 0, GPU-6c849b47-7111-9265-9d42-ff8eddc05a2d, 100 %, 0 %, 68, 2700 MHz, 10251 MHz, 483.78 W, 480.00 W, 846 MiB
2026/10/09 01:30:32.956, 1, GPU-81ac6e96-0bfe-390d-beb1-241466569d6b, 0 %, 0 %, 46, 2625 MHz, 10251 MHz, 74.11 W, 480.00 W, 846 MiB
2026/10/09 01:30:33.956, 0, GPU-6c849b47-7111-9265-9d42-ff8eddc05a2d, 100 %, 0 %, 67, 2730 MHz, 10251 MHz, 479.02 W, 480.00 W, 846 MiB
2026/10/09 01:30:33.957, 1, GPU-81ac6e96-0bfe-390d-beb1-241466569d6b, 0 %, 0 %, 45, 375 MHz, 810 MHz, 59.11 W, 480.00 W, 846 MiB
2026/10/09 01:30:34.957, 0, GPU-6c849b47-7111-9265-9d42-ff8eddc05a2d, 100 %, 0 %, 69, 2745 MHz, 10251 MHz, 445.12 W, 480.00 W, 846 MiB
2026/10/09 01:30:34.958, 1, GPU-81ac6e96-0bfe-390d-beb1-241466569d6b, 0 %, 0 %, 44, 240 MHz, 405 MHz, 38.65 W, 480.00 W, 846 MiB
2026/10/09 01:30:35.958, 0, GPU-6c849b47-7111-9265-9d42-ff8eddc05a2d, 100 %, 0 %, 69, 2730 MHz, 10251 MHz, 480.64 W, 480.00 W, 846 MiB
2026/10/09 01:30:35.959, 1, GPU-81ac6e96-0bfe-390d-beb1-241466569d6b, 0 %, 0 %, 44, 210 MHz, 405 MHz, 32.56 W, 480.00 W, 846 MiB
2026/10/09 01:30:36.959, 0, GPU-6c849b47-7111-9265-9d42-ff8eddc05a2d, 100 %, 0 %, 61, 2760 MHz, 10251 MHz, 457.15 W, 480.00 W, 846 MiB
2026/10/09 01:30:36.960, 1, GPU-81ac6e96-0bfe-390d-beb1-241466569d6b, 0 %, 0 %, 44, 210 MHz, 405 MHz, 32.10 W, 480.00 W, 846 MiB
2026/10/09 01:30:37.960, 0, GPU-6c849b47-7111-9265-9d42-ff8eddc05a2d, 100 %, 0 %, 68, 2685 MHz, 10251 MHz, 449.43 W, 480.00 W, 846 MiB
2026/10/09 01:30:37.961, 1, GPU-81ac6e96-0bfe-390d-beb1-241466569d6b, 0 %, 0 %, 44, 210 MHz, 405 MHz, 32.10 W, 480.00 W, 846 MiB
2026/10/09 01:30:38.961, 0, GPU-6c849b47-7111-9265-9d42-ff8eddc05a2d, 100 %, 0 %, 69, 2685 MHz, 10251 MHz, 479.28 W, 480.00 W, 846 MiB
2026/10/09 01:30:38.962, 1, GPU-81ac6e96-0bfe-390d-beb1-241466569d6b, 0 %, 0 %, 44, 210 MHz, 405 MHz, 32.18 W, 480.00 W, 846 MiB
2026/10/09 01:30:39.962, 0, GPU-6c849b47-7111-9265-9d42-ff8eddc05a2d, 100 %, 0 %, 67, 2760 MHz, 10251 MHz, 423.86 W, 480.00 W, 846 MiB
2026/10/09 01:30:39.963, 1, GPU-81ac6e96-0bfe-390d-beb1-241466569d6b, 0 %, 0 %, 44, 210 MHz, 405 MHz, 32.16 W, 480.00 W, 846 MiB
2026/10/09 01:30:40.963, 0, GPU-6c849b47-7111-9265-9d42-ff8eddc05a2d, 100 %, 0 %, 68, 2700 MHz, 10251 MHz, 482.62 W, 480.00 W, 846 MiB
2026/10/09 01:30:40.964, 1, GPU-81ac6e96-0bfe-390d-beb1-241466569d6b, 0 %, 0 %, 43, 210 MHz, 405 MHz, 31.90 W, 480.00 W, 846 MiB
2026/10/09 01:30:41.964, 0, GPU-6c849b47-7111-9265-9d42-ff8eddc05a2d, 100 %, 0 %, 68, 2700 MHz, 10251 MHz, 477.52 W, 480.00 W, 846 MiB
2026/10/09 01:30:41.965, 1, GPU-81ac6e96-0bfe-390d-beb1-241466569d6b, 0 %, 0 %, 43, 210 MHz, 405 MHz, 31.76 W, 480.00 W, 846 MiB
2026/10/09 01:30:42.965, 0, GPU-6c849b47-7111-9265-9d42-ff8eddc05a2d, 100 %, 0 %, 63, 2775 MHz, 10251 MHz, 376.03 W, 480.00 W, 846 MiB
2026/10/09 01:30:42.966, 1, GPU-81ac6e96-0bfe-390d-beb1-241466569d6b, 0 %, 0 %, 43, 210 MHz, 405 MHz, 31.66 W, 480.00 W, 846 MiB
2026/10/09 01:30:43.966, 0, GPU-6c849b47-7111-9265-9d42-ff8eddc05a2d, 100 %, 0 %, 67, 2745 MHz, 10251 MHz, 477.47 W, 480.00 W, 846 MiB
2026/10/09 01:30:43.967, 1, GPU-81ac6e96-0bfe-390d-beb1-241466569d6b, 0 %, 0 %, 43, 210 MHz, 405 MHz, 31.57 W, 480.00 W, 846 MiB
2026/10/09 01:30:44.967, 0, GPU-6c849b47-7111-9265-9d42-ff8eddc05a2d, 100 %, 0 %, 67, 2760 MHz, 10251 MHz, 474.00 W, 480.00 W, 846 MiB
2026/10/09 01:30:44.968, 1, GPU-81ac6e96-0bfe-390d-beb1-241466569d6b, 0 %, 0 %, 43, 210 MHz, 405 MHz, 31.52 W, 480.00 W, 846 MiB
2026/10/09 01:30:45.968, 0, GPU-6c849b47-7111-9265-9d42-ff8eddc05a2d, 100 %, 0 %, 70, 2670 MHz, 10251 MHz, 420.93 W, 480.00 W, 846 MiB
2026/10/09 01:30:45.969, 1, GPU-81ac6e96-0bfe-390d-beb1-241466569d6b, 0 %, 0 %, 43, 210 MHz, 405 MHz, 31.37 W, 480.00 W, 846 MiB
2026/10/09 01:30:46.969, 0, GPU-6c849b47-7111-9265-9d42-ff8eddc05a2d, 100 %, 0 %, 70, 2670 MHz, 10251 MHz, 482.11 W, 480.00 W, 846 MiB
2026/10/09 01:30:46.970, 1, GPU-81ac6e96-0bfe-390d-beb1-241466569d6b, 0 %, 0 %, 43, 210 MHz, 405 MHz, 31.31 W, 480.00 W, 846 MiB
2026/10/09 01:30:47.970, 0, GPU-6c849b47-7111-9265-9d42-ff8eddc05a2d, 100 %, 0 %, 67, 2760 MHz, 10251 MHz, 476.82 W, 480.00 W, 846 MiB
2026/10/09 01:30:47.971, 1, GPU-81ac6e96-0bfe-390d-beb1-241466569d6b, 0 %, 0 %, 43, 210 MHz, 405 MHz, 31.45 W, 480.00 W, 846 MiB
2026/10/09 01:30:48.971, 0, GPU-6c849b47-7111-9265-9d42-ff8eddc05a2d, 100 %, 0 %, 70, 2685 MHz, 10251 MHz, 459.47 W, 480.00 W, 846 MiB
2026/10/09 01:30:48.972, 1, GPU-81ac6e96-0bfe-390d-beb1-241466569d6b, 0 %, 0 %, 43, 210 MHz, 405 MHz, 31.41 W, 480.00 W, 846 MiB
2026/10/09 01:30:49.972, 0, GPU-6c849b47-7111-9265-9d42-ff8eddc05a2d, 100 %, 0 %, 70, 2655 MHz, 10251 MHz, 481.64 W, 480.00 W, 846 MiB
2026/10/09 01:30:49.972, 1, GPU-81ac6e96-0bfe-390d-beb1-241466569d6b, 0 %, 0 %, 43, 210 MHz, 405 MHz, 31.22 W, 480.00 W, 846 MiB
2026/10/09 01:30:50.973, 0, GPU-6c849b47-7111-9265-9d42-ff8eddc05a2d, 100 %, 0 %, 57, 2775 MHz, 10251 MHz, 434.85 W, 480.00 W, 846 MiB
2026/10/09 01:30:50.973, 1, GPU-81ac6e96-0bfe-390d-beb1-241466569d6b, 0 %, 0 %, 42, 210 MHz, 405 MHz, 31.02 W, 480.00 W, 846 MiB
2026/10/09 01:30:51.974, 0, GPU-6c849b47-7111-9265-9d42-ff8eddc05a2d, 100 %, 0 %, 69, 2670 MHz, 10251 MHz, 465.81 W, 480.00 W, 846 MiB
2026/10/09 01:30:51.981, 1, GPU-81ac6e96-0bfe-390d-beb1-241466569d6b, 0 %, 0 %, 42, 210 MHz, 405 MHz, 31.20 W, 480.00 W, 846 MiB
2026/10/09 01:30:52.982, 0, GPU-6c849b47-7111-9265-9d42-ff8eddc05a2d, 100 %, 0 %, 69, 2655 MHz, 10251 MHz, 477.19 W, 480.00 W, 846 MiB
2026/10/09 01:30:52.982, 1, GPU-81ac6e96-0bfe-390d-beb1-241466569d6b, 0 %, 0 %, 42, 210 MHz, 405 MHz, 31.61 W, 480.00 W, 846 MiB
2026/10/09 01:30:53.983, 0, GPU-6c849b47-7111-9265-9d42-ff8eddc05a2d, 100 %, 0 %, 68, 2730 MHz, 10251 MHz, 426.13 W, 480.00 W, 846 MiB
2026/10/09 01:30:53.983, 1, GPU-81ac6e96-0bfe-390d-beb1-241466569d6b, 0 %, 0 %, 42, 210 MHz, 405 MHz, 32.05 W, 480.00 W, 846 MiB
2026/10/09 01:30:54.984, 0, GPU-6c849b47-7111-9265-9d42-ff8eddc05a2d, 100 %, 0 %, 68, 2700 MHz, 10251 MHz, 487.17 W, 480.00 W, 846 MiB
2026/10/09 01:30:54.984, 1, GPU-81ac6e96-0bfe-390d-beb1-241466569d6b, 0 %, 0 %, 42, 210 MHz, 405 MHz, 31.94 W, 480.00 W, 846 MiB
2026/10/09 01:30:55.985, 0, GPU-6c849b47-7111-9265-9d42-ff8eddc05a2d, 100 %, 0 %, 69, 2685 MHz, 10251 MHz, 477.29 W, 480.00 W, 846 MiB
2026/10/09 01:30:55.985, 1, GPU-81ac6e96-0bfe-390d-beb1-241466569d6b, 0 %, 0 %, 42, 210 MHz, 405 MHz, 31.67 W, 480.00 W, 846 MiB
2026/10/09 01:30:56.986, 0, GPU-6c849b47-7111-9265-9d42-ff8eddc05a2d, 100 %, 0 %, 69, 2730 MHz, 10251 MHz, 435.20 W, 480.00 W, 846 MiB
2026/10/09 01:30:56.986, 1, GPU-81ac6e96-0bfe-390d-beb1-241466569d6b, 0 %, 0 %, 42, 210 MHz, 405 MHz, 31.90 W, 480.00 W, 846 MiB
2026/10/09 01:30:58.000, 0, GPU-6c849b47-7111-9265-9d42-ff8eddc05a2d, 100 %, 0 %, 70, 2715 MHz, 10251 MHz, 480.41 W, 480.00 W, 846 MiB
2026/10/09 01:30:58.000, 1, GPU-81ac6e96-0bfe-390d-beb1-241466569d6b, 0 %, 0 %, 42, 210 MHz, 405 MHz, 31.99 W, 480.00 W, 846 MiB
2026/10/09 01:30:59.001, 0, GPU-6c849b47-7111-9265-9d42-ff8eddc05a2d, 100 %, 0 %, 66, 2760 MHz, 10251 MHz, 473.74 W, 480.00 W, 846 MiB
2026/10/09 01:30:59.001, 1, GPU-81ac6e96-0bfe-390d-beb1-241466569d6b, 0 %, 0 %, 42, 210 MHz, 405 MHz, 32.09 W, 480.00 W, 846 MiB
2026/10/09 01:31:00.002, 0, GPU-6c849b47-7111-9265-9d42-ff8eddc05a2d, 100 %, 0 %, 70, 2745 MHz, 10251 MHz, 436.52 W, 480.00 W, 846 MiB
2026/10/09 01:31:00.002, 1, GPU-81ac6e96-0bfe-390d-beb1-241466569d6b, 0 %, 0 %, 42, 210 MHz, 405 MHz, 32.13 W, 480.00 W, 846 MiB
2026/10/09 01:31:01.003, 0, GPU-6c849b47-7111-9265-9d42-ff8eddc05a2d, 100 %, 0 %, 70, 2715 MHz, 10251 MHz, 480.62 W, 480.00 W, 846 MiB
2026/10/09 01:31:01.003, 1, GPU-81ac6e96-0bfe-390d-beb1-241466569d6b, 0 %, 0 %, 41, 210 MHz, 405 MHz, 31.97 W, 480.00 W, 846 MiB
2026/10/09 01:31:02.004, 0, GPU-6c849b47-7111-9265-9d42-ff8eddc05a2d, 61 %, 0 %, 53, 2775 MHz, 10251 MHz, 408.07 W, 480.00 W, 846 MiB
2026/10/09 01:31:02.005, 1, GPU-81ac6e96-0bfe-390d-beb1-241466569d6b, 0 %, 0 %, 41, 210 MHz, 405 MHz, 31.80 W, 480.00 W, 846 MiB
2026/10/09 01:31:03.005, 0, GPU-6c849b47-7111-9265-9d42-ff8eddc05a2d, 0 %, 0 %, 47, 2790 MHz, 10251 MHz, 114.37 W, 480.00 W, 846 MiB
2026/10/09 01:31:03.006, 1, GPU-81ac6e96-0bfe-390d-beb1-241466569d6b, 0 %, 0 %, 41, 210 MHz, 405 MHz, 31.59 W, 480.00 W, 846 MiB
2026/10/09 01:31:04.006, 0, GPU-6c849b47-7111-9265-9d42-ff8eddc05a2d, 0 %, 0 %, 45, 2625 MHz, 10251 MHz, 91.66 W, 480.00 W, 846 MiB
2026/10/09 01:31:04.006, 1, GPU-81ac6e96-0bfe-390d-beb1-241466569d6b, 0 %, 0 %, 41, 210 MHz, 405 MHz, 31.57 W, 480.00 W, 846 MiB
2026/10/09 01:31:05.007, 0, GPU-6c849b47-7111-9265-9d42-ff8eddc05a2d, 0 %, 0 %, 45, 2625 MHz, 10251 MHz, 89.10 W, 480.00 W, 846 MiB
2026/10/09 01:31:05.007, 1, GPU-81ac6e96-0bfe-390d-beb1-241466569d6b, 0 %, 0 %, 41, 210 MHz, 405 MHz, 31.60 W, 480.00 W, 846 MiB
2026/10/09 01:31:06.008, 0, GPU-6c849b47-7111-9265-9d42-ff8eddc05a2d, 0 %, 0 %, 44, 2625 MHz, 10251 MHz, 82.80 W, 480.00 W, 846 MiB
2026/10/09 01:31:06.008, 1, GPU-81ac6e96-0bfe-390d-beb1-241466569d6b, 0 %, 0 %, 41, 210 MHz, 405 MHz, 31.63 W, 480.00 W, 846 MiB
2026/10/09 01:31:07.009, 0, GPU-6c849b47-7111-9265-9d42-ff8eddc05a2d, 0 %, 0 %, 44, 2625 MHz, 10251 MHz, 82.56 W, 480.00 W, 846 MiB
2026/10/09 01:31:07.009, 1, GPU-81ac6e96-0bfe-390d-beb1-241466569d6b, 0 %, 0 %, 41, 210 MHz, 405 MHz, 31.90 W, 480.00 W, 846 MiB
2026/10/09 01:31:08.010, 0, GPU-6c849b47-7111-9265-9d42-ff8eddc05a2d, 0 %, 0 %, 44, 2625 MHz, 10251 MHz, 82.14 W, 480.00 W, 846 MiB
2026/10/09 01:31:08.011, 1, GPU-81ac6e96-0bfe-390d-beb1-241466569d6b, 0 %, 0 %, 41, 210 MHz, 405 MHz, 31.79 W, 480.00 W, 846 MiB
2026/10/09 01:31:09.011, 0, GPU-6c849b47-7111-9265-9d42-ff8eddc05a2d, 0 %, 0 %, 44, 2625 MHz, 10251 MHz, 81.84 W, 480.00 W, 846 MiB
2026/10/09 01:31:09.012, 1, GPU-81ac6e96-0bfe-390d-beb1-241466569d6b, 0 %, 0 %, 41, 210 MHz, 405 MHz, 31.70 W, 480.00 W, 846 MiB
2026/10/09 01:31:10.012, 0, GPU-6c849b47-7111-9265-9d42-ff8eddc05a2d, 0 %, 0 %, 43, 2625 MHz, 10251 MHz, 81.66 W, 480.00 W, 846 MiB
2026/10/09 01:31:10.013, 1, GPU-81ac6e96-0bfe-390d-beb1-241466569d6b, 0 %, 0 %, 41, 210 MHz, 405 MHz, 31.84 W, 480.00 W, 846 MiB
2026/10/09 01:31:11.013, 0, GPU-6c849b47-7111-9265-9d42-ff8eddc05a2d, 0 %, 0 %, 43, 2625 MHz, 10251 MHz, 81.36 W, 480.00 W, 846 MiB
2026/10/09 01:31:11.014, 1, GPU-81ac6e96-0bfe-390d-beb1-241466569d6b, 0 %, 0 %, 41, 210 MHz, 405 MHz, 31.77 W, 480.00 W, 846 MiB
2026/10/09 01:31:12.014, 0, GPU-6c849b47-7111-9265-9d42-ff8eddc05a2d, 100 %, 0 %, 68, 2685 MHz, 10251 MHz, 295.69 W, 480.00 W, 846 MiB
2026/10/09 01:31:12.014, 1, GPU-81ac6e96-0bfe-390d-beb1-241466569d6b, 100 %, 0 %, 63, 2715 MHz, 10251 MHz, 284.38 W, 480.00 W, 846 MiB
2026/10/09 01:31:13.015, 0, GPU-6c849b47-7111-9265-9d42-ff8eddc05a2d, 100 %, 0 %, 69, 2700 MHz, 10251 MHz, 480.53 W, 480.00 W, 846 MiB
2026/10/09 01:31:13.015, 1, GPU-81ac6e96-0bfe-390d-beb1-241466569d6b, 100 %, 0 %, 64, 2730 MHz, 10251 MHz, 480.44 W, 480.00 W, 846 MiB
2026/10/09 01:31:14.015, 0, GPU-6c849b47-7111-9265-9d42-ff8eddc05a2d, 100 %, 0 %, 68, 2670 MHz, 10251 MHz, 421.88 W, 480.00 W, 846 MiB
2026/10/09 01:31:14.016, 1, GPU-81ac6e96-0bfe-390d-beb1-241466569d6b, 100 %, 0 %, 61, 2715 MHz, 10251 MHz, 410.07 W, 480.00 W, 846 MiB
2026/10/09 01:31:15.016, 0, GPU-6c849b47-7111-9265-9d42-ff8eddc05a2d, 100 %, 0 %, 68, 2625 MHz, 10251 MHz, 495.69 W, 480.00 W, 846 MiB
2026/10/09 01:31:15.016, 1, GPU-81ac6e96-0bfe-390d-beb1-241466569d6b, 100 %, 0 %, 63, 2655 MHz, 10251 MHz, 501.63 W, 480.00 W, 846 MiB
2026/10/09 01:31:16.017, 0, GPU-6c849b47-7111-9265-9d42-ff8eddc05a2d, 100 %, 0 %, 69, 2610 MHz, 10251 MHz, 477.65 W, 480.00 W, 846 MiB
2026/10/09 01:31:16.049, 1, GPU-81ac6e96-0bfe-390d-beb1-241466569d6b, 100 %, 0 %, 63, 2640 MHz, 10251 MHz, 477.58 W, 480.00 W, 846 MiB
2026/10/09 01:31:17.049, 0, GPU-6c849b47-7111-9265-9d42-ff8eddc05a2d, 100 %, 0 %, 70, 2715 MHz, 10251 MHz, 447.54 W, 480.00 W, 846 MiB
2026/10/09 01:31:17.049, 1, GPU-81ac6e96-0bfe-390d-beb1-241466569d6b, 100 %, 0 %, 64, 2730 MHz, 10251 MHz, 442.43 W, 480.00 W, 846 MiB
2026/10/09 01:31:18.050, 0, GPU-6c849b47-7111-9265-9d42-ff8eddc05a2d, 100 %, 0 %, 69, 2700 MHz, 10251 MHz, 485.07 W, 480.00 W, 846 MiB
2026/10/09 01:31:18.050, 1, GPU-81ac6e96-0bfe-390d-beb1-241466569d6b, 100 %, 0 %, 63, 2685 MHz, 10251 MHz, 488.30 W, 480.00 W, 846 MiB
2026/10/09 01:31:19.051, 0, GPU-6c849b47-7111-9265-9d42-ff8eddc05a2d, 100 %, 0 %, 70, 2685 MHz, 10251 MHz, 478.81 W, 480.00 W, 846 MiB
2026/10/09 01:31:19.051, 1, GPU-81ac6e96-0bfe-390d-beb1-241466569d6b, 100 %, 0 %, 63, 2685 MHz, 10251 MHz, 478.17 W, 480.00 W, 846 MiB
2026/10/09 01:31:20.052, 0, GPU-6c849b47-7111-9265-9d42-ff8eddc05a2d, 100 %, 0 %, 71, 2730 MHz, 10251 MHz, 448.41 W, 480.00 W, 846 MiB
2026/10/09 01:31:20.052, 1, GPU-81ac6e96-0bfe-390d-beb1-241466569d6b, 100 %, 0 %, 64, 2745 MHz, 10251 MHz, 441.92 W, 480.00 W, 846 MiB
2026/10/09 01:31:21.052, 0, GPU-6c849b47-7111-9265-9d42-ff8eddc05a2d, 100 %, 0 %, 71, 2715 MHz, 10251 MHz, 482.00 W, 480.00 W, 846 MiB
2026/10/09 01:31:21.053, 1, GPU-81ac6e96-0bfe-390d-beb1-241466569d6b, 100 %, 0 %, 64, 2745 MHz, 10251 MHz, 480.51 W, 480.00 W, 846 MiB
2026/10/09 01:31:22.053, 0, GPU-6c849b47-7111-9265-9d42-ff8eddc05a2d, 100 %, 0 %, 67, 2760 MHz, 10251 MHz, 474.50 W, 480.00 W, 846 MiB
2026/10/09 01:31:22.054, 1, GPU-81ac6e96-0bfe-390d-beb1-241466569d6b, 100 %, 0 %, 60, 2775 MHz, 10251 MHz, 473.09 W, 480.00 W, 846 MiB
2026/10/09 01:31:23.054, 0, GPU-6c849b47-7111-9265-9d42-ff8eddc05a2d, 100 %, 0 %, 71, 2730 MHz, 10251 MHz, 445.39 W, 480.00 W, 846 MiB
2026/10/09 01:31:23.054, 1, GPU-81ac6e96-0bfe-390d-beb1-241466569d6b, 100 %, 0 %, 64, 2745 MHz, 10251 MHz, 448.64 W, 480.00 W, 846 MiB
2026/10/09 01:31:24.055, 0, GPU-6c849b47-7111-9265-9d42-ff8eddc05a2d, 100 %, 0 %, 71, 2700 MHz, 10251 MHz, 480.83 W, 480.00 W, 846 MiB
2026/10/09 01:31:24.055, 1, GPU-81ac6e96-0bfe-390d-beb1-241466569d6b, 100 %, 0 %, 64, 2730 MHz, 10251 MHz, 479.54 W, 480.00 W, 846 MiB
2026/10/09 01:31:25.056, 0, GPU-6c849b47-7111-9265-9d42-ff8eddc05a2d, 100 %, 0 %, 66, 2730 MHz, 10251 MHz, 427.23 W, 480.00 W, 846 MiB
2026/10/09 01:31:25.056, 1, GPU-81ac6e96-0bfe-390d-beb1-241466569d6b, 100 %, 0 %, 60, 2760 MHz, 10251 MHz, 418.17 W, 480.00 W, 846 MiB
2026/10/09 01:31:26.056, 0, GPU-6c849b47-7111-9265-9d42-ff8eddc05a2d, 100 %, 0 %, 69, 2670 MHz, 10251 MHz, 463.30 W, 480.00 W, 846 MiB
2026/10/09 01:31:26.057, 1, GPU-81ac6e96-0bfe-390d-beb1-241466569d6b, 100 %, 0 %, 63, 2700 MHz, 10251 MHz, 472.26 W, 480.00 W, 846 MiB
2026/10/09 01:31:27.057, 0, GPU-6c849b47-7111-9265-9d42-ff8eddc05a2d, 100 %, 0 %, 69, 2670 MHz, 10251 MHz, 475.89 W, 480.00 W, 846 MiB
2026/10/09 01:31:27.057, 1, GPU-81ac6e96-0bfe-390d-beb1-241466569d6b, 100 %, 0 %, 63, 2700 MHz, 10251 MHz, 476.62 W, 480.00 W, 846 MiB
2026/10/09 01:31:28.058, 0, GPU-6c849b47-7111-9265-9d42-ff8eddc05a2d, 100 %, 0 %, 69, 2745 MHz, 10251 MHz, 426.91 W, 480.00 W, 846 MiB
2026/10/09 01:31:28.058, 1, GPU-81ac6e96-0bfe-390d-beb1-241466569d6b, 100 %, 0 %, 63, 2775 MHz, 10251 MHz, 421.72 W, 480.00 W, 846 MiB
2026/10/09 01:31:29.058, 0, GPU-6c849b47-7111-9265-9d42-ff8eddc05a2d, 100 %, 0 %, 70, 2730 MHz, 10251 MHz, 480.97 W, 480.00 W, 846 MiB
2026/10/09 01:31:29.059, 1, GPU-81ac6e96-0bfe-390d-beb1-241466569d6b, 100 %, 0 %, 63, 2775 MHz, 10251 MHz, 479.77 W, 480.00 W, 846 MiB
2026/10/09 01:31:30.059, 0, GPU-6c849b47-7111-9265-9d42-ff8eddc05a2d, 100 %, 0 %, 69, 2760 MHz, 10251 MHz, 479.60 W, 480.00 W, 846 MiB
2026/10/09 01:31:30.060, 1, GPU-81ac6e96-0bfe-390d-beb1-241466569d6b, 100 %, 0 %, 62, 2790 MHz, 10251 MHz, 478.11 W, 480.00 W, 846 MiB
2026/10/09 01:31:31.060, 0, GPU-6c849b47-7111-9265-9d42-ff8eddc05a2d, 0 %, 0 %, 48, 2790 MHz, 10251 MHz, 223.92 W, 480.00 W, 846 MiB
2026/10/09 01:31:31.061, 1, GPU-81ac6e96-0bfe-390d-beb1-241466569d6b, 0 %, 0 %, 45, 2805 MHz, 10251 MHz, 187.25 W, 480.00 W, 846 MiB
2026/10/09 01:31:32.061, 0, GPU-6c849b47-7111-9265-9d42-ff8eddc05a2d, 0 %, 0 %, 47, 2790 MHz, 10251 MHz, 108.84 W, 480.00 W, 846 MiB
2026/10/09 01:31:32.062, 1, GPU-81ac6e96-0bfe-390d-beb1-241466569d6b, 0 %, 0 %, 44, 2805 MHz, 10251 MHz, 85.93 W, 480.00 W, 846 MiB
2026/10/09 01:31:33.062, 0, GPU-6c849b47-7111-9265-9d42-ff8eddc05a2d, 0 %, 0 %, 46, 2625 MHz, 10251 MHz, 92.26 W, 480.00 W, 846 MiB
2026/10/09 01:31:33.063, 1, GPU-81ac6e96-0bfe-390d-beb1-241466569d6b, 0 %, 0 %, 43, 2625 MHz, 10251 MHz, 80.95 W, 480.00 W, 846 MiB
2026/10/09 01:31:34.063, 0, GPU-6c849b47-7111-9265-9d42-ff8eddc05a2d, 0 %, 0 %, 45, 2625 MHz, 10251 MHz, 87.64 W, 480.00 W, 846 MiB
2026/10/09 01:31:34.064, 1, GPU-81ac6e96-0bfe-390d-beb1-241466569d6b, 0 %, 0 %, 43, 2625 MHz, 10251 MHz, 77.87 W, 480.00 W, 846 MiB
2026/10/09 01:31:35.064, 0, GPU-6c849b47-7111-9265-9d42-ff8eddc05a2d, 0 %, 0 %, 45, 2625 MHz, 10251 MHz, 83.02 W, 480.00 W, 846 MiB
2026/10/09 01:31:35.065, 1, GPU-81ac6e96-0bfe-390d-beb1-241466569d6b, 0 %, 0 %, 43, 2625 MHz, 10251 MHz, 75.01 W, 480.00 W, 846 MiB
2026/10/09 01:31:36.065, 0, GPU-6c849b47-7111-9265-9d42-ff8eddc05a2d, 0 %, 0 %, 44, 2625 MHz, 10251 MHz, 82.54 W, 480.00 W, 846 MiB
2026/10/09 01:31:36.066, 1, GPU-81ac6e96-0bfe-390d-beb1-241466569d6b, 0 %, 0 %, 43, 2625 MHz, 10251 MHz, 74.90 W, 480.00 W, 846 MiB
2026/10/09 01:31:37.066, 0, GPU-6c849b47-7111-9265-9d42-ff8eddc05a2d, 0 %, 0 %, 44, 2625 MHz, 10251 MHz, 82.09 W, 480.00 W, 846 MiB
2026/10/09 01:31:37.067, 1, GPU-81ac6e96-0bfe-390d-beb1-241466569d6b, 0 %, 0 %, 43, 2625 MHz, 10251 MHz, 74.69 W, 480.00 W, 846 MiB
2026/10/09 01:31:38.067, 0, GPU-6c849b47-7111-9265-9d42-ff8eddc05a2d, 100 %, 0 %, 53, 2625 MHz, 10251 MHz, 85.77 W, 480.00 W, 846 MiB
2026/10/09 01:31:38.068, 1, GPU-81ac6e96-0bfe-390d-beb1-241466569d6b, 0 %, 0 %, 43, 2625 MHz, 10251 MHz, 74.64 W, 480.00 W, 846 MiB
2026/10/09 01:31:39.068, 0, GPU-6c849b47-7111-9265-9d42-ff8eddc05a2d, 100 %, 0 %, 69, 2685 MHz, 10251 MHz, 420.29 W, 480.00 W, 846 MiB
2026/10/09 01:31:39.069, 1, GPU-81ac6e96-0bfe-390d-beb1-241466569d6b, 0 %, 0 %, 43, 2625 MHz, 10251 MHz, 74.52 W, 480.00 W, 846 MiB
2026/10/09 01:31:40.069, 0, GPU-6c849b47-7111-9265-9d42-ff8eddc05a2d, 100 %, 0 %, 70, 2685 MHz, 10251 MHz, 477.84 W, 480.00 W, 846 MiB
2026/10/09 01:31:40.070, 1, GPU-81ac6e96-0bfe-390d-beb1-241466569d6b, 0 %, 0 %, 44, 2625 MHz, 10251 MHz, 74.38 W, 480.00 W, 846 MiB
2026/10/09 01:31:41.070, 0, GPU-6c849b47-7111-9265-9d42-ff8eddc05a2d, 100 %, 0 %, 68, 2685 MHz, 10251 MHz, 424.00 W, 480.00 W, 846 MiB
2026/10/09 01:31:41.070, 1, GPU-81ac6e96-0bfe-390d-beb1-241466569d6b, 0 %, 0 %, 44, 2625 MHz, 10251 MHz, 74.37 W, 480.00 W, 846 MiB
2026/10/09 01:31:42.071, 0, GPU-6c849b47-7111-9265-9d42-ff8eddc05a2d, 100 %, 0 %, 68, 2640 MHz, 10251 MHz, 487.70 W, 480.00 W, 846 MiB
2026/10/09 01:31:42.071, 1, GPU-81ac6e96-0bfe-390d-beb1-241466569d6b, 0 %, 0 %, 44, 2625 MHz, 10251 MHz, 74.48 W, 480.00 W, 846 MiB
2026/10/09 01:31:43.072, 0, GPU-6c849b47-7111-9265-9d42-ff8eddc05a2d, 100 %, 0 %, 69, 2655 MHz, 10251 MHz, 476.27 W, 480.00 W, 846 MiB
2026/10/09 01:31:43.072, 1, GPU-81ac6e96-0bfe-390d-beb1-241466569d6b, 0 %, 0 %, 44, 2625 MHz, 10251 MHz, 74.72 W, 480.00 W, 846 MiB
2026/10/09 01:31:44.086, 0, GPU-6c849b47-7111-9265-9d42-ff8eddc05a2d, 100 %, 0 %, 70, 2715 MHz, 10251 MHz, 449.39 W, 480.00 W, 846 MiB
2026/10/09 01:31:44.086, 1, GPU-81ac6e96-0bfe-390d-beb1-241466569d6b, 0 %, 0 %, 44, 2625 MHz, 10251 MHz, 74.59 W, 480.00 W, 846 MiB
2026/10/09 01:31:45.087, 0, GPU-6c849b47-7111-9265-9d42-ff8eddc05a2d, 100 %, 0 %, 70, 2685 MHz, 10251 MHz, 484.36 W, 480.00 W, 846 MiB
2026/10/09 01:31:45.087, 1, GPU-81ac6e96-0bfe-390d-beb1-241466569d6b, 0 %, 0 %, 44, 2625 MHz, 10251 MHz, 73.96 W, 480.00 W, 846 MiB
2026/10/09 01:31:46.088, 0, GPU-6c849b47-7111-9265-9d42-ff8eddc05a2d, 100 %, 0 %, 69, 2715 MHz, 10251 MHz, 479.53 W, 480.00 W, 846 MiB
2026/10/09 01:31:46.088, 1, GPU-81ac6e96-0bfe-390d-beb1-241466569d6b, 0 %, 0 %, 44, 2625 MHz, 10251 MHz, 73.74 W, 480.00 W, 846 MiB
2026/10/09 01:31:47.088, 0, GPU-6c849b47-7111-9265-9d42-ff8eddc05a2d, 100 %, 0 %, 71, 2715 MHz, 10251 MHz, 447.31 W, 480.00 W, 846 MiB
2026/10/09 01:31:47.089, 1, GPU-81ac6e96-0bfe-390d-beb1-241466569d6b, 0 %, 0 %, 44, 2625 MHz, 10251 MHz, 73.87 W, 480.00 W, 846 MiB
2026/10/09 01:31:48.089, 0, GPU-6c849b47-7111-9265-9d42-ff8eddc05a2d, 100 %, 0 %, 71, 2715 MHz, 10251 MHz, 480.65 W, 480.00 W, 846 MiB
2026/10/09 01:31:48.090, 1, GPU-81ac6e96-0bfe-390d-beb1-241466569d6b, 0 %, 0 %, 43, 405 MHz, 810 MHz, 63.40 W, 480.00 W, 846 MiB
2026/10/09 01:31:49.104, 0, GPU-6c849b47-7111-9265-9d42-ff8eddc05a2d, 100 %, 0 %, 66, 2760 MHz, 10251 MHz, 468.48 W, 480.00 W, 846 MiB
2026/10/09 01:31:49.104, 1, GPU-81ac6e96-0bfe-390d-beb1-241466569d6b, 0 %, 0 %, 43, 255 MHz, 405 MHz, 44.30 W, 480.00 W, 846 MiB
2026/10/09 01:31:50.105, 0, GPU-6c849b47-7111-9265-9d42-ff8eddc05a2d, 100 %, 0 %, 70, 2655 MHz, 10251 MHz, 454.58 W, 480.00 W, 846 MiB
2026/10/09 01:31:50.105, 1, GPU-81ac6e96-0bfe-390d-beb1-241466569d6b, 0 %, 0 %, 42, 210 MHz, 405 MHz, 33.75 W, 480.00 W, 846 MiB
2026/10/09 01:31:51.105, 0, GPU-6c849b47-7111-9265-9d42-ff8eddc05a2d, 100 %, 0 %, 71, 2670 MHz, 10251 MHz, 479.92 W, 480.00 W, 846 MiB
2026/10/09 01:31:51.106, 1, GPU-81ac6e96-0bfe-390d-beb1-241466569d6b, 0 %, 0 %, 42, 210 MHz, 405 MHz, 32.06 W, 480.00 W, 846 MiB
2026/10/09 01:31:52.106, 0, GPU-6c849b47-7111-9265-9d42-ff8eddc05a2d, 100 %, 0 %, 68, 2745 MHz, 10251 MHz, 427.30 W, 480.00 W, 846 MiB
2026/10/09 01:31:52.107, 1, GPU-81ac6e96-0bfe-390d-beb1-241466569d6b, 0 %, 0 %, 42, 210 MHz, 405 MHz, 32.20 W, 480.00 W, 846 MiB
2026/10/09 01:31:53.108, 0, GPU-6c849b47-7111-9265-9d42-ff8eddc05a2d, 100 %, 0 %, 69, 2685 MHz, 10251 MHz, 479.83 W, 480.00 W, 846 MiB
2026/10/09 01:31:53.109, 1, GPU-81ac6e96-0bfe-390d-beb1-241466569d6b, 0 %, 0 %, 42, 210 MHz, 405 MHz, 32.25 W, 480.00 W, 846 MiB
2026/10/09 01:31:54.109, 0, GPU-6c849b47-7111-9265-9d42-ff8eddc05a2d, 100 %, 0 %, 69, 2685 MHz, 10251 MHz, 476.58 W, 480.00 W, 846 MiB
2026/10/09 01:31:54.110, 1, GPU-81ac6e96-0bfe-390d-beb1-241466569d6b, 0 %, 0 %, 42, 210 MHz, 405 MHz, 32.22 W, 480.00 W, 846 MiB
2026/10/09 01:31:55.110, 0, GPU-6c849b47-7111-9265-9d42-ff8eddc05a2d, 100 %, 0 %, 70, 2745 MHz, 10251 MHz, 424.55 W, 480.00 W, 846 MiB
2026/10/09 01:31:55.111, 1, GPU-81ac6e96-0bfe-390d-beb1-241466569d6b, 0 %, 0 %, 42, 210 MHz, 405 MHz, 31.98 W, 480.00 W, 846 MiB
2026/10/09 01:31:56.111, 0, GPU-6c849b47-7111-9265-9d42-ff8eddc05a2d, 100 %, 0 %, 70, 2715 MHz, 10251 MHz, 480.41 W, 480.00 W, 846 MiB
2026/10/09 01:31:56.111, 1, GPU-81ac6e96-0bfe-390d-beb1-241466569d6b, 0 %, 0 %, 42, 210 MHz, 405 MHz, 31.87 W, 480.00 W, 846 MiB
2026/10/09 01:31:57.112, 0, GPU-6c849b47-7111-9265-9d42-ff8eddc05a2d, 100 %, 0 %, 69, 2760 MHz, 10251 MHz, 478.20 W, 480.00 W, 846 MiB
2026/10/09 01:31:57.112, 1, GPU-81ac6e96-0bfe-390d-beb1-241466569d6b, 0 %, 0 %, 41, 210 MHz, 405 MHz, 32.12 W, 480.00 W, 846 MiB
2026/10/09 01:31:58.113, 0, GPU-6c849b47-7111-9265-9d42-ff8eddc05a2d, 100 %, 0 %, 69, 2730 MHz, 10251 MHz, 377.15 W, 480.00 W, 846 MiB
2026/10/09 01:31:58.113, 1, GPU-81ac6e96-0bfe-390d-beb1-241466569d6b, 0 %, 0 %, 41, 210 MHz, 405 MHz, 32.19 W, 480.00 W, 846 MiB
2026/10/09 01:31:59.114, 0, GPU-6c849b47-7111-9265-9d42-ff8eddc05a2d, 100 %, 0 %, 69, 2760 MHz, 10251 MHz, 483.13 W, 480.00 W, 846 MiB
2026/10/09 01:31:59.128, 1, GPU-81ac6e96-0bfe-390d-beb1-241466569d6b, 0 %, 0 %, 41, 210 MHz, 405 MHz, 32.01 W, 480.00 W, 846 MiB
2026/10/09 01:32:00.128, 0, GPU-6c849b47-7111-9265-9d42-ff8eddc05a2d, 100 %, 0 %, 60, 2760 MHz, 10251 MHz, 458.05 W, 480.00 W, 846 MiB
2026/10/09 01:32:00.129, 1, GPU-81ac6e96-0bfe-390d-beb1-241466569d6b, 0 %, 0 %, 41, 210 MHz, 405 MHz, 31.98 W, 480.00 W, 846 MiB
2026/10/09 01:32:01.129, 0, GPU-6c849b47-7111-9265-9d42-ff8eddc05a2d, 100 %, 0 %, 71, 2610 MHz, 10251 MHz, 439.52 W, 480.00 W, 846 MiB
2026/10/09 01:32:01.130, 1, GPU-81ac6e96-0bfe-390d-beb1-241466569d6b, 0 %, 0 %, 41, 210 MHz, 405 MHz, 31.99 W, 480.00 W, 846 MiB
2026/10/09 01:32:02.130, 0, GPU-6c849b47-7111-9265-9d42-ff8eddc05a2d, 100 %, 0 %, 71, 2610 MHz, 10251 MHz, 480.49 W, 480.00 W, 846 MiB
2026/10/09 01:32:02.131, 1, GPU-81ac6e96-0bfe-390d-beb1-241466569d6b, 0 %, 0 %, 41, 210 MHz, 405 MHz, 32.05 W, 480.00 W, 846 MiB
2026/10/09 01:32:03.131, 0, GPU-6c849b47-7111-9265-9d42-ff8eddc05a2d, 100 %, 0 %, 65, 2760 MHz, 10251 MHz, 446.94 W, 480.00 W, 846 MiB
2026/10/09 01:32:03.132, 1, GPU-81ac6e96-0bfe-390d-beb1-241466569d6b, 0 %, 0 %, 41, 210 MHz, 405 MHz, 32.17 W, 480.00 W, 846 MiB
2026/10/09 01:32:04.132, 0, GPU-6c849b47-7111-9265-9d42-ff8eddc05a2d, 100 %, 0 %, 70, 2655 MHz, 10251 MHz, 473.23 W, 480.00 W, 846 MiB
2026/10/09 01:32:04.147, 1, GPU-81ac6e96-0bfe-390d-beb1-241466569d6b, 0 %, 0 %, 41, 210 MHz, 405 MHz, 32.07 W, 480.00 W, 846 MiB
2026/10/09 01:32:05.147, 0, GPU-6c849b47-7111-9265-9d42-ff8eddc05a2d, 100 %, 0 %, 70, 2655 MHz, 10251 MHz, 477.32 W, 480.00 W, 846 MiB
2026/10/09 01:32:05.148, 1, GPU-81ac6e96-0bfe-390d-beb1-241466569d6b, 0 %, 0 %, 41, 210 MHz, 405 MHz, 31.97 W, 480.00 W, 846 MiB
2026/10/09 01:32:06.148, 0, GPU-6c849b47-7111-9265-9d42-ff8eddc05a2d, 100 %, 0 %, 70, 2730 MHz, 10251 MHz, 432.39 W, 480.00 W, 846 MiB
2026/10/09 01:32:06.148, 1, GPU-81ac6e96-0bfe-390d-beb1-241466569d6b, 0 %, 0 %, 41, 210 MHz, 405 MHz, 32.08 W, 480.00 W, 846 MiB
2026/10/09 01:32:07.149, 0, GPU-6c849b47-7111-9265-9d42-ff8eddc05a2d, 100 %, 0 %, 70, 2655 MHz, 10251 MHz, 487.86 W, 480.00 W, 846 MiB
2026/10/09 01:32:07.150, 1, GPU-81ac6e96-0bfe-390d-beb1-241466569d6b, 0 %, 0 %, 41, 210 MHz, 405 MHz, 32.07 W, 480.00 W, 846 MiB
2026/10/09 01:32:08.150, 0, GPU-6c849b47-7111-9265-9d42-ff8eddc05a2d, 100 %, 0 %, 70, 2640 MHz, 10251 MHz, 478.29 W, 480.00 W, 846 MiB
2026/10/09 01:32:08.151, 1, GPU-81ac6e96-0bfe-390d-beb1-241466569d6b, 0 %, 0 %, 41, 210 MHz, 405 MHz, 31.97 W, 480.00 W, 846 MiB
2026/10/09 01:32:09.151, 0, GPU-6c849b47-7111-9265-9d42-ff8eddc05a2d, 100 %, 0 %, 71, 2730 MHz, 10251 MHz, 436.94 W, 480.00 W, 846 MiB
2026/10/09 01:32:09.152, 1, GPU-81ac6e96-0bfe-390d-beb1-241466569d6b, 0 %, 0 %, 41, 210 MHz, 405 MHz, 31.81 W, 480.00 W, 846 MiB
2026/10/09 01:32:10.152, 0, GPU-6c849b47-7111-9265-9d42-ff8eddc05a2d, 100 %, 0 %, 70, 2715 MHz, 10251 MHz, 481.79 W, 480.00 W, 846 MiB
2026/10/09 01:32:10.153, 1, GPU-81ac6e96-0bfe-390d-beb1-241466569d6b, 0 %, 0 %, 40, 210 MHz, 405 MHz, 31.62 W, 480.00 W, 846 MiB
2026/10/09 01:32:11.153, 0, GPU-6c849b47-7111-9265-9d42-ff8eddc05a2d, 100 %, 0 %, 69, 2760 MHz, 10251 MHz, 474.86 W, 480.00 W, 846 MiB
2026/10/09 01:32:11.153, 1, GPU-81ac6e96-0bfe-390d-beb1-241466569d6b, 0 %, 0 %, 40, 210 MHz, 405 MHz, 31.45 W, 480.00 W, 846 MiB
2026/10/09 01:32:12.154, 0, GPU-6c849b47-7111-9265-9d42-ff8eddc05a2d, 100 %, 0 %, 71, 2730 MHz, 10251 MHz, 443.41 W, 480.00 W, 846 MiB
2026/10/09 01:32:12.154, 1, GPU-81ac6e96-0bfe-390d-beb1-241466569d6b, 0 %, 0 %, 40, 210 MHz, 405 MHz, 31.40 W, 480.00 W, 846 MiB
2026/10/09 01:32:13.155, 0, GPU-6c849b47-7111-9265-9d42-ff8eddc05a2d, 100 %, 0 %, 71, 2730 MHz, 10251 MHz, 480.61 W, 480.00 W, 846 MiB
2026/10/09 01:32:13.155, 1, GPU-81ac6e96-0bfe-390d-beb1-241466569d6b, 0 %, 0 %, 40, 210 MHz, 405 MHz, 31.45 W, 480.00 W, 846 MiB
2026/10/09 01:32:14.156, 0, GPU-6c849b47-7111-9265-9d42-ff8eddc05a2d, 100 %, 0 %, 61, 2760 MHz, 10251 MHz, 427.47 W, 480.00 W, 846 MiB
2026/10/09 01:32:14.156, 1, GPU-81ac6e96-0bfe-390d-beb1-241466569d6b, 0 %, 0 %, 40, 210 MHz, 405 MHz, 31.52 W, 480.00 W, 846 MiB
2026/10/09 01:32:15.157, 0, GPU-6c849b47-7111-9265-9d42-ff8eddc05a2d, 100 %, 0 %, 70, 2685 MHz, 10251 MHz, 466.01 W, 480.00 W, 846 MiB
2026/10/09 01:32:15.157, 1, GPU-81ac6e96-0bfe-390d-beb1-241466569d6b, 0 %, 0 %, 40, 210 MHz, 405 MHz, 31.67 W, 480.00 W, 846 MiB
2026/10/09 01:32:16.157, 0, GPU-6c849b47-7111-9265-9d42-ff8eddc05a2d, 100 %, 0 %, 70, 2670 MHz, 10251 MHz, 477.73 W, 480.00 W, 846 MiB
2026/10/09 01:32:16.158, 1, GPU-81ac6e96-0bfe-390d-beb1-241466569d6b, 0 %, 0 %, 40, 210 MHz, 405 MHz, 31.67 W, 480.00 W, 846 MiB
2026/10/09 01:32:17.158, 0, GPU-6c849b47-7111-9265-9d42-ff8eddc05a2d, 0 %, 0 %, 52, 2775 MHz, 10251 MHz, 312.72 W, 480.00 W, 846 MiB
2026/10/09 01:32:17.159, 1, GPU-81ac6e96-0bfe-390d-beb1-241466569d6b, 0 %, 0 %, 40, 210 MHz, 405 MHz, 31.72 W, 480.00 W, 846 MiB
2026/10/09 01:32:18.159, 0, GPU-6c849b47-7111-9265-9d42-ff8eddc05a2d, 0 %, 0 %, 48, 2775 MHz, 10251 MHz, 104.17 W, 480.00 W, 846 MiB
2026/10/09 01:32:18.160, 1, GPU-81ac6e96-0bfe-390d-beb1-241466569d6b, 0 %, 0 %, 40, 210 MHz, 405 MHz, 31.98 W, 480.00 W, 846 MiB
2026/10/09 01:32:19.160, 0, GPU-6c849b47-7111-9265-9d42-ff8eddc05a2d, 0 %, 0 %, 46, 2625 MHz, 10251 MHz, 91.47 W, 480.00 W, 846 MiB
2026/10/09 01:32:19.161, 1, GPU-81ac6e96-0bfe-390d-beb1-241466569d6b, 0 %, 0 %, 40, 210 MHz, 405 MHz, 31.93 W, 480.00 W, 846 MiB
2026/10/09 01:32:20.175, 0, GPU-6c849b47-7111-9265-9d42-ff8eddc05a2d, 0 %, 0 %, 46, 2625 MHz, 10251 MHz, 90.50 W, 480.00 W, 846 MiB
2026/10/09 01:32:20.175, 1, GPU-81ac6e96-0bfe-390d-beb1-241466569d6b, 0 %, 0 %, 40, 210 MHz, 405 MHz, 31.73 W, 480.00 W, 846 MiB
2026/10/09 01:32:21.176, 0, GPU-6c849b47-7111-9265-9d42-ff8eddc05a2d, 0 %, 0 %, 45, 2625 MHz, 10251 MHz, 83.70 W, 480.00 W, 846 MiB
2026/10/09 01:32:21.176, 1, GPU-81ac6e96-0bfe-390d-beb1-241466569d6b, 0 %, 0 %, 40, 210 MHz, 405 MHz, 31.70 W, 480.00 W, 846 MiB
2026/10/09 01:32:22.177, 0, GPU-6c849b47-7111-9265-9d42-ff8eddc05a2d, 0 %, 0 %, 45, 2625 MHz, 10251 MHz, 83.35 W, 480.00 W, 846 MiB
2026/10/09 01:32:22.177, 1, GPU-81ac6e96-0bfe-390d-beb1-241466569d6b, 0 %, 0 %, 40, 210 MHz, 405 MHz, 31.69 W, 480.00 W, 846 MiB
2026/10/09 01:32:23.178, 0, GPU-6c849b47-7111-9265-9d42-ff8eddc05a2d, 0 %, 0 %, 45, 2625 MHz, 10251 MHz, 82.78 W, 480.00 W, 846 MiB
2026/10/09 01:32:23.178, 1, GPU-81ac6e96-0bfe-390d-beb1-241466569d6b, 0 %, 0 %, 39, 210 MHz, 405 MHz, 31.80 W, 480.00 W, 846 MiB
2026/10/09 01:32:24.179, 0, GPU-6c849b47-7111-9265-9d42-ff8eddc05a2d, 0 %, 0 %, 45, 2625 MHz, 10251 MHz, 82.29 W, 480.00 W, 846 MiB
2026/10/09 01:32:24.179, 1, GPU-81ac6e96-0bfe-390d-beb1-241466569d6b, 0 %, 0 %, 39, 210 MHz, 405 MHz, 31.92 W, 480.00 W, 846 MiB
2026/10/09 01:32:25.180, 0, GPU-6c849b47-7111-9265-9d42-ff8eddc05a2d, 0 %, 0 %, 45, 2625 MHz, 10251 MHz, 81.95 W, 480.00 W, 846 MiB
2026/10/09 01:32:25.180, 1, GPU-81ac6e96-0bfe-390d-beb1-241466569d6b, 0 %, 0 %, 39, 210 MHz, 405 MHz, 32.08 W, 480.00 W, 846 MiB
2026/10/09 01:32:26.212, 0, GPU-6c849b47-7111-9265-9d42-ff8eddc05a2d, 0 %, 0 %, 44, 2625 MHz, 10251 MHz, 81.78 W, 480.00 W, 846 MiB
2026/10/09 01:32:26.212, 1, GPU-81ac6e96-0bfe-390d-beb1-241466569d6b, 100 %, 0 %, 50, 2625 MHz, 10251 MHz, 41.42 W, 480.00 W, 846 MiB
2026/10/09 01:32:27.212, 0, GPU-6c849b47-7111-9265-9d42-ff8eddc05a2d, 0 %, 0 %, 44, 2625 MHz, 10251 MHz, 81.61 W, 480.00 W, 846 MiB
2026/10/09 01:32:27.213, 1, GPU-81ac6e96-0bfe-390d-beb1-241466569d6b, 100 %, 0 %, 62, 2715 MHz, 10251 MHz, 416.65 W, 480.00 W, 846 MiB
2026/10/09 01:32:28.213, 0, GPU-6c849b47-7111-9265-9d42-ff8eddc05a2d, 0 %, 0 %, 44, 2625 MHz, 10251 MHz, 81.53 W, 480.00 W, 846 MiB
2026/10/09 01:32:28.213, 1, GPU-81ac6e96-0bfe-390d-beb1-241466569d6b, 100 %, 0 %, 63, 2715 MHz, 10251 MHz, 481.54 W, 480.00 W, 846 MiB
2026/10/09 01:32:29.214, 0, GPU-6c849b47-7111-9265-9d42-ff8eddc05a2d, 0 %, 0 %, 44, 2625 MHz, 10251 MHz, 81.53 W, 480.00 W, 846 MiB
2026/10/09 01:32:29.214, 1, GPU-81ac6e96-0bfe-390d-beb1-241466569d6b, 100 %, 0 %, 62, 2715 MHz, 10251 MHz, 420.01 W, 480.00 W, 846 MiB
2026/10/09 01:32:30.214, 0, GPU-6c849b47-7111-9265-9d42-ff8eddc05a2d, 0 %, 0 %, 44, 2625 MHz, 10251 MHz, 81.54 W, 480.00 W, 846 MiB
2026/10/09 01:32:30.215, 1, GPU-81ac6e96-0bfe-390d-beb1-241466569d6b, 100 %, 0 %, 61, 2625 MHz, 10251 MHz, 490.44 W, 480.00 W, 846 MiB
2026/10/09 01:32:31.215, 0, GPU-6c849b47-7111-9265-9d42-ff8eddc05a2d, 0 %, 0 %, 44, 2625 MHz, 10251 MHz, 81.56 W, 480.00 W, 846 MiB
2026/10/09 01:32:31.216, 1, GPU-81ac6e96-0bfe-390d-beb1-241466569d6b, 100 %, 0 %, 62, 2640 MHz, 10251 MHz, 477.36 W, 480.00 W, 846 MiB
2026/10/09 01:32:32.216, 0, GPU-6c849b47-7111-9265-9d42-ff8eddc05a2d, 0 %, 0 %, 44, 2625 MHz, 10251 MHz, 81.51 W, 480.00 W, 846 MiB
2026/10/09 01:32:32.217, 1, GPU-81ac6e96-0bfe-390d-beb1-241466569d6b, 100 %, 0 %, 63, 2730 MHz, 10251 MHz, 452.14 W, 480.00 W, 846 MiB
2026/10/09 01:32:33.217, 0, GPU-6c849b47-7111-9265-9d42-ff8eddc05a2d, 0 %, 0 %, 44, 2625 MHz, 10251 MHz, 81.50 W, 480.00 W, 846 MiB
2026/10/09 01:32:33.218, 1, GPU-81ac6e96-0bfe-390d-beb1-241466569d6b, 100 %, 0 %, 63, 2715 MHz, 10251 MHz, 480.79 W, 480.00 W, 846 MiB
2026/10/09 01:32:34.218, 0, GPU-6c849b47-7111-9265-9d42-ff8eddc05a2d, 0 %, 0 %, 44, 2625 MHz, 10251 MHz, 81.44 W, 480.00 W, 846 MiB
2026/10/09 01:32:34.219, 1, GPU-81ac6e96-0bfe-390d-beb1-241466569d6b, 100 %, 0 %, 62, 2775 MHz, 10251 MHz, 474.72 W, 480.00 W, 846 MiB
2026/10/09 01:32:35.219, 0, GPU-6c849b47-7111-9265-9d42-ff8eddc05a2d, 0 %, 0 %, 44, 2625 MHz, 10251 MHz, 81.41 W, 480.00 W, 846 MiB
2026/10/09 01:32:35.220, 1, GPU-81ac6e96-0bfe-390d-beb1-241466569d6b, 100 %, 0 %, 63, 2760 MHz, 10251 MHz, 449.03 W, 480.00 W, 846 MiB
2026/10/09 01:32:36.220, 0, GPU-6c849b47-7111-9265-9d42-ff8eddc05a2d, 0 %, 0 %, 44, 2625 MHz, 10251 MHz, 81.46 W, 480.00 W, 846 MiB
2026/10/09 01:32:36.221, 1, GPU-81ac6e96-0bfe-390d-beb1-241466569d6b, 100 %, 0 %, 63, 2730 MHz, 10251 MHz, 481.58 W, 480.00 W, 846 MiB
2026/10/09 01:32:37.221, 0, GPU-6c849b47-7111-9265-9d42-ff8eddc05a2d, 0 %, 0 %, 43, 420 MHz, 810 MHz, 70.52 W, 480.00 W, 846 MiB
2026/10/09 01:32:37.222, 1, GPU-81ac6e96-0bfe-390d-beb1-241466569d6b, 100 %, 0 %, 54, 2790 MHz, 10251 MHz, 450.31 W, 480.00 W, 846 MiB
2026/10/09 01:32:38.222, 0, GPU-6c849b47-7111-9265-9d42-ff8eddc05a2d, 0 %, 0 %, 43, 270 MHz, 405 MHz, 50.64 W, 480.00 W, 846 MiB
2026/10/09 01:32:38.223, 1, GPU-81ac6e96-0bfe-390d-beb1-241466569d6b, 100 %, 0 %, 62, 2700 MHz, 10251 MHz, 469.45 W, 480.00 W, 846 MiB
2026/10/09 01:32:39.223, 0, GPU-6c849b47-7111-9265-9d42-ff8eddc05a2d, 0 %, 0 %, 42, 210 MHz, 405 MHz, 40.14 W, 480.00 W, 846 MiB
2026/10/09 01:32:39.224, 1, GPU-81ac6e96-0bfe-390d-beb1-241466569d6b, 100 %, 0 %, 62, 2700 MHz, 10251 MHz, 475.71 W, 480.00 W, 846 MiB
2026/10/09 01:32:40.224, 0, GPU-6c849b47-7111-9265-9d42-ff8eddc05a2d, 0 %, 0 %, 42, 210 MHz, 405 MHz, 38.79 W, 480.00 W, 846 MiB
2026/10/09 01:32:40.225, 1, GPU-81ac6e96-0bfe-390d-beb1-241466569d6b, 100 %, 0 %, 61, 2775 MHz, 10251 MHz, 427.17 W, 480.00 W, 846 MiB
2026/10/09 01:32:41.225, 0, GPU-6c849b47-7111-9265-9d42-ff8eddc05a2d, 0 %, 0 %, 42, 210 MHz, 405 MHz, 39.16 W, 480.00 W, 846 MiB
2026/10/09 01:32:41.226, 1, GPU-81ac6e96-0bfe-390d-beb1-241466569d6b, 100 %, 0 %, 62, 2745 MHz, 10251 MHz, 480.35 W, 480.00 W, 846 MiB
2026/10/09 01:32:42.226, 0, GPU-6c849b47-7111-9265-9d42-ff8eddc05a2d, 0 %, 0 %, 42, 210 MHz, 405 MHz, 39.22 W, 480.00 W, 846 MiB
2026/10/09 01:32:42.227, 1, GPU-81ac6e96-0bfe-390d-beb1-241466569d6b, 100 %, 0 %, 62, 2715 MHz, 10251 MHz, 479.50 W, 480.00 W, 846 MiB
2026/10/09 01:32:43.227, 0, GPU-6c849b47-7111-9265-9d42-ff8eddc05a2d, 0 %, 0 %, 42, 210 MHz, 405 MHz, 39.12 W, 480.00 W, 846 MiB
2026/10/09 01:32:43.228, 1, GPU-81ac6e96-0bfe-390d-beb1-241466569d6b, 100 %, 0 %, 63, 2790 MHz, 10251 MHz, 433.74 W, 480.00 W, 846 MiB
2026/10/09 01:32:44.228, 0, GPU-6c849b47-7111-9265-9d42-ff8eddc05a2d, 0 %, 0 %, 42, 210 MHz, 405 MHz, 38.84 W, 480.00 W, 846 MiB
2026/10/09 01:32:44.229, 1, GPU-81ac6e96-0bfe-390d-beb1-241466569d6b, 100 %, 0 %, 63, 2760 MHz, 10251 MHz, 478.97 W, 480.00 W, 846 MiB
2026/10/09 01:32:45.229, 0, GPU-6c849b47-7111-9265-9d42-ff8eddc05a2d, 0 %, 0 %, 42, 210 MHz, 405 MHz, 38.84 W, 480.00 W, 846 MiB
2026/10/09 01:32:45.230, 1, GPU-81ac6e96-0bfe-390d-beb1-241466569d6b, 100 %, 0 %, 57, 2790 MHz, 10251 MHz, 444.29 W, 480.00 W, 846 MiB
2026/10/09 01:32:46.230, 0, GPU-6c849b47-7111-9265-9d42-ff8eddc05a2d, 0 %, 0 %, 42, 210 MHz, 405 MHz, 39.05 W, 480.00 W, 846 MiB
2026/10/09 01:32:46.231, 1, GPU-81ac6e96-0bfe-390d-beb1-241466569d6b, 100 %, 0 %, 64, 2700 MHz, 10251 MHz, 399.34 W, 480.00 W, 846 MiB
2026/10/09 01:32:47.231, 0, GPU-6c849b47-7111-9265-9d42-ff8eddc05a2d, 0 %, 0 %, 42, 210 MHz, 405 MHz, 38.88 W, 480.00 W, 846 MiB
2026/10/09 01:32:47.231, 1, GPU-81ac6e96-0bfe-390d-beb1-241466569d6b, 100 %, 0 %, 64, 2745 MHz, 10251 MHz, 479.68 W, 480.00 W, 846 MiB
2026/10/09 01:32:48.232, 0, GPU-6c849b47-7111-9265-9d42-ff8eddc05a2d, 0 %, 0 %, 42, 210 MHz, 405 MHz, 38.83 W, 480.00 W, 846 MiB
2026/10/09 01:32:48.232, 1, GPU-81ac6e96-0bfe-390d-beb1-241466569d6b, 100 %, 0 %, 61, 2715 MHz, 10251 MHz, 422.99 W, 480.00 W, 846 MiB
2026/10/09 01:32:49.233, 0, GPU-6c849b47-7111-9265-9d42-ff8eddc05a2d, 0 %, 0 %, 42, 210 MHz, 405 MHz, 38.89 W, 480.00 W, 846 MiB
2026/10/09 01:32:49.233, 1, GPU-81ac6e96-0bfe-390d-beb1-241466569d6b, 100 %, 0 %, 63, 2640 MHz, 10251 MHz, 498.65 W, 480.00 W, 846 MiB
2026/10/09 01:32:50.234, 0, GPU-6c849b47-7111-9265-9d42-ff8eddc05a2d, 0 %, 0 %, 42, 210 MHz, 405 MHz, 38.78 W, 480.00 W, 846 MiB
2026/10/09 01:32:50.234, 1, GPU-81ac6e96-0bfe-390d-beb1-241466569d6b, 100 %, 0 %, 64, 2625 MHz, 10251 MHz, 477.25 W, 480.00 W, 846 MiB
2026/10/09 01:32:51.235, 0, GPU-6c849b47-7111-9265-9d42-ff8eddc05a2d, 0 %, 0 %, 42, 210 MHz, 405 MHz, 38.55 W, 480.00 W, 846 MiB
2026/10/09 01:32:51.235, 1, GPU-81ac6e96-0bfe-390d-beb1-241466569d6b, 100 %, 0 %, 65, 2730 MHz, 10251 MHz, 444.51 W, 480.00 W, 846 MiB
2026/10/09 01:32:52.236, 0, GPU-6c849b47-7111-9265-9d42-ff8eddc05a2d, 0 %, 0 %, 42, 210 MHz, 405 MHz, 38.50 W, 480.00 W, 846 MiB
2026/10/09 01:32:52.236, 1, GPU-81ac6e96-0bfe-390d-beb1-241466569d6b, 100 %, 0 %, 63, 2685 MHz, 10251 MHz, 484.08 W, 480.00 W, 846 MiB
2026/10/09 01:32:53.250, 0, GPU-6c849b47-7111-9265-9d42-ff8eddc05a2d, 0 %, 0 %, 42, 210 MHz, 405 MHz, 38.61 W, 480.00 W, 846 MiB
2026/10/09 01:32:53.251, 1, GPU-81ac6e96-0bfe-390d-beb1-241466569d6b, 100 %, 0 %, 64, 2685 MHz, 10251 MHz, 478.38 W, 480.00 W, 846 MiB
2026/10/09 01:32:54.251, 0, GPU-6c849b47-7111-9265-9d42-ff8eddc05a2d, 0 %, 0 %, 42, 210 MHz, 405 MHz, 38.70 W, 480.00 W, 846 MiB
2026/10/09 01:32:54.252, 1, GPU-81ac6e96-0bfe-390d-beb1-241466569d6b, 100 %, 0 %, 66, 2745 MHz, 10251 MHz, 446.58 W, 480.00 W, 846 MiB
2026/10/09 01:32:55.252, 0, GPU-6c849b47-7111-9265-9d42-ff8eddc05a2d, 0 %, 0 %, 42, 210 MHz, 405 MHz, 38.61 W, 480.00 W, 846 MiB
2026/10/09 01:32:55.253, 1, GPU-81ac6e96-0bfe-390d-beb1-241466569d6b, 100 %, 0 %, 65, 2730 MHz, 10251 MHz, 480.97 W, 480.00 W, 846 MiB
2026/10/09 01:32:56.253, 0, GPU-6c849b47-7111-9265-9d42-ff8eddc05a2d, 0 %, 0 %, 42, 210 MHz, 405 MHz, 38.49 W, 480.00 W, 846 MiB
2026/10/09 01:32:56.253, 1, GPU-81ac6e96-0bfe-390d-beb1-241466569d6b, 100 %, 0 %, 63, 2775 MHz, 10251 MHz, 470.62 W, 480.00 W, 846 MiB
2026/10/09 01:32:57.254, 0, GPU-6c849b47-7111-9265-9d42-ff8eddc05a2d, 0 %, 0 %, 41, 210 MHz, 405 MHz, 38.40 W, 480.00 W, 846 MiB
2026/10/09 01:32:57.254, 1, GPU-81ac6e96-0bfe-390d-beb1-241466569d6b, 100 %, 0 %, 66, 2760 MHz, 10251 MHz, 452.14 W, 480.00 W, 846 MiB
2026/10/09 01:32:58.255, 0, GPU-6c849b47-7111-9265-9d42-ff8eddc05a2d, 0 %, 0 %, 41, 210 MHz, 405 MHz, 38.28 W, 480.00 W, 846 MiB
2026/10/09 01:32:58.255, 1, GPU-81ac6e96-0bfe-390d-beb1-241466569d6b, 100 %, 0 %, 66, 2730 MHz, 10251 MHz, 479.94 W, 480.00 W, 846 MiB
2026/10/09 01:32:59.256, 0, GPU-6c849b47-7111-9265-9d42-ff8eddc05a2d, 0 %, 0 %, 41, 210 MHz, 405 MHz, 38.00 W, 480.00 W, 846 MiB
2026/10/09 01:32:59.256, 1, GPU-81ac6e96-0bfe-390d-beb1-241466569d6b, 100 %, 0 %, 60, 2775 MHz, 10251 MHz, 426.54 W, 480.00 W, 846 MiB
2026/10/09 01:33:00.257, 0, GPU-6c849b47-7111-9265-9d42-ff8eddc05a2d, 0 %, 0 %, 41, 210 MHz, 405 MHz, 37.96 W, 480.00 W, 846 MiB
2026/10/09 01:33:00.257, 1, GPU-81ac6e96-0bfe-390d-beb1-241466569d6b, 100 %, 0 %, 65, 2700 MHz, 10251 MHz, 481.12 W, 480.00 W, 846 MiB
2026/10/09 01:33:01.258, 0, GPU-6c849b47-7111-9265-9d42-ff8eddc05a2d, 0 %, 0 %, 41, 210 MHz, 405 MHz, 38.30 W, 480.00 W, 846 MiB
2026/10/09 01:33:01.258, 1, GPU-81ac6e96-0bfe-390d-beb1-241466569d6b, 100 %, 0 %, 65, 2700 MHz, 10251 MHz, 475.80 W, 480.00 W, 846 MiB
2026/10/09 01:33:02.258, 0, GPU-6c849b47-7111-9265-9d42-ff8eddc05a2d, 0 %, 0 %, 41, 210 MHz, 405 MHz, 38.25 W, 480.00 W, 846 MiB
2026/10/09 01:33:02.259, 1, GPU-81ac6e96-0bfe-390d-beb1-241466569d6b, 100 %, 0 %, 65, 2760 MHz, 10251 MHz, 424.58 W, 480.00 W, 846 MiB
2026/10/09 01:33:03.259, 0, GPU-6c849b47-7111-9265-9d42-ff8eddc05a2d, 0 %, 0 %, 41, 210 MHz, 405 MHz, 38.27 W, 480.00 W, 846 MiB
2026/10/09 01:33:03.274, 1, GPU-81ac6e96-0bfe-390d-beb1-241466569d6b, 100 %, 0 %, 65, 2745 MHz, 10251 MHz, 480.33 W, 480.00 W, 846 MiB
2026/10/09 01:33:04.274, 0, GPU-6c849b47-7111-9265-9d42-ff8eddc05a2d, 0 %, 0 %, 41, 210 MHz, 405 MHz, 38.52 W, 480.00 W, 846 MiB
2026/10/09 01:33:04.275, 1, GPU-81ac6e96-0bfe-390d-beb1-241466569d6b, 100 %, 0 %, 65, 2775 MHz, 10251 MHz, 476.59 W, 480.00 W, 846 MiB
2026/10/09 01:33:05.275, 0, GPU-6c849b47-7111-9265-9d42-ff8eddc05a2d, 0 %, 0 %, 41, 210 MHz, 405 MHz, 38.72 W, 480.00 W, 846 MiB
2026/10/09 01:33:05.276, 1, GPU-81ac6e96-0bfe-390d-beb1-241466569d6b, 0 %, 0 %, 47, 2790 MHz, 10251 MHz, 178.97 W, 480.00 W, 846 MiB
2026/10/09 01:33:06.276, 0, GPU-6c849b47-7111-9265-9d42-ff8eddc05a2d, 0 %, 0 %, 41, 210 MHz, 405 MHz, 38.76 W, 480.00 W, 846 MiB
2026/10/09 01:33:06.277, 1, GPU-81ac6e96-0bfe-390d-beb1-241466569d6b, 5 %, 0 %, 46, 2790 MHz, 10251 MHz, 84.00 W, 480.00 W, 846 MiB
2026/10/09 01:33:07.277, 0, GPU-6c849b47-7111-9265-9d42-ff8eddc05a2d, 0 %, 0 %, 41, 210 MHz, 405 MHz, 38.69 W, 480.00 W, 846 MiB
2026/10/09 01:33:07.278, 1, GPU-81ac6e96-0bfe-390d-beb1-241466569d6b, 0 %, 0 %, 45, 2625 MHz, 10251 MHz, 80.28 W, 480.00 W, 846 MiB
2026/10/09 01:33:08.278, 0, GPU-6c849b47-7111-9265-9d42-ff8eddc05a2d, 0 %, 0 %, 41, 210 MHz, 405 MHz, 38.49 W, 480.00 W, 846 MiB
2026/10/09 01:33:08.279, 1, GPU-81ac6e96-0bfe-390d-beb1-241466569d6b, 0 %, 0 %, 45, 2625 MHz, 10251 MHz, 75.79 W, 480.00 W, 846 MiB
2026/10/09 01:33:09.279, 0, GPU-6c849b47-7111-9265-9d42-ff8eddc05a2d, 0 %, 0 %, 41, 210 MHz, 405 MHz, 38.24 W, 480.00 W, 846 MiB
2026/10/09 01:33:09.280, 1, GPU-81ac6e96-0bfe-390d-beb1-241466569d6b, 0 %, 0 %, 45, 2625 MHz, 10251 MHz, 75.57 W, 480.00 W, 846 MiB
2026/10/09 01:33:10.280, 0, GPU-6c849b47-7111-9265-9d42-ff8eddc05a2d, 0 %, 0 %, 40, 210 MHz, 405 MHz, 38.18 W, 480.00 W, 846 MiB
2026/10/09 01:33:10.281, 1, GPU-81ac6e96-0bfe-390d-beb1-241466569d6b, 0 %, 0 %, 45, 2625 MHz, 10251 MHz, 75.14 W, 480.00 W, 846 MiB
2026/10/09 01:33:11.281, 0, GPU-6c849b47-7111-9265-9d42-ff8eddc05a2d, 0 %, 0 %, 40, 210 MHz, 405 MHz, 38.13 W, 480.00 W, 846 MiB
2026/10/09 01:33:11.282, 1, GPU-81ac6e96-0bfe-390d-beb1-241466569d6b, 0 %, 0 %, 45, 2625 MHz, 10251 MHz, 74.88 W, 480.00 W, 846 MiB
2026/10/09 01:33:12.282, 0, GPU-6c849b47-7111-9265-9d42-ff8eddc05a2d, 0 %, 0 %, 40, 210 MHz, 405 MHz, 38.03 W, 480.00 W, 846 MiB
2026/10/09 01:33:12.283, 1, GPU-81ac6e96-0bfe-390d-beb1-241466569d6b, 0 %, 0 %, 45, 2625 MHz, 10251 MHz, 74.78 W, 480.00 W, 846 MiB
2026/10/09 01:33:13.283, 0, GPU-6c849b47-7111-9265-9d42-ff8eddc05a2d, 0 %, 0 %, 40, 210 MHz, 405 MHz, 38.09 W, 480.00 W, 846 MiB
2026/10/09 01:33:13.284, 1, GPU-81ac6e96-0bfe-390d-beb1-241466569d6b, 0 %, 0 %, 45, 2625 MHz, 10251 MHz, 74.78 W, 480.00 W, 846 MiB
