timestamp, index, uuid, utilization.gpu [%], utilization.memory [%], temperature.gpu, clocks.current.sm [MHz], clocks.current.memory [MHz], power.draw [W], power.limit [W], memory.used [MiB]
2026/10/09 02:20:26.202, 0, GPU-6c849b47-7111-9265-9d42-ff8eddc05a2d, 0 %, 0 %, 42, 210 MHz, 405 MHz, 34.50 W, 480.00 W, 1 MiB
2026/10/09 02:20:26.206, 1, GPU-81ac6e96-0bfe-390d-beb1-241466569d6b, 0 %, 0 %, 39, 210 MHz, 405 MHz, 26.43 W, 480.00 W, 1 MiB
2026/10/09 02:20:27.209, 0, GPU-6c849b47-7111-9265-9d42-ff8eddc05a2d, 4 %, 0 %, 43, 2625 MHz, 10501 MHz, 39.19 W, 480.00 W, 428 MiB
2026/10/09 02:20:27.210, 1, GPU-81ac6e96-0bfe-390d-beb1-241466569d6b, 0 %, 0 %, 41, 2625 MHz, 10251 MHz, 47.00 W, 480.00 W, 428 MiB
2026/10/09 02:20:28.210, 0, GPU-6c849b47-7111-9265-9d42-ff8eddc05a2d, 100 %, 0 %, 46, 2790 MHz, 10251 MHz, 85.85 W, 480.00 W, 526 MiB
2026/10/09 02:20:28.211, 1, GPU-81ac6e96-0bfe-390d-beb1-241466569d6b, 100 %, 0 %, 44, 2805 MHz, 10251 MHz, 91.38 W, 480.00 W, 526 MiB
2026/10/09 02:20:29.211, 0, GPU-6c849b47-7111-9265-9d42-ff8eddc05a2d, 100 %, 0 %, 47, 2790 MHz, 10251 MHz, 106.87 W, 480.00 W, 526 MiB
2026/10/09 02:20:29.211, 1, GPU-81ac6e96-0bfe-390d-beb1-241466569d6b, 100 %, 0 %, 44, 2805 MHz, 10251 MHz, 106.51 W, 480.00 W, 526 MiB
2026/10/09 02:20:30.212, 0, GPU-6c849b47-7111-9265-9d42-ff8eddc05a2d, 100 %, 0 %, 48, 2790 MHz, 10251 MHz, 107.09 W, 480.00 W, 526 MiB
2026/10/09 02:20:30.212, 1, GPU-81ac6e96-0bfe-390d-beb1-241466569d6b, 100 %, 0 %, 45, 2805 MHz, 10251 MHz, 106.47 W, 480.00 W, 526 MiB
2026/10/09 02:20:31.213, 0, GPU-6c849b47-7111-9265-9d42-ff8eddc05a2d, 26 %, 0 %, 48, 2790 MHz, 10251 MHz, 101.61 W, 480.00 W, 686 MiB
2026/10/09 02:20:31.213, 1, GPU-81ac6e96-0bfe-390d-beb1-241466569d6b, 100 %, 0 %, 45, 2805 MHz, 10251 MHz, 97.83 W, 480.00 W, 686 MiB
2026/10/09 02:20:32.213, 0, GPU-6c849b47-7111-9265-9d42-ff8eddc05a2d, 100 %, 0 %, 48, 2790 MHz, 10251 MHz, 106.15 W, 480.00 W, 686 MiB
2026/10/09 02:20:32.214, 1, GPU-81ac6e96-0bfe-390d-beb1-241466569d6b, 100 %, 0 %, 45, 2805 MHz, 10251 MHz, 106.48 W, 480.00 W, 686 MiB
2026/10/09 02:20:33.214, 0, GPU-6c849b47-7111-9265-9d42-ff8eddc05a2d, 100 %, 0 %, 49, 2790 MHz, 10251 MHz, 107.56 W, 480.00 W, 686 MiB
2026/10/09 02:20:33.215, 1, GPU-81ac6e96-0bfe-390d-beb1-241466569d6b, 100 %, 0 %, 45, 2805 MHz, 10251 MHz, 106.53 W, 480.00 W, 686 MiB
2026/10/09 02:20:34.215, 0, GPU-6c849b47-7111-9265-9d42-ff8eddc05a2d, 100 %, 0 %, 49, 2790 MHz, 10251 MHz, 107.63 W, 480.00 W, 686 MiB
2026/10/09 02:20:34.215, 1, GPU-81ac6e96-0bfe-390d-beb1-241466569d6b, 100 %, 0 %, 45, 2805 MHz, 10251 MHz, 106.58 W, 480.00 W, 686 MiB
2026/10/09 02:20:35.216, 0, GPU-6c849b47-7111-9265-9d42-ff8eddc05a2d, 100 %, 0 %, 49, 2790 MHz, 10251 MHz, 107.60 W, 480.00 W, 686 MiB
2026/10/09 02:20:35.216, 1, GPU-81ac6e96-0bfe-390d-beb1-241466569d6b, 100 %, 0 %, 45, 2805 MHz, 10251 MHz, 106.57 W, 480.00 W, 686 MiB
2026/10/09 02:20:36.217, 0, GPU-6c849b47-7111-9265-9d42-ff8eddc05a2d, 100 %, 0 %, 49, 2790 MHz, 10251 MHz, 107.54 W, 480.00 W, 878 MiB
2026/10/09 02:20:36.217, 1, GPU-81ac6e96-0bfe-390d-beb1-241466569d6b, 60 %, 0 %, 45, 2805 MHz, 10251 MHz, 105.51 W, 480.00 W, 686 MiB
2026/10/09 02:20:37.217, 0, GPU-6c849b47-7111-9265-9d42-ff8eddc05a2d, 100 %, 0 %, 74, 2700 MHz, 10251 MHz, 283.14 W, 480.00 W, 878 MiB
2026/10/09 02:20:37.218, 1, GPU-81ac6e96-0bfe-390d-beb1-241466569d6b, 0 %, 0 %, 44, 2805 MHz, 10251 MHz, 81.90 W, 480.00 W, 686 MiB
2026/10/09 02:20:38.218, 0, GPU-6c849b47-7111-9265-9d42-ff8eddc05a2d, 100 %, 0 %, 74, 2685 MHz, 10251 MHz, 426.31 W, 480.00 W, 878 MiB
2026/10/09 02:20:38.218, 1, GPU-81ac6e96-0bfe-390d-beb1-241466569d6b, 0 %, 0 %, 43, 2625 MHz, 10251 MHz, 75.78 W, 480.00 W, 686 MiB
2026/10/09 02:20:39.219, 0, GPU-6c849b47-7111-9265-9d42-ff8eddc05a2d, 100 %, 0 %, 68, 2610 MHz, 10251 MHz, 495.88 W, 480.00 W, 878 MiB
2026/10/09 02:20:39.219, 1, GPU-81ac6e96-0bfe-390d-beb1-241466569d6b, 0 %, 0 %, 43, 2625 MHz, 10251 MHz, 71.22 W, 480.00 W, 686 MiB
2026/10/09 02:20:40.220, 0, GPU-6c849b47-7111-9265-9d42-ff8eddc05a2d, 100 %, 0 %, 69, 2745 MHz, 10251 MHz, 461.72 W, 480.00 W, 878 MiB
2026/10/09 02:20:40.220, 1, GPU-81ac6e96-0bfe-390d-beb1-241466569d6b, 0 %, 0 %, 42, 2625 MHz, 10251 MHz, 67.29 W, 480.00 W, 686 MiB
2026/10/09 02:20:41.221, 0, GPU-6c849b47-7111-9265-9d42-ff8eddc05a2d, 100 %, 0 %, 62, 2760 MHz, 10251 MHz, 471.12 W, 480.00 W, 878 MiB
2026/10/09 02:20:41.221, 1, GPU-81ac6e96-0bfe-390d-beb1-241466569d6b, 0 %, 0 %, 42, 2625 MHz, 10251 MHz, 67.78 W, 480.00 W, 686 MiB
2026/10/09 02:20:42.253, 0, GPU-6c849b47-7111-9265-9d42-ff8eddc05a2d, 100 %, 0 %, 66, 2760 MHz, 10251 MHz, 478.77 W, 480.00 W, 878 MiB
2026/10/09 02:20:42.253, 1, GPU-81ac6e96-0bfe-390d-beb1-241466569d6b, 0 %, 0 %, 42, 2625 MHz, 10251 MHz, 67.73 W, 480.00 W, 686 MiB
2026/10/09 02:20:43.254, 0, GPU-6c849b47-7111-9265-9d42-ff8eddc05a2d, 100 %, 0 %, 69, 2760 MHz, 10251 MHz, 454.78 W, 480.00 W, 878 MiB
2026/10/09 02:20:43.254, 1, GPU-81ac6e96-0bfe-390d-beb1-241466569d6b, 0 %, 0 %, 42, 2625 MHz, 10251 MHz, 67.54 W, 480.00 W, 686 MiB
2026/10/09 02:20:44.254, 0, GPU-6c849b47-7111-9265-9d42-ff8eddc05a2d, 100 %, 0 %, 67, 2760 MHz, 10251 MHz, 444.46 W, 480.00 W, 878 MiB
2026/10/09 02:20:44.255, 1, GPU-81ac6e96-0bfe-390d-beb1-241466569d6b, 0 %, 0 %, 42, 2625 MHz, 10251 MHz, 67.41 W, 480.00 W, 686 MiB
2026/10/09 02:20:45.255, 0, GPU-6c849b47-7111-9265-9d42-ff8eddc05a2d, 100 %, 0 %, 69, 2745 MHz, 10251 MHz, 478.41 W, 480.00 W, 878 MiB
2026/10/09 02:20:45.256, 1, GPU-81ac6e96-0bfe-390d-beb1-241466569d6b, 0 %, 0 %, 42, 2625 MHz, 10251 MHz, 67.60 W, 480.00 W, 686 MiB
2026/10/09 02:20:46.256, 0, GPU-6c849b47-7111-9265-9d42-ff8eddc05a2d, 100 %, 0 %, 68, 2760 MHz, 10251 MHz, 445.04 W, 480.00 W, 878 MiB
2026/10/09 02:20:46.257, 1, GPU-81ac6e96-0bfe-390d-beb1-241466569d6b, 0 %, 0 %, 42, 2625 MHz, 10251 MHz, 67.78 W, 480.00 W, 686 MiB
2026/10/09 02:20:47.257, 0, GPU-6c849b47-7111-9265-9d42-ff8eddc05a2d, 95 %, 0 %, 58, 2775 MHz, 10251 MHz, 438.37 W, 480.00 W, 878 MiB
2026/10/09 02:20:47.258, 1, GPU-81ac6e96-0bfe-390d-beb1-241466569d6b, 0 %, 0 %, 42, 2625 MHz, 10251 MHz, 67.68 W, 480.00 W, 686 MiB
2026/10/09 02:20:48.258, 0, GPU-6c849b47-7111-9265-9d42-ff8eddc05a2d, 100 %, 0 %, 69, 2730 MHz, 10251 MHz, 443.99 W, 480.00 W, 878 MiB
2026/10/09 02:20:48.258, 1, GPU-81ac6e96-0bfe-390d-beb1-241466569d6b, 0 %, 0 %, 42, 2625 MHz, 10251 MHz, 67.69 W, 480.00 W, 686 MiB
2026/10/09 02:20:49.259, 0, GPU-6c849b47-7111-9265-9d42-ff8eddc05a2d, 100 %, 0 %, 71, 2715 MHz, 10251 MHz, 459.75 W, 480.00 W, 878 MiB
2026/10/09 02:20:49.259, 1, GPU-81ac6e96-0bfe-390d-beb1-241466569d6b, 0 %, 0 %, 42, 2625 MHz, 10251 MHz, 67.87 W, 480.00 W, 686 MiB
2026/10/09 02:20:50.259, 0, GPU-6c849b47-7111-9265-9d42-ff8eddc05a2d, 100 %, 0 %, 68, 2745 MHz, 10251 MHz, 456.05 W, 480.00 W, 878 MiB
2026/10/09 02:20:50.260, 1, GPU-81ac6e96-0bfe-390d-beb1-241466569d6b, 0 %, 0 %, 42, 2625 MHz, 10251 MHz, 68.10 W, 480.00 W, 686 MiB
2026/10/09 02:20:51.260, 0, GPU-6c849b47-7111-9265-9d42-ff8eddc05a2d, 100 %, 0 %, 68, 2655 MHz, 10251 MHz, 483.26 W, 480.00 W, 878 MiB
2026/10/09 02:20:51.261, 1, GPU-81ac6e96-0bfe-390d-beb1-241466569d6b, 0 %, 0 %, 42, 2625 MHz, 10251 MHz, 68.13 W, 480.00 W, 686 MiB
2026/10/09 02:20:52.261, 0, GPU-6c849b47-7111-9265-9d42-ff8eddc05a2d, 100 %, 0 %, 69, 2745 MHz, 10251 MHz, 455.24 W, 480.00 W, 878 MiB
2026/10/09 02:20:52.262, 1, GPU-81ac6e96-0bfe-390d-beb1-241466569d6b, 0 %, 0 %, 42, 2625 MHz, 10251 MHz, 67.94 W, 480.00 W, 686 MiB
2026/10/09 02:20:53.262, 0, GPU-6c849b47-7111-9265-9d42-ff8eddc05a2d, 100 %, 0 %, 66, 2760 MHz, 10251 MHz, 476.96 W, 480.00 W, 878 MiB
2026/10/09 02:20:53.263, 1, GPU-81ac6e96-0bfe-390d-beb1-241466569d6b, 0 %, 0 %, 42, 525 MHz, 810 MHz, 65.91 W, 480.00 W, 686 MiB
2026/10/09 02:20:54.263, 0, GPU-6c849b47-7111-9265-9d42-ff8eddc05a2d, 100 %, 0 %, 68, 2685 MHz, 10251 MHz, 458.33 W, 480.00 W, 878 MiB
2026/10/09 02:20:54.263, 1, GPU-81ac6e96-0bfe-390d-beb1-241466569d6b, 0 %, 0 %, 41, 330 MHz, 405 MHz, 46.72 W, 480.00 W, 686 MiB
2026/10/09 02:20:55.264, 0, GPU-6c849b47-7111-9265-9d42-ff8eddc05a2d, 100 %, 0 %, 68, 2760 MHz, 10251 MHz, 446.78 W, 480.00 W, 878 MiB
2026/10/09 02:20:55.264, 1, GPU-81ac6e96-0bfe-390d-beb1-241466569d6b, 0 %, 0 %, 41, 210 MHz, 405 MHz, 27.82 W, 480.00 W, 686 MiB
2026/10/09 02:20:56.265, 0, GPU-6c849b47-7111-9265-9d42-ff8eddc05a2d, 100 %, 0 %, 69, 2745 MHz, 10251 MHz, 478.73 W, 480.00 W, 878 MiB
2026/10/09 02:20:56.265, 1, GPU-81ac6e96-0bfe-390d-beb1-241466569d6b, 0 %, 0 %, 40, 210 MHz, 405 MHz, 26.13 W, 480.00 W, 686 MiB
2026/10/09 02:20:57.266, 0, GPU-6c849b47-7111-9265-9d42-ff8eddc05a2d, 100 %, 0 %, 68, 2760 MHz, 10251 MHz, 444.90 W, 480.00 W, 878 MiB
2026/10/09 02:20:57.266, 1, GPU-81ac6e96-0bfe-390d-beb1-241466569d6b, 0 %, 0 %, 40, 210 MHz, 405 MHz, 26.16 W, 480.00 W, 686 MiB
2026/10/09 02:20:58.267, 0, GPU-6c849b47-7111-9265-9d42-ff8eddc05a2d, 100 %, 0 %, 64, 2775 MHz, 10251 MHz, 435.92 W, 480.00 W, 878 MiB
2026/10/09 02:20:58.267, 1, GPU-81ac6e96-0bfe-390d-beb1-241466569d6b, 0 %, 0 %, 40, 210 MHz, 405 MHz, 26.48 W, 480.00 W, 686 MiB
2026/10/09 02:20:59.268, 0, GPU-6c849b47-7111-9265-9d42-ff8eddc05a2d, 100 %, 0 %, 67, 2760 MHz, 10251 MHz, 457.94 W, 480.00 W, 878 MiB
2026/10/09 02:20:59.268, 1, GPU-81ac6e96-0bfe-390d-beb1-241466569d6b, 0 %, 0 %, 40, 210 MHz, 405 MHz, 26.48 W, 480.00 W, 686 MiB
2026/10/09 02:21:00.269, 0, GPU-6c849b47-7111-9265-9d42-ff8eddc05a2d, 100 %, 0 %, 70, 2640 MHz, 10251 MHz, 462.41 W, 480.00 W, 878 MiB
2026/10/09 02:21:00.269, 1, GPU-81ac6e96-0bfe-390d-beb1-241466569d6b, 0 %, 0 %, 40, 210 MHz, 405 MHz, 26.23 W, 480.00 W, 686 MiB
2026/10/09 02:21:01.270, 0, GPU-6c849b47-7111-9265-9d42-ff8eddc05a2d, 100 %, 0 %, 68, 2715 MHz, 10251 MHz, 455.15 W, 480.00 W, 878 MiB
2026/10/09 02:21:01.270, 1, GPU-81ac6e96-0bfe-390d-beb1-241466569d6b, 0 %, 0 %, 40, 210 MHz, 405 MHz, 26.44 W, 480.00 W, 686 MiB
2026/10/09 02:21:02.271, 0, GPU-6c849b47-7111-9265-9d42-ff8eddc05a2d, 100 %, 0 %, 68, 2655 MHz, 10251 MHz, 490.33 W, 480.00 W, 878 MiB
2026/10/09 02:21:02.271, 1, GPU-81ac6e96-0bfe-390d-beb1-241466569d6b, 0 %, 0 %, 40, 210 MHz, 405 MHz, 26.65 W, 480.00 W, 686 MiB
2026/10/09 02:21:03.272, 0, GPU-6c849b47-7111-9265-9d42-ff8eddc05a2d, 100 %, 0 %, 69, 2745 MHz, 10251 MHz, 457.36 W, 480.00 W, 878 MiB
2026/10/09 02:21:03.272, 1, GPU-81ac6e96-0bfe-390d-beb1-241466569d6b, 0 %, 0 %, 40, 210 MHz, 405 MHz, 26.61 W, 480.00 W, 686 MiB
2026/10/09 02:21:04.273, 0, GPU-6c849b47-7111-9265-9d42-ff8eddc05a2d, 100 %, 0 %, 64, 2760 MHz, 10251 MHz, 472.90 W, 480.00 W, 878 MiB
2026/10/09 02:21:04.273, 1, GPU-81ac6e96-0bfe-390d-beb1-241466569d6b, 0 %, 0 %, 40, 210 MHz, 405 MHz, 26.35 W, 480.00 W, 686 MiB
2026/10/09 02:21:05.274, 0, GPU-6c849b47-7111-9265-9d42-ff8eddc05a2d, 100 %, 0 %, 68, 2685 MHz, 10251 MHz, 458.02 W, 480.00 W, 878 MiB
2026/10/09 02:21:05.274, 1, GPU-81ac6e96-0bfe-390d-beb1-241466569d6b, 0 %, 0 %, 40, 210 MHz, 405 MHz, 26.25 W, 480.00 W, 686 MiB
2026/10/09 02:21:06.275, 0, GPU-6c849b47-7111-9265-9d42-ff8eddc05a2d, 100 %, 0 %, 68, 2760 MHz, 10251 MHz, 445.17 W, 480.00 W, 878 MiB
2026/10/09 02:21:06.275, 1, GPU-81ac6e96-0bfe-390d-beb1-241466569d6b, 0 %, 0 %, 40, 210 MHz, 405 MHz, 26.15 W, 480.00 W, 686 MiB
2026/10/09 02:21:07.276, 0, GPU-6c849b47-7111-9265-9d42-ff8eddc05a2d, 100 %, 0 %, 69, 2745 MHz, 10251 MHz, 478.41 W, 480.00 W, 878 MiB
2026/10/09 02:21:07.276, 1, GPU-81ac6e96-0bfe-390d-beb1-241466569d6b, 0 %, 0 %, 40, 210 MHz, 405 MHz, 26.02 W, 480.00 W, 686 MiB
2026/10/09 02:21:08.277, 0, GPU-6c849b47-7111-9265-9d42-ff8eddc05a2d, 100 %, 0 %, 68, 2760 MHz, 10251 MHz, 444.87 W, 480.00 W, 878 MiB
2026/10/09 02:21:08.277, 1, GPU-81ac6e96-0bfe-390d-beb1-241466569d6b, 0 %, 0 %, 40, 210 MHz, 405 MHz, 26.19 W, 480.00 W, 686 MiB
2026/10/09 02:21:09.291, 0, GPU-6c849b47-7111-9265-9d42-ff8eddc05a2d, 100 %, 0 %, 64, 2775 MHz, 10251 MHz, 424.17 W, 480.00 W, 878 MiB
2026/10/09 02:21:09.292, 1, GPU-81ac6e96-0bfe-390d-beb1-241466569d6b, 0 %, 0 %, 40, 210 MHz, 405 MHz, 26.28 W, 480.00 W, 686 MiB
2026/10/09 02:21:10.292, 0, GPU-6c849b47-7111-9265-9d42-ff8eddc05a2d, 100 %, 0 %, 67, 2760 MHz, 10251 MHz, 453.76 W, 480.00 W, 878 MiB
2026/10/09 02:21:10.293, 1, GPU-81ac6e96-0bfe-390d-beb1-241466569d6b, 0 %, 0 %, 40, 210 MHz, 405 MHz, 26.26 W, 480.00 W, 686 MiB
2026/10/09 02:21:11.293, 0, GPU-6c849b47-7111-9265-9d42-ff8eddc05a2d, 100 %, 0 %, 71, 2700 MHz, 10251 MHz, 449.69 W, 480.00 W, 878 MiB
2026/10/09 02:21:11.294, 1, GPU-81ac6e96-0bfe-390d-beb1-241466569d6b, 0 %, 0 %, 40, 210 MHz, 405 MHz, 26.40 W, 480.00 W, 686 MiB
2026/10/09 02:21:12.294, 0, GPU-6c849b47-7111-9265-9d42-ff8eddc05a2d, 100 %, 0 %, 69, 2715 MHz, 10251 MHz, 456.10 W, 480.00 W, 878 MiB
2026/10/09 02:21:12.295, 1, GPU-81ac6e96-0bfe-390d-beb1-241466569d6b, 0 %, 0 %, 40, 210 MHz, 405 MHz, 26.70 W, 480.00 W, 686 MiB
2026/10/09 02:21:13.295, 0, GPU-6c849b47-7111-9265-9d42-ff8eddc05a2d, 100 %, 0 %, 69, 2655 MHz, 10251 MHz, 491.01 W, 480.00 W, 878 MiB
2026/10/09 02:21:13.295, 1, GPU-81ac6e96-0bfe-390d-beb1-241466569d6b, 0 %, 0 %, 40, 210 MHz, 405 MHz, 26.78 W, 480.00 W, 686 MiB
2026/10/09 02:21:14.296, 0, GPU-6c849b47-7111-9265-9d42-ff8eddc05a2d, 100 %, 0 %, 70, 2745 MHz, 10251 MHz, 456.38 W, 480.00 W, 878 MiB
2026/10/09 02:21:14.296, 1, GPU-81ac6e96-0bfe-390d-beb1-241466569d6b, 0 %, 0 %, 40, 210 MHz, 405 MHz, 26.52 W, 480.00 W, 686 MiB
2026/10/09 02:21:15.297, 0, GPU-6c849b47-7111-9265-9d42-ff8eddc05a2d, 100 %, 0 %, 66, 2760 MHz, 10251 MHz, 474.13 W, 480.00 W, 878 MiB
2026/10/09 02:21:15.297, 1, GPU-81ac6e96-0bfe-390d-beb1-241466569d6b, 0 %, 0 %, 40, 210 MHz, 405 MHz, 26.47 W, 480.00 W, 686 MiB
2026/10/09 02:21:16.298, 0, GPU-6c849b47-7111-9265-9d42-ff8eddc05a2d, 100 %, 0 %, 69, 2685 MHz, 10251 MHz, 459.58 W, 480.00 W, 878 MiB
2026/10/09 02:21:16.298, 1, GPU-81ac6e96-0bfe-390d-beb1-241466569d6b, 0 %, 0 %, 40, 210 MHz, 405 MHz, 26.50 W, 480.00 W, 686 MiB
2026/10/09 02:21:17.299, 0, GPU-6c849b47-7111-9265-9d42-ff8eddc05a2d, 100 %, 0 %, 69, 2760 MHz, 10251 MHz, 446.03 W, 480.00 W, 878 MiB
2026/10/09 02:21:17.299, 1, GPU-81ac6e96-0bfe-390d-beb1-241466569d6b, 0 %, 0 %, 40, 210 MHz, 405 MHz, 26.50 W, 480.00 W, 686 MiB
2026/10/09 02:21:18.300, 0, GPU-6c849b47-7111-9265-9d42-ff8eddc05a2d, 100 %, 0 %, 69, 2730 MHz, 10251 MHz, 479.27 W, 480.00 W, 878 MiB
2026/10/09 02:21:18.300, 1, GPU-81ac6e96-0bfe-390d-beb1-241466569d6b, 0 %, 0 %, 40, 210 MHz, 405 MHz, 26.52 W, 480.00 W, 686 MiB
2026/10/09 02:21:19.301, 0, GPU-6c849b47-7111-9265-9d42-ff8eddc05a2d, 100 %, 0 %, 69, 2760 MHz, 10251 MHz, 447.07 W, 480.00 W, 878 MiB
2026/10/09 02:21:19.301, 1, GPU-81ac6e96-0bfe-390d-beb1-241466569d6b, 0 %, 0 %, 40, 210 MHz, 405 MHz, 26.35 W, 480.00 W, 686 MiB
2026/10/09 02:21:20.302, 0, GPU-6c849b47-7111-9265-9d42-ff8eddc05a2d, 0 %, 0 %, 52, 2775 MHz, 10251 MHz, 398.14 W, 480.00 W, 878 MiB
2026/10/09 02:21:20.302, 1, GPU-81ac6e96-0bfe-390d-beb1-241466569d6b, 0 %, 0 %, 40, 210 MHz, 405 MHz, 26.39 W, 480.00 W, 686 MiB
2026/10/09 02:21:21.303, 0, GPU-6c849b47-7111-9265-9d42-ff8eddc05a2d, 0 %, 0 %, 47, 2775 MHz, 10251 MHz, 125.36 W, 480.00 W, 878 MiB
2026/10/09 02:21:21.304, 1, GPU-81ac6e96-0bfe-390d-beb1-241466569d6b, 0 %, 0 %, 40, 210 MHz, 405 MHz, 26.46 W, 480.00 W, 686 MiB
2026/10/09 02:21:22.304, 0, GPU-6c849b47-7111-9265-9d42-ff8eddc05a2d, 0 %, 0 %, 45, 2625 MHz, 10251 MHz, 93.04 W, 480.00 W, 878 MiB
2026/10/09 02:21:22.305, 1, GPU-81ac6e96-0bfe-390d-beb1-241466569d6b, 0 %, 0 %, 40, 210 MHz, 405 MHz, 26.45 W, 480.00 W, 686 MiB
2026/10/09 02:21:23.305, 0, GPU-6c849b47-7111-9265-9d42-ff8eddc05a2d, 0 %, 0 %, 45, 2625 MHz, 10251 MHz, 83.99 W, 480.00 W, 878 MiB
2026/10/09 02:21:23.305, 1, GPU-81ac6e96-0bfe-390d-beb1-241466569d6b, 0 %, 0 %, 40, 210 MHz, 405 MHz, 26.34 W, 480.00 W, 686 MiB
2026/10/09 02:21:24.306, 0, GPU-6c849b47-7111-9265-9d42-ff8eddc05a2d, 0 %, 0 %, 44, 2625 MHz, 10251 MHz, 83.40 W, 480.00 W, 878 MiB
2026/10/09 02:21:24.306, 1, GPU-81ac6e96-0bfe-390d-beb1-241466569d6b, 0 %, 0 %, 40, 210 MHz, 405 MHz, 26.34 W, 480.00 W, 686 MiB
2026/10/09 02:21:25.307, 0, GPU-6c849b47-7111-9265-9d42-ff8eddc05a2d, 0 %, 0 %, 44, 2625 MHz, 10251 MHz, 83.10 W, 480.00 W, 878 MiB
2026/10/09 02:21:25.307, 1, GPU-81ac6e96-0bfe-390d-beb1-241466569d6b, 0 %, 0 %, 40, 210 MHz, 405 MHz, 26.38 W, 480.00 W, 686 MiB
2026/10/09 02:21:26.308, 0, GPU-6c849b47-7111-9265-9d42-ff8eddc05a2d, 0 %, 0 %, 44, 2625 MHz, 10251 MHz, 82.43 W, 480.00 W, 878 MiB
2026/10/09 02:21:26.308, 1, GPU-81ac6e96-0bfe-390d-beb1-241466569d6b, 0 %, 0 %, 40, 210 MHz, 405 MHz, 26.06 W, 480.00 W, 686 MiB
2026/10/09 02:21:27.309, 0, GPU-6c849b47-7111-9265-9d42-ff8eddc05a2d, 0 %, 0 %, 44, 2625 MHz, 10251 MHz, 82.29 W, 480.00 W, 878 MiB
2026/10/09 02:21:27.310, 1, GPU-81ac6e96-0bfe-390d-beb1-241466569d6b, 0 %, 0 %, 40, 210 MHz, 405 MHz, 25.92 W, 480.00 W, 686 MiB
2026/10/09 02:21:28.310, 0, GPU-6c849b47-7111-9265-9d42-ff8eddc05a2d, 0 %, 0 %, 44, 2625 MHz, 10251 MHz, 82.13 W, 480.00 W, 878 MiB
2026/10/09 02:21:28.311, 1, GPU-81ac6e96-0bfe-390d-beb1-241466569d6b, 0 %, 0 %, 40, 210 MHz, 405 MHz, 26.08 W, 480.00 W, 686 MiB
2026/10/09 02:21:29.311, 0, GPU-6c849b47-7111-9265-9d42-ff8eddc05a2d, 0 %, 0 %, 43, 2625 MHz, 10251 MHz, 82.03 W, 480.00 W, 878 MiB
2026/10/09 02:21:29.312, 1, GPU-81ac6e96-0bfe-390d-beb1-241466569d6b, 0 %, 0 %, 40, 210 MHz, 405 MHz, 26.28 W, 480.00 W, 686 MiB
2026/10/09 02:21:30.312, 0, GPU-6c849b47-7111-9265-9d42-ff8eddc05a2d, 0 %, 0 %, 43, 2625 MHz, 10251 MHz, 81.93 W, 480.00 W, 878 MiB
2026/10/09 02:21:30.313, 1, GPU-81ac6e96-0bfe-390d-beb1-241466569d6b, 0 %, 0 %, 40, 210 MHz, 405 MHz, 26.21 W, 480.00 W, 686 MiB
2026/10/09 02:21:31.313, 0, GPU-6c849b47-7111-9265-9d42-ff8eddc05a2d, 0 %, 0 %, 43, 2625 MHz, 10251 MHz, 81.83 W, 480.00 W, 878 MiB
2026/10/09 02:21:31.314, 1, GPU-81ac6e96-0bfe-390d-beb1-241466569d6b, 0 %, 0 %, 40, 210 MHz, 405 MHz, 26.22 W, 480.00 W, 686 MiB
2026/10/09 02:21:32.315, 0, GPU-6c849b47-7111-9265-9d42-ff8eddc05a2d, 0 %, 0 %, 43, 2625 MHz, 10251 MHz, 81.75 W, 480.00 W, 878 MiB
2026/10/09 02:21:32.315, 1, GPU-81ac6e96-0bfe-390d-beb1-241466569d6b, 0 %, 0 %, 40, 210 MHz, 405 MHz, 26.43 W, 480.00 W, 686 MiB
2026/10/09 02:21:33.316, 0, GPU-6c849b47-7111-9265-9d42-ff8eddc05a2d, 0 %, 0 %, 43, 2625 MHz, 10251 MHz, 81.72 W, 480.00 W, 878 MiB
2026/10/09 02:21:33.316, 1, GPU-81ac6e96-0bfe-390d-beb1-241466569d6b, 0 %, 0 %, 40, 210 MHz, 405 MHz, 26.43 W, 480.00 W, 686 MiB
2026/10/09 02:21:34.317, 0, GPU-6c849b47-7111-9265-9d42-ff8eddc05a2d, 0 %, 0 %, 43, 2625 MHz, 10251 MHz, 81.68 W, 480.00 W, 878 MiB
2026/10/09 02:21:34.317, 1, GPU-81ac6e96-0bfe-390d-beb1-241466569d6b, 0 %, 0 %, 40, 210 MHz, 405 MHz, 26.22 W, 480.00 W, 686 MiB
2026/10/09 02:21:35.318, 0, GPU-6c849b47-7111-9265-9d42-ff8eddc05a2d, 0 %, 0 %, 43, 2625 MHz, 10251 MHz, 81.67 W, 480.00 W, 878 MiB
2026/10/09 02:21:35.318, 1, GPU-81ac6e96-0bfe-390d-beb1-241466569d6b, 100 %, 0 %, 66, 2730 MHz, 10251 MHz, 197.65 W, 480.00 W, 878 MiB
2026/10/09 02:21:36.318, 0, GPU-6c849b47-7111-9265-9d42-ff8eddc05a2d, 0 %, 0 %, 43, 2625 MHz, 10251 MHz, 81.68 W, 480.00 W, 878 MiB
2026/10/09 02:21:36.319, 1, GPU-81ac6e96-0bfe-390d-beb1-241466569d6b, 100 %, 0 %, 69, 2715 MHz, 10251 MHz, 428.50 W, 480.00 W, 878 MiB
2026/10/09 02:21:37.323, 0, GPU-6c849b47-7111-9265-9d42-ff8eddc05a2d, 0 %, 0 %, 43, 2625 MHz, 10251 MHz, 81.66 W, 480.00 W, 878 MiB
2026/10/09 02:21:37.324, 1, GPU-81ac6e96-0bfe-390d-beb1-241466569d6b, 100 %, 0 %, 62, 2625 MHz, 10251 MHz, 499.86 W, 480.00 W, 878 MiB
2026/10/09 02:21:38.324, 0, GPU-6c849b47-7111-9265-9d42-ff8eddc05a2d, 0 %, 0 %, 43, 2625 MHz, 10251 MHz, 81.61 W, 480.00 W, 878 MiB
2026/10/09 02:21:38.325, 1, GPU-81ac6e96-0bfe-390d-beb1-241466569d6b, 100 %, 0 %, 63, 2760 MHz, 10251 MHz, 457.46 W, 480.00 W, 878 MiB
2026/10/09 02:21:39.325, 0, GPU-6c849b47-7111-9265-9d42-ff8eddc05a2d, 0 %, 0 %, 43, 2625 MHz, 10251 MHz, 81.58 W, 480.00 W, 878 MiB
2026/10/09 02:21:39.326, 1, GPU-81ac6e96-0bfe-390d-beb1-241466569d6b, 100 %, 0 %, 58, 2790 MHz, 10251 MHz, 473.25 W, 480.00 W, 878 MiB
2026/10/09 02:21:40.326, 0, GPU-6c849b47-7111-9265-9d42-ff8eddc05a2d, 0 %, 0 %, 43, 2625 MHz, 10251 MHz, 81.58 W, 480.00 W, 878 MiB
2026/10/09 02:21:40.326, 1, GPU-81ac6e96-0bfe-390d-beb1-241466569d6b, 100 %, 0 %, 61, 2700 MHz, 10251 MHz, 461.19 W, 480.00 W, 878 MiB
2026/10/09 02:21:41.327, 0, GPU-6c849b47-7111-9265-9d42-ff8eddc05a2d, 0 %, 0 %, 42, 495 MHz, 810 MHz, 75.93 W, 480.00 W, 878 MiB
2026/10/09 02:21:41.327, 1, GPU-81ac6e96-0bfe-390d-beb1-241466569d6b, 100 %, 0 %, 62, 2790 MHz, 10251 MHz, 448.01 W, 480.00 W, 878 MiB
2026/10/09 02:21:42.328, 0, GPU-6c849b47-7111-9265-9d42-ff8eddc05a2d, 0 %, 0 %, 42, 315 MHz, 405 MHz, 57.58 W, 480.00 W, 878 MiB
2026/10/09 02:21:42.328, 1, GPU-81ac6e96-0bfe-390d-beb1-241466569d6b, 100 %, 0 %, 62, 2790 MHz, 10251 MHz, 478.51 W, 480.00 W, 878 MiB
2026/10/09 02:21:43.329, 0, GPU-6c849b47-7111-9265-9d42-ff8eddc05a2d, 0 %, 0 %, 42, 210 MHz, 405 MHz, 42.47 W, 480.00 W, 878 MiB
2026/10/09 02:21:43.329, 1, GPU-81ac6e96-0bfe-390d-beb1-241466569d6b, 100 %, 0 %, 61, 2790 MHz, 10251 MHz, 447.30 W, 480.00 W, 878 MiB
2026/10/09 02:21:44.330, 0, GPU-6c849b47-7111-9265-9d42-ff8eddc05a2d, 0 %, 0 %, 42, 210 MHz, 405 MHz, 40.08 W, 480.00 W, 878 MiB
2026/10/09 02:21:44.330, 1, GPU-81ac6e96-0bfe-390d-beb1-241466569d6b, 100 %, 0 %, 61, 2790 MHz, 10251 MHz, 442.43 W, 480.00 W, 878 MiB
2026/10/09 02:21:45.331, 0, GPU-6c849b47-7111-9265-9d42-ff8eddc05a2d, 0 %, 0 %, 42, 210 MHz, 405 MHz, 40.08 W, 480.00 W, 878 MiB
2026/10/09 02:21:45.331, 1, GPU-81ac6e96-0bfe-390d-beb1-241466569d6b, 100 %, 0 %, 62, 2790 MHz, 10251 MHz, 470.74 W, 480.00 W, 878 MiB
2026/10/09 02:21:46.332, 0, GPU-6c849b47-7111-9265-9d42-ff8eddc05a2d, 0 %, 0 %, 42, 210 MHz, 405 MHz, 40.24 W, 480.00 W, 878 MiB
2026/10/09 02:21:46.332, 1, GPU-81ac6e96-0bfe-390d-beb1-241466569d6b, 100 %, 0 %, 62, 2790 MHz, 10251 MHz, 419.77 W, 480.00 W, 878 MiB
2026/10/09 02:21:47.333, 0, GPU-6c849b47-7111-9265-9d42-ff8eddc05a2d, 0 %, 0 %, 42, 210 MHz, 405 MHz, 40.27 W, 480.00 W, 878 MiB
2026/10/09 02:21:47.333, 1, GPU-81ac6e96-0bfe-390d-beb1-241466569d6b, 100 %, 0 %, 63, 2715 MHz, 10251 MHz, 435.59 W, 480.00 W, 878 MiB
2026/10/09 02:21:48.333, 0, GPU-6c849b47-7111-9265-9d42-ff8eddc05a2d, 0 %, 0 %, 42, 210 MHz, 405 MHz, 39.80 W, 480.00 W, 878 MiB
2026/10/09 02:21:48.334, 1, GPU-81ac6e96-0bfe-390d-beb1-241466569d6b, 100 %, 0 %, 62, 2640 MHz, 10251 MHz, 493.67 W, 480.00 W, 878 MiB
2026/10/09 02:21:49.334, 0, GPU-6c849b47-7111-9265-9d42-ff8eddc05a2d, 0 %, 0 %, 42, 210 MHz, 405 MHz, 39.49 W, 480.00 W, 878 MiB
2026/10/09 02:21:49.335, 1, GPU-81ac6e96-0bfe-390d-beb1-241466569d6b, 100 %, 0 %, 63, 2775 MHz, 10251 MHz, 463.09 W, 480.00 W, 878 MiB
2026/10/09 02:21:50.335, 0, GPU-6c849b47-7111-9265-9d42-ff8eddc05a2d, 0 %, 0 %, 42, 210 MHz, 405 MHz, 39.62 W, 480.00 W, 878 MiB
2026/10/09 02:21:50.336, 1, GPU-81ac6e96-0bfe-390d-beb1-241466569d6b, 100 %, 0 %, 60, 2790 MHz, 10251 MHz, 452.94 W, 480.00 W, 878 MiB
2026/10/09 02:21:51.336, 0, GPU-6c849b47-7111-9265-9d42-ff8eddc05a2d, 0 %, 0 %, 42, 210 MHz, 405 MHz, 39.56 W, 480.00 W, 878 MiB
2026/10/09 02:21:51.337, 1, GPU-81ac6e96-0bfe-390d-beb1-241466569d6b, 100 %, 0 %, 62, 2700 MHz, 10251 MHz, 483.15 W, 480.00 W, 878 MiB
2026/10/09 02:21:52.337, 0, GPU-6c849b47-7111-9265-9d42-ff8eddc05a2d, 0 %, 0 %, 42, 210 MHz, 405 MHz, 39.64 W, 480.00 W, 878 MiB
2026/10/09 02:21:52.338, 1, GPU-81ac6e96-0bfe-390d-beb1-241466569d6b, 100 %, 0 %, 63, 2790 MHz, 10251 MHz, 452.21 W, 480.00 W, 878 MiB
2026/10/09 02:21:53.338, 0, GPU-6c849b47-7111-9265-9d42-ff8eddc05a2d, 0 %, 0 %, 42, 210 MHz, 405 MHz, 39.69 W, 480.00 W, 878 MiB
2026/10/09 02:21:53.339, 1, GPU-81ac6e96-0bfe-390d-beb1-241466569d6b, 100 %, 0 %, 60, 2790 MHz, 10251 MHz, 463.91 W, 480.00 W, 878 MiB
2026/10/09 02:21:54.339, 0, GPU-6c849b47-7111-9265-9d42-ff8eddc05a2d, 0 %, 0 %, 41, 210 MHz, 405 MHz, 39.36 W, 480.00 W, 878 MiB
2026/10/09 02:21:54.340, 1, GPU-81ac6e96-0bfe-390d-beb1-241466569d6b, 100 %, 0 %, 63, 2760 MHz, 10251 MHz, 450.88 W, 480.00 W, 878 MiB
2026/10/09 02:21:55.340, 0, GPU-6c849b47-7111-9265-9d42-ff8eddc05a2d, 0 %, 0 %, 41, 210 MHz, 405 MHz, 39.53 W, 480.00 W, 878 MiB
2026/10/09 02:21:55.340, 1, GPU-81ac6e96-0bfe-390d-beb1-241466569d6b, 100 %, 0 %, 62, 2775 MHz, 10251 MHz, 445.14 W, 480.00 W, 878 MiB
2026/10/09 02:21:56.341, 0, GPU-6c849b47-7111-9265-9d42-ff8eddc05a2d, 0 %, 0 %, 41, 210 MHz, 405 MHz, 39.81 W, 480.00 W, 878 MiB
2026/10/09 02:21:56.342, 1, GPU-81ac6e96-0bfe-390d-beb1-241466569d6b, 100 %, 0 %, 63, 2775 MHz, 10251 MHz, 470.72 W, 480.00 W, 878 MiB
2026/10/09 02:21:57.342, 0, GPU-6c849b47-7111-9265-9d42-ff8eddc05a2d, 0 %, 0 %, 41, 210 MHz, 405 MHz, 39.58 W, 480.00 W, 878 MiB
2026/10/09 02:21:57.343, 1, GPU-81ac6e96-0bfe-390d-beb1-241466569d6b, 100 %, 0 %, 61, 2775 MHz, 10251 MHz, 418.65 W, 480.00 W, 878 MiB
2026/10/09 02:21:58.343, 0, GPU-6c849b47-7111-9265-9d42-ff8eddc05a2d, 0 %, 0 %, 41, 210 MHz, 405 MHz, 39.22 W, 480.00 W, 878 MiB
2026/10/09 02:21:58.343, 1, GPU-81ac6e96-0bfe-390d-beb1-241466569d6b, 100 %, 0 %, 65, 2715 MHz, 10251 MHz, 443.70 W, 480.00 W, 878 MiB
2026/10/09 02:21:59.344, 0, GPU-6c849b47-7111-9265-9d42-ff8eddc05a2d, 0 %, 0 %, 41, 210 MHz, 405 MHz, 39.36 W, 480.00 W, 878 MiB
2026/10/09 02:21:59.344, 1, GPU-81ac6e96-0bfe-390d-beb1-241466569d6b, 100 %, 0 %, 64, 2730 MHz, 10251 MHz, 482.02 W, 480.00 W, 878 MiB
2026/10/09 02:22:00.345, 0, GPU-6c849b47-7111-9265-9d42-ff8eddc05a2d, 0 %, 0 %, 41, 210 MHz, 405 MHz, 39.78 W, 480.00 W, 878 MiB
2026/10/09 02:22:00.345, 1, GPU-81ac6e96-0bfe-390d-beb1-241466569d6b, 100 %, 0 %, 65, 2670 MHz, 10251 MHz, 473.18 W, 480.00 W, 878 MiB
2026/10/09 02:22:01.346, 0, GPU-6c849b47-7111-9265-9d42-ff8eddc05a2d, 0 %, 0 %, 41, 210 MHz, 405 MHz, 39.97 W, 480.00 W, 878 MiB
2026/10/09 02:22:01.346, 1, GPU-81ac6e96-0bfe-390d-beb1-241466569d6b, 100 %, 0 %, 64, 2775 MHz, 10251 MHz, 448.39 W, 480.00 W, 878 MiB
2026/10/09 02:22:02.346, 0, GPU-6c849b47-7111-9265-9d42-ff8eddc05a2d, 0 %, 0 %, 41, 210 MHz, 405 MHz, 40.03 W, 480.00 W, 878 MiB
2026/10/09 02:22:02.347, 1, GPU-81ac6e96-0bfe-390d-beb1-241466569d6b, 100 %, 0 %, 64, 2730 MHz, 10251 MHz, 482.36 W, 480.00 W, 878 MiB
2026/10/09 02:22:03.347, 0, GPU-6c849b47-7111-9265-9d42-ff8eddc05a2d, 0 %, 0 %, 41, 210 MHz, 405 MHz, 39.90 W, 480.00 W, 878 MiB
2026/10/09 02:22:03.348, 1, GPU-81ac6e96-0bfe-390d-beb1-241466569d6b, 100 %, 0 %, 65, 2775 MHz, 10251 MHz, 454.12 W, 480.00 W, 878 MiB
2026/10/09 02:22:04.348, 0, GPU-6c849b47-7111-9265-9d42-ff8eddc05a2d, 0 %, 0 %, 41, 210 MHz, 405 MHz, 39.67 W, 480.00 W, 878 MiB
2026/10/09 02:22:04.349, 1, GPU-81ac6e96-0bfe-390d-beb1-241466569d6b, 100 %, 0 %, 56, 2790 MHz, 10251 MHz, 446.20 W, 480.00 W, 878 MiB
2026/10/09 02:22:05.349, 0, GPU-6c849b47-7111-9265-9d42-ff8eddc05a2d, 0 %, 0 %, 41, 210 MHz, 405 MHz, 39.47 W, 480.00 W, 878 MiB
2026/10/09 02:22:05.349, 1, GPU-81ac6e96-0bfe-390d-beb1-241466569d6b, 100 %, 0 %, 64, 2745 MHz, 10251 MHz, 464.54 W, 480.00 W, 878 MiB
2026/10/09 02:22:06.350, 0, GPU-6c849b47-7111-9265-9d42-ff8eddc05a2d, 0 %, 0 %, 41, 210 MHz, 405 MHz, 39.28 W, 480.00 W, 878 MiB
2026/10/09 02:22:06.350, 1, GPU-81ac6e96-0bfe-390d-beb1-241466569d6b, 100 %, 0 %, 64, 2775 MHz, 10251 MHz, 443.24 W, 480.00 W, 878 MiB
2026/10/09 02:22:07.351, 0, GPU-6c849b47-7111-9265-9d42-ff8eddc05a2d, 0 %, 0 %, 41, 210 MHz, 405 MHz, 39.24 W, 480.00 W, 878 MiB
2026/10/09 02:22:07.352, 1, GPU-81ac6e96-0bfe-390d-beb1-241466569d6b, 100 %, 0 %, 62, 2775 MHz, 10251 MHz, 461.74 W, 480.00 W, 878 MiB
2026/10/09 02:22:08.352, 0, GPU-6c849b47-7111-9265-9d42-ff8eddc05a2d, 0 %, 0 %, 41, 210 MHz, 405 MHz, 39.37 W, 480.00 W, 878 MiB
2026/10/09 02:22:08.353, 1, GPU-81ac6e96-0bfe-390d-beb1-241466569d6b, 100 %, 0 %, 63, 2790 MHz, 10251 MHz, 417.85 W, 480.00 W, 878 MiB
2026/10/09 02:22:09.353, 0, GPU-6c849b47-7111-9265-9d42-ff8eddc05a2d, 0 %, 0 %, 41, 210 MHz, 405 MHz, 39.39 W, 480.00 W, 878 MiB
2026/10/09 02:22:09.354, 1, GPU-81ac6e96-0bfe-390d-beb1-241466569d6b, 100 %, 0 %, 67, 2715 MHz, 10251 MHz, 453.28 W, 480.00 W, 878 MiB
2026/10/09 02:22:10.354, 0, GPU-6c849b47-7111-9265-9d42-ff8eddc05a2d, 0 %, 0 %, 40, 210 MHz, 405 MHz, 39.52 W, 480.00 W, 878 MiB
2026/10/09 02:22:10.354, 1, GPU-81ac6e96-0bfe-390d-beb1-241466569d6b, 100 %, 0 %, 64, 2775 MHz, 10251 MHz, 473.76 W, 480.00 W, 878 MiB
2026/10/09 02:22:11.355, 0, GPU-6c849b47-7111-9265-9d42-ff8eddc05a2d, 0 %, 0 %, 40, 210 MHz, 405 MHz, 39.89 W, 480.00 W, 878 MiB
2026/10/09 02:22:11.355, 1, GPU-81ac6e96-0bfe-390d-beb1-241466569d6b, 100 %, 0 %, 65, 2685 MHz, 10251 MHz, 470.64 W, 480.00 W, 878 MiB
2026/10/09 02:22:12.356, 0, GPU-6c849b47-7111-9265-9d42-ff8eddc05a2d, 0 %, 0 %, 40, 210 MHz, 405 MHz, 40.07 W, 480.00 W, 878 MiB
2026/10/09 02:22:12.356, 1, GPU-81ac6e96-0bfe-390d-beb1-241466569d6b, 100 %, 0 %, 66, 2760 MHz, 10251 MHz, 450.09 W, 480.00 W, 878 MiB
2026/10/09 02:22:13.357, 0, GPU-6c849b47-7111-9265-9d42-ff8eddc05a2d, 0 %, 0 %, 40, 210 MHz, 405 MHz, 39.97 W, 480.00 W, 878 MiB
2026/10/09 02:22:13.357, 1, GPU-81ac6e96-0bfe-390d-beb1-241466569d6b, 100 %, 0 %, 65, 2730 MHz, 10251 MHz, 481.60 W, 480.00 W, 878 MiB
2026/10/09 02:22:14.358, 0, GPU-6c849b47-7111-9265-9d42-ff8eddc05a2d, 0 %, 0 %, 40, 210 MHz, 405 MHz, 39.55 W, 480.00 W, 878 MiB
2026/10/09 02:22:14.359, 1, GPU-81ac6e96-0bfe-390d-beb1-241466569d6b, 100 %, 0 %, 66, 2775 MHz, 10251 MHz, 457.13 W, 480.00 W, 878 MiB
2026/10/09 02:22:15.359, 0, GPU-6c849b47-7111-9265-9d42-ff8eddc05a2d, 0 %, 0 %, 40, 210 MHz, 405 MHz, 39.29 W, 480.00 W, 878 MiB
2026/10/09 02:22:15.359, 1, GPU-81ac6e96-0bfe-390d-beb1-241466569d6b, 100 %, 0 %, 64, 2790 MHz, 10251 MHz, 447.38 W, 480.00 W, 878 MiB
2026/10/09 02:22:16.360, 0, GPU-6c849b47-7111-9265-9d42-ff8eddc05a2d, 0 %, 0 %, 40, 210 MHz, 405 MHz, 39.40 W, 480.00 W, 878 MiB
2026/10/09 02:22:16.360, 1, GPU-81ac6e96-0bfe-390d-beb1-241466569d6b, 100 %, 0 %, 65, 2730 MHz, 10251 MHz, 479.11 W, 480.00 W, 878 MiB
2026/10/09 02:22:17.361, 0, GPU-6c849b47-7111-9265-9d42-ff8eddc05a2d, 0 %, 0 %, 40, 210 MHz, 405 MHz, 39.46 W, 480.00 W, 878 MiB
2026/10/09 02:22:17.361, 1, GPU-81ac6e96-0bfe-390d-beb1-241466569d6b, 100 %, 0 %, 66, 2775 MHz, 10251 MHz, 444.90 W, 480.00 W, 878 MiB
2026/10/09 02:22:18.362, 0, GPU-6c849b47-7111-9265-9d42-ff8eddc05a2d, 0 %, 0 %, 40, 210 MHz, 405 MHz, 39.37 W, 480.00 W, 878 MiB
2026/10/09 02:22:18.362, 1, GPU-81ac6e96-0bfe-390d-beb1-241466569d6b, 95 %, 0 %, 59, 2775 MHz, 10251 MHz, 441.05 W, 480.00 W, 878 MiB
2026/10/09 02:22:19.363, 0, GPU-6c849b47-7111-9265-9d42-ff8eddc05a2d, 0 %, 0 %, 40, 210 MHz, 405 MHz, 39.31 W, 480.00 W, 878 MiB
2026/10/09 02:22:19.363, 1, GPU-81ac6e96-0bfe-390d-beb1-241466569d6b, 0 %, 0 %, 47, 2790 MHz, 10251 MHz, 97.41 W, 480.00 W, 878 MiB
2026/10/09 02:22:20.364, 0, GPU-6c849b47-7111-9265-9d42-ff8eddc05a2d, 0 %, 0 %, 40, 210 MHz, 405 MHz, 39.26 W, 480.00 W, 878 MiB
2026/10/09 02:22:20.365, 1, GPU-81ac6e96-0bfe-390d-beb1-241466569d6b, 0 %, 0 %, 46, 2625 MHz, 10251 MHz, 83.64 W, 480.00 W, 878 MiB
2026/10/09 02:22:21.365, 0, GPU-6c849b47-7111-9265-9d42-ff8eddc05a2d, 0 %, 0 %, 40, 210 MHz, 405 MHz, 38.90 W, 480.00 W, 878 MiB
2026/10/09 02:22:21.365, 1, GPU-81ac6e96-0bfe-390d-beb1-241466569d6b, 0 %, 0 %, 45, 2625 MHz, 10251 MHz, 76.81 W, 480.00 W, 878 MiB
2026/10/09 02:22:22.366, 0, GPU-6c849b47-7111-9265-9d42-ff8eddc05a2d, 0 %, 0 %, 40, 210 MHz, 405 MHz, 38.68 W, 480.00 W, 878 MiB
2026/10/09 02:22:22.366, 1, GPU-81ac6e96-0bfe-390d-beb1-241466569d6b, 2 %, 0 %, 45, 2625 MHz, 10251 MHz, 76.51 W, 480.00 W, 878 MiB
2026/10/09 02:22:23.367, 0, GPU-6c849b47-7111-9265-9d42-ff8eddc05a2d, 0 %, 0 %, 40, 210 MHz, 405 MHz, 38.84 W, 480.00 W, 878 MiB
2026/10/09 02:22:23.368, 1, GPU-81ac6e96-0bfe-390d-beb1-241466569d6b, 0 %, 0 %, 45, 2625 MHz, 10251 MHz, 76.04 W, 480.00 W, 878 MiB
2026/10/09 02:22:24.368, 0, GPU-6c849b47-7111-9265-9d42-ff8eddc05a2d, 0 %, 0 %, 40, 210 MHz, 405 MHz, 38.98 W, 480.00 W, 878 MiB
2026/10/09 02:22:24.369, 1, GPU-81ac6e96-0bfe-390d-beb1-241466569d6b, 0 %, 0 %, 45, 2625 MHz, 10251 MHz, 75.33 W, 480.00 W, 878 MiB
2026/10/09 02:22:25.369, 0, GPU-6c849b47-7111-9265-9d42-ff8eddc05a2d, 0 %, 0 %, 40, 210 MHz, 405 MHz, 39.05 W, 480.00 W, 878 MiB
2026/10/09 02:22:25.370, 1, GPU-81ac6e96-0bfe-390d-beb1-241466569d6b, 0 %, 0 %, 45, 2625 MHz, 10251 MHz, 75.27 W, 480.00 W, 878 MiB
2026/10/09 02:22:26.370, 0, GPU-6c849b47-7111-9265-9d42-ff8eddc05a2d, 0 %, 0 %, 40, 210 MHz, 405 MHz, 38.97 W, 480.00 W, 878 MiB
2026/10/09 02:22:26.371, 1, GPU-81ac6e96-0bfe-390d-beb1-241466569d6b, 0 %, 0 %, 45, 2625 MHz, 10251 MHz, 74.91 W, 480.00 W, 878 MiB
2026/10/09 02:22:27.371, 0, GPU-6c849b47-7111-9265-9d42-ff8eddc05a2d, 0 %, 0 %, 39, 210 MHz, 405 MHz, 38.74 W, 480.00 W, 878 MiB
2026/10/09 02:22:27.372, 1, GPU-81ac6e96-0bfe-390d-beb1-241466569d6b, 0 %, 0 %, 45, 2625 MHz, 10251 MHz, 74.50 W, 480.00 W, 878 MiB
2026/10/09 02:22:28.372, 0, GPU-6c849b47-7111-9265-9d42-ff8eddc05a2d, 0 %, 0 %, 39, 210 MHz, 405 MHz, 38.46 W, 480.00 W, 878 MiB
2026/10/09 02:22:28.373, 1, GPU-81ac6e96-0bfe-390d-beb1-241466569d6b, 0 %, 0 %, 45, 2625 MHz, 10251 MHz, 74.31 W, 480.00 W, 878 MiB
2026/10/09 02:22:29.373, 0, GPU-6c849b47-7111-9265-9d42-ff8eddc05a2d, 0 %, 0 %, 39, 210 MHz, 405 MHz, 38.19 W, 480.00 W, 878 MiB
2026/10/09 02:22:29.374, 1, GPU-81ac6e96-0bfe-390d-beb1-241466569d6b, 0 %, 0 %, 45, 2625 MHz, 10251 MHz, 74.13 W, 480.00 W, 878 MiB
2026/10/09 02:22:30.374, 0, GPU-6c849b47-7111-9265-9d42-ff8eddc05a2d, 0 %, 0 %, 39, 210 MHz, 405 MHz, 38.41 W, 480.00 W, 878 MiB
2026/10/09 02:22:30.375, 1, GPU-81ac6e96-0bfe-390d-beb1-241466569d6b, 0 %, 0 %, 45, 2625 MHz, 10251 MHz, 73.94 W, 480.00 W, 878 MiB
2026/10/09 02:22:31.375, 0, GPU-6c849b47-7111-9265-9d42-ff8eddc05a2d, 0 %, 0 %, 39, 210 MHz, 405 MHz, 38.72 W, 480.00 W, 878 MiB
2026/10/09 02:22:31.376, 1, GPU-81ac6e96-0bfe-390d-beb1-241466569d6b, 0 %, 0 %, 45, 2625 MHz, 10251 MHz, 73.93 W, 480.00 W, 878 MiB
2026/10/09 02:22:32.376, 0, GPU-6c849b47-7111-9265-9d42-ff8eddc05a2d, 0 %, 0 %, 39, 210 MHz, 405 MHz, 38.82 W, 480.00 W, 878 MiB
2026/10/09 02:22:32.377, 1, GPU-81ac6e96-0bfe-390d-beb1-241466569d6b, 0 %, 0 %, 45, 2625 MHz, 10251 MHz, 74.02 W, 480.00 W, 878 MiB
2026/10/09 02:22:33.377, 0, GPU-6c849b47-7111-9265-9d42-ff8eddc05a2d, 100 %, 0 %, 63, 2730 MHz, 10251 MHz, 189.06 W, 480.00 W, 878 MiB
2026/10/09 02:22:33.377, 1, GPU-81ac6e96-0bfe-390d-beb1-241466569d6b, 100 %, 0 %, 63, 2760 MHz, 10251 MHz, 223.53 W, 480.00 W, 878 MiB
2026/10/09 02:22:34.378, 0, GPU-6c849b47-7111-9265-9d42-ff8eddc05a2d, 100 %, 0 %, 65, 2700 MHz, 10251 MHz, 431.65 W, 480.00 W, 878 MiB
2026/10/09 02:22:34.378, 1, GPU-81ac6e96-0bfe-390d-beb1-241466569d6b, 100 %, 0 %, 65, 2715 MHz, 10251 MHz, 439.48 W, 480.00 W, 878 MiB
2026/10/09 02:22:35.379, 0, GPU-6c849b47-7111-9265-9d42-ff8eddc05a2d, 100 %, 0 %, 66, 2610 MHz, 10251 MHz, 494.01 W, 480.00 W, 878 MiB
2026/10/09 02:22:35.379, 1, GPU-81ac6e96-0bfe-390d-beb1-241466569d6b, 100 %, 0 %, 65, 2640 MHz, 10251 MHz, 494.94 W, 480.00 W, 878 MiB
2026/10/09 02:22:36.380, 0, GPU-6c849b47-7111-9265-9d42-ff8eddc05a2d, 100 %, 0 %, 68, 2745 MHz, 10251 MHz, 462.43 W, 480.00 W, 878 MiB
2026/10/09 02:22:36.380, 1, GPU-81ac6e96-0bfe-390d-beb1-241466569d6b, 100 %, 0 %, 67, 2760 MHz, 10251 MHz, 463.24 W, 480.00 W, 878 MiB
2026/10/09 02:22:37.380, 0, GPU-6c849b47-7111-9265-9d42-ff8eddc05a2d, 100 %, 0 %, 61, 2760 MHz, 10251 MHz, 471.63 W, 480.00 W, 878 MiB
2026/10/09 02:22:37.381, 1, GPU-81ac6e96-0bfe-390d-beb1-241466569d6b, 100 %, 0 %, 64, 2775 MHz, 10251 MHz, 471.20 W, 480.00 W, 878 MiB
2026/10/09 02:22:38.381, 0, GPU-6c849b47-7111-9265-9d42-ff8eddc05a2d, 100 %, 0 %, 67, 2685 MHz, 10251 MHz, 461.03 W, 480.00 W, 878 MiB
2026/10/09 02:22:38.382, 1, GPU-81ac6e96-0bfe-390d-beb1-241466569d6b, 100 %, 0 %, 66, 2700 MHz, 10251 MHz, 463.34 W, 480.00 W, 878 MiB
2026/10/09 02:22:39.382, 0, GPU-6c849b47-7111-9265-9d42-ff8eddc05a2d, 100 %, 0 %, 67, 2760 MHz, 10251 MHz, 448.55 W, 480.00 W, 878 MiB
2026/10/09 02:22:39.383, 1, GPU-81ac6e96-0bfe-390d-beb1-241466569d6b, 100 %, 0 %, 65, 2775 MHz, 10251 MHz, 446.92 W, 480.00 W, 878 MiB
2026/10/09 02:22:40.383, 0, GPU-6c849b47-7111-9265-9d42-ff8eddc05a2d, 100 %, 0 %, 67, 2745 MHz, 10251 MHz, 478.42 W, 480.00 W, 878 MiB
2026/10/09 02:22:40.383, 1, GPU-81ac6e96-0bfe-390d-beb1-241466569d6b, 100 %, 0 %, 66, 2760 MHz, 10251 MHz, 478.95 W, 480.00 W, 878 MiB
2026/10/09 02:22:41.384, 0, GPU-6c849b47-7111-9265-9d42-ff8eddc05a2d, 100 %, 0 %, 67, 2760 MHz, 10251 MHz, 448.93 W, 480.00 W, 878 MiB
2026/10/09 02:22:41.384, 1, GPU-81ac6e96-0bfe-390d-beb1-241466569d6b, 100 %, 0 %, 66, 2775 MHz, 10251 MHz, 450.33 W, 480.00 W, 878 MiB
2026/10/09 02:22:42.384, 0, GPU-6c849b47-7111-9265-9d42-ff8eddc05a2d, 100 %, 0 %, 66, 2760 MHz, 10251 MHz, 444.30 W, 480.00 W, 878 MiB
2026/10/09 02:22:42.385, 1, GPU-81ac6e96-0bfe-390d-beb1-241466569d6b, 100 %, 0 %, 64, 2775 MHz, 10251 MHz, 444.96 W, 480.00 W, 878 MiB
2026/10/09 02:22:43.385, 0, GPU-6c849b47-7111-9265-9d42-ff8eddc05a2d, 100 %, 0 %, 67, 2760 MHz, 10251 MHz, 473.05 W, 480.00 W, 878 MiB
2026/10/09 02:22:43.386, 1, GPU-81ac6e96-0bfe-390d-beb1-241466569d6b, 100 %, 0 %, 65, 2775 MHz, 10251 MHz, 474.54 W, 480.00 W, 878 MiB
2026/10/09 02:22:44.386, 0, GPU-6c849b47-7111-9265-9d42-ff8eddc05a2d, 100 %, 0 %, 68, 2730 MHz, 10251 MHz, 422.21 W, 480.00 W, 878 MiB
2026/10/09 02:22:44.386, 1, GPU-81ac6e96-0bfe-390d-beb1-241466569d6b, 100 %, 0 %, 67, 2745 MHz, 10251 MHz, 424.39 W, 480.00 W, 878 MiB
2026/10/09 02:22:45.387, 0, GPU-6c849b47-7111-9265-9d42-ff8eddc05a2d, 100 %, 0 %, 68, 2685 MHz, 10251 MHz, 438.08 W, 480.00 W, 878 MiB
2026/10/09 02:22:45.387, 1, GPU-81ac6e96-0bfe-390d-beb1-241466569d6b, 100 %, 0 %, 66, 2715 MHz, 10251 MHz, 433.65 W, 480.00 W, 878 MiB
2026/10/09 02:22:46.388, 0, GPU-6c849b47-7111-9265-9d42-ff8eddc05a2d, 100 %, 0 %, 67, 2610 MHz, 10251 MHz, 494.26 W, 480.00 W, 878 MiB
2026/10/09 02:22:46.388, 1, GPU-81ac6e96-0bfe-390d-beb1-241466569d6b, 100 %, 0 %, 65, 2640 MHz, 10251 MHz, 493.63 W, 480.00 W, 878 MiB
2026/10/09 02:22:47.388, 0, GPU-6c849b47-7111-9265-9d42-ff8eddc05a2d, 100 %, 0 %, 69, 2730 MHz, 10251 MHz, 463.52 W, 480.00 W, 878 MiB
2026/10/09 02:22:47.389, 1, GPU-81ac6e96-0bfe-390d-beb1-241466569d6b, 100 %, 0 %, 66, 2760 MHz, 10251 MHz, 464.58 W, 480.00 W, 878 MiB
2026/10/09 02:22:48.389, 0, GPU-6c849b47-7111-9265-9d42-ff8eddc05a2d, 100 %, 0 %, 61, 2760 MHz, 10251 MHz, 465.35 W, 480.00 W, 878 MiB
2026/10/09 02:22:48.390, 1, GPU-81ac6e96-0bfe-390d-beb1-241466569d6b, 100 %, 0 %, 60, 2775 MHz, 10251 MHz, 451.16 W, 480.00 W, 878 MiB
2026/10/09 02:22:49.390, 0, GPU-6c849b47-7111-9265-9d42-ff8eddc05a2d, 100 %, 0 %, 68, 2685 MHz, 10251 MHz, 464.33 W, 480.00 W, 878 MiB
2026/10/09 02:22:49.390, 1, GPU-81ac6e96-0bfe-390d-beb1-241466569d6b, 100 %, 0 %, 65, 2700 MHz, 10251 MHz, 467.64 W, 480.00 W, 878 MiB
2026/10/09 02:22:50.391, 0, GPU-6c849b47-7111-9265-9d42-ff8eddc05a2d, 100 %, 0 %, 68, 2760 MHz, 10251 MHz, 447.40 W, 480.00 W, 878 MiB
2026/10/09 02:22:50.391, 1, GPU-81ac6e96-0bfe-390d-beb1-241466569d6b, 100 %, 0 %, 66, 2775 MHz, 10251 MHz, 449.41 W, 480.00 W, 878 MiB
2026/10/09 02:22:51.392, 0, GPU-6c849b47-7111-9265-9d42-ff8eddc05a2d, 100 %, 0 %, 67, 2760 MHz, 10251 MHz, 479.24 W, 480.00 W, 878 MiB
2026/10/09 02:22:51.392, 1, GPU-81ac6e96-0bfe-390d-beb1-241466569d6b, 100 %, 0 %, 66, 2775 MHz, 10251 MHz, 476.50 W, 480.00 W, 878 MiB
2026/10/09 02:22:52.392, 0, GPU-6c849b47-7111-9265-9d42-ff8eddc05a2d, 100 %, 0 %, 68, 2760 MHz, 10251 MHz, 450.08 W, 480.00 W, 878 MiB
2026/10/09 02:22:52.393, 1, GPU-81ac6e96-0bfe-390d-beb1-241466569d6b, 100 %, 0 %, 66, 2775 MHz, 10251 MHz, 449.82 W, 480.00 W, 878 MiB
2026/10/09 02:22:53.393, 0, GPU-6c849b47-7111-9265-9d42-ff8eddc05a2d, 100 %, 0 %, 66, 2760 MHz, 10251 MHz, 444.95 W, 480.00 W, 878 MiB
2026/10/09 02:22:53.393, 1, GPU-81ac6e96-0bfe-390d-beb1-241466569d6b, 100 %, 0 %, 65, 2775 MHz, 10251 MHz, 445.71 W, 480.00 W, 878 MiB
2026/10/09 02:22:54.394, 0, GPU-6c849b47-7111-9265-9d42-ff8eddc05a2d, 100 %, 0 %, 68, 2760 MHz, 10251 MHz, 474.51 W, 480.00 W, 878 MiB
2026/10/09 02:22:54.394, 1, GPU-81ac6e96-0bfe-390d-beb1-241466569d6b, 100 %, 0 %, 66, 2775 MHz, 10251 MHz, 475.45 W, 480.00 W, 878 MiB
2026/10/09 02:22:55.394, 0, GPU-6c849b47-7111-9265-9d42-ff8eddc05a2d, 0 %, 0 %, 46, 2790 MHz, 10251 MHz, 229.71 W, 480.00 W, 878 MiB
2026/10/09 02:22:55.395, 1, GPU-81ac6e96-0bfe-390d-beb1-241466569d6b, 0 %, 0 %, 47, 2805 MHz, 10251 MHz, 193.67 W, 480.00 W, 878 MiB
2026/10/09 02:22:56.395, 0, GPU-6c849b47-7111-9265-9d42-ff8eddc05a2d, 0 %, 0 %, 44, 2790 MHz, 10251 MHz, 94.33 W, 480.00 W, 878 MiB
2026/10/09 02:22:56.396, 1, GPU-81ac6e96-0bfe-390d-beb1-241466569d6b, 0 %, 0 %, 46, 2805 MHz, 10251 MHz, 84.51 W, 480.00 W, 878 MiB
2026/10/09 02:22:57.396, 0, GPU-6c849b47-7111-9265-9d42-ff8eddc05a2d, 0 %, 0 %, 43, 2625 MHz, 10251 MHz, 89.86 W, 480.00 W, 878 MiB
2026/10/09 02:22:57.396, 1, GPU-81ac6e96-0bfe-390d-beb1-241466569d6b, 0 %, 0 %, 46, 2625 MHz, 10251 MHz, 81.23 W, 480.00 W, 878 MiB
2026/10/09 02:22:58.397, 0, GPU-6c849b47-7111-9265-9d42-ff8eddc05a2d, 0 %, 0 %, 43, 2625 MHz, 10251 MHz, 82.75 W, 480.00 W, 878 MiB
2026/10/09 02:22:58.397, 1, GPU-81ac6e96-0bfe-390d-beb1-241466569d6b, 0 %, 0 %, 45, 2625 MHz, 10251 MHz, 76.60 W, 480.00 W, 878 MiB
2026/10/09 02:22:59.398, 0, GPU-6c849b47-7111-9265-9d42-ff8eddc05a2d, 0 %, 0 %, 42, 2625 MHz, 10251 MHz, 82.54 W, 480.00 W, 878 MiB
2026/10/09 02:22:59.398, 1, GPU-81ac6e96-0bfe-390d-beb1-241466569d6b, 0 %, 0 %, 45, 2625 MHz, 10251 MHz, 76.32 W, 480.00 W, 878 MiB
2026/10/09 02:23:00.399, 0, GPU-6c849b47-7111-9265-9d42-ff8eddc05a2d, 0 %, 0 %, 42, 2625 MHz, 10251 MHz, 82.18 W, 480.00 W, 878 MiB
2026/10/09 02:23:00.399, 1, GPU-81ac6e96-0bfe-390d-beb1-241466569d6b, 0 %, 0 %, 45, 2625 MHz, 10251 MHz, 75.90 W, 480.00 W, 878 MiB
2026/10/09 02:23:01.400, 0, GPU-6c849b47-7111-9265-9d42-ff8eddc05a2d, 0 %, 0 %, 42, 2625 MHz, 10251 MHz, 81.89 W, 480.00 W, 878 MiB
2026/10/09 02:23:01.400, 1, GPU-81ac6e96-0bfe-390d-beb1-241466569d6b, 0 %, 0 %, 45, 2625 MHz, 10251 MHz, 75.47 W, 480.00 W, 878 MiB
2026/10/09 02:23:02.401, 0, GPU-6c849b47-7111-9265-9d42-ff8eddc05a2d, 0 %, 0 %, 42, 2625 MHz, 10251 MHz, 81.71 W, 480.00 W, 878 MiB
2026/10/09 02:23:02.401, 1, GPU-81ac6e96-0bfe-390d-beb1-241466569d6b, 0 %, 0 %, 45, 2625 MHz, 10251 MHz, 75.08 W, 480.00 W, 878 MiB
2026/10/09 02:23:03.415, 0, GPU-6c849b47-7111-9265-9d42-ff8eddc05a2d, 0 %, 0 %, 42, 2625 MHz, 10251 MHz, 81.67 W, 480.00 W, 878 MiB
2026/10/09 02:23:03.416, 1, GPU-81ac6e96-0bfe-390d-beb1-241466569d6b, 0 %, 0 %, 45, 2625 MHz, 10251 MHz, 74.91 W, 480.00 W, 878 MiB
2026/10/09 02:23:04.416, 0, GPU-6c849b47-7111-9265-9d42-ff8eddc05a2d, 0 %, 0 %, 42, 2625 MHz, 10251 MHz, 81.58 W, 480.00 W, 878 MiB
2026/10/09 02:23:04.417, 1, GPU-81ac6e96-0bfe-390d-beb1-241466569d6b, 0 %, 0 %, 45, 2625 MHz, 10251 MHz, 74.94 W, 480.00 W, 878 MiB
2026/10/09 02:23:05.417, 0, GPU-6c849b47-7111-9265-9d42-ff8eddc05a2d, 0 %, 0 %, 42, 2625 MHz, 10251 MHz, 81.49 W, 480.00 W, 878 MiB
2026/10/09 02:23:05.418, 1, GPU-81ac6e96-0bfe-390d-beb1-241466569d6b, 0 %, 0 %, 45, 2625 MHz, 10251 MHz, 74.95 W, 480.00 W, 878 MiB
2026/10/09 02:23:06.418, 0, GPU-6c849b47-7111-9265-9d42-ff8eddc05a2d, 0 %, 0 %, 42, 2625 MHz, 10251 MHz, 81.47 W, 480.00 W, 878 MiB
2026/10/09 02:23:06.418, 1, GPU-81ac6e96-0bfe-390d-beb1-241466569d6b, 0 %, 0 %, 45, 2625 MHz, 10251 MHz, 74.88 W, 480.00 W, 878 MiB
2026/10/09 02:23:07.419, 0, GPU-6c849b47-7111-9265-9d42-ff8eddc05a2d, 0 %, 0 %, 42, 2625 MHz, 10251 MHz, 81.46 W, 480.00 W, 878 MiB
2026/10/09 02:23:07.419, 1, GPU-81ac6e96-0bfe-390d-beb1-241466569d6b, 100 %, 0 %, 65, 2775 MHz, 10251 MHz, 261.52 W, 480.00 W, 878 MiB
2026/10/09 02:23:08.420, 0, GPU-6c849b47-7111-9265-9d42-ff8eddc05a2d, 0 %, 0 %, 42, 2625 MHz, 10251 MHz, 81.54 W, 480.00 W, 878 MiB
2026/10/09 02:23:08.420, 1, GPU-81ac6e96-0bfe-390d-beb1-241466569d6b, 100 %, 0 %, 67, 2715 MHz, 10251 MHz, 436.20 W, 480.00 W, 878 MiB
2026/10/09 02:23:09.420, 0, GPU-6c849b47-7111-9265-9d42-ff8eddc05a2d, 0 %, 0 %, 42, 2625 MHz, 10251 MHz, 81.60 W, 480.00 W, 878 MiB
2026/10/09 02:23:09.421, 1, GPU-81ac6e96-0bfe-390d-beb1-241466569d6b, 100 %, 0 %, 65, 2655 MHz, 10251 MHz, 487.09 W, 480.00 W, 878 MiB
2026/10/09 02:23:10.422, 0, GPU-6c849b47-7111-9265-9d42-ff8eddc05a2d, 0 %, 0 %, 42, 2625 MHz, 10251 MHz, 81.57 W, 480.00 W, 878 MiB
2026/10/09 02:23:10.423, 1, GPU-81ac6e96-0bfe-390d-beb1-241466569d6b, 100 %, 0 %, 67, 2760 MHz, 10251 MHz, 469.79 W, 480.00 W, 878 MiB
2026/10/09 02:23:11.423, 0, GPU-6c849b47-7111-9265-9d42-ff8eddc05a2d, 0 %, 0 %, 42, 2625 MHz, 10251 MHz, 81.58 W, 480.00 W, 878 MiB
2026/10/09 02:23:11.423, 1, GPU-81ac6e96-0bfe-390d-beb1-241466569d6b, 100 %, 0 %, 62, 2760 MHz, 10251 MHz, 447.00 W, 480.00 W, 878 MiB
2026/10/09 02:23:12.424, 0, GPU-6c849b47-7111-9265-9d42-ff8eddc05a2d, 0 %, 0 %, 42, 2625 MHz, 10251 MHz, 81.57 W, 480.00 W, 878 MiB
2026/10/09 02:23:12.424, 1, GPU-81ac6e96-0bfe-390d-beb1-241466569d6b, 100 %, 0 %, 66, 2685 MHz, 10251 MHz, 480.15 W, 480.00 W, 878 MiB
2026/10/09 02:23:13.425, 0, GPU-6c849b47-7111-9265-9d42-ff8eddc05a2d, 0 %, 0 %, 41, 465 MHz, 810 MHz, 76.33 W, 480.00 W, 878 MiB
2026/10/09 02:23:13.425, 1, GPU-81ac6e96-0bfe-390d-beb1-241466569d6b, 100 %, 0 %, 66, 2775 MHz, 10251 MHz, 451.32 W, 480.00 W, 878 MiB
2026/10/09 02:23:14.425, 0, GPU-6c849b47-7111-9265-9d42-ff8eddc05a2d, 0 %, 0 %, 41, 300 MHz, 405 MHz, 59.10 W, 480.00 W, 878 MiB
2026/10/09 02:23:14.426, 1, GPU-81ac6e96-0bfe-390d-beb1-241466569d6b, 100 %, 0 %, 65, 2775 MHz, 10251 MHz, 470.36 W, 480.00 W, 878 MiB
2026/10/09 02:23:15.426, 0, GPU-6c849b47-7111-9265-9d42-ff8eddc05a2d, 0 %, 0 %, 41, 210 MHz, 405 MHz, 43.47 W, 480.00 W, 878 MiB
2026/10/09 02:23:15.427, 1, GPU-81ac6e96-0bfe-390d-beb1-241466569d6b, 100 %, 0 %, 66, 2730 MHz, 10251 MHz, 450.89 W, 480.00 W, 878 MiB
2026/10/09 02:23:16.427, 0, GPU-6c849b47-7111-9265-9d42-ff8eddc05a2d, 0 %, 0 %, 41, 210 MHz, 405 MHz, 39.60 W, 480.00 W, 878 MiB
2026/10/09 02:23:16.428, 1, GPU-81ac6e96-0bfe-390d-beb1-241466569d6b, 100 %, 0 %, 65, 2775 MHz, 10251 MHz, 444.85 W, 480.00 W, 878 MiB
2026/10/09 02:23:17.428, 0, GPU-6c849b47-7111-9265-9d42-ff8eddc05a2d, 0 %, 0 %, 41, 210 MHz, 405 MHz, 39.19 W, 480.00 W, 878 MiB
2026/10/09 02:23:17.429, 1, GPU-81ac6e96-0bfe-390d-beb1-241466569d6b, 100 %, 0 %, 66, 2775 MHz, 10251 MHz, 475.18 W, 480.00 W, 878 MiB
2026/10/09 02:23:18.429, 0, GPU-6c849b47-7111-9265-9d42-ff8eddc05a2d, 0 %, 0 %, 41, 210 MHz, 405 MHz, 38.77 W, 480.00 W, 878 MiB
2026/10/09 02:23:18.430, 1, GPU-81ac6e96-0bfe-390d-beb1-241466569d6b, 100 %, 0 %, 65, 2775 MHz, 10251 MHz, 420.88 W, 480.00 W, 878 MiB
2026/10/09 02:23:19.430, 0, GPU-6c849b47-7111-9265-9d42-ff8eddc05a2d, 0 %, 0 %, 41, 210 MHz, 405 MHz, 38.74 W, 480.00 W, 878 MiB
2026/10/09 02:23:19.430, 1, GPU-81ac6e96-0bfe-390d-beb1-241466569d6b, 100 %, 0 %, 67, 2715 MHz, 10251 MHz, 443.79 W, 480.00 W, 878 MiB
2026/10/09 02:23:20.431, 0, GPU-6c849b47-7111-9265-9d42-ff8eddc05a2d, 0 %, 0 %, 41, 210 MHz, 405 MHz, 39.11 W, 480.00 W, 878 MiB
2026/10/09 02:23:20.446, 1, GPU-81ac6e96-0bfe-390d-beb1-241466569d6b, 100 %, 0 %, 66, 2685 MHz, 10251 MHz, 485.48 W, 480.00 W, 878 MiB
2026/10/09 02:23:21.451, 0, GPU-6c849b47-7111-9265-9d42-ff8eddc05a2d, 0 %, 0 %, 41, 210 MHz, 405 MHz, 39.04 W, 480.00 W, 878 MiB
2026/10/09 02:23:21.452, 1, GPU-81ac6e96-0bfe-390d-beb1-241466569d6b, 100 %, 0 %, 67, 2715 MHz, 10251 MHz, 472.08 W, 480.00 W, 878 MiB
2026/10/09 02:23:22.452, 0, GPU-6c849b47-7111-9265-9d42-ff8eddc05a2d, 0 %, 0 %, 41, 210 MHz, 405 MHz, 39.01 W, 480.00 W, 878 MiB
2026/10/09 02:23:22.453, 1, GPU-81ac6e96-0bfe-390d-beb1-241466569d6b, 100 %, 0 %, 64, 2760 MHz, 10251 MHz, 443.69 W, 480.00 W, 878 MiB
2026/10/09 02:23:23.453, 0, GPU-6c849b47-7111-9265-9d42-ff8eddc05a2d, 0 %, 0 %, 41, 210 MHz, 405 MHz, 39.04 W, 480.00 W, 878 MiB
2026/10/09 02:23:23.454, 1, GPU-81ac6e96-0bfe-390d-beb1-241466569d6b, 100 %, 0 %, 65, 2685 MHz, 10251 MHz, 485.15 W, 480.00 W, 878 MiB
2026/10/09 02:23:24.454, 0, GPU-6c849b47-7111-9265-9d42-ff8eddc05a2d, 0 %, 0 %, 41, 210 MHz, 405 MHz, 38.91 W, 480.00 W, 878 MiB
2026/10/09 02:23:24.455, 1, GPU-81ac6e96-0bfe-390d-beb1-241466569d6b, 100 %, 0 %, 67, 2775 MHz, 10251 MHz, 454.52 W, 480.00 W, 878 MiB
2026/10/09 02:23:25.455, 0, GPU-6c849b47-7111-9265-9d42-ff8eddc05a2d, 0 %, 0 %, 41, 210 MHz, 405 MHz, 39.01 W, 480.00 W, 878 MiB
2026/10/09 02:23:25.455, 1, GPU-81ac6e96-0bfe-390d-beb1-241466569d6b, 100 %, 0 %, 62, 2775 MHz, 10251 MHz, 449.56 W, 480.00 W, 878 MiB
2026/10/09 02:23:26.456, 0, GPU-6c849b47-7111-9265-9d42-ff8eddc05a2d, 0 %, 0 %, 41, 210 MHz, 405 MHz, 39.23 W, 480.00 W, 878 MiB
2026/10/09 02:23:26.456, 1, GPU-81ac6e96-0bfe-390d-beb1-241466569d6b, 100 %, 0 %, 66, 2730 MHz, 10251 MHz, 455.71 W, 480.00 W, 878 MiB
2026/10/09 02:23:27.457, 0, GPU-6c849b47-7111-9265-9d42-ff8eddc05a2d, 0 %, 0 %, 41, 210 MHz, 405 MHz, 39.50 W, 480.00 W, 878 MiB
2026/10/09 02:23:27.457, 1, GPU-81ac6e96-0bfe-390d-beb1-241466569d6b, 100 %, 0 %, 66, 2775 MHz, 10251 MHz, 445.90 W, 480.00 W, 878 MiB
2026/10/09 02:23:28.458, 0, GPU-6c849b47-7111-9265-9d42-ff8eddc05a2d, 0 %, 0 %, 41, 210 MHz, 405 MHz, 39.52 W, 480.00 W, 878 MiB
2026/10/09 02:23:28.458, 1, GPU-81ac6e96-0bfe-390d-beb1-241466569d6b, 100 %, 0 %, 66, 2775 MHz, 10251 MHz, 473.60 W, 480.00 W, 878 MiB
2026/10/09 02:23:29.459, 0, GPU-6c849b47-7111-9265-9d42-ff8eddc05a2d, 0 %, 0 %, 40, 210 MHz, 405 MHz, 39.46 W, 480.00 W, 878 MiB
2026/10/09 02:23:29.459, 1, GPU-81ac6e96-0bfe-390d-beb1-241466569d6b, 100 %, 0 %, 65, 2775 MHz, 10251 MHz, 423.22 W, 480.00 W, 878 MiB
2026/10/09 02:23:30.460, 0, GPU-6c849b47-7111-9265-9d42-ff8eddc05a2d, 0 %, 0 %, 40, 210 MHz, 405 MHz, 39.60 W, 480.00 W, 878 MiB
2026/10/09 02:23:30.460, 1, GPU-81ac6e96-0bfe-390d-beb1-241466569d6b, 100 %, 0 %, 68, 2715 MHz, 10251 MHz, 449.99 W, 480.00 W, 878 MiB
2026/10/09 02:23:31.461, 0, GPU-6c849b47-7111-9265-9d42-ff8eddc05a2d, 0 %, 0 %, 40, 210 MHz, 405 MHz, 39.63 W, 480.00 W, 878 MiB
2026/10/09 02:23:31.461, 1, GPU-81ac6e96-0bfe-390d-beb1-241466569d6b, 100 %, 0 %, 66, 2775 MHz, 10251 MHz, 481.11 W, 480.00 W, 878 MiB
2026/10/09 02:23:32.461, 0, GPU-6c849b47-7111-9265-9d42-ff8eddc05a2d, 0 %, 0 %, 40, 210 MHz, 405 MHz, 39.48 W, 480.00 W, 878 MiB
2026/10/09 02:23:32.462, 1, GPU-81ac6e96-0bfe-390d-beb1-241466569d6b, 100 %, 0 %, 67, 2655 MHz, 10251 MHz, 473.94 W, 480.00 W, 878 MiB
2026/10/09 02:23:33.462, 0, GPU-6c849b47-7111-9265-9d42-ff8eddc05a2d, 0 %, 0 %, 40, 210 MHz, 405 MHz, 39.28 W, 480.00 W, 878 MiB
2026/10/09 02:23:33.463, 1, GPU-81ac6e96-0bfe-390d-beb1-241466569d6b, 100 %, 0 %, 67, 2760 MHz, 10251 MHz, 450.03 W, 480.00 W, 878 MiB
2026/10/09 02:23:34.463, 0, GPU-6c849b47-7111-9265-9d42-ff8eddc05a2d, 0 %, 0 %, 40, 210 MHz, 405 MHz, 39.03 W, 480.00 W, 878 MiB
2026/10/09 02:23:34.464, 1, GPU-81ac6e96-0bfe-390d-beb1-241466569d6b, 100 %, 0 %, 67, 2715 MHz, 10251 MHz, 482.82 W, 480.00 W, 878 MiB
2026/10/09 02:23:35.464, 0, GPU-6c849b47-7111-9265-9d42-ff8eddc05a2d, 0 %, 0 %, 40, 210 MHz, 405 MHz, 38.72 W, 480.00 W, 878 MiB
2026/10/09 02:23:35.465, 1, GPU-81ac6e96-0bfe-390d-beb1-241466569d6b, 100 %, 0 %, 68, 2775 MHz, 10251 MHz, 459.43 W, 480.00 W, 878 MiB
2026/10/09 02:23:36.465, 0, GPU-6c849b47-7111-9265-9d42-ff8eddc05a2d, 0 %, 0 %, 40, 210 MHz, 405 MHz, 38.66 W, 480.00 W, 878 MiB
2026/10/09 02:23:36.466, 1, GPU-81ac6e96-0bfe-390d-beb1-241466569d6b, 100 %, 0 %, 57, 2790 MHz, 10251 MHz, 443.40 W, 480.00 W, 878 MiB
2026/10/09 02:23:37.466, 0, GPU-6c849b47-7111-9265-9d42-ff8eddc05a2d, 0 %, 0 %, 40, 210 MHz, 405 MHz, 38.76 W, 480.00 W, 878 MiB
2026/10/09 02:23:37.467, 1, GPU-81ac6e96-0bfe-390d-beb1-241466569d6b, 100 %, 0 %, 67, 2715 MHz, 10251 MHz, 470.62 W, 480.00 W, 878 MiB
2026/10/09 02:23:38.467, 0, GPU-6c849b47-7111-9265-9d42-ff8eddc05a2d, 0 %, 0 %, 40, 210 MHz, 405 MHz, 38.75 W, 480.00 W, 878 MiB
2026/10/09 02:23:38.467, 1, GPU-81ac6e96-0bfe-390d-beb1-241466569d6b, 100 %, 0 %, 67, 2775 MHz, 10251 MHz, 445.59 W, 480.00 W, 878 MiB
2026/10/09 02:23:39.468, 0, GPU-6c849b47-7111-9265-9d42-ff8eddc05a2d, 0 %, 0 %, 40, 210 MHz, 405 MHz, 38.71 W, 480.00 W, 878 MiB
2026/10/09 02:23:39.468, 1, GPU-81ac6e96-0bfe-390d-beb1-241466569d6b, 100 %, 0 %, 64, 2775 MHz, 10251 MHz, 463.06 W, 480.00 W, 878 MiB
2026/10/09 02:23:40.469, 0, GPU-6c849b47-7111-9265-9d42-ff8eddc05a2d, 0 %, 0 %, 40, 210 MHz, 405 MHz, 38.76 W, 480.00 W, 878 MiB
2026/10/09 02:23:40.470, 1, GPU-81ac6e96-0bfe-390d-beb1-241466569d6b, 100 %, 0 %, 66, 2775 MHz, 10251 MHz, 422.16 W, 480.00 W, 878 MiB
2026/10/09 02:23:41.470, 0, GPU-6c849b47-7111-9265-9d42-ff8eddc05a2d, 0 %, 0 %, 40, 210 MHz, 405 MHz, 38.86 W, 480.00 W, 878 MiB
2026/10/09 02:23:41.471, 1, GPU-81ac6e96-0bfe-390d-beb1-241466569d6b, 100 %, 0 %, 68, 2715 MHz, 10251 MHz, 449.21 W, 480.00 W, 878 MiB
2026/10/09 02:23:42.471, 0, GPU-6c849b47-7111-9265-9d42-ff8eddc05a2d, 0 %, 0 %, 40, 210 MHz, 405 MHz, 38.75 W, 480.00 W, 878 MiB
2026/10/09 02:23:42.472, 1, GPU-81ac6e96-0bfe-390d-beb1-241466569d6b, 100 %, 0 %, 67, 2775 MHz, 10251 MHz, 473.65 W, 480.00 W, 878 MiB
2026/10/09 02:23:43.472, 0, GPU-6c849b47-7111-9265-9d42-ff8eddc05a2d, 0 %, 0 %, 40, 210 MHz, 405 MHz, 38.72 W, 480.00 W, 878 MiB
2026/10/09 02:23:43.473, 1, GPU-81ac6e96-0bfe-390d-beb1-241466569d6b, 100 %, 0 %, 68, 2655 MHz, 10251 MHz, 474.07 W, 480.00 W, 878 MiB
2026/10/09 02:23:44.473, 0, GPU-6c849b47-7111-9265-9d42-ff8eddc05a2d, 0 %, 0 %, 40, 210 MHz, 405 MHz, 39.24 W, 480.00 W, 878 MiB
2026/10/09 02:23:44.473, 1, GPU-81ac6e96-0bfe-390d-beb1-241466569d6b, 100 %, 0 %, 68, 2760 MHz, 10251 MHz, 451.87 W, 480.00 W, 878 MiB
2026/10/09 02:23:45.474, 0, GPU-6c849b47-7111-9265-9d42-ff8eddc05a2d, 0 %, 0 %, 40, 210 MHz, 405 MHz, 39.67 W, 480.00 W, 878 MiB
2026/10/09 02:23:45.474, 1, GPU-81ac6e96-0bfe-390d-beb1-241466569d6b, 100 %, 0 %, 68, 2715 MHz, 10251 MHz, 481.77 W, 480.00 W, 878 MiB
2026/10/09 02:23:46.475, 0, GPU-6c849b47-7111-9265-9d42-ff8eddc05a2d, 0 %, 0 %, 40, 210 MHz, 405 MHz, 39.72 W, 480.00 W, 878 MiB
2026/10/09 02:23:46.475, 1, GPU-81ac6e96-0bfe-390d-beb1-241466569d6b, 100 %, 0 %, 68, 2775 MHz, 10251 MHz, 460.41 W, 480.00 W, 878 MiB
2026/10/09 02:23:47.476, 0, GPU-6c849b47-7111-9265-9d42-ff8eddc05a2d, 0 %, 0 %, 40, 210 MHz, 405 MHz, 39.94 W, 480.00 W, 878 MiB
2026/10/09 02:23:47.476, 1, GPU-81ac6e96-0bfe-390d-beb1-241466569d6b, 100 %, 0 %, 67, 2775 MHz, 10251 MHz, 441.90 W, 480.00 W, 878 MiB
2026/10/09 02:23:48.477, 0, GPU-6c849b47-7111-9265-9d42-ff8eddc05a2d, 0 %, 0 %, 39, 210 MHz, 405 MHz, 40.03 W, 480.00 W, 878 MiB
2026/10/09 02:23:48.477, 1, GPU-81ac6e96-0bfe-390d-beb1-241466569d6b, 100 %, 0 %, 68, 2745 MHz, 10251 MHz, 480.11 W, 480.00 W, 878 MiB
2026/10/09 02:23:49.478, 0, GPU-6c849b47-7111-9265-9d42-ff8eddc05a2d, 0 %, 0 %, 39, 210 MHz, 405 MHz, 39.62 W, 480.00 W, 878 MiB
2026/10/09 02:23:49.478, 1, GPU-81ac6e96-0bfe-390d-beb1-241466569d6b, 100 %, 0 %, 68, 2775 MHz, 10251 MHz, 450.22 W, 480.00 W, 878 MiB
2026/10/09 02:23:50.492, 0, GPU-6c849b47-7111-9265-9d42-ff8eddc05a2d, 0 %, 0 %, 39, 210 MHz, 405 MHz, 39.17 W, 480.00 W, 878 MiB
2026/10/09 02:23:50.493, 1, GPU-81ac6e96-0bfe-390d-beb1-241466569d6b, 100 %, 0 %, 55, 2790 MHz, 10251 MHz, 446.43 W, 480.00 W, 878 MiB
2026/10/09 02:23:51.493, 0, GPU-6c849b47-7111-9265-9d42-ff8eddc05a2d, 0 %, 0 %, 39, 210 MHz, 405 MHz, 38.97 W, 480.00 W, 878 MiB
2026/10/09 02:23:51.494, 1, GPU-81ac6e96-0bfe-390d-beb1-241466569d6b, 0 %, 0 %, 49, 2790 MHz, 10251 MHz, 103.83 W, 480.00 W, 878 MiB
2026/10/09 02:23:52.494, 0, GPU-6c849b47-7111-9265-9d42-ff8eddc05a2d, 0 %, 0 %, 39, 210 MHz, 405 MHz, 38.62 W, 480.00 W, 878 MiB
2026/10/09 02:23:52.495, 1, GPU-81ac6e96-0bfe-390d-beb1-241466569d6b, 0 %, 0 %, 48, 2625 MHz, 10251 MHz, 84.94 W, 480.00 W, 878 MiB
2026/10/09 02:23:53.495, 0, GPU-6c849b47-7111-9265-9d42-ff8eddc05a2d, 0 %, 0 %, 39, 210 MHz, 405 MHz, 38.73 W, 480.00 W, 878 MiB
2026/10/09 02:23:53.496, 1, GPU-81ac6e96-0bfe-390d-beb1-241466569d6b, 0 %, 0 %, 47, 2625 MHz, 10251 MHz, 78.99 W, 480.00 W, 878 MiB
2026/10/09 02:23:54.496, 0, GPU-6c849b47-7111-9265-9d42-ff8eddc05a2d, 0 %, 0 %, 39, 210 MHz, 405 MHz, 38.89 W, 480.00 W, 878 MiB
2026/10/09 02:23:54.497, 1, GPU-81ac6e96-0bfe-390d-beb1-241466569d6b, 0 %, 0 %, 47, 2625 MHz, 10251 MHz, 78.34 W, 480.00 W, 878 MiB
2026/10/09 02:23:55.497, 0, GPU-6c849b47-7111-9265-9d42-ff8eddc05a2d, 0 %, 0 %, 39, 210 MHz, 405 MHz, 38.60 W, 480.00 W, 878 MiB
2026/10/09 02:23:55.497, 1, GPU-81ac6e96-0bfe-390d-beb1-241466569d6b, 0 %, 0 %, 47, 2625 MHz, 10251 MHz, 78.33 W, 480.00 W, 878 MiB
2026/10/09 02:23:56.498, 0, GPU-6c849b47-7111-9265-9d42-ff8eddc05a2d, 0 %, 0 %, 39, 210 MHz, 405 MHz, 38.57 W, 480.00 W, 878 MiB
2026/10/09 02:23:56.498, 1, GPU-81ac6e96-0bfe-390d-beb1-241466569d6b, 0 %, 0 %, 47, 2625 MHz, 10251 MHz, 76.94 W, 480.00 W, 878 MiB
2026/10/09 02:23:57.499, 0, GPU-6c849b47-7111-9265-9d42-ff8eddc05a2d, 0 %, 0 %, 39, 210 MHz, 405 MHz, 38.48 W, 480.00 W, 878 MiB
2026/10/09 02:23:57.499, 1, GPU-81ac6e96-0bfe-390d-beb1-241466569d6b, 0 %, 0 %, 47, 2625 MHz, 10251 MHz, 76.61 W, 480.00 W, 878 MiB
2026/10/09 02:23:58.500, 0, GPU-6c849b47-7111-9265-9d42-ff8eddc05a2d, 0 %, 0 %, 39, 210 MHz, 405 MHz, 38.44 W, 480.00 W, 878 MiB
2026/10/09 02:23:58.501, 1, GPU-81ac6e96-0bfe-390d-beb1-241466569d6b, 0 %, 0 %, 47, 2625 MHz, 10251 MHz, 76.39 W, 480.00 W, 878 MiB
2026/10/09 02:23:59.501, 0, GPU-6c849b47-7111-9265-9d42-ff8eddc05a2d, 0 %, 0 %, 39, 210 MHz, 405 MHz, 38.81 W, 480.00 W, 878 MiB
2026/10/09 02:23:59.502, 1, GPU-81ac6e96-0bfe-390d-beb1-241466569d6b, 0 %, 0 %, 47, 2625 MHz, 10251 MHz, 76.36 W, 480.00 W, 878 MiB
2026/10/09 02:24:00.502, 0, GPU-6c849b47-7111-9265-9d42-ff8eddc05a2d, 0 %, 0 %, 39, 210 MHz, 405 MHz, 38.95 W, 480.00 W, 878 MiB
2026/10/09 02:24:00.503, 1, GPU-81ac6e96-0bfe-390d-beb1-241466569d6b, 0 %, 0 %, 47, 2625 MHz, 10251 MHz, 76.15 W, 480.00 W, 878 MiB
2026/10/09 02:24:01.503, 0, GPU-6c849b47-7111-9265-9d42-ff8eddc05a2d, 0 %, 0 %, 39, 210 MHz, 405 MHz, 38.75 W, 480.00 W, 878 MiB
2026/10/09 02:24:01.504, 1, GPU-81ac6e96-0bfe-390d-beb1-241466569d6b, 0 %, 0 %, 47, 2625 MHz, 10251 MHz, 75.91 W, 480.00 W, 878 MiB
2026/10/09 02:24:02.504, 0, GPU-6c849b47-7111-9265-9d42-ff8eddc05a2d, 0 %, 0 %, 39, 210 MHz, 405 MHz, 38.53 W, 480.00 W, 878 MiB
2026/10/09 02:24:02.505, 1, GPU-81ac6e96-0bfe-390d-beb1-241466569d6b, 0 %, 0 %, 47, 2625 MHz, 10251 MHz, 76.05 W, 480.00 W, 878 MiB
2026/10/09 02:24:03.505, 0, GPU-6c849b47-7111-9265-9d42-ff8eddc05a2d, 0 %, 0 %, 39, 210 MHz, 405 MHz, 38.42 W, 480.00 W, 878 MiB
2026/10/09 02:24:03.506, 1, GPU-81ac6e96-0bfe-390d-beb1-241466569d6b, 0 %, 0 %, 47, 2625 MHz, 10251 MHz, 76.00 W, 480.00 W, 878 MiB
2026/10/09 02:24:04.506, 0, GPU-6c849b47-7111-9265-9d42-ff8eddc05a2d, 0 %, 0 %, 39, 210 MHz, 405 MHz, 38.45 W, 480.00 W, 878 MiB
2026/10/09 02:24:04.506, 1, GPU-81ac6e96-0bfe-390d-beb1-241466569d6b, 0 %, 0 %, 47, 2625 MHz, 10251 MHz, 76.07 W, 480.00 W, 878 MiB
2026/10/09 02:24:05.507, 0, GPU-6c849b47-7111-9265-9d42-ff8eddc05a2d, 100 %, 0 %, 61, 2775 MHz, 10251 MHz, 249.72 W, 480.00 W, 878 MiB
2026/10/09 02:24:05.507, 1, GPU-81ac6e96-0bfe-390d-beb1-241466569d6b, 100 %, 0 %, 65, 2775 MHz, 10251 MHz, 267.18 W, 480.00 W, 878 MiB
2026/10/09 02:24:06.508, 0, GPU-6c849b47-7111-9265-9d42-ff8eddc05a2d, 100 %, 0 %, 65, 2700 MHz, 10251 MHz, 425.42 W, 480.00 W, 878 MiB
2026/10/09 02:24:06.508, 1, GPU-81ac6e96-0bfe-390d-beb1-241466569d6b, 100 %, 0 %, 68, 2715 MHz, 10251 MHz, 439.74 W, 480.00 W, 878 MiB
2026/10/09 02:24:07.508, 0, GPU-6c849b47-7111-9265-9d42-ff8eddc05a2d, 100 %, 0 %, 65, 2655 MHz, 10251 MHz, 486.90 W, 480.00 W, 878 MiB
2026/10/09 02:24:07.509, 1, GPU-81ac6e96-0bfe-390d-beb1-241466569d6b, 100 %, 0 %, 67, 2625 MHz, 10251 MHz, 493.32 W, 480.00 W, 878 MiB
2026/10/09 02:24:08.509, 0, GPU-6c849b47-7111-9265-9d42-ff8eddc05a2d, 100 %, 0 %, 67, 2745 MHz, 10251 MHz, 469.33 W, 480.00 W, 878 MiB
2026/10/09 02:24:08.510, 1, GPU-81ac6e96-0bfe-390d-beb1-241466569d6b, 100 %, 0 %, 68, 2730 MHz, 10251 MHz, 470.21 W, 480.00 W, 878 MiB
2026/10/09 02:24:09.510, 0, GPU-6c849b47-7111-9265-9d42-ff8eddc05a2d, 100 %, 0 %, 64, 2760 MHz, 10251 MHz, 450.14 W, 480.00 W, 878 MiB
2026/10/09 02:24:09.510, 1, GPU-81ac6e96-0bfe-390d-beb1-241466569d6b, 100 %, 0 %, 66, 2790 MHz, 10251 MHz, 450.00 W, 480.00 W, 878 MiB
2026/10/09 02:24:10.511, 0, GPU-6c849b47-7111-9265-9d42-ff8eddc05a2d, 100 %, 0 %, 66, 2700 MHz, 10251 MHz, 483.74 W, 480.00 W, 878 MiB
2026/10/09 02:24:10.511, 1, GPU-81ac6e96-0bfe-390d-beb1-241466569d6b, 100 %, 0 %, 67, 2685 MHz, 10251 MHz, 471.98 W, 480.00 W, 878 MiB
2026/10/09 02:24:11.512, 0, GPU-6c849b47-7111-9265-9d42-ff8eddc05a2d, 100 %, 0 %, 67, 2760 MHz, 10251 MHz, 451.53 W, 480.00 W, 878 MiB
2026/10/09 02:24:11.512, 1, GPU-81ac6e96-0bfe-390d-beb1-241466569d6b, 100 %, 0 %, 68, 2775 MHz, 10251 MHz, 451.36 W, 480.00 W, 878 MiB
2026/10/09 02:24:12.512, 0, GPU-6c849b47-7111-9265-9d42-ff8eddc05a2d, 100 %, 0 %, 64, 2760 MHz, 10251 MHz, 464.42 W, 480.00 W, 878 MiB
2026/10/09 02:24:12.513, 1, GPU-81ac6e96-0bfe-390d-beb1-241466569d6b, 100 %, 0 %, 64, 2775 MHz, 10251 MHz, 474.74 W, 480.00 W, 878 MiB
2026/10/09 02:24:13.513, 0, GPU-6c849b47-7111-9265-9d42-ff8eddc05a2d, 100 %, 0 %, 67, 2745 MHz, 10251 MHz, 447.81 W, 480.00 W, 878 MiB
2026/10/09 02:24:13.514, 1, GPU-81ac6e96-0bfe-390d-beb1-241466569d6b, 100 %, 0 %, 67, 2715 MHz, 10251 MHz, 450.99 W, 480.00 W, 878 MiB
2026/10/09 02:24:14.514, 0, GPU-6c849b47-7111-9265-9d42-ff8eddc05a2d, 100 %, 0 %, 66, 2760 MHz, 10251 MHz, 443.37 W, 480.00 W, 878 MiB
2026/10/09 02:24:14.514, 1, GPU-81ac6e96-0bfe-390d-beb1-241466569d6b, 100 %, 0 %, 67, 2775 MHz, 10251 MHz, 444.16 W, 480.00 W, 878 MiB
2026/10/09 02:24:15.515, 0, GPU-6c849b47-7111-9265-9d42-ff8eddc05a2d, 100 %, 0 %, 67, 2760 MHz, 10251 MHz, 471.90 W, 480.00 W, 878 MiB
2026/10/09 02:24:15.515, 1, GPU-81ac6e96-0bfe-390d-beb1-241466569d6b, 100 %, 0 %, 67, 2775 MHz, 10251 MHz, 475.69 W, 480.00 W, 878 MiB
2026/10/09 02:24:16.516, 0, GPU-6c849b47-7111-9265-9d42-ff8eddc05a2d, 100 %, 0 %, 65, 2760 MHz, 10251 MHz, 415.85 W, 480.00 W, 878 MiB
2026/10/09 02:24:16.516, 1, GPU-81ac6e96-0bfe-390d-beb1-241466569d6b, 100 %, 0 %, 65, 2775 MHz, 10251 MHz, 422.66 W, 480.00 W, 878 MiB
2026/10/09 02:24:17.517, 0, GPU-6c849b47-7111-9265-9d42-ff8eddc05a2d, 100 %, 0 %, 68, 2685 MHz, 10251 MHz, 438.30 W, 480.00 W, 878 MiB
2026/10/09 02:24:17.517, 1, GPU-81ac6e96-0bfe-390d-beb1-241466569d6b, 100 %, 0 %, 68, 2715 MHz, 10251 MHz, 436.06 W, 480.00 W, 878 MiB
2026/10/09 02:24:18.517, 0, GPU-6c849b47-7111-9265-9d42-ff8eddc05a2d, 100 %, 0 %, 67, 2670 MHz, 10251 MHz, 484.95 W, 480.00 W, 878 MiB
2026/10/09 02:24:18.518, 1, GPU-81ac6e96-0bfe-390d-beb1-241466569d6b, 100 %, 0 %, 67, 2670 MHz, 10251 MHz, 486.93 W, 480.00 W, 878 MiB
2026/10/09 02:24:19.518, 0, GPU-6c849b47-7111-9265-9d42-ff8eddc05a2d, 100 %, 0 %, 69, 2715 MHz, 10251 MHz, 471.32 W, 480.00 W, 878 MiB
2026/10/09 02:24:19.519, 1, GPU-81ac6e96-0bfe-390d-beb1-241466569d6b, 100 %, 0 %, 68, 2745 MHz, 10251 MHz, 471.87 W, 480.00 W, 878 MiB
2026/10/09 02:24:20.519, 0, GPU-6c849b47-7111-9265-9d42-ff8eddc05a2d, 100 %, 0 %, 66, 2745 MHz, 10251 MHz, 449.79 W, 480.00 W, 878 MiB
2026/10/09 02:24:20.519, 1, GPU-81ac6e96-0bfe-390d-beb1-241466569d6b, 100 %, 0 %, 67, 2760 MHz, 10251 MHz, 450.83 W, 480.00 W, 878 MiB
2026/10/09 02:24:21.520, 0, GPU-6c849b47-7111-9265-9d42-ff8eddc05a2d, 100 %, 0 %, 67, 2700 MHz, 10251 MHz, 483.38 W, 480.00 W, 878 MiB
2026/10/09 02:24:21.520, 1, GPU-81ac6e96-0bfe-390d-beb1-241466569d6b, 100 %, 0 %, 66, 2685 MHz, 10251 MHz, 486.39 W, 480.00 W, 878 MiB
2026/10/09 02:24:22.521, 0, GPU-6c849b47-7111-9265-9d42-ff8eddc05a2d, 100 %, 0 %, 67, 2760 MHz, 10251 MHz, 452.47 W, 480.00 W, 878 MiB
2026/10/09 02:24:22.521, 1, GPU-81ac6e96-0bfe-390d-beb1-241466569d6b, 100 %, 0 %, 67, 2775 MHz, 10251 MHz, 453.46 W, 480.00 W, 878 MiB
2026/10/09 02:24:23.521, 0, GPU-6c849b47-7111-9265-9d42-ff8eddc05a2d, 100 %, 0 %, 64, 2760 MHz, 10251 MHz, 458.52 W, 480.00 W, 878 MiB
2026/10/09 02:24:23.522, 1, GPU-81ac6e96-0bfe-390d-beb1-241466569d6b, 100 %, 0 %, 60, 2775 MHz, 10251 MHz, 465.65 W, 480.00 W, 878 MiB
2026/10/09 02:24:24.522, 0, GPU-6c849b47-7111-9265-9d42-ff8eddc05a2d, 100 %, 0 %, 67, 2730 MHz, 10251 MHz, 452.98 W, 480.00 W, 878 MiB
2026/10/09 02:24:24.523, 1, GPU-81ac6e96-0bfe-390d-beb1-241466569d6b, 100 %, 0 %, 67, 2715 MHz, 10251 MHz, 452.79 W, 480.00 W, 878 MiB
2026/10/09 02:24:25.523, 0, GPU-6c849b47-7111-9265-9d42-ff8eddc05a2d, 100 %, 0 %, 67, 2760 MHz, 10251 MHz, 445.08 W, 480.00 W, 878 MiB
2026/10/09 02:24:25.524, 1, GPU-81ac6e96-0bfe-390d-beb1-241466569d6b, 100 %, 0 %, 67, 2775 MHz, 10251 MHz, 446.13 W, 480.00 W, 878 MiB
2026/10/09 02:24:26.524, 0, GPU-6c849b47-7111-9265-9d42-ff8eddc05a2d, 100 %, 0 %, 67, 2760 MHz, 10251 MHz, 472.32 W, 480.00 W, 878 MiB
2026/10/09 02:24:26.524, 1, GPU-81ac6e96-0bfe-390d-beb1-241466569d6b, 100 %, 0 %, 66, 2775 MHz, 10251 MHz, 474.84 W, 480.00 W, 878 MiB
2026/10/09 02:24:27.525, 0, GPU-6c849b47-7111-9265-9d42-ff8eddc05a2d, 0 %, 0 %, 45, 2790 MHz, 10251 MHz, 159.59 W, 480.00 W, 878 MiB
2026/10/09 02:24:27.525, 1, GPU-81ac6e96-0bfe-390d-beb1-241466569d6b, 0 %, 0 %, 48, 2790 MHz, 10251 MHz, 161.37 W, 480.00 W, 878 MiB
2026/10/09 02:24:28.526, 0, GPU-6c849b47-7111-9265-9d42-ff8eddc05a2d, 0 %, 0 %, 44, 2625 MHz, 10251 MHz, 93.09 W, 480.00 W, 878 MiB
2026/10/09 02:24:28.526, 1, GPU-81ac6e96-0bfe-390d-beb1-241466569d6b, 0 %, 0 %, 48, 2790 MHz, 10251 MHz, 84.97 W, 480.00 W, 878 MiB
2026/10/09 02:24:29.527, 0, GPU-6c849b47-7111-9265-9d42-ff8eddc05a2d, 0 %, 0 %, 43, 2625 MHz, 10251 MHz, 89.29 W, 480.00 W, 878 MiB
2026/10/09 02:24:29.527, 1, GPU-81ac6e96-0bfe-390d-beb1-241466569d6b, 0 %, 0 %, 47, 2625 MHz, 10251 MHz, 82.41 W, 480.00 W, 878 MiB
2026/10/09 02:24:30.528, 0, GPU-6c849b47-7111-9265-9d42-ff8eddc05a2d, 0 %, 0 %, 42, 2625 MHz, 10251 MHz, 82.63 W, 480.00 W, 878 MiB
2026/10/09 02:24:30.528, 1, GPU-81ac6e96-0bfe-390d-beb1-241466569d6b, 0 %, 0 %, 47, 2625 MHz, 10251 MHz, 77.43 W, 480.00 W, 878 MiB
2026/10/09 02:24:31.528, 0, GPU-6c849b47-7111-9265-9d42-ff8eddc05a2d, 0 %, 0 %, 42, 2625 MHz, 10251 MHz, 82.34 W, 480.00 W, 878 MiB
2026/10/09 02:24:31.529, 1, GPU-81ac6e96-0bfe-390d-beb1-241466569d6b, 0 %, 0 %, 47, 2625 MHz, 10251 MHz, 76.87 W, 480.00 W, 878 MiB
2026/10/09 02:24:32.529, 0, GPU-6c849b47-7111-9265-9d42-ff8eddc05a2d, 0 %, 0 %, 42, 2625 MHz, 10251 MHz, 81.97 W, 480.00 W, 878 MiB
2026/10/09 02:24:32.530, 1, GPU-81ac6e96-0bfe-390d-beb1-241466569d6b, 0 %, 0 %, 47, 2625 MHz, 10251 MHz, 76.36 W, 480.00 W, 878 MiB
2026/10/09 02:24:33.530, 0, GPU-6c849b47-7111-9265-9d42-ff8eddc05a2d, 0 %, 0 %, 42, 2625 MHz, 10251 MHz, 81.71 W, 480.00 W, 878 MiB
2026/10/09 02:24:33.531, 1, GPU-81ac6e96-0bfe-390d-beb1-241466569d6b, 0 %, 0 %, 47, 2625 MHz, 10251 MHz, 76.01 W, 480.00 W, 878 MiB
2026/10/09 02:24:34.531, 0, GPU-6c849b47-7111-9265-9d42-ff8eddc05a2d, 0 %, 0 %, 42, 2625 MHz, 10251 MHz, 81.54 W, 480.00 W, 878 MiB
2026/10/09 02:24:34.531, 1, GPU-81ac6e96-0bfe-390d-beb1-241466569d6b, 0 %, 0 %, 47, 2625 MHz, 10251 MHz, 75.78 W, 480.00 W, 878 MiB
2026/10/09 02:24:35.532, 0, GPU-6c849b47-7111-9265-9d42-ff8eddc05a2d, 0 %, 0 %, 42, 2625 MHz, 10251 MHz, 81.47 W, 480.00 W, 878 MiB
2026/10/09 02:24:35.532, 1, GPU-81ac6e96-0bfe-390d-beb1-241466569d6b, 0 %, 0 %, 47, 2625 MHz, 10251 MHz, 75.73 W, 480.00 W, 878 MiB
2026/10/09 02:24:36.533, 0, GPU-6c849b47-7111-9265-9d42-ff8eddc05a2d, 0 %, 0 %, 42, 2625 MHz, 10251 MHz, 81.38 W, 480.00 W, 878 MiB
2026/10/09 02:24:36.533, 1, GPU-81ac6e96-0bfe-390d-beb1-241466569d6b, 0 %, 0 %, 46, 2625 MHz, 10251 MHz, 75.38 W, 480.00 W, 878 MiB
2026/10/09 02:24:37.534, 0, GPU-6c849b47-7111-9265-9d42-ff8eddc05a2d, 0 %, 0 %, 41, 2625 MHz, 10251 MHz, 81.28 W, 480.00 W, 878 MiB
2026/10/09 02:24:37.534, 1, GPU-81ac6e96-0bfe-390d-beb1-241466569d6b, 0 %, 0 %, 46, 2625 MHz, 10251 MHz, 75.22 W, 480.00 W, 878 MiB
2026/10/09 02:24:38.534, 0, GPU-6c849b47-7111-9265-9d42-ff8eddc05a2d, 100 %, 0 %, 42, 2625 MHz, 10251 MHz, 88.60 W, 480.00 W, 878 MiB
2026/10/09 02:24:38.535, 1, GPU-81ac6e96-0bfe-390d-beb1-241466569d6b, 0 %, 0 %, 46, 2625 MHz, 10251 MHz, 75.31 W, 480.00 W, 878 MiB
2026/10/09 02:24:39.535, 0, GPU-6c849b47-7111-9265-9d42-ff8eddc05a2d, 100 %, 0 %, 65, 2730 MHz, 10251 MHz, 427.77 W, 480.00 W, 878 MiB
2026/10/09 02:24:39.536, 1, GPU-81ac6e96-0bfe-390d-beb1-241466569d6b, 0 %, 0 %, 46, 2625 MHz, 10251 MHz, 75.31 W, 480.00 W, 878 MiB
2026/10/09 02:24:40.536, 0, GPU-6c849b47-7111-9265-9d42-ff8eddc05a2d, 100 %, 0 %, 68, 2700 MHz, 10251 MHz, 440.83 W, 480.00 W, 878 MiB
2026/10/09 02:24:40.537, 1, GPU-81ac6e96-0bfe-390d-beb1-241466569d6b, 0 %, 0 %, 46, 2625 MHz, 10251 MHz, 75.30 W, 480.00 W, 878 MiB
2026/10/09 02:24:41.537, 0, GPU-6c849b47-7111-9265-9d42-ff8eddc05a2d, 100 %, 0 %, 64, 2760 MHz, 10251 MHz, 451.32 W, 480.00 W, 878 MiB
2026/10/09 02:24:41.537, 1, GPU-81ac6e96-0bfe-390d-beb1-241466569d6b, 0 %, 0 %, 46, 2625 MHz, 10251 MHz, 75.46 W, 480.00 W, 878 MiB
2026/10/09 02:24:42.538, 0, GPU-6c849b47-7111-9265-9d42-ff8eddc05a2d, 100 %, 0 %, 68, 2655 MHz, 10251 MHz, 471.91 W, 480.00 W, 878 MiB
2026/10/09 02:24:42.538, 1, GPU-81ac6e96-0bfe-390d-beb1-241466569d6b, 0 %, 0 %, 46, 2625 MHz, 10251 MHz, 75.59 W, 480.00 W, 878 MiB
2026/10/09 02:24:43.539, 0, GPU-6c849b47-7111-9265-9d42-ff8eddc05a2d, 100 %, 0 %, 67, 2745 MHz, 10251 MHz, 450.12 W, 480.00 W, 878 MiB
2026/10/09 02:24:43.539, 1, GPU-81ac6e96-0bfe-390d-beb1-241466569d6b, 0 %, 0 %, 46, 2625 MHz, 10251 MHz, 75.48 W, 480.00 W, 878 MiB
2026/10/09 02:24:44.539, 0, GPU-6c849b47-7111-9265-9d42-ff8eddc05a2d, 100 %, 0 %, 68, 2730 MHz, 10251 MHz, 479.95 W, 480.00 W, 878 MiB
2026/10/09 02:24:44.540, 1, GPU-81ac6e96-0bfe-390d-beb1-241466569d6b, 0 %, 0 %, 46, 2625 MHz, 10251 MHz, 75.18 W, 480.00 W, 878 MiB
2026/10/09 02:24:45.540, 0, GPU-6c849b47-7111-9265-9d42-ff8eddc05a2d, 100 %, 0 %, 68, 2760 MHz, 10251 MHz, 454.70 W, 480.00 W, 878 MiB
2026/10/09 02:24:45.541, 1, GPU-81ac6e96-0bfe-390d-beb1-241466569d6b, 0 %, 0 %, 46, 2625 MHz, 10251 MHz, 74.94 W, 480.00 W, 878 MiB
2026/10/09 02:24:46.541, 0, GPU-6c849b47-7111-9265-9d42-ff8eddc05a2d, 100 %, 0 %, 66, 2760 MHz, 10251 MHz, 445.69 W, 480.00 W, 878 MiB
2026/10/09 02:24:46.542, 1, GPU-81ac6e96-0bfe-390d-beb1-241466569d6b, 0 %, 0 %, 45, 375 MHz, 810 MHz, 59.43 W, 480.00 W, 878 MiB
2026/10/09 02:24:47.543, 0, GPU-6c849b47-7111-9265-9d42-ff8eddc05a2d, 100 %, 0 %, 68, 2745 MHz, 10251 MHz, 478.32 W, 480.00 W, 878 MiB
2026/10/09 02:24:47.543, 1, GPU-81ac6e96-0bfe-390d-beb1-241466569d6b, 0 %, 0 %, 45, 240 MHz, 405 MHz, 38.49 W, 480.00 W, 878 MiB
2026/10/09 02:24:48.544, 0, GPU-6c849b47-7111-9265-9d42-ff8eddc05a2d, 100 %, 0 %, 68, 2760 MHz, 10251 MHz, 444.89 W, 480.00 W, 878 MiB
2026/10/09 02:24:48.544, 1, GPU-81ac6e96-0bfe-390d-beb1-241466569d6b, 0 %, 0 %, 44, 210 MHz, 405 MHz, 32.67 W, 480.00 W, 878 MiB
2026/10/09 02:24:49.558, 0, GPU-6c849b47-7111-9265-9d42-ff8eddc05a2d, 96 %, 0 %, 61, 2775 MHz, 10251 MHz, 440.49 W, 480.00 W, 878 MiB
2026/10/09 02:24:49.558, 1, GPU-81ac6e96-0bfe-390d-beb1-241466569d6b, 0 %, 0 %, 44, 210 MHz, 405 MHz, 32.43 W, 480.00 W, 878 MiB
2026/10/09 02:24:50.559, 0, GPU-6c849b47-7111-9265-9d42-ff8eddc05a2d, 100 %, 0 %, 69, 2715 MHz, 10251 MHz, 430.60 W, 480.00 W, 878 MiB
2026/10/09 02:24:50.559, 1, GPU-81ac6e96-0bfe-390d-beb1-241466569d6b, 0 %, 0 %, 44, 210 MHz, 405 MHz, 32.44 W, 480.00 W, 878 MiB
2026/10/09 02:24:51.560, 0, GPU-6c849b47-7111-9265-9d42-ff8eddc05a2d, 100 %, 0 %, 70, 2700 MHz, 10251 MHz, 454.68 W, 480.00 W, 878 MiB
2026/10/09 02:24:51.560, 1, GPU-81ac6e96-0bfe-390d-beb1-241466569d6b, 0 %, 0 %, 44, 210 MHz, 405 MHz, 32.21 W, 480.00 W, 878 MiB
2026/10/09 02:24:52.561, 0, GPU-6c849b47-7111-9265-9d42-ff8eddc05a2d, 100 %, 0 %, 64, 2730 MHz, 10251 MHz, 448.95 W, 480.00 W, 878 MiB
2026/10/09 02:24:52.561, 1, GPU-81ac6e96-0bfe-390d-beb1-241466569d6b, 0 %, 0 %, 44, 210 MHz, 405 MHz, 32.10 W, 480.00 W, 878 MiB
2026/10/09 02:24:53.562, 0, GPU-6c849b47-7111-9265-9d42-ff8eddc05a2d, 100 %, 0 %, 69, 2655 MHz, 10251 MHz, 475.10 W, 480.00 W, 878 MiB
2026/10/09 02:24:53.562, 1, GPU-81ac6e96-0bfe-390d-beb1-241466569d6b, 0 %, 0 %, 44, 210 MHz, 405 MHz, 32.30 W, 480.00 W, 878 MiB
2026/10/09 02:24:54.576, 0, GPU-6c849b47-7111-9265-9d42-ff8eddc05a2d, 100 %, 0 %, 69, 2745 MHz, 10251 MHz, 449.31 W, 480.00 W, 878 MiB
2026/10/09 02:24:54.576, 1, GPU-81ac6e96-0bfe-390d-beb1-241466569d6b, 0 %, 0 %, 44, 210 MHz, 405 MHz, 32.25 W, 480.00 W, 878 MiB
2026/10/09 02:24:55.577, 0, GPU-6c849b47-7111-9265-9d42-ff8eddc05a2d, 100 %, 0 %, 69, 2745 MHz, 10251 MHz, 479.85 W, 480.00 W, 878 MiB
2026/10/09 02:24:55.577, 1, GPU-81ac6e96-0bfe-390d-beb1-241466569d6b, 0 %, 0 %, 44, 210 MHz, 405 MHz, 32.01 W, 480.00 W, 878 MiB
2026/10/09 02:24:56.578, 0, GPU-6c849b47-7111-9265-9d42-ff8eddc05a2d, 100 %, 0 %, 70, 2760 MHz, 10251 MHz, 457.07 W, 480.00 W, 878 MiB
2026/10/09 02:24:56.578, 1, GPU-81ac6e96-0bfe-390d-beb1-241466569d6b, 0 %, 0 %, 43, 210 MHz, 405 MHz, 31.93 W, 480.00 W, 878 MiB
2026/10/09 02:24:57.579, 0, GPU-6c849b47-7111-9265-9d42-ff8eddc05a2d, 100 %, 0 %, 68, 2760 MHz, 10251 MHz, 445.93 W, 480.00 W, 878 MiB
2026/10/09 02:24:57.579, 1, GPU-81ac6e96-0bfe-390d-beb1-241466569d6b, 0 %, 0 %, 43, 210 MHz, 405 MHz, 31.80 W, 480.00 W, 878 MiB
2026/10/09 02:24:58.580, 0, GPU-6c849b47-7111-9265-9d42-ff8eddc05a2d, 100 %, 0 %, 69, 2730 MHz, 10251 MHz, 478.92 W, 480.00 W, 878 MiB
2026/10/09 02:24:58.580, 1, GPU-81ac6e96-0bfe-390d-beb1-241466569d6b, 0 %, 0 %, 43, 210 MHz, 405 MHz, 31.83 W, 480.00 W, 878 MiB
2026/10/09 02:24:59.581, 0, GPU-6c849b47-7111-9265-9d42-ff8eddc05a2d, 100 %, 0 %, 69, 2760 MHz, 10251 MHz, 445.48 W, 480.00 W, 878 MiB
2026/10/09 02:24:59.581, 1, GPU-81ac6e96-0bfe-390d-beb1-241466569d6b, 0 %, 0 %, 43, 210 MHz, 405 MHz, 31.99 W, 480.00 W, 878 MiB
2026/10/09 02:25:00.582, 0, GPU-6c849b47-7111-9265-9d42-ff8eddc05a2d, 99 %, 0 %, 61, 2775 MHz, 10251 MHz, 440.54 W, 480.00 W, 878 MiB
2026/10/09 02:25:00.582, 1, GPU-81ac6e96-0bfe-390d-beb1-241466569d6b, 0 %, 0 %, 43, 210 MHz, 405 MHz, 32.05 W, 480.00 W, 878 MiB
2026/10/09 02:25:01.583, 0, GPU-6c849b47-7111-9265-9d42-ff8eddc05a2d, 100 %, 0 %, 69, 2715 MHz, 10251 MHz, 437.04 W, 480.00 W, 878 MiB
2026/10/09 02:25:01.584, 1, GPU-81ac6e96-0bfe-390d-beb1-241466569d6b, 0 %, 0 %, 43, 210 MHz, 405 MHz, 31.95 W, 480.00 W, 878 MiB
2026/10/09 02:25:02.584, 0, GPU-6c849b47-7111-9265-9d42-ff8eddc05a2d, 100 %, 0 %, 71, 2700 MHz, 10251 MHz, 458.30 W, 480.00 W, 878 MiB
2026/10/09 02:25:02.584, 1, GPU-81ac6e96-0bfe-390d-beb1-241466569d6b, 0 %, 0 %, 43, 210 MHz, 405 MHz, 31.90 W, 480.00 W, 878 MiB
2026/10/09 02:25:03.585, 0, GPU-6c849b47-7111-9265-9d42-ff8eddc05a2d, 100 %, 0 %, 64, 2760 MHz, 10251 MHz, 455.62 W, 480.00 W, 878 MiB
2026/10/09 02:25:03.585, 1, GPU-81ac6e96-0bfe-390d-beb1-241466569d6b, 0 %, 0 %, 43, 210 MHz, 405 MHz, 31.89 W, 480.00 W, 878 MiB
2026/10/09 02:25:04.586, 0, GPU-6c849b47-7111-9265-9d42-ff8eddc05a2d, 100 %, 0 %, 69, 2655 MHz, 10251 MHz, 476.54 W, 480.00 W, 878 MiB
2026/10/09 02:25:04.586, 1, GPU-81ac6e96-0bfe-390d-beb1-241466569d6b, 0 %, 0 %, 43, 210 MHz, 405 MHz, 31.81 W, 480.00 W, 878 MiB
2026/10/09 02:25:05.587, 0, GPU-6c849b47-7111-9265-9d42-ff8eddc05a2d, 100 %, 0 %, 70, 2745 MHz, 10251 MHz, 454.45 W, 480.00 W, 878 MiB
2026/10/09 02:25:05.588, 1, GPU-81ac6e96-0bfe-390d-beb1-241466569d6b, 0 %, 0 %, 43, 210 MHz, 405 MHz, 31.51 W, 480.00 W, 878 MiB
2026/10/09 02:25:06.589, 0, GPU-6c849b47-7111-9265-9d42-ff8eddc05a2d, 100 %, 0 %, 69, 2760 MHz, 10251 MHz, 479.69 W, 480.00 W, 878 MiB
2026/10/09 02:25:06.590, 1, GPU-81ac6e96-0bfe-390d-beb1-241466569d6b, 0 %, 0 %, 43, 210 MHz, 405 MHz, 31.30 W, 480.00 W, 878 MiB
2026/10/09 02:25:07.590, 0, GPU-6c849b47-7111-9265-9d42-ff8eddc05a2d, 100 %, 0 %, 70, 2760 MHz, 10251 MHz, 458.13 W, 480.00 W, 878 MiB
2026/10/09 02:25:07.591, 1, GPU-81ac6e96-0bfe-390d-beb1-241466569d6b, 0 %, 0 %, 42, 210 MHz, 405 MHz, 31.33 W, 480.00 W, 878 MiB
2026/10/09 02:25:08.591, 0, GPU-6c849b47-7111-9265-9d42-ff8eddc05a2d, 100 %, 0 %, 69, 2760 MHz, 10251 MHz, 445.83 W, 480.00 W, 878 MiB
2026/10/09 02:25:08.592, 1, GPU-81ac6e96-0bfe-390d-beb1-241466569d6b, 0 %, 0 %, 42, 210 MHz, 405 MHz, 31.45 W, 480.00 W, 878 MiB
2026/10/09 02:25:09.592, 0, GPU-6c849b47-7111-9265-9d42-ff8eddc05a2d, 100 %, 0 %, 70, 2730 MHz, 10251 MHz, 478.75 W, 480.00 W, 878 MiB
2026/10/09 02:25:09.593, 1, GPU-81ac6e96-0bfe-390d-beb1-241466569d6b, 0 %, 0 %, 42, 210 MHz, 405 MHz, 31.59 W, 480.00 W, 878 MiB
2026/10/09 02:25:10.593, 0, GPU-6c849b47-7111-9265-9d42-ff8eddc05a2d, 100 %, 0 %, 69, 2760 MHz, 10251 MHz, 445.42 W, 480.00 W, 878 MiB
2026/10/09 02:25:10.594, 1, GPU-81ac6e96-0bfe-390d-beb1-241466569d6b, 0 %, 0 %, 42, 210 MHz, 405 MHz, 31.64 W, 480.00 W, 878 MiB
2026/10/09 02:25:11.594, 0, GPU-6c849b47-7111-9265-9d42-ff8eddc05a2d, 99 %, 0 %, 66, 2775 MHz, 10251 MHz, 438.80 W, 480.00 W, 878 MiB
2026/10/09 02:25:11.595, 1, GPU-81ac6e96-0bfe-390d-beb1-241466569d6b, 0 %, 0 %, 42, 210 MHz, 405 MHz, 31.63 W, 480.00 W, 878 MiB
2026/10/09 02:25:12.595, 0, GPU-6c849b47-7111-9265-9d42-ff8eddc05a2d, 100 %, 0 %, 70, 2715 MHz, 10251 MHz, 437.07 W, 480.00 W, 878 MiB
2026/10/09 02:25:12.596, 1, GPU-81ac6e96-0bfe-390d-beb1-241466569d6b, 0 %, 0 %, 42, 210 MHz, 405 MHz, 31.60 W, 480.00 W, 878 MiB
2026/10/09 02:25:13.596, 0, GPU-6c849b47-7111-9265-9d42-ff8eddc05a2d, 100 %, 0 %, 72, 2700 MHz, 10251 MHz, 449.19 W, 480.00 W, 878 MiB
2026/10/09 02:25:13.597, 1, GPU-81ac6e96-0bfe-390d-beb1-241466569d6b, 0 %, 0 %, 42, 210 MHz, 405 MHz, 31.53 W, 480.00 W, 878 MiB
2026/10/09 02:25:14.597, 0, GPU-6c849b47-7111-9265-9d42-ff8eddc05a2d, 100 %, 0 %, 68, 2760 MHz, 10251 MHz, 456.33 W, 480.00 W, 878 MiB
2026/10/09 02:25:14.598, 1, GPU-81ac6e96-0bfe-390d-beb1-241466569d6b, 0 %, 0 %, 42, 210 MHz, 405 MHz, 31.43 W, 480.00 W, 878 MiB
2026/10/09 02:25:15.598, 0, GPU-6c849b47-7111-9265-9d42-ff8eddc05a2d, 100 %, 0 %, 70, 2655 MHz, 10251 MHz, 479.95 W, 480.00 W, 878 MiB
2026/10/09 02:25:15.599, 1, GPU-81ac6e96-0bfe-390d-beb1-241466569d6b, 0 %, 0 %, 42, 210 MHz, 405 MHz, 31.55 W, 480.00 W, 878 MiB
2026/10/09 02:25:16.599, 0, GPU-6c849b47-7111-9265-9d42-ff8eddc05a2d, 100 %, 0 %, 71, 2745 MHz, 10251 MHz, 452.53 W, 480.00 W, 878 MiB
2026/10/09 02:25:16.599, 1, GPU-81ac6e96-0bfe-390d-beb1-241466569d6b, 0 %, 0 %, 42, 210 MHz, 405 MHz, 31.65 W, 480.00 W, 878 MiB
2026/10/09 02:25:17.600, 0, GPU-6c849b47-7111-9265-9d42-ff8eddc05a2d, 100 %, 0 %, 69, 2745 MHz, 10251 MHz, 479.97 W, 480.00 W, 878 MiB
2026/10/09 02:25:17.600, 1, GPU-81ac6e96-0bfe-390d-beb1-241466569d6b, 0 %, 0 %, 41, 210 MHz, 405 MHz, 31.78 W, 480.00 W, 878 MiB
2026/10/09 02:25:18.601, 0, GPU-6c849b47-7111-9265-9d42-ff8eddc05a2d, 100 %, 0 %, 71, 2745 MHz, 10251 MHz, 459.49 W, 480.00 W, 878 MiB
2026/10/09 02:25:18.601, 1, GPU-81ac6e96-0bfe-390d-beb1-241466569d6b, 0 %, 0 %, 41, 210 MHz, 405 MHz, 31.76 W, 480.00 W, 878 MiB
2026/10/09 02:25:19.602, 0, GPU-6c849b47-7111-9265-9d42-ff8eddc05a2d, 100 %, 0 %, 69, 2760 MHz, 10251 MHz, 445.42 W, 480.00 W, 878 MiB
2026/10/09 02:25:19.602, 1, GPU-81ac6e96-0bfe-390d-beb1-241466569d6b, 0 %, 0 %, 41, 210 MHz, 405 MHz, 31.66 W, 480.00 W, 878 MiB
2026/10/09 02:25:20.616, 0, GPU-6c849b47-7111-9265-9d42-ff8eddc05a2d, 100 %, 0 %, 70, 2730 MHz, 10251 MHz, 479.37 W, 480.00 W, 878 MiB
2026/10/09 02:25:20.617, 1, GPU-81ac6e96-0bfe-390d-beb1-241466569d6b, 0 %, 0 %, 41, 210 MHz, 405 MHz, 31.82 W, 480.00 W, 878 MiB
2026/10/09 02:25:21.617, 0, GPU-6c849b47-7111-9265-9d42-ff8eddc05a2d, 100 %, 0 %, 70, 2760 MHz, 10251 MHz, 447.22 W, 480.00 W, 878 MiB
2026/10/09 02:25:21.618, 1, GPU-81ac6e96-0bfe-390d-beb1-241466569d6b, 0 %, 0 %, 41, 210 MHz, 405 MHz, 31.73 W, 480.00 W, 878 MiB
2026/10/09 02:25:22.618, 0, GPU-6c849b47-7111-9265-9d42-ff8eddc05a2d, 69 %, 0 %, 56, 2760 MHz, 10251 MHz, 432.59 W, 480.00 W, 878 MiB
2026/10/09 02:25:22.619, 1, GPU-81ac6e96-0bfe-390d-beb1-241466569d6b, 0 %, 0 %, 41, 210 MHz, 405 MHz, 31.70 W, 480.00 W, 878 MiB
2026/10/09 02:25:23.619, 0, GPU-6c849b47-7111-9265-9d42-ff8eddc05a2d, 0 %, 0 %, 48, 2775 MHz, 10251 MHz, 125.73 W, 480.00 W, 878 MiB
2026/10/09 02:25:23.620, 1, GPU-81ac6e96-0bfe-390d-beb1-241466569d6b, 0 %, 0 %, 41, 210 MHz, 405 MHz, 31.68 W, 480.00 W, 878 MiB
2026/10/09 02:25:24.620, 0, GPU-6c849b47-7111-9265-9d42-ff8eddc05a2d, 0 %, 0 %, 46, 2625 MHz, 10251 MHz, 94.02 W, 480.00 W, 878 MiB
2026/10/09 02:25:24.621, 1, GPU-81ac6e96-0bfe-390d-beb1-241466569d6b, 0 %, 0 %, 41, 210 MHz, 405 MHz, 31.34 W, 480.00 W, 878 MiB
2026/10/09 02:25:25.621, 0, GPU-6c849b47-7111-9265-9d42-ff8eddc05a2d, 0 %, 0 %, 46, 2625 MHz, 10251 MHz, 84.06 W, 480.00 W, 878 MiB
2026/10/09 02:25:25.622, 1, GPU-81ac6e96-0bfe-390d-beb1-241466569d6b, 0 %, 0 %, 41, 210 MHz, 405 MHz, 31.13 W, 480.00 W, 878 MiB
2026/10/09 02:25:26.622, 0, GPU-6c849b47-7111-9265-9d42-ff8eddc05a2d, 0 %, 0 %, 45, 2625 MHz, 10251 MHz, 83.61 W, 480.00 W, 878 MiB
2026/10/09 02:25:26.623, 1, GPU-81ac6e96-0bfe-390d-beb1-241466569d6b, 0 %, 0 %, 41, 210 MHz, 405 MHz, 31.09 W, 480.00 W, 878 MiB
2026/10/09 02:25:27.623, 0, GPU-6c849b47-7111-9265-9d42-ff8eddc05a2d, 0 %, 0 %, 45, 2625 MHz, 10251 MHz, 83.31 W, 480.00 W, 878 MiB
2026/10/09 02:25:27.624, 1, GPU-81ac6e96-0bfe-390d-beb1-241466569d6b, 0 %, 0 %, 41, 210 MHz, 405 MHz, 31.12 W, 480.00 W, 878 MiB
2026/10/09 02:25:28.624, 0, GPU-6c849b47-7111-9265-9d42-ff8eddc05a2d, 0 %, 0 %, 45, 2625 MHz, 10251 MHz, 82.56 W, 480.00 W, 878 MiB
2026/10/09 02:25:28.624, 1, GPU-81ac6e96-0bfe-390d-beb1-241466569d6b, 0 %, 0 %, 41, 210 MHz, 405 MHz, 31.23 W, 480.00 W, 878 MiB
2026/10/09 02:25:29.625, 0, GPU-6c849b47-7111-9265-9d42-ff8eddc05a2d, 0 %, 0 %, 45, 2625 MHz, 10251 MHz, 82.39 W, 480.00 W, 878 MiB
2026/10/09 02:25:29.625, 1, GPU-81ac6e96-0bfe-390d-beb1-241466569d6b, 0 %, 0 %, 41, 210 MHz, 405 MHz, 31.41 W, 480.00 W, 878 MiB
2026/10/09 02:25:30.626, 0, GPU-6c849b47-7111-9265-9d42-ff8eddc05a2d, 0 %, 0 %, 45, 2625 MHz, 10251 MHz, 82.18 W, 480.00 W, 878 MiB
2026/10/09 02:25:30.626, 1, GPU-81ac6e96-0bfe-390d-beb1-241466569d6b, 0 %, 0 %, 40, 210 MHz, 405 MHz, 31.36 W, 480.00 W, 878 MiB
2026/10/09 02:25:31.627, 0, GPU-6c849b47-7111-9265-9d42-ff8eddc05a2d, 0 %, 0 %, 45, 2625 MHz, 10251 MHz, 82.02 W, 480.00 W, 878 MiB
2026/10/09 02:25:31.627, 1, GPU-81ac6e96-0bfe-390d-beb1-241466569d6b, 0 %, 0 %, 40, 210 MHz, 405 MHz, 31.16 W, 480.00 W, 878 MiB
2026/10/09 02:25:32.628, 0, GPU-6c849b47-7111-9265-9d42-ff8eddc05a2d, 0 %, 0 %, 44, 2625 MHz, 10251 MHz, 81.89 W, 480.00 W, 878 MiB
2026/10/09 02:25:32.628, 1, GPU-81ac6e96-0bfe-390d-beb1-241466569d6b, 0 %, 0 %, 40, 210 MHz, 405 MHz, 31.35 W, 480.00 W, 878 MiB
2026/10/09 02:25:33.642, 0, GPU-6c849b47-7111-9265-9d42-ff8eddc05a2d, 0 %, 0 %, 44, 2625 MHz, 10251 MHz, 81.83 W, 480.00 W, 878 MiB
2026/10/09 02:25:33.643, 1, GPU-81ac6e96-0bfe-390d-beb1-241466569d6b, 0 %, 0 %, 40, 210 MHz, 405 MHz, 31.35 W, 480.00 W, 878 MiB
2026/10/09 02:25:34.643, 0, GPU-6c849b47-7111-9265-9d42-ff8eddc05a2d, 0 %, 0 %, 44, 2625 MHz, 10251 MHz, 81.81 W, 480.00 W, 878 MiB
2026/10/09 02:25:34.644, 1, GPU-81ac6e96-0bfe-390d-beb1-241466569d6b, 0 %, 0 %, 40, 210 MHz, 405 MHz, 31.26 W, 480.00 W, 878 MiB
2026/10/09 02:25:35.644, 0, GPU-6c849b47-7111-9265-9d42-ff8eddc05a2d, 0 %, 0 %, 44, 2625 MHz, 10251 MHz, 81.78 W, 480.00 W, 878 MiB
2026/10/09 02:25:35.645, 1, GPU-81ac6e96-0bfe-390d-beb1-241466569d6b, 0 %, 0 %, 40, 210 MHz, 405 MHz, 31.43 W, 480.00 W, 878 MiB
2026/10/09 02:25:36.646, 0, GPU-6c849b47-7111-9265-9d42-ff8eddc05a2d, 0 %, 0 %, 44, 2625 MHz, 10251 MHz, 81.72 W, 480.00 W, 878 MiB
2026/10/09 02:25:36.646, 1, GPU-81ac6e96-0bfe-390d-beb1-241466569d6b, 100 %, 0 %, 52, 2790 MHz, 10251 MHz, 49.17 W, 480.00 W, 878 MiB
2026/10/09 02:25:37.646, 0, GPU-6c849b47-7111-9265-9d42-ff8eddc05a2d, 100 %, 0 %, 65, 2775 MHz, 10251 MHz, 300.85 W, 480.00 W, 878 MiB
2026/10/09 02:25:37.647, 1, GPU-81ac6e96-0bfe-390d-beb1-241466569d6b, 100 %, 0 %, 59, 2790 MHz, 10251 MHz, 445.38 W, 480.00 W, 878 MiB
2026/10/09 02:25:38.647, 0, GPU-6c849b47-7111-9265-9d42-ff8eddc05a2d, 100 %, 0 %, 70, 2700 MHz, 10251 MHz, 441.10 W, 480.00 W, 878 MiB
2026/10/09 02:25:38.648, 1, GPU-81ac6e96-0bfe-390d-beb1-241466569d6b, 100 %, 0 %, 63, 2655 MHz, 10251 MHz, 457.57 W, 480.00 W, 878 MiB
2026/10/09 02:25:39.648, 0, GPU-6c849b47-7111-9265-9d42-ff8eddc05a2d, 100 %, 0 %, 69, 2685 MHz, 10251 MHz, 485.99 W, 480.00 W, 878 MiB
2026/10/09 02:25:39.648, 1, GPU-81ac6e96-0bfe-390d-beb1-241466569d6b, 100 %, 0 %, 63, 2745 MHz, 10251 MHz, 453.99 W, 480.00 W, 878 MiB
2026/10/09 02:25:40.649, 0, GPU-6c849b47-7111-9265-9d42-ff8eddc05a2d, 100 %, 0 %, 70, 2670 MHz, 10251 MHz, 470.96 W, 480.00 W, 878 MiB
2026/10/09 02:25:40.649, 1, GPU-81ac6e96-0bfe-390d-beb1-241466569d6b, 100 %, 0 %, 62, 2700 MHz, 10251 MHz, 486.25 W, 480.00 W, 878 MiB
2026/10/09 02:25:41.650, 0, GPU-6c849b47-7111-9265-9d42-ff8eddc05a2d, 100 %, 0 %, 69, 2745 MHz, 10251 MHz, 443.97 W, 480.00 W, 878 MiB
2026/10/09 02:25:41.651, 1, GPU-81ac6e96-0bfe-390d-beb1-241466569d6b, 100 %, 0 %, 63, 2790 MHz, 10251 MHz, 456.46 W, 480.00 W, 878 MiB
2026/10/09 02:25:42.651, 0, GPU-6c849b47-7111-9265-9d42-ff8eddc05a2d, 100 %, 0 %, 70, 2700 MHz, 10251 MHz, 484.62 W, 480.00 W, 878 MiB
2026/10/09 02:25:42.652, 1, GPU-81ac6e96-0bfe-390d-beb1-241466569d6b, 100 %, 0 %, 54, 2790 MHz, 10251 MHz, 461.24 W, 480.00 W, 878 MiB
2026/10/09 02:25:43.652, 0, GPU-6c849b47-7111-9265-9d42-ff8eddc05a2d, 100 %, 0 %, 71, 2760 MHz, 10251 MHz, 454.47 W, 480.00 W, 878 MiB
2026/10/09 02:25:43.653, 1, GPU-81ac6e96-0bfe-390d-beb1-241466569d6b, 100 %, 0 %, 62, 2730 MHz, 10251 MHz, 455.80 W, 480.00 W, 878 MiB
2026/10/09 02:25:44.653, 0, GPU-6c849b47-7111-9265-9d42-ff8eddc05a2d, 100 %, 0 %, 63, 2760 MHz, 10251 MHz, 458.97 W, 480.00 W, 878 MiB
2026/10/09 02:25:44.653, 1, GPU-81ac6e96-0bfe-390d-beb1-241466569d6b, 100 %, 0 %, 62, 2790 MHz, 10251 MHz, 445.47 W, 480.00 W, 878 MiB
2026/10/09 02:25:45.654, 0, GPU-6c849b47-7111-9265-9d42-ff8eddc05a2d, 100 %, 0 %, 70, 2715 MHz, 10251 MHz, 451.11 W, 480.00 W, 878 MiB
2026/10/09 02:25:45.654, 1, GPU-81ac6e96-0bfe-390d-beb1-241466569d6b, 100 %, 0 %, 60, 2790 MHz, 10251 MHz, 474.84 W, 480.00 W, 878 MiB
2026/10/09 02:25:46.655, 0, GPU-6c849b47-7111-9265-9d42-ff8eddc05a2d, 100 %, 0 %, 70, 2760 MHz, 10251 MHz, 445.23 W, 480.00 W, 878 MiB
2026/10/09 02:25:46.655, 1, GPU-81ac6e96-0bfe-390d-beb1-241466569d6b, 100 %, 0 %, 62, 2790 MHz, 10251 MHz, 438.41 W, 480.00 W, 878 MiB
2026/10/09 02:25:47.655, 0, GPU-6c849b47-7111-9265-9d42-ff8eddc05a2d, 100 %, 0 %, 69, 2760 MHz, 10251 MHz, 475.61 W, 480.00 W, 878 MiB
2026/10/09 02:25:47.656, 1, GPU-81ac6e96-0bfe-390d-beb1-241466569d6b, 100 %, 0 %, 59, 2790 MHz, 10251 MHz, 416.71 W, 480.00 W, 878 MiB
2026/10/09 02:25:48.656, 0, GPU-6c849b47-7111-9265-9d42-ff8eddc05a2d, 100 %, 0 %, 69, 2760 MHz, 10251 MHz, 420.14 W, 480.00 W, 878 MiB
2026/10/09 02:25:48.657, 1, GPU-81ac6e96-0bfe-390d-beb1-241466569d6b, 100 %, 0 %, 51, 2790 MHz, 10251 MHz, 446.57 W, 480.00 W, 878 MiB
2026/10/09 02:25:49.657, 0, GPU-6c849b47-7111-9265-9d42-ff8eddc05a2d, 100 %, 0 %, 72, 2685 MHz, 10251 MHz, 442.59 W, 480.00 W, 878 MiB
2026/10/09 02:25:49.657, 1, GPU-81ac6e96-0bfe-390d-beb1-241466569d6b, 100 %, 0 %, 63, 2640 MHz, 10251 MHz, 450.22 W, 480.00 W, 878 MiB
2026/10/09 02:25:50.658, 0, GPU-6c849b47-7111-9265-9d42-ff8eddc05a2d, 100 %, 0 %, 70, 2700 MHz, 10251 MHz, 485.62 W, 480.00 W, 878 MiB
2026/10/09 02:25:50.658, 1, GPU-81ac6e96-0bfe-390d-beb1-241466569d6b, 100 %, 0 %, 63, 2745 MHz, 10251 MHz, 452.45 W, 480.00 W, 878 MiB
2026/10/09 02:25:51.659, 0, GPU-6c849b47-7111-9265-9d42-ff8eddc05a2d, 100 %, 0 %, 72, 2670 MHz, 10251 MHz, 474.71 W, 480.00 W, 878 MiB
2026/10/09 02:25:51.659, 1, GPU-81ac6e96-0bfe-390d-beb1-241466569d6b, 100 %, 0 %, 63, 2730 MHz, 10251 MHz, 483.03 W, 480.00 W, 878 MiB
2026/10/09 02:25:52.659, 0, GPU-6c849b47-7111-9265-9d42-ff8eddc05a2d, 100 %, 0 %, 70, 2730 MHz, 10251 MHz, 449.59 W, 480.00 W, 878 MiB
2026/10/09 02:25:52.660, 1, GPU-81ac6e96-0bfe-390d-beb1-241466569d6b, 100 %, 0 %, 63, 2775 MHz, 10251 MHz, 460.70 W, 480.00 W, 878 MiB
2026/10/09 02:25:53.660, 0, GPU-6c849b47-7111-9265-9d42-ff8eddc05a2d, 100 %, 0 %, 70, 2670 MHz, 10251 MHz, 485.25 W, 480.00 W, 878 MiB
2026/10/09 02:25:53.661, 1, GPU-81ac6e96-0bfe-390d-beb1-241466569d6b, 100 %, 0 %, 62, 2790 MHz, 10251 MHz, 448.23 W, 480.00 W, 878 MiB
2026/10/09 02:25:54.661, 0, GPU-6c849b47-7111-9265-9d42-ff8eddc05a2d, 100 %, 0 %, 72, 2745 MHz, 10251 MHz, 454.06 W, 480.00 W, 878 MiB
2026/10/09 02:25:54.661, 1, GPU-81ac6e96-0bfe-390d-beb1-241466569d6b, 100 %, 0 %, 63, 2730 MHz, 10251 MHz, 467.79 W, 480.00 W, 878 MiB
2026/10/09 02:25:55.662, 0, GPU-6c849b47-7111-9265-9d42-ff8eddc05a2d, 100 %, 0 %, 64, 2760 MHz, 10251 MHz, 465.39 W, 480.00 W, 878 MiB
2026/10/09 02:25:55.662, 1, GPU-81ac6e96-0bfe-390d-beb1-241466569d6b, 100 %, 0 %, 64, 2790 MHz, 10251 MHz, 447.07 W, 480.00 W, 878 MiB
2026/10/09 02:25:56.663, 0, GPU-6c849b47-7111-9265-9d42-ff8eddc05a2d, 100 %, 0 %, 70, 2685 MHz, 10251 MHz, 454.54 W, 480.00 W, 878 MiB
2026/10/09 02:25:56.663, 1, GPU-81ac6e96-0bfe-390d-beb1-241466569d6b, 100 %, 0 %, 57, 2790 MHz, 10251 MHz, 466.71 W, 480.00 W, 878 MiB
2026/10/09 02:25:57.663, 0, GPU-6c849b47-7111-9265-9d42-ff8eddc05a2d, 100 %, 0 %, 70, 2760 MHz, 10251 MHz, 444.74 W, 480.00 W, 878 MiB
2026/10/09 02:25:57.664, 1, GPU-81ac6e96-0bfe-390d-beb1-241466569d6b, 100 %, 0 %, 64, 2775 MHz, 10251 MHz, 442.37 W, 480.00 W, 878 MiB
2026/10/09 02:25:58.664, 0, GPU-6c849b47-7111-9265-9d42-ff8eddc05a2d, 100 %, 0 %, 70, 2760 MHz, 10251 MHz, 476.26 W, 480.00 W, 878 MiB
2026/10/09 02:25:58.664, 1, GPU-81ac6e96-0bfe-390d-beb1-241466569d6b, 0 %, 0 %, 46, 2805 MHz, 10251 MHz, 317.38 W, 480.00 W, 878 MiB
2026/10/09 02:25:59.665, 0, GPU-6c849b47-7111-9265-9d42-ff8eddc05a2d, 0 %, 0 %, 49, 2775 MHz, 10251 MHz, 176.90 W, 480.00 W, 878 MiB
2026/10/09 02:25:59.665, 1, GPU-81ac6e96-0bfe-390d-beb1-241466569d6b, 0 %, 0 %, 45, 2805 MHz, 10251 MHz, 83.64 W, 480.00 W, 878 MiB
2026/10/09 02:26:00.666, 0, GPU-6c849b47-7111-9265-9d42-ff8eddc05a2d, 0 %, 0 %, 47, 2625 MHz, 10251 MHz, 96.32 W, 480.00 W, 878 MiB
2026/10/09 02:26:00.666, 1, GPU-81ac6e96-0bfe-390d-beb1-241466569d6b, 0 %, 0 %, 44, 2625 MHz, 10251 MHz, 79.07 W, 480.00 W, 878 MiB
2026/10/09 02:26:01.667, 0, GPU-6c849b47-7111-9265-9d42-ff8eddc05a2d, 0 %, 0 %, 46, 2625 MHz, 10251 MHz, 91.16 W, 480.00 W, 878 MiB
2026/10/09 02:26:01.667, 1, GPU-81ac6e96-0bfe-390d-beb1-241466569d6b, 0 %, 0 %, 44, 2625 MHz, 10251 MHz, 78.47 W, 480.00 W, 878 MiB
2026/10/09 02:26:02.668, 0, GPU-6c849b47-7111-9265-9d42-ff8eddc05a2d, 0 %, 0 %, 46, 2625 MHz, 10251 MHz, 83.72 W, 480.00 W, 878 MiB
2026/10/09 02:26:02.668, 1, GPU-81ac6e96-0bfe-390d-beb1-241466569d6b, 0 %, 0 %, 44, 2625 MHz, 10251 MHz, 74.28 W, 480.00 W, 878 MiB
2026/10/09 02:26:03.668, 0, GPU-6c849b47-7111-9265-9d42-ff8eddc05a2d, 0 %, 0 %, 45, 2625 MHz, 10251 MHz, 83.35 W, 480.00 W, 878 MiB
2026/10/09 02:26:03.669, 1, GPU-81ac6e96-0bfe-390d-beb1-241466569d6b, 0 %, 0 %, 44, 2625 MHz, 10251 MHz, 74.21 W, 480.00 W, 878 MiB
2026/10/09 02:26:04.669, 0, GPU-6c849b47-7111-9265-9d42-ff8eddc05a2d, 0 %, 0 %, 45, 2625 MHz, 10251 MHz, 82.80 W, 480.00 W, 878 MiB
2026/10/09 02:26:04.670, 1, GPU-81ac6e96-0bfe-390d-beb1-241466569d6b, 0 %, 0 %, 44, 2625 MHz, 10251 MHz, 73.90 W, 480.00 W, 878 MiB
2026/10/09 02:26:05.670, 0, GPU-6c849b47-7111-9265-9d42-ff8eddc05a2d, 0 %, 0 %, 45, 2625 MHz, 10251 MHz, 82.32 W, 480.00 W, 878 MiB
2026/10/09 02:26:05.671, 1, GPU-81ac6e96-0bfe-390d-beb1-241466569d6b, 0 %, 0 %, 44, 2625 MHz, 10251 MHz, 73.90 W, 480.00 W, 878 MiB
2026/10/09 02:26:06.671, 0, GPU-6c849b47-7111-9265-9d42-ff8eddc05a2d, 0 %, 0 %, 45, 2625 MHz, 10251 MHz, 81.97 W, 480.00 W, 878 MiB
2026/10/09 02:26:06.672, 1, GPU-81ac6e96-0bfe-390d-beb1-241466569d6b, 0 %, 0 %, 44, 2625 MHz, 10251 MHz, 74.03 W, 480.00 W, 878 MiB
2026/10/09 02:26:07.672, 0, GPU-6c849b47-7111-9265-9d42-ff8eddc05a2d, 0 %, 0 %, 45, 2625 MHz, 10251 MHz, 81.74 W, 480.00 W, 878 MiB
2026/10/09 02:26:07.672, 1, GPU-81ac6e96-0bfe-390d-beb1-241466569d6b, 0 %, 0 %, 44, 2625 MHz, 10251 MHz, 73.73 W, 480.00 W, 878 MiB
2026/10/09 02:26:08.673, 0, GPU-6c849b47-7111-9265-9d42-ff8eddc05a2d, 0 %, 0 %, 45, 2625 MHz, 10251 MHz, 81.62 W, 480.00 W, 878 MiB
2026/10/09 02:26:08.673, 1, GPU-81ac6e96-0bfe-390d-beb1-241466569d6b, 0 %, 0 %, 44, 2625 MHz, 10251 MHz, 73.75 W, 480.00 W, 878 MiB
2026/10/09 02:26:09.674, 0, GPU-6c849b47-7111-9265-9d42-ff8eddc05a2d, 0 %, 0 %, 45, 2625 MHz, 10251 MHz, 81.64 W, 480.00 W, 878 MiB
2026/10/09 02:26:09.674, 1, GPU-81ac6e96-0bfe-390d-beb1-241466569d6b, 0 %, 0 %, 44, 2625 MHz, 10251 MHz, 74.21 W, 480.00 W, 878 MiB
2026/10/09 02:26:10.675, 0, GPU-6c849b47-7111-9265-9d42-ff8eddc05a2d, 0 %, 0 %, 45, 2625 MHz, 10251 MHz, 81.64 W, 480.00 W, 878 MiB
2026/10/09 02:26:10.675, 1, GPU-81ac6e96-0bfe-390d-beb1-241466569d6b, 0 %, 0 %, 44, 2625 MHz, 10251 MHz, 74.57 W, 480.00 W, 878 MiB
2026/10/09 02:26:11.675, 0, GPU-6c849b47-7111-9265-9d42-ff8eddc05a2d, 100 %, 0 %, 65, 2775 MHz, 10251 MHz, 278.89 W, 480.00 W, 878 MiB
2026/10/09 02:26:11.676, 1, GPU-81ac6e96-0bfe-390d-beb1-241466569d6b, 0 %, 0 %, 44, 2625 MHz, 10251 MHz, 74.58 W, 480.00 W, 878 MiB
2026/10/09 02:26:12.676, 0, GPU-6c849b47-7111-9265-9d42-ff8eddc05a2d, 100 %, 0 %, 70, 2700 MHz, 10251 MHz, 443.11 W, 480.00 W, 878 MiB
2026/10/09 02:26:12.677, 1, GPU-81ac6e96-0bfe-390d-beb1-241466569d6b, 0 %, 0 %, 44, 2625 MHz, 10251 MHz, 74.62 W, 480.00 W, 878 MiB
2026/10/09 02:26:13.677, 0, GPU-6c849b47-7111-9265-9d42-ff8eddc05a2d, 100 %, 0 %, 70, 2760 MHz, 10251 MHz, 483.08 W, 480.00 W, 878 MiB
2026/10/09 02:26:13.678, 1, GPU-81ac6e96-0bfe-390d-beb1-241466569d6b, 0 %, 0 %, 44, 2625 MHz, 10251 MHz, 74.79 W, 480.00 W, 878 MiB
2026/10/09 02:26:14.678, 0, GPU-6c849b47-7111-9265-9d42-ff8eddc05a2d, 100 %, 0 %, 70, 2655 MHz, 10251 MHz, 472.20 W, 480.00 W, 878 MiB
2026/10/09 02:26:14.678, 1, GPU-81ac6e96-0bfe-390d-beb1-241466569d6b, 0 %, 0 %, 44, 2625 MHz, 10251 MHz, 74.67 W, 480.00 W, 878 MiB
2026/10/09 02:26:15.679, 0, GPU-6c849b47-7111-9265-9d42-ff8eddc05a2d, 100 %, 0 %, 70, 2745 MHz, 10251 MHz, 449.63 W, 480.00 W, 878 MiB
2026/10/09 02:26:15.679, 1, GPU-81ac6e96-0bfe-390d-beb1-241466569d6b, 0 %, 0 %, 44, 2625 MHz, 10251 MHz, 74.71 W, 480.00 W, 878 MiB
2026/10/09 02:26:16.710, 0, GPU-6c849b47-7111-9265-9d42-ff8eddc05a2d, 100 %, 0 %, 70, 2700 MHz, 10251 MHz, 481.64 W, 480.00 W, 878 MiB
2026/10/09 02:26:16.711, 1, GPU-81ac6e96-0bfe-390d-beb1-241466569d6b, 0 %, 0 %, 44, 2625 MHz, 10251 MHz, 74.63 W, 480.00 W, 878 MiB
2026/10/09 02:26:17.711, 0, GPU-6c849b47-7111-9265-9d42-ff8eddc05a2d, 100 %, 0 %, 71, 2760 MHz, 10251 MHz, 457.17 W, 480.00 W, 878 MiB
2026/10/09 02:26:17.712, 1, GPU-81ac6e96-0bfe-390d-beb1-241466569d6b, 0 %, 0 %, 44, 2625 MHz, 10251 MHz, 74.11 W, 480.00 W, 878 MiB
2026/10/09 02:26:18.712, 0, GPU-6c849b47-7111-9265-9d42-ff8eddc05a2d, 100 %, 0 %, 67, 2760 MHz, 10251 MHz, 452.39 W, 480.00 W, 878 MiB
2026/10/09 02:26:18.713, 1, GPU-81ac6e96-0bfe-390d-beb1-241466569d6b, 0 %, 0 %, 43, 360 MHz, 810 MHz, 57.33 W, 480.00 W, 878 MiB
2026/10/09 02:26:19.713, 0, GPU-6c849b47-7111-9265-9d42-ff8eddc05a2d, 100 %, 0 %, 70, 2700 MHz, 10251 MHz, 456.45 W, 480.00 W, 878 MiB
2026/10/09 02:26:19.714, 1, GPU-81ac6e96-0bfe-390d-beb1-241466569d6b, 0 %, 0 %, 42, 225 MHz, 405 MHz, 37.45 W, 480.00 W, 878 MiB
2026/10/09 02:26:20.714, 0, GPU-6c849b47-7111-9265-9d42-ff8eddc05a2d, 100 %, 0 %, 70, 2760 MHz, 10251 MHz, 445.78 W, 480.00 W, 878 MiB
2026/10/09 02:26:20.728, 1, GPU-81ac6e96-0bfe-390d-beb1-241466569d6b, 0 %, 0 %, 42, 210 MHz, 405 MHz, 33.29 W, 480.00 W, 878 MiB
2026/10/09 02:26:21.729, 0, GPU-6c849b47-7111-9265-9d42-ff8eddc05a2d, 100 %, 0 %, 67, 2760 MHz, 10251 MHz, 472.98 W, 480.00 W, 878 MiB
2026/10/09 02:26:21.729, 1, GPU-81ac6e96-0bfe-390d-beb1-241466569d6b, 0 %, 0 %, 42, 210 MHz, 405 MHz, 32.48 W, 480.00 W, 878 MiB
2026/10/09 02:26:22.730, 0, GPU-6c849b47-7111-9265-9d42-ff8eddc05a2d, 100 %, 0 %, 70, 2760 MHz, 10251 MHz, 418.41 W, 480.00 W, 878 MiB
2026/10/09 02:26:22.730, 1, GPU-81ac6e96-0bfe-390d-beb1-241466569d6b, 0 %, 0 %, 42, 210 MHz, 405 MHz, 32.46 W, 480.00 W, 878 MiB
2026/10/09 02:26:23.731, 0, GPU-6c849b47-7111-9265-9d42-ff8eddc05a2d, 100 %, 0 %, 73, 2685 MHz, 10251 MHz, 448.21 W, 480.00 W, 878 MiB
2026/10/09 02:26:23.731, 1, GPU-81ac6e96-0bfe-390d-beb1-241466569d6b, 0 %, 0 %, 42, 210 MHz, 405 MHz, 32.21 W, 480.00 W, 878 MiB
2026/10/09 02:26:24.732, 0, GPU-6c849b47-7111-9265-9d42-ff8eddc05a2d, 100 %, 0 %, 70, 2760 MHz, 10251 MHz, 481.79 W, 480.00 W, 878 MiB
2026/10/09 02:26:24.732, 1, GPU-81ac6e96-0bfe-390d-beb1-241466569d6b, 0 %, 0 %, 42, 210 MHz, 405 MHz, 32.08 W, 480.00 W, 878 MiB
2026/10/09 02:26:25.733, 0, GPU-6c849b47-7111-9265-9d42-ff8eddc05a2d, 100 %, 0 %, 71, 2625 MHz, 10251 MHz, 474.02 W, 480.00 W, 878 MiB
2026/10/09 02:26:25.733, 1, GPU-81ac6e96-0bfe-390d-beb1-241466569d6b, 0 %, 0 %, 42, 210 MHz, 405 MHz, 32.16 W, 480.00 W, 878 MiB
2026/10/09 02:26:26.734, 0, GPU-6c849b47-7111-9265-9d42-ff8eddc05a2d, 100 %, 0 %, 71, 2745 MHz, 10251 MHz, 450.80 W, 480.00 W, 878 MiB
2026/10/09 02:26:26.734, 1, GPU-81ac6e96-0bfe-390d-beb1-241466569d6b, 0 %, 0 %, 42, 210 MHz, 405 MHz, 32.15 W, 480.00 W, 878 MiB
2026/10/09 02:26:27.735, 0, GPU-6c849b47-7111-9265-9d42-ff8eddc05a2d, 100 %, 0 %, 70, 2700 MHz, 10251 MHz, 485.26 W, 480.00 W, 878 MiB
2026/10/09 02:26:27.735, 1, GPU-81ac6e96-0bfe-390d-beb1-241466569d6b, 0 %, 0 %, 42, 210 MHz, 405 MHz, 32.15 W, 480.00 W, 878 MiB
2026/10/09 02:26:28.736, 0, GPU-6c849b47-7111-9265-9d42-ff8eddc05a2d, 100 %, 0 %, 72, 2745 MHz, 10251 MHz, 454.13 W, 480.00 W, 878 MiB
2026/10/09 02:26:28.736, 1, GPU-81ac6e96-0bfe-390d-beb1-241466569d6b, 0 %, 0 %, 41, 210 MHz, 405 MHz, 32.11 W, 480.00 W, 878 MiB
2026/10/09 02:26:29.737, 0, GPU-6c849b47-7111-9265-9d42-ff8eddc05a2d, 100 %, 0 %, 68, 2760 MHz, 10251 MHz, 450.22 W, 480.00 W, 878 MiB
2026/10/09 02:26:29.737, 1, GPU-81ac6e96-0bfe-390d-beb1-241466569d6b, 0 %, 0 %, 41, 210 MHz, 405 MHz, 31.91 W, 480.00 W, 878 MiB
2026/10/09 02:26:30.738, 0, GPU-6c849b47-7111-9265-9d42-ff8eddc05a2d, 100 %, 0 %, 71, 2700 MHz, 10251 MHz, 458.78 W, 480.00 W, 878 MiB
2026/10/09 02:26:30.738, 1, GPU-81ac6e96-0bfe-390d-beb1-241466569d6b, 0 %, 0 %, 41, 210 MHz, 405 MHz, 31.93 W, 480.00 W, 878 MiB
2026/10/09 02:26:31.738, 0, GPU-6c849b47-7111-9265-9d42-ff8eddc05a2d, 100 %, 0 %, 71, 2760 MHz, 10251 MHz, 444.50 W, 480.00 W, 878 MiB
2026/10/09 02:26:31.739, 1, GPU-81ac6e96-0bfe-390d-beb1-241466569d6b, 0 %, 0 %, 41, 210 MHz, 405 MHz, 32.01 W, 480.00 W, 878 MiB
2026/10/09 02:26:32.770, 0, GPU-6c849b47-7111-9265-9d42-ff8eddc05a2d, 100 %, 0 %, 69, 2760 MHz, 10251 MHz, 423.20 W, 480.00 W, 878 MiB
2026/10/09 02:26:32.771, 1, GPU-81ac6e96-0bfe-390d-beb1-241466569d6b, 0 %, 0 %, 41, 210 MHz, 405 MHz, 32.03 W, 480.00 W, 878 MiB
2026/10/09 02:26:33.772, 0, GPU-6c849b47-7111-9265-9d42-ff8eddc05a2d, 100 %, 0 %, 68, 2700 MHz, 10251 MHz, 429.01 W, 480.00 W, 878 MiB
2026/10/09 02:26:33.772, 1, GPU-81ac6e96-0bfe-390d-beb1-241466569d6b, 0 %, 0 %, 41, 210 MHz, 405 MHz, 32.04 W, 480.00 W, 878 MiB
2026/10/09 02:26:34.772, 0, GPU-6c849b47-7111-9265-9d42-ff8eddc05a2d, 100 %, 0 %, 71, 2595 MHz, 10251 MHz, 469.34 W, 480.00 W, 878 MiB
2026/10/09 02:26:34.773, 1, GPU-81ac6e96-0bfe-390d-beb1-241466569d6b, 0 %, 0 %, 41, 210 MHz, 405 MHz, 31.99 W, 480.00 W, 878 MiB
2026/10/09 02:26:35.773, 0, GPU-6c849b47-7111-9265-9d42-ff8eddc05a2d, 100 %, 0 %, 72, 2715 MHz, 10251 MHz, 456.40 W, 480.00 W, 878 MiB
2026/10/09 02:26:35.774, 1, GPU-81ac6e96-0bfe-390d-beb1-241466569d6b, 0 %, 0 %, 41, 210 MHz, 405 MHz, 31.81 W, 480.00 W, 878 MiB
2026/10/09 02:26:36.774, 0, GPU-6c849b47-7111-9265-9d42-ff8eddc05a2d, 100 %, 0 %, 71, 2700 MHz, 10251 MHz, 483.81 W, 480.00 W, 878 MiB
2026/10/09 02:26:36.775, 1, GPU-81ac6e96-0bfe-390d-beb1-241466569d6b, 0 %, 0 %, 41, 210 MHz, 405 MHz, 31.68 W, 480.00 W, 878 MiB
2026/10/09 02:26:37.806, 0, GPU-6c849b47-7111-9265-9d42-ff8eddc05a2d, 100 %, 0 %, 72, 2745 MHz, 10251 MHz, 463.20 W, 480.00 W, 878 MiB
2026/10/09 02:26:37.807, 1, GPU-81ac6e96-0bfe-390d-beb1-241466569d6b, 0 %, 0 %, 41, 210 MHz, 405 MHz, 31.87 W, 480.00 W, 878 MiB
2026/10/09 02:26:38.807, 0, GPU-6c849b47-7111-9265-9d42-ff8eddc05a2d, 100 %, 0 %, 70, 2745 MHz, 10251 MHz, 448.25 W, 480.00 W, 878 MiB
2026/10/09 02:26:38.808, 1, GPU-81ac6e96-0bfe-390d-beb1-241466569d6b, 0 %, 0 %, 41, 210 MHz, 405 MHz, 32.11 W, 480.00 W, 878 MiB
2026/10/09 02:26:39.808, 0, GPU-6c849b47-7111-9265-9d42-ff8eddc05a2d, 100 %, 0 %, 71, 2700 MHz, 10251 MHz, 476.14 W, 480.00 W, 878 MiB
2026/10/09 02:26:39.808, 1, GPU-81ac6e96-0bfe-390d-beb1-241466569d6b, 0 %, 0 %, 41, 210 MHz, 405 MHz, 32.30 W, 480.00 W, 878 MiB
2026/10/09 02:26:40.809, 0, GPU-6c849b47-7111-9265-9d42-ff8eddc05a2d, 100 %, 0 %, 71, 2760 MHz, 10251 MHz, 449.86 W, 480.00 W, 878 MiB
2026/10/09 02:26:40.809, 1, GPU-81ac6e96-0bfe-390d-beb1-241466569d6b, 0 %, 0 %, 41, 210 MHz, 405 MHz, 32.12 W, 480.00 W, 878 MiB
2026/10/09 02:26:41.810, 0, GPU-6c849b47-7111-9265-9d42-ff8eddc05a2d, 100 %, 0 %, 64, 2760 MHz, 10251 MHz, 468.19 W, 480.00 W, 878 MiB
2026/10/09 02:26:41.810, 1, GPU-81ac6e96-0bfe-390d-beb1-241466569d6b, 0 %, 0 %, 41, 210 MHz, 405 MHz, 32.01 W, 480.00 W, 878 MiB
2026/10/09 02:26:42.840, 0, GPU-6c849b47-7111-9265-9d42-ff8eddc05a2d, 100 %, 0 %, 71, 2730 MHz, 10251 MHz, 447.65 W, 480.00 W, 878 MiB
2026/10/09 02:26:42.840, 1, GPU-81ac6e96-0bfe-390d-beb1-241466569d6b, 0 %, 0 %, 40, 210 MHz, 405 MHz, 31.92 W, 480.00 W, 878 MiB
2026/10/09 02:26:43.841, 0, GPU-6c849b47-7111-9265-9d42-ff8eddc05a2d, 100 %, 0 %, 69, 2760 MHz, 10251 MHz, 421.43 W, 480.00 W, 878 MiB
2026/10/09 02:26:43.842, 1, GPU-81ac6e96-0bfe-390d-beb1-241466569d6b, 0 %, 0 %, 40, 210 MHz, 405 MHz, 31.70 W, 480.00 W, 878 MiB
2026/10/09 02:26:44.842, 0, GPU-6c849b47-7111-9265-9d42-ff8eddc05a2d, 100 %, 0 %, 64, 2700 MHz, 10251 MHz, 434.76 W, 480.00 W, 878 MiB
2026/10/09 02:26:44.842, 1, GPU-81ac6e96-0bfe-390d-beb1-241466569d6b, 0 %, 0 %, 40, 210 MHz, 405 MHz, 31.81 W, 480.00 W, 878 MiB
2026/10/09 02:26:45.843, 0, GPU-6c849b47-7111-9265-9d42-ff8eddc05a2d, 100 %, 0 %, 71, 2595 MHz, 10251 MHz, 465.76 W, 480.00 W, 878 MiB
2026/10/09 02:26:45.843, 1, GPU-81ac6e96-0bfe-390d-beb1-241466569d6b, 0 %, 0 %, 40, 210 MHz, 405 MHz, 31.79 W, 480.00 W, 878 MiB
2026/10/09 02:26:46.844, 0, GPU-6c849b47-7111-9265-9d42-ff8eddc05a2d, 100 %, 0 %, 72, 2715 MHz, 10251 MHz, 455.42 W, 480.00 W, 878 MiB
2026/10/09 02:26:46.844, 1, GPU-81ac6e96-0bfe-390d-beb1-241466569d6b, 0 %, 0 %, 40, 210 MHz, 405 MHz, 31.65 W, 480.00 W, 878 MiB
2026/10/09 02:26:47.845, 0, GPU-6c849b47-7111-9265-9d42-ff8eddc05a2d, 100 %, 0 %, 72, 2715 MHz, 10251 MHz, 483.16 W, 480.00 W, 878 MiB
2026/10/09 02:26:47.845, 1, GPU-81ac6e96-0bfe-390d-beb1-241466569d6b, 0 %, 0 %, 40, 210 MHz, 405 MHz, 31.69 W, 480.00 W, 878 MiB
2026/10/09 02:26:48.846, 0, GPU-6c849b47-7111-9265-9d42-ff8eddc05a2d, 100 %, 0 %, 72, 2745 MHz, 10251 MHz, 463.04 W, 480.00 W, 878 MiB
2026/10/09 02:26:48.846, 1, GPU-81ac6e96-0bfe-390d-beb1-241466569d6b, 0 %, 0 %, 40, 210 MHz, 405 MHz, 31.59 W, 480.00 W, 878 MiB
2026/10/09 02:26:49.847, 0, GPU-6c849b47-7111-9265-9d42-ff8eddc05a2d, 100 %, 0 %, 70, 2745 MHz, 10251 MHz, 448.72 W, 480.00 W, 878 MiB
2026/10/09 02:26:49.847, 1, GPU-81ac6e96-0bfe-390d-beb1-241466569d6b, 0 %, 0 %, 40, 210 MHz, 405 MHz, 31.55 W, 480.00 W, 878 MiB
2026/10/09 02:26:50.848, 0, GPU-6c849b47-7111-9265-9d42-ff8eddc05a2d, 100 %, 0 %, 71, 2700 MHz, 10251 MHz, 473.80 W, 480.00 W, 878 MiB
2026/10/09 02:26:50.849, 1, GPU-81ac6e96-0bfe-390d-beb1-241466569d6b, 0 %, 0 %, 40, 210 MHz, 405 MHz, 31.55 W, 480.00 W, 878 MiB
2026/10/09 02:26:51.849, 0, GPU-6c849b47-7111-9265-9d42-ff8eddc05a2d, 100 %, 0 %, 72, 2760 MHz, 10251 MHz, 449.97 W, 480.00 W, 878 MiB
2026/10/09 02:26:51.850, 1, GPU-81ac6e96-0bfe-390d-beb1-241466569d6b, 0 %, 0 %, 40, 210 MHz, 405 MHz, 31.51 W, 480.00 W, 878 MiB
2026/10/09 02:26:52.850, 0, GPU-6c849b47-7111-9265-9d42-ff8eddc05a2d, 100 %, 0 %, 66, 2760 MHz, 10251 MHz, 470.85 W, 480.00 W, 878 MiB
2026/10/09 02:26:52.851, 1, GPU-81ac6e96-0bfe-390d-beb1-241466569d6b, 0 %, 0 %, 40, 210 MHz, 405 MHz, 31.50 W, 480.00 W, 878 MiB
2026/10/09 02:26:53.851, 0, GPU-6c849b47-7111-9265-9d42-ff8eddc05a2d, 100 %, 0 %, 71, 2715 MHz, 10251 MHz, 448.96 W, 480.00 W, 878 MiB
2026/10/09 02:26:53.852, 1, GPU-81ac6e96-0bfe-390d-beb1-241466569d6b, 0 %, 0 %, 40, 210 MHz, 405 MHz, 31.17 W, 480.00 W, 878 MiB
2026/10/09 02:26:54.852, 0, GPU-6c849b47-7111-9265-9d42-ff8eddc05a2d, 0 %, 0 %, 52, 2775 MHz, 10251 MHz, 321.89 W, 480.00 W, 878 MiB
2026/10/09 02:26:54.852, 1, GPU-81ac6e96-0bfe-390d-beb1-241466569d6b, 0 %, 0 %, 40, 210 MHz, 405 MHz, 31.01 W, 480.00 W, 878 MiB
2026/10/09 02:26:55.853, 0, GPU-6c849b47-7111-9265-9d42-ff8eddc05a2d, 0 %, 0 %, 48, 2790 MHz, 10251 MHz, 98.86 W, 480.00 W, 878 MiB
2026/10/09 02:26:55.853, 1, GPU-81ac6e96-0bfe-390d-beb1-241466569d6b, 0 %, 0 %, 40, 210 MHz, 405 MHz, 30.96 W, 480.00 W, 878 MiB
2026/10/09 02:26:56.854, 0, GPU-6c849b47-7111-9265-9d42-ff8eddc05a2d, 0 %, 0 %, 47, 2625 MHz, 10251 MHz, 92.65 W, 480.00 W, 878 MiB
2026/10/09 02:26:56.855, 1, GPU-81ac6e96-0bfe-390d-beb1-241466569d6b, 0 %, 0 %, 40, 210 MHz, 405 MHz, 31.11 W, 480.00 W, 878 MiB
2026/10/09 02:26:57.855, 0, GPU-6c849b47-7111-9265-9d42-ff8eddc05a2d, 0 %, 0 %, 47, 2625 MHz, 10251 MHz, 84.41 W, 480.00 W, 878 MiB
2026/10/09 02:26:57.856, 1, GPU-81ac6e96-0bfe-390d-beb1-241466569d6b, 0 %, 0 %, 39, 210 MHz, 405 MHz, 31.33 W, 480.00 W, 878 MiB
2026/10/09 02:26:58.856, 0, GPU-6c849b47-7111-9265-9d42-ff8eddc05a2d, 0 %, 0 %, 46, 2625 MHz, 10251 MHz, 83.71 W, 480.00 W, 878 MiB
2026/10/09 02:26:58.857, 1, GPU-81ac6e96-0bfe-390d-beb1-241466569d6b, 0 %, 0 %, 39, 210 MHz, 405 MHz, 31.22 W, 480.00 W, 878 MiB
2026/10/09 02:26:59.857, 0, GPU-6c849b47-7111-9265-9d42-ff8eddc05a2d, 0 %, 0 %, 46, 2625 MHz, 10251 MHz, 83.41 W, 480.00 W, 878 MiB
2026/10/09 02:26:59.858, 1, GPU-81ac6e96-0bfe-390d-beb1-241466569d6b, 0 %, 0 %, 39, 210 MHz, 405 MHz, 31.22 W, 480.00 W, 878 MiB
2026/10/09 02:27:00.858, 0, GPU-6c849b47-7111-9265-9d42-ff8eddc05a2d, 0 %, 0 %, 46, 2625 MHz, 10251 MHz, 82.60 W, 480.00 W, 878 MiB
2026/10/09 02:27:00.859, 1, GPU-81ac6e96-0bfe-390d-beb1-241466569d6b, 0 %, 0 %, 39, 210 MHz, 405 MHz, 31.14 W, 480.00 W, 878 MiB
2026/10/09 02:27:01.859, 0, GPU-6c849b47-7111-9265-9d42-ff8eddc05a2d, 0 %, 0 %, 46, 2625 MHz, 10251 MHz, 82.41 W, 480.00 W, 878 MiB
2026/10/09 02:27:01.860, 1, GPU-81ac6e96-0bfe-390d-beb1-241466569d6b, 0 %, 0 %, 39, 210 MHz, 405 MHz, 30.91 W, 480.00 W, 878 MiB
2026/10/09 02:27:02.860, 0, GPU-6c849b47-7111-9265-9d42-ff8eddc05a2d, 0 %, 0 %, 45, 2625 MHz, 10251 MHz, 82.14 W, 480.00 W, 878 MiB
2026/10/09 02:27:02.860, 1, GPU-81ac6e96-0bfe-390d-beb1-241466569d6b, 0 %, 0 %, 39, 210 MHz, 405 MHz, 31.09 W, 480.00 W, 878 MiB
2026/10/09 02:27:03.861, 0, GPU-6c849b47-7111-9265-9d42-ff8eddc05a2d, 0 %, 0 %, 45, 2625 MHz, 10251 MHz, 81.92 W, 480.00 W, 878 MiB
2026/10/09 02:27:03.862, 1, GPU-81ac6e96-0bfe-390d-beb1-241466569d6b, 0 %, 0 %, 39, 210 MHz, 405 MHz, 31.28 W, 480.00 W, 878 MiB
2026/10/09 02:27:04.862, 0, GPU-6c849b47-7111-9265-9d42-ff8eddc05a2d, 0 %, 0 %, 45, 2625 MHz, 10251 MHz, 81.83 W, 480.00 W, 878 MiB
2026/10/09 02:27:04.863, 1, GPU-81ac6e96-0bfe-390d-beb1-241466569d6b, 0 %, 0 %, 39, 210 MHz, 405 MHz, 31.32 W, 480.00 W, 878 MiB
2026/10/09 02:27:05.863, 0, GPU-6c849b47-7111-9265-9d42-ff8eddc05a2d, 0 %, 0 %, 45, 2625 MHz, 10251 MHz, 81.78 W, 480.00 W, 878 MiB
2026/10/09 02:27:05.864, 1, GPU-81ac6e96-0bfe-390d-beb1-241466569d6b, 0 %, 0 %, 39, 210 MHz, 405 MHz, 31.48 W, 480.00 W, 878 MiB
2026/10/09 02:27:06.864, 0, GPU-6c849b47-7111-9265-9d42-ff8eddc05a2d, 0 %, 0 %, 45, 2625 MHz, 10251 MHz, 81.69 W, 480.00 W, 878 MiB
2026/10/09 02:27:06.865, 1, GPU-81ac6e96-0bfe-390d-beb1-241466569d6b, 0 %, 0 %, 39, 210 MHz, 405 MHz, 31.56 W, 480.00 W, 878 MiB
2026/10/09 02:27:07.865, 0, GPU-6c849b47-7111-9265-9d42-ff8eddc05a2d, 0 %, 0 %, 45, 2625 MHz, 10251 MHz, 81.55 W, 480.00 W, 878 MiB
2026/10/09 02:27:07.866, 1, GPU-81ac6e96-0bfe-390d-beb1-241466569d6b, 0 %, 0 %, 39, 210 MHz, 405 MHz, 31.59 W, 480.00 W, 878 MiB
2026/10/09 02:27:08.866, 0, GPU-6c849b47-7111-9265-9d42-ff8eddc05a2d, 0 %, 0 %, 45, 2625 MHz, 10251 MHz, 81.44 W, 480.00 W, 878 MiB
2026/10/09 02:27:08.867, 1, GPU-81ac6e96-0bfe-390d-beb1-241466569d6b, 0 %, 0 %, 39, 210 MHz, 405 MHz, 31.58 W, 480.00 W, 878 MiB
2026/10/09 02:27:09.867, 0, GPU-6c849b47-7111-9265-9d42-ff8eddc05a2d, 0 %, 0 %, 45, 2625 MHz, 10251 MHz, 81.36 W, 480.00 W, 878 MiB
2026/10/09 02:27:09.867, 1, GPU-81ac6e96-0bfe-390d-beb1-241466569d6b, 100 %, 0 %, 58, 2790 MHz, 10251 MHz, 223.15 W, 480.00 W, 878 MiB
2026/10/09 02:27:10.868, 0, GPU-6c849b47-7111-9265-9d42-ff8eddc05a2d, 0 %, 0 %, 45, 2625 MHz, 10251 MHz, 81.32 W, 480.00 W, 878 MiB
2026/10/09 02:27:10.868, 1, GPU-81ac6e96-0bfe-390d-beb1-241466569d6b, 100 %, 0 %, 62, 2730 MHz, 10251 MHz, 447.96 W, 480.00 W, 878 MiB
2026/10/09 02:27:11.869, 0, GPU-6c849b47-7111-9265-9d42-ff8eddc05a2d, 0 %, 0 %, 45, 2625 MHz, 10251 MHz, 81.39 W, 480.00 W, 878 MiB
2026/10/09 02:27:11.869, 1, GPU-81ac6e96-0bfe-390d-beb1-241466569d6b, 100 %, 0 %, 59, 2790 MHz, 10251 MHz, 466.79 W, 480.00 W, 878 MiB
2026/10/09 02:27:12.870, 0, GPU-6c849b47-7111-9265-9d42-ff8eddc05a2d, 0 %, 0 %, 45, 2625 MHz, 10251 MHz, 81.43 W, 480.00 W, 878 MiB
2026/10/09 02:27:12.870, 1, GPU-81ac6e96-0bfe-390d-beb1-241466569d6b, 100 %, 0 %, 61, 2685 MHz, 10251 MHz, 467.68 W, 480.00 W, 878 MiB
2026/10/09 02:27:13.870, 0, GPU-6c849b47-7111-9265-9d42-ff8eddc05a2d, 0 %, 0 %, 45, 2625 MHz, 10251 MHz, 81.36 W, 480.00 W, 878 MiB
2026/10/09 02:27:13.871, 1, GPU-81ac6e96-0bfe-390d-beb1-241466569d6b, 100 %, 0 %, 62, 2775 MHz, 10251 MHz, 450.06 W, 480.00 W, 878 MiB
2026/10/09 02:27:14.871, 0, GPU-6c849b47-7111-9265-9d42-ff8eddc05a2d, 0 %, 0 %, 45, 2625 MHz, 10251 MHz, 81.30 W, 480.00 W, 878 MiB
2026/10/09 02:27:14.872, 1, GPU-81ac6e96-0bfe-390d-beb1-241466569d6b, 100 %, 0 %, 61, 2745 MHz, 10251 MHz, 481.05 W, 480.00 W, 878 MiB
2026/10/09 02:27:15.872, 0, GPU-6c849b47-7111-9265-9d42-ff8eddc05a2d, 0 %, 0 %, 44, 405 MHz, 810 MHz, 70.55 W, 480.00 W, 878 MiB
2026/10/09 02:27:15.873, 1, GPU-81ac6e96-0bfe-390d-beb1-241466569d6b, 100 %, 0 %, 61, 2790 MHz, 10251 MHz, 453.97 W, 480.00 W, 878 MiB
2026/10/09 02:27:16.873, 0, GPU-6c849b47-7111-9265-9d42-ff8eddc05a2d, 0 %, 0 %, 44, 255 MHz, 405 MHz, 51.04 W, 480.00 W, 878 MiB
2026/10/09 02:27:16.874, 1, GPU-81ac6e96-0bfe-390d-beb1-241466569d6b, 100 %, 0 %, 59, 2790 MHz, 10251 MHz, 444.92 W, 480.00 W, 878 MiB
2026/10/09 02:27:17.874, 0, GPU-6c849b47-7111-9265-9d42-ff8eddc05a2d, 0 %, 0 %, 44, 210 MHz, 405 MHz, 40.65 W, 480.00 W, 878 MiB
2026/10/09 02:27:17.875, 1, GPU-81ac6e96-0bfe-390d-beb1-241466569d6b, 100 %, 0 %, 62, 2775 MHz, 10251 MHz, 477.25 W, 480.00 W, 878 MiB
2026/10/09 02:27:18.875, 0, GPU-6c849b47-7111-9265-9d42-ff8eddc05a2d, 0 %, 0 %, 44, 210 MHz, 405 MHz, 39.10 W, 480.00 W, 878 MiB
2026/10/09 02:27:18.875, 1, GPU-81ac6e96-0bfe-390d-beb1-241466569d6b, 100 %, 0 %, 61, 2790 MHz, 10251 MHz, 440.86 W, 480.00 W, 878 MiB
2026/10/09 02:27:19.876, 0, GPU-6c849b47-7111-9265-9d42-ff8eddc05a2d, 0 %, 0 %, 43, 210 MHz, 405 MHz, 39.15 W, 480.00 W, 878 MiB
2026/10/09 02:27:19.876, 1, GPU-81ac6e96-0bfe-390d-beb1-241466569d6b, 99 %, 0 %, 53, 2790 MHz, 10251 MHz, 437.02 W, 480.00 W, 878 MiB
2026/10/09 02:27:20.877, 0, GPU-6c849b47-7111-9265-9d42-ff8eddc05a2d, 0 %, 0 %, 43, 210 MHz, 405 MHz, 39.01 W, 480.00 W, 878 MiB
2026/10/09 02:27:20.877, 1, GPU-81ac6e96-0bfe-390d-beb1-241466569d6b, 100 %, 0 %, 62, 2745 MHz, 10251 MHz, 432.14 W, 480.00 W, 878 MiB
2026/10/09 02:27:21.878, 0, GPU-6c849b47-7111-9265-9d42-ff8eddc05a2d, 0 %, 0 %, 43, 210 MHz, 405 MHz, 38.82 W, 480.00 W, 878 MiB
2026/10/09 02:27:21.878, 1, GPU-81ac6e96-0bfe-390d-beb1-241466569d6b, 100 %, 0 %, 64, 2730 MHz, 10251 MHz, 455.53 W, 480.00 W, 878 MiB
2026/10/09 02:27:22.879, 0, GPU-6c849b47-7111-9265-9d42-ff8eddc05a2d, 0 %, 0 %, 43, 210 MHz, 405 MHz, 38.52 W, 480.00 W, 878 MiB
2026/10/09 02:27:22.879, 1, GPU-81ac6e96-0bfe-390d-beb1-241466569d6b, 100 %, 0 %, 55, 2775 MHz, 10251 MHz, 455.91 W, 480.00 W, 878 MiB
2026/10/09 02:27:23.879, 0, GPU-6c849b47-7111-9265-9d42-ff8eddc05a2d, 0 %, 0 %, 43, 210 MHz, 405 MHz, 38.44 W, 480.00 W, 878 MiB
2026/10/09 02:27:23.880, 1, GPU-81ac6e96-0bfe-390d-beb1-241466569d6b, 100 %, 0 %, 62, 2685 MHz, 10251 MHz, 479.67 W, 480.00 W, 878 MiB
2026/10/09 02:27:24.880, 0, GPU-6c849b47-7111-9265-9d42-ff8eddc05a2d, 0 %, 0 %, 43, 210 MHz, 405 MHz, 38.49 W, 480.00 W, 878 MiB
2026/10/09 02:27:24.881, 1, GPU-81ac6e96-0bfe-390d-beb1-241466569d6b, 100 %, 0 %, 63, 2790 MHz, 10251 MHz, 452.90 W, 480.00 W, 878 MiB
2026/10/09 02:27:25.881, 0, GPU-6c849b47-7111-9265-9d42-ff8eddc05a2d, 0 %, 0 %, 43, 210 MHz, 405 MHz, 38.46 W, 480.00 W, 878 MiB
2026/10/09 02:27:25.882, 1, GPU-81ac6e96-0bfe-390d-beb1-241466569d6b, 100 %, 0 %, 62, 2790 MHz, 10251 MHz, 476.32 W, 480.00 W, 878 MiB
2026/10/09 02:27:26.882, 0, GPU-6c849b47-7111-9265-9d42-ff8eddc05a2d, 0 %, 0 %, 43, 210 MHz, 405 MHz, 38.77 W, 480.00 W, 878 MiB
2026/10/09 02:27:26.883, 1, GPU-81ac6e96-0bfe-390d-beb1-241466569d6b, 100 %, 0 %, 63, 2790 MHz, 10251 MHz, 455.33 W, 480.00 W, 878 MiB
2026/10/09 02:27:27.883, 0, GPU-6c849b47-7111-9265-9d42-ff8eddc05a2d, 0 %, 0 %, 43, 210 MHz, 405 MHz, 38.96 W, 480.00 W, 878 MiB
2026/10/09 02:27:27.884, 1, GPU-81ac6e96-0bfe-390d-beb1-241466569d6b, 100 %, 0 %, 62, 2790 MHz, 10251 MHz, 444.27 W, 480.00 W, 878 MiB
2026/10/09 02:27:28.884, 0, GPU-6c849b47-7111-9265-9d42-ff8eddc05a2d, 0 %, 0 %, 43, 210 MHz, 405 MHz, 38.94 W, 480.00 W, 878 MiB
2026/10/09 02:27:28.885, 1, GPU-81ac6e96-0bfe-390d-beb1-241466569d6b, 100 %, 0 %, 63, 2775 MHz, 10251 MHz, 478.22 W, 480.00 W, 878 MiB
2026/10/09 02:27:29.885, 0, GPU-6c849b47-7111-9265-9d42-ff8eddc05a2d, 0 %, 0 %, 43, 210 MHz, 405 MHz, 38.92 W, 480.00 W, 878 MiB
2026/10/09 02:27:29.886, 1, GPU-81ac6e96-0bfe-390d-beb1-241466569d6b, 100 %, 0 %, 63, 2790 MHz, 10251 MHz, 442.81 W, 480.00 W, 878 MiB
2026/10/09 02:27:30.886, 0, GPU-6c849b47-7111-9265-9d42-ff8eddc05a2d, 0 %, 0 %, 43, 210 MHz, 405 MHz, 38.68 W, 480.00 W, 878 MiB
2026/10/09 02:27:30.887, 1, GPU-81ac6e96-0bfe-390d-beb1-241466569d6b, 100 %, 0 %, 57, 2790 MHz, 10251 MHz, 428.12 W, 480.00 W, 878 MiB
2026/10/09 02:27:31.887, 0, GPU-6c849b47-7111-9265-9d42-ff8eddc05a2d, 0 %, 0 %, 43, 210 MHz, 405 MHz, 38.47 W, 480.00 W, 878 MiB
2026/10/09 02:27:31.888, 1, GPU-81ac6e96-0bfe-390d-beb1-241466569d6b, 100 %, 0 %, 64, 2790 MHz, 10251 MHz, 453.61 W, 480.00 W, 878 MiB
2026/10/09 02:27:32.888, 0, GPU-6c849b47-7111-9265-9d42-ff8eddc05a2d, 0 %, 0 %, 43, 210 MHz, 405 MHz, 38.58 W, 480.00 W, 878 MiB
2026/10/09 02:27:32.889, 1, GPU-81ac6e96-0bfe-390d-beb1-241466569d6b, 100 %, 0 %, 66, 2625 MHz, 10251 MHz, 460.28 W, 480.00 W, 878 MiB
2026/10/09 02:27:33.889, 0, GPU-6c849b47-7111-9265-9d42-ff8eddc05a2d, 0 %, 0 %, 43, 210 MHz, 405 MHz, 38.66 W, 480.00 W, 878 MiB
2026/10/09 02:27:33.890, 1, GPU-81ac6e96-0bfe-390d-beb1-241466569d6b, 100 %, 0 %, 64, 2745 MHz, 10251 MHz, 454.95 W, 480.00 W, 878 MiB
2026/10/09 02:27:34.890, 0, GPU-6c849b47-7111-9265-9d42-ff8eddc05a2d, 0 %, 0 %, 43, 210 MHz, 405 MHz, 38.61 W, 480.00 W, 878 MiB
2026/10/09 02:27:34.891, 1, GPU-81ac6e96-0bfe-390d-beb1-241466569d6b, 100 %, 0 %, 64, 2700 MHz, 10251 MHz, 486.29 W, 480.00 W, 878 MiB
2026/10/09 02:27:35.891, 0, GPU-6c849b47-7111-9265-9d42-ff8eddc05a2d, 0 %, 0 %, 43, 210 MHz, 405 MHz, 38.68 W, 480.00 W, 878 MiB
2026/10/09 02:27:35.891, 1, GPU-81ac6e96-0bfe-390d-beb1-241466569d6b, 100 %, 0 %, 65, 2775 MHz, 10251 MHz, 460.28 W, 480.00 W, 878 MiB
2026/10/09 02:27:36.892, 0, GPU-6c849b47-7111-9265-9d42-ff8eddc05a2d, 0 %, 0 %, 43, 210 MHz, 405 MHz, 38.85 W, 480.00 W, 878 MiB
2026/10/09 02:27:36.892, 1, GPU-81ac6e96-0bfe-390d-beb1-241466569d6b, 100 %, 0 %, 60, 2775 MHz, 10251 MHz, 449.14 W, 480.00 W, 878 MiB
2026/10/09 02:27:37.893, 0, GPU-6c849b47-7111-9265-9d42-ff8eddc05a2d, 0 %, 0 %, 43, 210 MHz, 405 MHz, 38.98 W, 480.00 W, 878 MiB
2026/10/09 02:27:37.893, 1, GPU-81ac6e96-0bfe-390d-beb1-241466569d6b, 100 %, 0 %, 64, 2715 MHz, 10251 MHz, 458.60 W, 480.00 W, 878 MiB
2026/10/09 02:27:38.894, 0, GPU-6c849b47-7111-9265-9d42-ff8eddc05a2d, 0 %, 0 %, 42, 210 MHz, 405 MHz, 38.98 W, 480.00 W, 878 MiB
2026/10/09 02:27:38.894, 1, GPU-81ac6e96-0bfe-390d-beb1-241466569d6b, 100 %, 0 %, 65, 2775 MHz, 10251 MHz, 446.52 W, 480.00 W, 878 MiB
2026/10/09 02:27:39.895, 0, GPU-6c849b47-7111-9265-9d42-ff8eddc05a2d, 0 %, 0 %, 42, 210 MHz, 405 MHz, 38.86 W, 480.00 W, 878 MiB
2026/10/09 02:27:39.895, 1, GPU-81ac6e96-0bfe-390d-beb1-241466569d6b, 100 %, 0 %, 65, 2775 MHz, 10251 MHz, 475.17 W, 480.00 W, 878 MiB
2026/10/09 02:27:40.896, 0, GPU-6c849b47-7111-9265-9d42-ff8eddc05a2d, 0 %, 0 %, 42, 210 MHz, 405 MHz, 38.76 W, 480.00 W, 878 MiB
2026/10/09 02:27:40.896, 1, GPU-81ac6e96-0bfe-390d-beb1-241466569d6b, 100 %, 0 %, 65, 2775 MHz, 10251 MHz, 442.91 W, 480.00 W, 878 MiB
2026/10/09 02:27:41.910, 0, GPU-6c849b47-7111-9265-9d42-ff8eddc05a2d, 0 %, 0 %, 42, 210 MHz, 405 MHz, 38.85 W, 480.00 W, 878 MiB
2026/10/09 02:27:41.911, 1, GPU-81ac6e96-0bfe-390d-beb1-241466569d6b, 100 %, 0 %, 61, 2790 MHz, 10251 MHz, 420.95 W, 480.00 W, 878 MiB
2026/10/09 02:27:42.911, 0, GPU-6c849b47-7111-9265-9d42-ff8eddc05a2d, 0 %, 0 %, 42, 210 MHz, 405 MHz, 38.98 W, 480.00 W, 878 MiB
2026/10/09 02:27:42.912, 1, GPU-81ac6e96-0bfe-390d-beb1-241466569d6b, 100 %, 0 %, 60, 2775 MHz, 10251 MHz, 445.04 W, 480.00 W, 878 MiB
2026/10/09 02:27:43.912, 0, GPU-6c849b47-7111-9265-9d42-ff8eddc05a2d, 0 %, 0 %, 42, 210 MHz, 405 MHz, 38.96 W, 480.00 W, 878 MiB
2026/10/09 02:27:43.913, 1, GPU-81ac6e96-0bfe-390d-beb1-241466569d6b, 100 %, 0 %, 68, 2610 MHz, 10251 MHz, 466.30 W, 480.00 W, 878 MiB
2026/10/09 02:27:44.913, 0, GPU-6c849b47-7111-9265-9d42-ff8eddc05a2d, 0 %, 0 %, 42, 210 MHz, 405 MHz, 38.65 W, 480.00 W, 878 MiB
2026/10/09 02:27:44.914, 1, GPU-81ac6e96-0bfe-390d-beb1-241466569d6b, 100 %, 0 %, 66, 2745 MHz, 10251 MHz, 451.48 W, 480.00 W, 878 MiB
2026/10/09 02:27:45.914, 0, GPU-6c849b47-7111-9265-9d42-ff8eddc05a2d, 0 %, 0 %, 42, 210 MHz, 405 MHz, 38.45 W, 480.00 W, 878 MiB
2026/10/09 02:27:45.915, 1, GPU-81ac6e96-0bfe-390d-beb1-241466569d6b, 100 %, 0 %, 65, 2700 MHz, 10251 MHz, 483.83 W, 480.00 W, 878 MiB
2026/10/09 02:27:46.915, 0, GPU-6c849b47-7111-9265-9d42-ff8eddc05a2d, 0 %, 0 %, 42, 210 MHz, 405 MHz, 38.36 W, 480.00 W, 878 MiB
2026/10/09 02:27:46.916, 1, GPU-81ac6e96-0bfe-390d-beb1-241466569d6b, 100 %, 0 %, 67, 2775 MHz, 10251 MHz, 463.04 W, 480.00 W, 878 MiB
2026/10/09 02:27:47.916, 0, GPU-6c849b47-7111-9265-9d42-ff8eddc05a2d, 0 %, 0 %, 42, 210 MHz, 405 MHz, 38.42 W, 480.00 W, 878 MiB
2026/10/09 02:27:47.916, 1, GPU-81ac6e96-0bfe-390d-beb1-241466569d6b, 100 %, 0 %, 62, 2775 MHz, 10251 MHz, 444.11 W, 480.00 W, 878 MiB
2026/10/09 02:27:48.917, 0, GPU-6c849b47-7111-9265-9d42-ff8eddc05a2d, 0 %, 0 %, 42, 210 MHz, 405 MHz, 38.68 W, 480.00 W, 878 MiB
2026/10/09 02:27:48.917, 1, GPU-81ac6e96-0bfe-390d-beb1-241466569d6b, 100 %, 0 %, 66, 2700 MHz, 10251 MHz, 478.86 W, 480.00 W, 878 MiB
2026/10/09 02:27:49.918, 0, GPU-6c849b47-7111-9265-9d42-ff8eddc05a2d, 0 %, 0 %, 42, 210 MHz, 405 MHz, 38.62 W, 480.00 W, 878 MiB
2026/10/09 02:27:49.918, 1, GPU-81ac6e96-0bfe-390d-beb1-241466569d6b, 100 %, 0 %, 66, 2775 MHz, 10251 MHz, 448.74 W, 480.00 W, 878 MiB
2026/10/09 02:27:50.919, 0, GPU-6c849b47-7111-9265-9d42-ff8eddc05a2d, 0 %, 0 %, 42, 210 MHz, 405 MHz, 38.53 W, 480.00 W, 878 MiB
2026/10/09 02:27:50.919, 1, GPU-81ac6e96-0bfe-390d-beb1-241466569d6b, 100 %, 0 %, 63, 2775 MHz, 10251 MHz, 463.67 W, 480.00 W, 878 MiB
2026/10/09 02:27:51.920, 0, GPU-6c849b47-7111-9265-9d42-ff8eddc05a2d, 0 %, 0 %, 42, 210 MHz, 405 MHz, 38.48 W, 480.00 W, 878 MiB
2026/10/09 02:27:51.920, 1, GPU-81ac6e96-0bfe-390d-beb1-241466569d6b, 100 %, 0 %, 66, 2760 MHz, 10251 MHz, 446.45 W, 480.00 W, 878 MiB
2026/10/09 02:27:52.934, 0, GPU-6c849b47-7111-9265-9d42-ff8eddc05a2d, 0 %, 0 %, 41, 210 MHz, 405 MHz, 38.16 W, 480.00 W, 878 MiB
2026/10/09 02:27:52.935, 1, GPU-81ac6e96-0bfe-390d-beb1-241466569d6b, 0 %, 0 %, 49, 2790 MHz, 10251 MHz, 313.86 W, 480.00 W, 878 MiB
2026/10/09 02:27:53.935, 0, GPU-6c849b47-7111-9265-9d42-ff8eddc05a2d, 0 %, 0 %, 41, 210 MHz, 405 MHz, 37.97 W, 480.00 W, 878 MiB
2026/10/09 02:27:53.936, 1, GPU-81ac6e96-0bfe-390d-beb1-241466569d6b, 8 %, 0 %, 47, 2790 MHz, 10251 MHz, 84.56 W, 480.00 W, 878 MiB
2026/10/09 02:27:54.937, 0, GPU-6c849b47-7111-9265-9d42-ff8eddc05a2d, 0 %, 0 %, 41, 210 MHz, 405 MHz, 37.99 W, 480.00 W, 878 MiB
2026/10/09 02:27:54.937, 1, GPU-81ac6e96-0bfe-390d-beb1-241466569d6b, 0 %, 0 %, 46, 2625 MHz, 10251 MHz, 82.60 W, 480.00 W, 878 MiB
2026/10/09 02:27:55.938, 0, GPU-6c849b47-7111-9265-9d42-ff8eddc05a2d, 0 %, 0 %, 41, 210 MHz, 405 MHz, 37.77 W, 480.00 W, 878 MiB
2026/10/09 02:27:55.938, 1, GPU-81ac6e96-0bfe-390d-beb1-241466569d6b, 0 %, 0 %, 46, 2625 MHz, 10251 MHz, 77.35 W, 480.00 W, 878 MiB
2026/10/09 02:27:56.939, 0, GPU-6c849b47-7111-9265-9d42-ff8eddc05a2d, 0 %, 0 %, 41, 210 MHz, 405 MHz, 37.47 W, 480.00 W, 878 MiB
2026/10/09 02:27:56.939, 1, GPU-81ac6e96-0bfe-390d-beb1-241466569d6b, 0 %, 0 %, 46, 2625 MHz, 10251 MHz, 76.66 W, 480.00 W, 878 MiB
2026/10/09 02:27:57.940, 0, GPU-6c849b47-7111-9265-9d42-ff8eddc05a2d, 0 %, 0 %, 41, 210 MHz, 405 MHz, 37.26 W, 480.00 W, 878 MiB
2026/10/09 02:27:57.941, 1, GPU-81ac6e96-0bfe-390d-beb1-241466569d6b, 0 %, 0 %, 45, 2625 MHz, 10251 MHz, 76.56 W, 480.00 W, 878 MiB
2026/10/09 02:27:58.941, 0, GPU-6c849b47-7111-9265-9d42-ff8eddc05a2d, 0 %, 0 %, 41, 210 MHz, 405 MHz, 37.36 W, 480.00 W, 878 MiB
2026/10/09 02:27:58.942, 1, GPU-81ac6e96-0bfe-390d-beb1-241466569d6b, 0 %, 0 %, 45, 2625 MHz, 10251 MHz, 76.05 W, 480.00 W, 878 MiB
2026/10/09 02:27:59.942, 0, GPU-6c849b47-7111-9265-9d42-ff8eddc05a2d, 0 %, 0 %, 41, 210 MHz, 405 MHz, 37.69 W, 480.00 W, 878 MiB
2026/10/09 02:27:59.943, 1, GPU-81ac6e96-0bfe-390d-beb1-241466569d6b, 0 %, 0 %, 45, 2625 MHz, 10251 MHz, 76.12 W, 480.00 W, 878 MiB
2026/10/09 02:28:00.943, 0, GPU-6c849b47-7111-9265-9d42-ff8eddc05a2d, 0 %, 0 %, 41, 210 MHz, 405 MHz, 37.58 W, 480.00 W, 878 MiB
2026/10/09 02:28:00.944, 1, GPU-81ac6e96-0bfe-390d-beb1-241466569d6b, 0 %, 0 %, 45, 2625 MHz, 10251 MHz, 76.08 W, 480.00 W, 878 MiB
2026/10/09 02:28:01.944, 0, GPU-6c849b47-7111-9265-9d42-ff8eddc05a2d, 0 %, 0 %, 41, 210 MHz, 405 MHz, 37.65 W, 480.00 W, 878 MiB
2026/10/09 02:28:01.944, 1, GPU-81ac6e96-0bfe-390d-beb1-241466569d6b, 0 %, 0 %, 45, 2625 MHz, 10251 MHz, 75.77 W, 480.00 W, 878 MiB
2026/10/09 02:28:02.945, 0, GPU-6c849b47-7111-9265-9d42-ff8eddc05a2d, 0 %, 0 %, 41, 210 MHz, 405 MHz, 38.12 W, 480.00 W, 878 MiB
2026/10/09 02:28:02.945, 1, GPU-81ac6e96-0bfe-390d-beb1-241466569d6b, 0 %, 0 %, 45, 2625 MHz, 10251 MHz, 75.22 W, 480.00 W, 878 MiB
2026/10/09 02:28:03.946, 0, GPU-6c849b47-7111-9265-9d42-ff8eddc05a2d, 0 %, 0 %, 41, 210 MHz, 405 MHz, 38.06 W, 480.00 W, 878 MiB
2026/10/09 02:28:03.946, 1, GPU-81ac6e96-0bfe-390d-beb1-241466569d6b, 0 %, 0 %, 45, 2625 MHz, 10251 MHz, 74.73 W, 480.00 W, 878 MiB
2026/10/09 02:28:04.947, 0, GPU-6c849b47-7111-9265-9d42-ff8eddc05a2d, 0 %, 0 %, 41, 210 MHz, 405 MHz, 37.93 W, 480.00 W, 878 MiB
2026/10/09 02:28:04.947, 1, GPU-81ac6e96-0bfe-390d-beb1-241466569d6b, 0 %, 0 %, 45, 2625 MHz, 10251 MHz, 74.69 W, 480.00 W, 878 MiB
2026/10/09 02:28:05.948, 0, GPU-6c849b47-7111-9265-9d42-ff8eddc05a2d, 0 %, 0 %, 41, 210 MHz, 405 MHz, 37.86 W, 480.00 W, 878 MiB
2026/10/09 02:28:05.948, 1, GPU-81ac6e96-0bfe-390d-beb1-241466569d6b, 0 %, 0 %, 45, 2625 MHz, 10251 MHz, 74.77 W, 480.00 W, 878 MiB
2026/10/09 02:28:06.949, 0, GPU-6c849b47-7111-9265-9d42-ff8eddc05a2d, 49 %, 1 %, 41, 2625 MHz, 10251 MHz, 42.20 W, 480.00 W, 1102 MiB
2026/10/09 02:28:06.949, 1, GPU-81ac6e96-0bfe-390d-beb1-241466569d6b, 0 %, 0 %, 45, 2625 MHz, 10251 MHz, 74.54 W, 480.00 W, 878 MiB
2026/10/09 02:28:07.950, 0, GPU-6c849b47-7111-9265-9d42-ff8eddc05a2d, 100 %, 0 %, 67, 2700 MHz, 10251 MHz, 410.42 W, 480.00 W, 1102 MiB
2026/10/09 02:28:07.950, 1, GPU-81ac6e96-0bfe-390d-beb1-241466569d6b, 0 %, 0 %, 45, 2625 MHz, 10251 MHz, 74.26 W, 480.00 W, 878 MiB
2026/10/09 02:28:08.951, 0, GPU-6c849b47-7111-9265-9d42-ff8eddc05a2d, 100 %, 0 %, 68, 2700 MHz, 10251 MHz, 481.64 W, 480.00 W, 1102 MiB
2026/10/09 02:28:08.951, 1, GPU-81ac6e96-0bfe-390d-beb1-241466569d6b, 0 %, 0 %, 45, 2625 MHz, 10251 MHz, 74.36 W, 480.00 W, 878 MiB
2026/10/09 02:28:09.952, 0, GPU-6c849b47-7111-9265-9d42-ff8eddc05a2d, 100 %, 0 %, 66, 2685 MHz, 10251 MHz, 415.98 W, 480.00 W, 1102 MiB
2026/10/09 02:28:09.952, 1, GPU-81ac6e96-0bfe-390d-beb1-241466569d6b, 0 %, 0 %, 45, 2625 MHz, 10251 MHz, 74.57 W, 480.00 W, 878 MiB
2026/10/09 02:28:10.952, 0, GPU-6c849b47-7111-9265-9d42-ff8eddc05a2d, 100 %, 0 %, 68, 2625 MHz, 10251 MHz, 494.44 W, 480.00 W, 1102 MiB
2026/10/09 02:28:10.953, 1, GPU-81ac6e96-0bfe-390d-beb1-241466569d6b, 0 %, 0 %, 45, 2625 MHz, 10251 MHz, 74.46 W, 480.00 W, 878 MiB
2026/10/09 02:28:11.953, 0, GPU-6c849b47-7111-9265-9d42-ff8eddc05a2d, 100 %, 0 %, 68, 2610 MHz, 10251 MHz, 477.34 W, 480.00 W, 1102 MiB
2026/10/09 02:28:11.954, 1, GPU-81ac6e96-0bfe-390d-beb1-241466569d6b, 0 %, 0 %, 45, 2625 MHz, 10251 MHz, 74.75 W, 480.00 W, 878 MiB
2026/10/09 02:28:12.954, 0, GPU-6c849b47-7111-9265-9d42-ff8eddc05a2d, 100 %, 0 %, 69, 2715 MHz, 10251 MHz, 446.90 W, 480.00 W, 1102 MiB
2026/10/09 02:28:12.955, 1, GPU-81ac6e96-0bfe-390d-beb1-241466569d6b, 0 %, 0 %, 45, 2625 MHz, 10251 MHz, 75.03 W, 480.00 W, 878 MiB
2026/10/09 02:28:13.956, 0, GPU-6c849b47-7111-9265-9d42-ff8eddc05a2d, 100 %, 0 %, 68, 2685 MHz, 10251 MHz, 484.78 W, 480.00 W, 1102 MiB
2026/10/09 02:28:13.956, 1, GPU-81ac6e96-0bfe-390d-beb1-241466569d6b, 0 %, 0 %, 44, 465 MHz, 810 MHz, 70.15 W, 480.00 W, 878 MiB
2026/10/09 02:28:14.957, 0, GPU-6c849b47-7111-9265-9d42-ff8eddc05a2d, 100 %, 0 %, 68, 2685 MHz, 10251 MHz, 480.00 W, 480.00 W, 1102 MiB
2026/10/09 02:28:14.957, 1, GPU-81ac6e96-0bfe-390d-beb1-241466569d6b, 0 %, 0 %, 44, 300 MHz, 405 MHz, 50.65 W, 480.00 W, 878 MiB
2026/10/09 02:28:15.958, 0, GPU-6c849b47-7111-9265-9d42-ff8eddc05a2d, 100 %, 0 %, 69, 2730 MHz, 10251 MHz, 446.65 W, 480.00 W, 1102 MiB
2026/10/09 02:28:15.958, 1, GPU-81ac6e96-0bfe-390d-beb1-241466569d6b, 0 %, 0 %, 43, 210 MHz, 405 MHz, 34.00 W, 480.00 W, 878 MiB
2026/10/09 02:28:16.959, 0, GPU-6c849b47-7111-9265-9d42-ff8eddc05a2d, 100 %, 0 %, 69, 2715 MHz, 10251 MHz, 480.23 W, 480.00 W, 1102 MiB
2026/10/09 02:28:16.959, 1, GPU-81ac6e96-0bfe-390d-beb1-241466569d6b, 0 %, 0 %, 43, 210 MHz, 405 MHz, 32.23 W, 480.00 W, 878 MiB
2026/10/09 02:28:17.960, 0, GPU-6c849b47-7111-9265-9d42-ff8eddc05a2d, 100 %, 0 %, 66, 2760 MHz, 10251 MHz, 467.99 W, 480.00 W, 1102 MiB
2026/10/09 02:28:17.960, 1, GPU-81ac6e96-0bfe-390d-beb1-241466569d6b, 0 %, 0 %, 43, 210 MHz, 405 MHz, 32.24 W, 480.00 W, 878 MiB
2026/10/09 02:28:18.961, 0, GPU-6c849b47-7111-9265-9d42-ff8eddc05a2d, 100 %, 0 %, 70, 2715 MHz, 10251 MHz, 452.01 W, 480.00 W, 1102 MiB
2026/10/09 02:28:18.962, 1, GPU-81ac6e96-0bfe-390d-beb1-241466569d6b, 0 %, 0 %, 43, 210 MHz, 405 MHz, 32.10 W, 480.00 W, 878 MiB
2026/10/09 02:28:19.962, 0, GPU-6c849b47-7111-9265-9d42-ff8eddc05a2d, 100 %, 0 %, 70, 2700 MHz, 10251 MHz, 479.23 W, 480.00 W, 1102 MiB
2026/10/09 02:28:19.962, 1, GPU-81ac6e96-0bfe-390d-beb1-241466569d6b, 0 %, 0 %, 43, 210 MHz, 405 MHz, 32.01 W, 480.00 W, 878 MiB
2026/10/09 02:28:20.963, 0, GPU-6c849b47-7111-9265-9d42-ff8eddc05a2d, 100 %, 0 %, 63, 2775 MHz, 10251 MHz, 420.65 W, 480.00 W, 1102 MiB
2026/10/09 02:28:20.963, 1, GPU-81ac6e96-0bfe-390d-beb1-241466569d6b, 0 %, 0 %, 43, 210 MHz, 405 MHz, 32.04 W, 480.00 W, 878 MiB
2026/10/09 02:28:21.964, 0, GPU-6c849b47-7111-9265-9d42-ff8eddc05a2d, 100 %, 0 %, 68, 2685 MHz, 10251 MHz, 480.08 W, 480.00 W, 1102 MiB
2026/10/09 02:28:21.964, 1, GPU-81ac6e96-0bfe-390d-beb1-241466569d6b, 0 %, 0 %, 43, 210 MHz, 405 MHz, 32.01 W, 480.00 W, 878 MiB
2026/10/09 02:28:22.965, 0, GPU-6c849b47-7111-9265-9d42-ff8eddc05a2d, 100 %, 0 %, 69, 2670 MHz, 10251 MHz, 477.47 W, 480.00 W, 1102 MiB
2026/10/09 02:28:22.965, 1, GPU-81ac6e96-0bfe-390d-beb1-241466569d6b, 0 %, 0 %, 43, 210 MHz, 405 MHz, 31.85 W, 480.00 W, 878 MiB
2026/10/09 02:28:23.966, 0, GPU-6c849b47-7111-9265-9d42-ff8eddc05a2d, 100 %, 0 %, 68, 2745 MHz, 10251 MHz, 426.83 W, 480.00 W, 1102 MiB
2026/10/09 02:28:23.966, 1, GPU-81ac6e96-0bfe-390d-beb1-241466569d6b, 0 %, 0 %, 43, 210 MHz, 405 MHz, 31.79 W, 480.00 W, 878 MiB
2026/10/09 02:28:24.967, 0, GPU-6c849b47-7111-9265-9d42-ff8eddc05a2d, 100 %, 0 %, 68, 2730 MHz, 10251 MHz, 480.67 W, 480.00 W, 1102 MiB
2026/10/09 02:28:24.967, 1, GPU-81ac6e96-0bfe-390d-beb1-241466569d6b, 0 %, 0 %, 42, 210 MHz, 405 MHz, 31.89 W, 480.00 W, 878 MiB
2026/10/09 02:28:25.968, 0, GPU-6c849b47-7111-9265-9d42-ff8eddc05a2d, 100 %, 0 %, 68, 2760 MHz, 10251 MHz, 477.10 W, 480.00 W, 1102 MiB
2026/10/09 02:28:25.968, 1, GPU-81ac6e96-0bfe-390d-beb1-241466569d6b, 0 %, 0 %, 42, 210 MHz, 405 MHz, 31.93 W, 480.00 W, 878 MiB
2026/10/09 02:28:26.969, 0, GPU-6c849b47-7111-9265-9d42-ff8eddc05a2d, 100 %, 0 %, 66, 2775 MHz, 10251 MHz, 372.62 W, 480.00 W, 1102 MiB
2026/10/09 02:28:26.969, 1, GPU-81ac6e96-0bfe-390d-beb1-241466569d6b, 0 %, 0 %, 42, 210 MHz, 405 MHz, 31.92 W, 480.00 W, 878 MiB
2026/10/09 02:28:27.970, 0, GPU-6c849b47-7111-9265-9d42-ff8eddc05a2d, 100 %, 0 %, 67, 2760 MHz, 10251 MHz, 482.39 W, 480.00 W, 1102 MiB
2026/10/09 02:28:27.970, 1, GPU-81ac6e96-0bfe-390d-beb1-241466569d6b, 0 %, 0 %, 42, 210 MHz, 405 MHz, 31.94 W, 480.00 W, 878 MiB
2026/10/09 02:28:28.971, 0, GPU-6c849b47-7111-9265-9d42-ff8eddc05a2d, 100 %, 0 %, 64, 2760 MHz, 10251 MHz, 455.63 W, 480.00 W, 1102 MiB
2026/10/09 02:28:28.971, 1, GPU-81ac6e96-0bfe-390d-beb1-241466569d6b, 0 %, 0 %, 42, 210 MHz, 405 MHz, 31.85 W, 480.00 W, 878 MiB
2026/10/09 02:28:29.972, 0, GPU-6c849b47-7111-9265-9d42-ff8eddc05a2d, 100 %, 0 %, 71, 2610 MHz, 10251 MHz, 440.71 W, 480.00 W, 1102 MiB
2026/10/09 02:28:29.972, 1, GPU-81ac6e96-0bfe-390d-beb1-241466569d6b, 0 %, 0 %, 42, 210 MHz, 405 MHz, 31.76 W, 480.00 W, 878 MiB
2026/10/09 02:28:30.973, 0, GPU-6c849b47-7111-9265-9d42-ff8eddc05a2d, 100 %, 0 %, 70, 2625 MHz, 10251 MHz, 480.09 W, 480.00 W, 1102 MiB
2026/10/09 02:28:30.973, 1, GPU-81ac6e96-0bfe-390d-beb1-241466569d6b, 0 %, 0 %, 42, 210 MHz, 405 MHz, 31.70 W, 480.00 W, 878 MiB
2026/10/09 02:28:31.974, 0, GPU-6c849b47-7111-9265-9d42-ff8eddc05a2d, 100 %, 0 %, 63, 2775 MHz, 10251 MHz, 445.54 W, 480.00 W, 1102 MiB
2026/10/09 02:28:31.974, 1, GPU-81ac6e96-0bfe-390d-beb1-241466569d6b, 0 %, 0 %, 42, 210 MHz, 405 MHz, 31.73 W, 480.00 W, 878 MiB
2026/10/09 02:28:32.975, 0, GPU-6c849b47-7111-9265-9d42-ff8eddc05a2d, 100 %, 0 %, 69, 2655 MHz, 10251 MHz, 469.72 W, 480.00 W, 1102 MiB
2026/10/09 02:28:32.975, 1, GPU-81ac6e96-0bfe-390d-beb1-241466569d6b, 0 %, 0 %, 42, 210 MHz, 405 MHz, 31.71 W, 480.00 W, 878 MiB
2026/10/09 02:28:33.976, 0, GPU-6c849b47-7111-9265-9d42-ff8eddc05a2d, 100 %, 0 %, 70, 2655 MHz, 10251 MHz, 477.65 W, 480.00 W, 1102 MiB
2026/10/09 02:28:33.976, 1, GPU-81ac6e96-0bfe-390d-beb1-241466569d6b, 0 %, 0 %, 42, 210 MHz, 405 MHz, 31.53 W, 480.00 W, 878 MiB
2026/10/09 02:28:34.977, 0, GPU-6c849b47-7111-9265-9d42-ff8eddc05a2d, 100 %, 0 %, 66, 2730 MHz, 10251 MHz, 426.15 W, 480.00 W, 1102 MiB
2026/10/09 02:28:34.977, 1, GPU-81ac6e96-0bfe-390d-beb1-241466569d6b, 0 %, 0 %, 42, 210 MHz, 405 MHz, 31.61 W, 480.00 W, 878 MiB
2026/10/09 02:28:35.978, 0, GPU-6c849b47-7111-9265-9d42-ff8eddc05a2d, 100 %, 0 %, 69, 2655 MHz, 10251 MHz, 491.29 W, 480.00 W, 1102 MiB
2026/10/09 02:28:35.978, 1, GPU-81ac6e96-0bfe-390d-beb1-241466569d6b, 0 %, 0 %, 42, 210 MHz, 405 MHz, 31.65 W, 480.00 W, 878 MiB
2026/10/09 02:28:36.979, 0, GPU-6c849b47-7111-9265-9d42-ff8eddc05a2d, 100 %, 0 %, 69, 2655 MHz, 10251 MHz, 477.45 W, 480.00 W, 1102 MiB
2026/10/09 02:28:36.979, 1, GPU-81ac6e96-0bfe-390d-beb1-241466569d6b, 0 %, 0 %, 41, 210 MHz, 405 MHz, 31.61 W, 480.00 W, 878 MiB
2026/10/09 02:28:37.980, 0, GPU-6c849b47-7111-9265-9d42-ff8eddc05a2d, 100 %, 0 %, 70, 2730 MHz, 10251 MHz, 436.10 W, 480.00 W, 1102 MiB
2026/10/09 02:28:37.980, 1, GPU-81ac6e96-0bfe-390d-beb1-241466569d6b, 0 %, 0 %, 41, 210 MHz, 405 MHz, 31.55 W, 480.00 W, 878 MiB
2026/10/09 02:28:38.981, 0, GPU-6c849b47-7111-9265-9d42-ff8eddc05a2d, 100 %, 0 %, 69, 2700 MHz, 10251 MHz, 482.68 W, 480.00 W, 1102 MiB
2026/10/09 02:28:38.981, 1, GPU-81ac6e96-0bfe-390d-beb1-241466569d6b, 0 %, 0 %, 41, 210 MHz, 405 MHz, 31.43 W, 480.00 W, 878 MiB
2026/10/09 02:28:39.982, 0, GPU-6c849b47-7111-9265-9d42-ff8eddc05a2d, 100 %, 0 %, 69, 2760 MHz, 10251 MHz, 478.85 W, 480.00 W, 1102 MiB
2026/10/09 02:28:39.982, 1, GPU-81ac6e96-0bfe-390d-beb1-241466569d6b, 0 %, 0 %, 41, 210 MHz, 405 MHz, 31.40 W, 480.00 W, 878 MiB
2026/10/09 02:28:40.983, 0, GPU-6c849b47-7111-9265-9d42-ff8eddc05a2d, 100 %, 0 %, 70, 2745 MHz, 10251 MHz, 436.01 W, 480.00 W, 1102 MiB
2026/10/09 02:28:40.983, 1, GPU-81ac6e96-0bfe-390d-beb1-241466569d6b, 0 %, 0 %, 41, 210 MHz, 405 MHz, 31.29 W, 480.00 W, 878 MiB
2026/10/09 02:28:41.984, 0, GPU-6c849b47-7111-9265-9d42-ff8eddc05a2d, 100 %, 0 %, 71, 2715 MHz, 10251 MHz, 479.17 W, 480.00 W, 1102 MiB
2026/10/09 02:28:41.984, 1, GPU-81ac6e96-0bfe-390d-beb1-241466569d6b, 0 %, 0 %, 41, 210 MHz, 405 MHz, 31.40 W, 480.00 W, 878 MiB
2026/10/09 02:28:42.985, 0, GPU-6c849b47-7111-9265-9d42-ff8eddc05a2d, 100 %, 0 %, 64, 2760 MHz, 10251 MHz, 447.32 W, 480.00 W, 1102 MiB
2026/10/09 02:28:42.985, 1, GPU-81ac6e96-0bfe-390d-beb1-241466569d6b, 0 %, 0 %, 41, 210 MHz, 405 MHz, 31.46 W, 480.00 W, 878 MiB
2026/10/09 02:28:43.986, 0, GPU-6c849b47-7111-9265-9d42-ff8eddc05a2d, 100 %, 0 %, 70, 2685 MHz, 10251 MHz, 446.16 W, 480.00 W, 1102 MiB
2026/10/09 02:28:43.986, 1, GPU-81ac6e96-0bfe-390d-beb1-241466569d6b, 0 %, 0 %, 41, 210 MHz, 405 MHz, 31.50 W, 480.00 W, 878 MiB
2026/10/09 02:28:44.987, 0, GPU-6c849b47-7111-9265-9d42-ff8eddc05a2d, 100 %, 0 %, 70, 2685 MHz, 10251 MHz, 477.14 W, 480.00 W, 1102 MiB
2026/10/09 02:28:44.987, 1, GPU-81ac6e96-0bfe-390d-beb1-241466569d6b, 0 %, 0 %, 41, 210 MHz, 405 MHz, 31.67 W, 480.00 W, 878 MiB
2026/10/09 02:28:45.988, 0, GPU-6c849b47-7111-9265-9d42-ff8eddc05a2d, 100 %, 0 %, 67, 2760 MHz, 10251 MHz, 414.53 W, 480.00 W, 1102 MiB
2026/10/09 02:28:45.988, 1, GPU-81ac6e96-0bfe-390d-beb1-241466569d6b, 0 %, 0 %, 41, 210 MHz, 405 MHz, 31.69 W, 480.00 W, 878 MiB
2026/10/09 02:28:46.989, 0, GPU-6c849b47-7111-9265-9d42-ff8eddc05a2d, 100 %, 0 %, 71, 2595 MHz, 10251 MHz, 453.14 W, 480.00 W, 1102 MiB
2026/10/09 02:28:46.989, 1, GPU-81ac6e96-0bfe-390d-beb1-241466569d6b, 0 %, 0 %, 41, 210 MHz, 405 MHz, 31.51 W, 480.00 W, 878 MiB
2026/10/09 02:28:47.989, 0, GPU-6c849b47-7111-9265-9d42-ff8eddc05a2d, 100 %, 0 %, 71, 2610 MHz, 10251 MHz, 478.61 W, 480.00 W, 1102 MiB
2026/10/09 02:28:47.990, 1, GPU-81ac6e96-0bfe-390d-beb1-241466569d6b, 0 %, 0 %, 41, 210 MHz, 405 MHz, 31.32 W, 480.00 W, 878 MiB
2026/10/09 02:28:48.990, 0, GPU-6c849b47-7111-9265-9d42-ff8eddc05a2d, 100 %, 0 %, 71, 2670 MHz, 10251 MHz, 408.70 W, 480.00 W, 1102 MiB
2026/10/09 02:28:48.991, 1, GPU-81ac6e96-0bfe-390d-beb1-241466569d6b, 0 %, 0 %, 40, 210 MHz, 405 MHz, 31.32 W, 480.00 W, 878 MiB
2026/10/09 02:28:49.991, 0, GPU-6c849b47-7111-9265-9d42-ff8eddc05a2d, 100 %, 0 %, 70, 2670 MHz, 10251 MHz, 484.32 W, 480.00 W, 1102 MiB
2026/10/09 02:28:49.992, 1, GPU-81ac6e96-0bfe-390d-beb1-241466569d6b, 0 %, 0 %, 40, 210 MHz, 405 MHz, 31.26 W, 480.00 W, 878 MiB
2026/10/09 02:28:50.992, 0, GPU-6c849b47-7111-9265-9d42-ff8eddc05a2d, 100 %, 0 %, 71, 2655 MHz, 10251 MHz, 480.49 W, 480.00 W, 1102 MiB
2026/10/09 02:28:50.993, 1, GPU-81ac6e96-0bfe-390d-beb1-241466569d6b, 0 %, 0 %, 40, 210 MHz, 405 MHz, 31.18 W, 480.00 W, 878 MiB
2026/10/09 02:28:51.993, 0, GPU-6c849b47-7111-9265-9d42-ff8eddc05a2d, 100 %, 0 %, 71, 2700 MHz, 10251 MHz, 459.52 W, 480.00 W, 1102 MiB
2026/10/09 02:28:51.994, 1, GPU-81ac6e96-0bfe-390d-beb1-241466569d6b, 0 %, 0 %, 40, 210 MHz, 405 MHz, 31.15 W, 480.00 W, 878 MiB
2026/10/09 02:28:52.994, 0, GPU-6c849b47-7111-9265-9d42-ff8eddc05a2d, 100 %, 0 %, 71, 2700 MHz, 10251 MHz, 481.77 W, 480.00 W, 1102 MiB
2026/10/09 02:28:52.995, 1, GPU-81ac6e96-0bfe-390d-beb1-241466569d6b, 0 %, 0 %, 40, 210 MHz, 405 MHz, 30.92 W, 480.00 W, 878 MiB
2026/10/09 02:28:53.995, 0, GPU-6c849b47-7111-9265-9d42-ff8eddc05a2d, 100 %, 0 %, 70, 2760 MHz, 10251 MHz, 477.46 W, 480.00 W, 1102 MiB
2026/10/09 02:28:53.996, 1, GPU-81ac6e96-0bfe-390d-beb1-241466569d6b, 0 %, 0 %, 40, 210 MHz, 405 MHz, 30.82 W, 480.00 W, 878 MiB
2026/10/09 02:28:54.996, 0, GPU-6c849b47-7111-9265-9d42-ff8eddc05a2d, 100 %, 0 %, 72, 2715 MHz, 10251 MHz, 453.38 W, 480.00 W, 1102 MiB
2026/10/09 02:28:54.997, 1, GPU-81ac6e96-0bfe-390d-beb1-241466569d6b, 0 %, 0 %, 40, 210 MHz, 405 MHz, 31.03 W, 480.00 W, 878 MiB
2026/10/09 02:28:55.997, 0, GPU-6c849b47-7111-9265-9d42-ff8eddc05a2d, 100 %, 0 %, 72, 2700 MHz, 10251 MHz, 480.21 W, 480.00 W, 1102 MiB
2026/10/09 02:28:55.998, 1, GPU-81ac6e96-0bfe-390d-beb1-241466569d6b, 0 %, 0 %, 40, 210 MHz, 405 MHz, 31.16 W, 480.00 W, 878 MiB
2026/10/09 02:28:56.998, 0, GPU-6c849b47-7111-9265-9d42-ff8eddc05a2d, 100 %, 0 %, 64, 2760 MHz, 10251 MHz, 434.78 W, 480.00 W, 1102 MiB
2026/10/09 02:28:56.998, 1, GPU-81ac6e96-0bfe-390d-beb1-241466569d6b, 0 %, 0 %, 40, 210 MHz, 405 MHz, 31.26 W, 480.00 W, 878 MiB
2026/10/09 02:28:57.999, 0, GPU-6c849b47-7111-9265-9d42-ff8eddc05a2d, 100 %, 0 %, 71, 2655 MHz, 10251 MHz, 463.36 W, 480.00 W, 1102 MiB
2026/10/09 02:28:57.999, 1, GPU-81ac6e96-0bfe-390d-beb1-241466569d6b, 0 %, 0 %, 40, 210 MHz, 405 MHz, 31.41 W, 480.00 W, 878 MiB
2026/10/09 02:28:59.013, 0, GPU-6c849b47-7111-9265-9d42-ff8eddc05a2d, 100 %, 0 %, 71, 2670 MHz, 10251 MHz, 476.49 W, 480.00 W, 1102 MiB
2026/10/09 02:28:59.013, 1, GPU-81ac6e96-0bfe-390d-beb1-241466569d6b, 0 %, 0 %, 40, 210 MHz, 405 MHz, 31.28 W, 480.00 W, 878 MiB
2026/10/09 02:29:00.014, 0, GPU-6c849b47-7111-9265-9d42-ff8eddc05a2d, 100 %, 0 %, 69, 2730 MHz, 10251 MHz, 427.81 W, 480.00 W, 1102 MiB
2026/10/09 02:29:00.014, 1, GPU-81ac6e96-0bfe-390d-beb1-241466569d6b, 0 %, 0 %, 40, 210 MHz, 405 MHz, 31.30 W, 480.00 W, 878 MiB
2026/10/09 02:29:01.015, 0, GPU-6c849b47-7111-9265-9d42-ff8eddc05a2d, 100 %, 0 %, 70, 2700 MHz, 10251 MHz, 484.57 W, 480.00 W, 1102 MiB
2026/10/09 02:29:01.015, 1, GPU-81ac6e96-0bfe-390d-beb1-241466569d6b, 0 %, 0 %, 40, 210 MHz, 405 MHz, 31.51 W, 480.00 W, 878 MiB
2026/10/09 02:29:02.016, 0, GPU-6c849b47-7111-9265-9d42-ff8eddc05a2d, 100 %, 0 %, 70, 2700 MHz, 10251 MHz, 477.48 W, 480.00 W, 1102 MiB
2026/10/09 02:29:02.016, 1, GPU-81ac6e96-0bfe-390d-beb1-241466569d6b, 0 %, 0 %, 40, 210 MHz, 405 MHz, 31.16 W, 480.00 W, 878 MiB
2026/10/09 02:29:03.017, 0, GPU-6c849b47-7111-9265-9d42-ff8eddc05a2d, 100 %, 0 %, 71, 2745 MHz, 10251 MHz, 435.05 W, 480.00 W, 1102 MiB
2026/10/09 02:29:03.018, 1, GPU-81ac6e96-0bfe-390d-beb1-241466569d6b, 0 %, 0 %, 40, 210 MHz, 405 MHz, 30.87 W, 480.00 W, 878 MiB
2026/10/09 02:29:04.018, 0, GPU-6c849b47-7111-9265-9d42-ff8eddc05a2d, 100 %, 0 %, 71, 2730 MHz, 10251 MHz, 479.37 W, 480.00 W, 1102 MiB
2026/10/09 02:29:04.019, 1, GPU-81ac6e96-0bfe-390d-beb1-241466569d6b, 0 %, 0 %, 39, 210 MHz, 405 MHz, 30.88 W, 480.00 W, 878 MiB
2026/10/09 02:29:05.019, 0, GPU-6c849b47-7111-9265-9d42-ff8eddc05a2d, 100 %, 0 %, 69, 2760 MHz, 10251 MHz, 470.36 W, 480.00 W, 1102 MiB
2026/10/09 02:29:05.019, 1, GPU-81ac6e96-0bfe-390d-beb1-241466569d6b, 0 %, 0 %, 39, 210 MHz, 405 MHz, 31.14 W, 480.00 W, 878 MiB
2026/10/09 02:29:06.020, 0, GPU-6c849b47-7111-9265-9d42-ff8eddc05a2d, 100 %, 0 %, 70, 2730 MHz, 10251 MHz, 378.96 W, 480.00 W, 1102 MiB
2026/10/09 02:29:06.020, 1, GPU-81ac6e96-0bfe-390d-beb1-241466569d6b, 0 %, 0 %, 39, 210 MHz, 405 MHz, 31.42 W, 480.00 W, 878 MiB
2026/10/09 02:29:07.021, 0, GPU-6c849b47-7111-9265-9d42-ff8eddc05a2d, 100 %, 0 %, 70, 2760 MHz, 10251 MHz, 479.75 W, 480.00 W, 1102 MiB
2026/10/09 02:29:07.021, 1, GPU-81ac6e96-0bfe-390d-beb1-241466569d6b, 0 %, 0 %, 39, 210 MHz, 405 MHz, 31.30 W, 480.00 W, 878 MiB
2026/10/09 02:29:08.022, 0, GPU-6c849b47-7111-9265-9d42-ff8eddc05a2d, 100 %, 0 %, 60, 2760 MHz, 10251 MHz, 430.65 W, 480.00 W, 1102 MiB
2026/10/09 02:29:08.022, 1, GPU-81ac6e96-0bfe-390d-beb1-241466569d6b, 0 %, 0 %, 39, 210 MHz, 405 MHz, 31.33 W, 480.00 W, 878 MiB
2026/10/09 02:29:09.023, 0, GPU-6c849b47-7111-9265-9d42-ff8eddc05a2d, 100 %, 0 %, 71, 2595 MHz, 10251 MHz, 455.26 W, 480.00 W, 1102 MiB
2026/10/09 02:29:09.023, 1, GPU-81ac6e96-0bfe-390d-beb1-241466569d6b, 0 %, 0 %, 39, 210 MHz, 405 MHz, 31.41 W, 480.00 W, 878 MiB
2026/10/09 02:29:10.024, 0, GPU-6c849b47-7111-9265-9d42-ff8eddc05a2d, 100 %, 0 %, 71, 2595 MHz, 10251 MHz, 476.08 W, 480.00 W, 1102 MiB
2026/10/09 02:29:10.024, 1, GPU-81ac6e96-0bfe-390d-beb1-241466569d6b, 0 %, 0 %, 39, 210 MHz, 405 MHz, 31.50 W, 480.00 W, 878 MiB
2026/10/09 02:29:11.025, 0, GPU-6c849b47-7111-9265-9d42-ff8eddc05a2d, 100 %, 0 %, 67, 2700 MHz, 10251 MHz, 439.52 W, 480.00 W, 1102 MiB
2026/10/09 02:29:11.025, 1, GPU-81ac6e96-0bfe-390d-beb1-241466569d6b, 0 %, 0 %, 39, 210 MHz, 405 MHz, 31.82 W, 480.00 W, 878 MiB
2026/10/09 02:29:12.026, 0, GPU-6c849b47-7111-9265-9d42-ff8eddc05a2d, 100 %, 0 %, 71, 2625 MHz, 10251 MHz, 490.20 W, 480.00 W, 1102 MiB
2026/10/09 02:29:12.026, 1, GPU-81ac6e96-0bfe-390d-beb1-241466569d6b, 0 %, 0 %, 39, 210 MHz, 405 MHz, 31.62 W, 480.00 W, 878 MiB
2026/10/09 02:29:13.027, 0, GPU-6c849b47-7111-9265-9d42-ff8eddc05a2d, 100 %, 0 %, 71, 2640 MHz, 10251 MHz, 478.01 W, 480.00 W, 1102 MiB
2026/10/09 02:29:13.027, 1, GPU-81ac6e96-0bfe-390d-beb1-241466569d6b, 0 %, 0 %, 39, 210 MHz, 405 MHz, 31.38 W, 480.00 W, 878 MiB
2026/10/09 02:29:14.041, 0, GPU-6c849b47-7111-9265-9d42-ff8eddc05a2d, 100 %, 0 %, 70, 2715 MHz, 10251 MHz, 435.54 W, 480.00 W, 1102 MiB
2026/10/09 02:29:14.041, 1, GPU-81ac6e96-0bfe-390d-beb1-241466569d6b, 0 %, 0 %, 39, 210 MHz, 405 MHz, 31.49 W, 480.00 W, 878 MiB
2026/10/09 02:29:15.042, 0, GPU-6c849b47-7111-9265-9d42-ff8eddc05a2d, 100 %, 0 %, 71, 2670 MHz, 10251 MHz, 485.13 W, 480.00 W, 1102 MiB
2026/10/09 02:29:15.042, 1, GPU-81ac6e96-0bfe-390d-beb1-241466569d6b, 0 %, 0 %, 39, 210 MHz, 405 MHz, 31.43 W, 480.00 W, 878 MiB
2026/10/09 02:29:16.043, 0, GPU-6c849b47-7111-9265-9d42-ff8eddc05a2d, 100 %, 0 %, 71, 2655 MHz, 10251 MHz, 478.24 W, 480.00 W, 1102 MiB
2026/10/09 02:29:16.043, 1, GPU-81ac6e96-0bfe-390d-beb1-241466569d6b, 0 %, 0 %, 39, 210 MHz, 405 MHz, 31.42 W, 480.00 W, 878 MiB
2026/10/09 02:29:17.044, 0, GPU-6c849b47-7111-9265-9d42-ff8eddc05a2d, 100 %, 0 %, 72, 2730 MHz, 10251 MHz, 442.58 W, 480.00 W, 1102 MiB
2026/10/09 02:29:17.045, 1, GPU-81ac6e96-0bfe-390d-beb1-241466569d6b, 0 %, 0 %, 39, 210 MHz, 405 MHz, 31.22 W, 480.00 W, 878 MiB
2026/10/09 02:29:18.045, 0, GPU-6c849b47-7111-9265-9d42-ff8eddc05a2d, 100 %, 0 %, 71, 2715 MHz, 10251 MHz, 482.63 W, 480.00 W, 1102 MiB
2026/10/09 02:29:18.046, 1, GPU-81ac6e96-0bfe-390d-beb1-241466569d6b, 0 %, 0 %, 39, 210 MHz, 405 MHz, 31.16 W, 480.00 W, 878 MiB
2026/10/09 02:29:19.046, 0, GPU-6c849b47-7111-9265-9d42-ff8eddc05a2d, 100 %, 0 %, 70, 2760 MHz, 10251 MHz, 475.23 W, 480.00 W, 1102 MiB
2026/10/09 02:29:19.047, 1, GPU-81ac6e96-0bfe-390d-beb1-241466569d6b, 0 %, 0 %, 39, 210 MHz, 405 MHz, 31.07 W, 480.00 W, 878 MiB
2026/10/09 02:29:20.047, 0, GPU-6c849b47-7111-9265-9d42-ff8eddc05a2d, 100 %, 0 %, 72, 2745 MHz, 10251 MHz, 445.70 W, 480.00 W, 1102 MiB
2026/10/09 02:29:20.047, 1, GPU-81ac6e96-0bfe-390d-beb1-241466569d6b, 0 %, 0 %, 39, 210 MHz, 405 MHz, 31.23 W, 480.00 W, 878 MiB
2026/10/09 02:29:21.048, 0, GPU-6c849b47-7111-9265-9d42-ff8eddc05a2d, 100 %, 0 %, 72, 2700 MHz, 10251 MHz, 480.72 W, 480.00 W, 1102 MiB
2026/10/09 02:29:21.048, 1, GPU-81ac6e96-0bfe-390d-beb1-241466569d6b, 0 %, 0 %, 39, 210 MHz, 405 MHz, 31.71 W, 480.00 W, 878 MiB
2026/10/09 02:29:22.049, 0, GPU-6c849b47-7111-9265-9d42-ff8eddc05a2d, 100 %, 0 %, 62, 2745 MHz, 10251 MHz, 425.77 W, 480.00 W, 1102 MiB
2026/10/09 02:29:22.049, 1, GPU-81ac6e96-0bfe-390d-beb1-241466569d6b, 0 %, 0 %, 39, 210 MHz, 405 MHz, 31.48 W, 480.00 W, 878 MiB
2026/10/09 02:29:23.050, 0, GPU-6c849b47-7111-9265-9d42-ff8eddc05a2d, 100 %, 0 %, 71, 2670 MHz, 10251 MHz, 467.56 W, 480.00 W, 1102 MiB
2026/10/09 02:29:23.050, 1, GPU-81ac6e96-0bfe-390d-beb1-241466569d6b, 0 %, 0 %, 39, 210 MHz, 405 MHz, 31.21 W, 480.00 W, 878 MiB
2026/10/09 02:29:24.051, 0, GPU-6c849b47-7111-9265-9d42-ff8eddc05a2d, 100 %, 0 %, 71, 2670 MHz, 10251 MHz, 476.72 W, 480.00 W, 1102 MiB
2026/10/09 02:29:24.051, 1, GPU-81ac6e96-0bfe-390d-beb1-241466569d6b, 0 %, 0 %, 38, 210 MHz, 405 MHz, 31.49 W, 480.00 W, 878 MiB
2026/10/09 02:29:25.065, 0, GPU-6c849b47-7111-9265-9d42-ff8eddc05a2d, 0 %, 0 %, 53, 2775 MHz, 10251 MHz, 315.83 W, 480.00 W, 1102 MiB
2026/10/09 02:29:25.065, 1, GPU-81ac6e96-0bfe-390d-beb1-241466569d6b, 0 %, 0 %, 38, 210 MHz, 405 MHz, 31.61 W, 480.00 W, 878 MiB
2026/10/09 02:29:26.066, 0, GPU-6c849b47-7111-9265-9d42-ff8eddc05a2d, 0 %, 0 %, 49, 2775 MHz, 10251 MHz, 106.85 W, 480.00 W, 1102 MiB
2026/10/09 02:29:26.067, 1, GPU-81ac6e96-0bfe-390d-beb1-241466569d6b, 0 %, 0 %, 38, 210 MHz, 405 MHz, 31.52 W, 480.00 W, 878 MiB
2026/10/09 02:29:27.067, 0, GPU-6c849b47-7111-9265-9d42-ff8eddc05a2d, 0 %, 0 %, 47, 2625 MHz, 10251 MHz, 92.75 W, 480.00 W, 1102 MiB
2026/10/09 02:29:27.067, 1, GPU-81ac6e96-0bfe-390d-beb1-241466569d6b, 0 %, 0 %, 38, 210 MHz, 405 MHz, 31.44 W, 480.00 W, 878 MiB
2026/10/09 02:29:28.068, 0, GPU-6c849b47-7111-9265-9d42-ff8eddc05a2d, 0 %, 0 %, 46, 2625 MHz, 10251 MHz, 84.12 W, 480.00 W, 1102 MiB
2026/10/09 02:29:28.068, 1, GPU-81ac6e96-0bfe-390d-beb1-241466569d6b, 0 %, 0 %, 38, 210 MHz, 405 MHz, 31.44 W, 480.00 W, 878 MiB
2026/10/09 02:29:29.069, 0, GPU-6c849b47-7111-9265-9d42-ff8eddc05a2d, 0 %, 0 %, 46, 2625 MHz, 10251 MHz, 83.75 W, 480.00 W, 1102 MiB
2026/10/09 02:29:29.069, 1, GPU-81ac6e96-0bfe-390d-beb1-241466569d6b, 0 %, 0 %, 38, 210 MHz, 405 MHz, 31.77 W, 480.00 W, 878 MiB
2026/10/09 02:29:30.070, 0, GPU-6c849b47-7111-9265-9d42-ff8eddc05a2d, 0 %, 0 %, 46, 2625 MHz, 10251 MHz, 83.09 W, 480.00 W, 1102 MiB
2026/10/09 02:29:30.071, 1, GPU-81ac6e96-0bfe-390d-beb1-241466569d6b, 0 %, 0 %, 38, 210 MHz, 405 MHz, 32.04 W, 480.00 W, 878 MiB
2026/10/09 02:29:31.071, 0, GPU-6c849b47-7111-9265-9d42-ff8eddc05a2d, 0 %, 0 %, 46, 2625 MHz, 10251 MHz, 82.97 W, 480.00 W, 1102 MiB
2026/10/09 02:29:31.072, 1, GPU-81ac6e96-0bfe-390d-beb1-241466569d6b, 0 %, 0 %, 38, 210 MHz, 405 MHz, 32.06 W, 480.00 W, 878 MiB
2026/10/09 02:29:32.072, 0, GPU-6c849b47-7111-9265-9d42-ff8eddc05a2d, 0 %, 0 %, 46, 2625 MHz, 10251 MHz, 82.22 W, 480.00 W, 1102 MiB
2026/10/09 02:29:32.073, 1, GPU-81ac6e96-0bfe-390d-beb1-241466569d6b, 0 %, 0 %, 38, 210 MHz, 405 MHz, 31.88 W, 480.00 W, 878 MiB
2026/10/09 02:29:33.073, 0, GPU-6c849b47-7111-9265-9d42-ff8eddc05a2d, 0 %, 0 %, 45, 2625 MHz, 10251 MHz, 82.10 W, 480.00 W, 1102 MiB
2026/10/09 02:29:33.074, 1, GPU-81ac6e96-0bfe-390d-beb1-241466569d6b, 0 %, 0 %, 38, 210 MHz, 405 MHz, 31.60 W, 480.00 W, 878 MiB
2026/10/09 02:29:34.074, 0, GPU-6c849b47-7111-9265-9d42-ff8eddc05a2d, 0 %, 0 %, 45, 2625 MHz, 10251 MHz, 81.89 W, 480.00 W, 1102 MiB
2026/10/09 02:29:34.075, 1, GPU-81ac6e96-0bfe-390d-beb1-241466569d6b, 0 %, 0 %, 38, 210 MHz, 405 MHz, 31.45 W, 480.00 W, 878 MiB
2026/10/09 02:29:35.075, 0, GPU-6c849b47-7111-9265-9d42-ff8eddc05a2d, 0 %, 0 %, 45, 2625 MHz, 10251 MHz, 81.72 W, 480.00 W, 1102 MiB
2026/10/09 02:29:35.075, 1, GPU-81ac6e96-0bfe-390d-beb1-241466569d6b, 0 %, 0 %, 38, 210 MHz, 405 MHz, 31.59 W, 480.00 W, 878 MiB
2026/10/09 02:29:36.076, 0, GPU-6c849b47-7111-9265-9d42-ff8eddc05a2d, 0 %, 0 %, 45, 2625 MHz, 10251 MHz, 81.59 W, 480.00 W, 1102 MiB
2026/10/09 02:29:36.077, 1, GPU-81ac6e96-0bfe-390d-beb1-241466569d6b, 0 %, 0 %, 38, 210 MHz, 405 MHz, 31.83 W, 480.00 W, 878 MiB
2026/10/09 02:29:37.077, 0, GPU-6c849b47-7111-9265-9d42-ff8eddc05a2d, 0 %, 0 %, 45, 2625 MHz, 10251 MHz, 81.42 W, 480.00 W, 1102 MiB
2026/10/09 02:29:37.078, 1, GPU-81ac6e96-0bfe-390d-beb1-241466569d6b, 0 %, 0 %, 38, 210 MHz, 405 MHz, 31.93 W, 480.00 W, 878 MiB
2026/10/09 02:29:38.078, 0, GPU-6c849b47-7111-9265-9d42-ff8eddc05a2d, 0 %, 0 %, 45, 2625 MHz, 10251 MHz, 81.36 W, 480.00 W, 1102 MiB
2026/10/09 02:29:38.079, 1, GPU-81ac6e96-0bfe-390d-beb1-241466569d6b, 0 %, 0 %, 38, 210 MHz, 405 MHz, 31.79 W, 480.00 W, 878 MiB
2026/10/09 02:29:39.079, 0, GPU-6c849b47-7111-9265-9d42-ff8eddc05a2d, 0 %, 0 %, 45, 2625 MHz, 10251 MHz, 81.36 W, 480.00 W, 1102 MiB
2026/10/09 02:29:39.080, 1, GPU-81ac6e96-0bfe-390d-beb1-241466569d6b, 0 %, 0 %, 38, 210 MHz, 405 MHz, 31.83 W, 480.00 W, 878 MiB
2026/10/09 02:29:40.080, 0, GPU-6c849b47-7111-9265-9d42-ff8eddc05a2d, 0 %, 0 %, 45, 2625 MHz, 10251 MHz, 81.35 W, 480.00 W, 1102 MiB
2026/10/09 02:29:40.081, 1, GPU-81ac6e96-0bfe-390d-beb1-241466569d6b, 0 %, 0 %, 38, 210 MHz, 405 MHz, 32.00 W, 480.00 W, 878 MiB
2026/10/09 02:29:41.081, 0, GPU-6c849b47-7111-9265-9d42-ff8eddc05a2d, 0 %, 0 %, 45, 2625 MHz, 10251 MHz, 81.34 W, 480.00 W, 1102 MiB
2026/10/09 02:29:41.082, 1, GPU-81ac6e96-0bfe-390d-beb1-241466569d6b, 0 %, 0 %, 38, 210 MHz, 405 MHz, 31.94 W, 480.00 W, 878 MiB
2026/10/09 02:29:42.082, 0, GPU-6c849b47-7111-9265-9d42-ff8eddc05a2d, 0 %, 0 %, 45, 2625 MHz, 10251 MHz, 81.31 W, 480.00 W, 1102 MiB
2026/10/09 02:29:42.083, 1, GPU-81ac6e96-0bfe-390d-beb1-241466569d6b, 0 %, 0 %, 38, 210 MHz, 405 MHz, 31.89 W, 480.00 W, 878 MiB
2026/10/09 02:29:43.083, 0, GPU-6c849b47-7111-9265-9d42-ff8eddc05a2d, 0 %, 0 %, 45, 2625 MHz, 10251 MHz, 81.32 W, 480.00 W, 1102 MiB
2026/10/09 02:29:43.084, 1, GPU-81ac6e96-0bfe-390d-beb1-241466569d6b, 52 %, 1 %, 47, 2625 MHz, 10251 MHz, 35.49 W, 480.00 W, 1102 MiB
2026/10/09 02:29:44.084, 0, GPU-6c849b47-7111-9265-9d42-ff8eddc05a2d, 0 %, 0 %, 45, 2625 MHz, 10251 MHz, 81.39 W, 480.00 W, 1102 MiB
2026/10/09 02:29:44.085, 1, GPU-81ac6e96-0bfe-390d-beb1-241466569d6b, 100 %, 0 %, 61, 2715 MHz, 10251 MHz, 419.12 W, 480.00 W, 1102 MiB
2026/10/09 02:29:45.085, 0, GPU-6c849b47-7111-9265-9d42-ff8eddc05a2d, 0 %, 0 %, 45, 2625 MHz, 10251 MHz, 81.42 W, 480.00 W, 1102 MiB
2026/10/09 02:29:45.085, 1, GPU-81ac6e96-0bfe-390d-beb1-241466569d6b, 100 %, 0 %, 61, 2715 MHz, 10251 MHz, 479.52 W, 480.00 W, 1102 MiB
2026/10/09 02:29:46.086, 0, GPU-6c849b47-7111-9265-9d42-ff8eddc05a2d, 0 %, 0 %, 45, 2625 MHz, 10251 MHz, 81.44 W, 480.00 W, 1102 MiB
2026/10/09 02:29:46.087, 1, GPU-81ac6e96-0bfe-390d-beb1-241466569d6b, 100 %, 0 %, 61, 2715 MHz, 10251 MHz, 428.06 W, 480.00 W, 1102 MiB
2026/10/09 02:29:47.087, 0, GPU-6c849b47-7111-9265-9d42-ff8eddc05a2d, 0 %, 0 %, 44, 405 MHz, 810 MHz, 71.88 W, 480.00 W, 1102 MiB
2026/10/09 02:29:47.088, 1, GPU-81ac6e96-0bfe-390d-beb1-241466569d6b, 100 %, 0 %, 60, 2640 MHz, 10251 MHz, 494.07 W, 480.00 W, 1102 MiB
2026/10/09 02:29:48.088, 0, GPU-6c849b47-7111-9265-9d42-ff8eddc05a2d, 0 %, 0 %, 44, 255 MHz, 405 MHz, 53.54 W, 480.00 W, 1102 MiB
2026/10/09 02:29:48.089, 1, GPU-81ac6e96-0bfe-390d-beb1-241466569d6b, 100 %, 0 %, 60, 2655 MHz, 10251 MHz, 477.07 W, 480.00 W, 1102 MiB
2026/10/09 02:29:49.089, 0, GPU-6c849b47-7111-9265-9d42-ff8eddc05a2d, 0 %, 0 %, 44, 210 MHz, 405 MHz, 42.63 W, 480.00 W, 1102 MiB
2026/10/09 02:29:49.090, 1, GPU-81ac6e96-0bfe-390d-beb1-241466569d6b, 100 %, 0 %, 62, 2745 MHz, 10251 MHz, 449.33 W, 480.00 W, 1102 MiB
2026/10/09 02:29:50.090, 0, GPU-6c849b47-7111-9265-9d42-ff8eddc05a2d, 0 %, 0 %, 44, 210 MHz, 405 MHz, 40.35 W, 480.00 W, 1102 MiB
2026/10/09 02:29:50.091, 1, GPU-81ac6e96-0bfe-390d-beb1-241466569d6b, 100 %, 0 %, 61, 2730 MHz, 10251 MHz, 482.90 W, 480.00 W, 1102 MiB
2026/10/09 02:29:51.091, 0, GPU-6c849b47-7111-9265-9d42-ff8eddc05a2d, 0 %, 0 %, 43, 210 MHz, 405 MHz, 40.17 W, 480.00 W, 1102 MiB
2026/10/09 02:29:51.092, 1, GPU-81ac6e96-0bfe-390d-beb1-241466569d6b, 100 %, 0 %, 60, 2790 MHz, 10251 MHz, 478.19 W, 480.00 W, 1102 MiB
2026/10/09 02:29:52.092, 0, GPU-6c849b47-7111-9265-9d42-ff8eddc05a2d, 0 %, 0 %, 43, 210 MHz, 405 MHz, 39.85 W, 480.00 W, 1102 MiB
2026/10/09 02:29:52.093, 1, GPU-81ac6e96-0bfe-390d-beb1-241466569d6b, 100 %, 0 %, 62, 2760 MHz, 10251 MHz, 448.66 W, 480.00 W, 1102 MiB
2026/10/09 02:29:53.093, 0, GPU-6c849b47-7111-9265-9d42-ff8eddc05a2d, 0 %, 0 %, 43, 210 MHz, 405 MHz, 39.63 W, 480.00 W, 1102 MiB
2026/10/09 02:29:53.093, 1, GPU-81ac6e96-0bfe-390d-beb1-241466569d6b, 100 %, 0 %, 62, 2745 MHz, 10251 MHz, 480.75 W, 480.00 W, 1102 MiB
2026/10/09 02:29:54.094, 0, GPU-6c849b47-7111-9265-9d42-ff8eddc05a2d, 0 %, 0 %, 43, 210 MHz, 405 MHz, 39.66 W, 480.00 W, 1102 MiB
2026/10/09 02:29:54.094, 1, GPU-81ac6e96-0bfe-390d-beb1-241466569d6b, 100 %, 0 %, 51, 2790 MHz, 10251 MHz, 446.49 W, 480.00 W, 1102 MiB
2026/10/09 02:29:55.095, 0, GPU-6c849b47-7111-9265-9d42-ff8eddc05a2d, 0 %, 0 %, 43, 210 MHz, 405 MHz, 39.79 W, 480.00 W, 1102 MiB
2026/10/09 02:29:55.095, 1, GPU-81ac6e96-0bfe-390d-beb1-241466569d6b, 100 %, 0 %, 60, 2700 MHz, 10251 MHz, 455.60 W, 480.00 W, 1102 MiB
2026/10/09 02:29:56.096, 0, GPU-6c849b47-7111-9265-9d42-ff8eddc05a2d, 0 %, 0 %, 43, 210 MHz, 405 MHz, 39.79 W, 480.00 W, 1102 MiB
2026/10/09 02:29:56.096, 1, GPU-81ac6e96-0bfe-390d-beb1-241466569d6b, 100 %, 0 %, 61, 2715 MHz, 10251 MHz, 477.48 W, 480.00 W, 1102 MiB
2026/10/09 02:29:57.097, 0, GPU-6c849b47-7111-9265-9d42-ff8eddc05a2d, 0 %, 0 %, 43, 210 MHz, 405 MHz, 39.62 W, 480.00 W, 1102 MiB
2026/10/09 02:29:57.097, 1, GPU-81ac6e96-0bfe-390d-beb1-241466569d6b, 100 %, 0 %, 61, 2775 MHz, 10251 MHz, 425.95 W, 480.00 W, 1102 MiB
2026/10/09 02:29:58.098, 0, GPU-6c849b47-7111-9265-9d42-ff8eddc05a2d, 0 %, 0 %, 43, 210 MHz, 405 MHz, 39.56 W, 480.00 W, 1102 MiB
2026/10/09 02:29:58.098, 1, GPU-81ac6e96-0bfe-390d-beb1-241466569d6b, 100 %, 0 %, 61, 2745 MHz, 10251 MHz, 482.21 W, 480.00 W, 1102 MiB
2026/10/09 02:29:59.098, 0, GPU-6c849b47-7111-9265-9d42-ff8eddc05a2d, 0 %, 0 %, 43, 210 MHz, 405 MHz, 39.58 W, 480.00 W, 1102 MiB
2026/10/09 02:29:59.099, 1, GPU-81ac6e96-0bfe-390d-beb1-241466569d6b, 100 %, 0 %, 61, 2730 MHz, 10251 MHz, 478.66 W, 480.00 W, 1102 MiB
2026/10/09 02:30:00.099, 0, GPU-6c849b47-7111-9265-9d42-ff8eddc05a2d, 0 %, 0 %, 43, 210 MHz, 405 MHz, 39.38 W, 480.00 W, 1102 MiB
2026/10/09 02:30:00.100, 1, GPU-81ac6e96-0bfe-390d-beb1-241466569d6b, 100 %, 0 %, 62, 2790 MHz, 10251 MHz, 430.49 W, 480.00 W, 1102 MiB
2026/10/09 02:30:01.100, 0, GPU-6c849b47-7111-9265-9d42-ff8eddc05a2d, 0 %, 0 %, 43, 210 MHz, 405 MHz, 39.14 W, 480.00 W, 1102 MiB
2026/10/09 02:30:01.101, 1, GPU-81ac6e96-0bfe-390d-beb1-241466569d6b, 100 %, 0 %, 62, 2775 MHz, 10251 MHz, 478.43 W, 480.00 W, 1102 MiB
2026/10/09 02:30:02.101, 0, GPU-6c849b47-7111-9265-9d42-ff8eddc05a2d, 0 %, 0 %, 43, 210 MHz, 405 MHz, 39.02 W, 480.00 W, 1102 MiB
2026/10/09 02:30:02.102, 1, GPU-81ac6e96-0bfe-390d-beb1-241466569d6b, 100 %, 0 %, 54, 2790 MHz, 10251 MHz, 458.82 W, 480.00 W, 1102 MiB
2026/10/09 02:30:03.102, 0, GPU-6c849b47-7111-9265-9d42-ff8eddc05a2d, 0 %, 0 %, 43, 210 MHz, 405 MHz, 39.03 W, 480.00 W, 1102 MiB
2026/10/09 02:30:03.103, 1, GPU-81ac6e96-0bfe-390d-beb1-241466569d6b, 100 %, 0 %, 63, 2715 MHz, 10251 MHz, 377.77 W, 480.00 W, 1102 MiB
2026/10/09 02:30:04.103, 0, GPU-6c849b47-7111-9265-9d42-ff8eddc05a2d, 0 %, 0 %, 43, 210 MHz, 405 MHz, 39.21 W, 480.00 W, 1102 MiB
2026/10/09 02:30:04.104, 1, GPU-81ac6e96-0bfe-390d-beb1-241466569d6b, 100 %, 0 %, 63, 2745 MHz, 10251 MHz, 480.24 W, 480.00 W, 1102 MiB
2026/10/09 02:30:05.104, 0, GPU-6c849b47-7111-9265-9d42-ff8eddc05a2d, 0 %, 0 %, 43, 210 MHz, 405 MHz, 39.17 W, 480.00 W, 1102 MiB
2026/10/09 02:30:05.119, 1, GPU-81ac6e96-0bfe-390d-beb1-241466569d6b, 100 %, 0 %, 59, 2715 MHz, 10251 MHz, 415.57 W, 480.00 W, 1102 MiB
2026/10/09 02:30:06.119, 0, GPU-6c849b47-7111-9265-9d42-ff8eddc05a2d, 0 %, 0 %, 43, 210 MHz, 405 MHz, 39.18 W, 480.00 W, 1102 MiB
2026/10/09 02:30:06.120, 1, GPU-81ac6e96-0bfe-390d-beb1-241466569d6b, 100 %, 0 %, 62, 2640 MHz, 10251 MHz, 479.60 W, 480.00 W, 1102 MiB
2026/10/09 02:30:07.120, 0, GPU-6c849b47-7111-9265-9d42-ff8eddc05a2d, 0 %, 0 %, 43, 210 MHz, 405 MHz, 39.34 W, 480.00 W, 1102 MiB
2026/10/09 02:30:07.121, 1, GPU-81ac6e96-0bfe-390d-beb1-241466569d6b, 100 %, 0 %, 62, 2640 MHz, 10251 MHz, 476.78 W, 480.00 W, 1102 MiB
2026/10/09 02:30:08.121, 0, GPU-6c849b47-7111-9265-9d42-ff8eddc05a2d, 0 %, 0 %, 43, 210 MHz, 405 MHz, 39.47 W, 480.00 W, 1102 MiB
2026/10/09 02:30:08.122, 1, GPU-81ac6e96-0bfe-390d-beb1-241466569d6b, 100 %, 0 %, 64, 2730 MHz, 10251 MHz, 443.24 W, 480.00 W, 1102 MiB
2026/10/09 02:30:09.122, 0, GPU-6c849b47-7111-9265-9d42-ff8eddc05a2d, 0 %, 0 %, 42, 210 MHz, 405 MHz, 39.52 W, 480.00 W, 1102 MiB
2026/10/09 02:30:09.123, 1, GPU-81ac6e96-0bfe-390d-beb1-241466569d6b, 100 %, 0 %, 63, 2685 MHz, 10251 MHz, 488.73 W, 480.00 W, 1102 MiB
2026/10/09 02:30:10.123, 0, GPU-6c849b47-7111-9265-9d42-ff8eddc05a2d, 0 %, 0 %, 42, 210 MHz, 405 MHz, 39.54 W, 480.00 W, 1102 MiB
2026/10/09 02:30:10.124, 1, GPU-81ac6e96-0bfe-390d-beb1-241466569d6b, 100 %, 0 %, 63, 2685 MHz, 10251 MHz, 477.83 W, 480.00 W, 1102 MiB
2026/10/09 02:30:11.124, 0, GPU-6c849b47-7111-9265-9d42-ff8eddc05a2d, 0 %, 0 %, 42, 210 MHz, 405 MHz, 39.61 W, 480.00 W, 1102 MiB
2026/10/09 02:30:11.125, 1, GPU-81ac6e96-0bfe-390d-beb1-241466569d6b, 100 %, 0 %, 65, 2745 MHz, 10251 MHz, 442.22 W, 480.00 W, 1102 MiB
2026/10/09 02:30:12.125, 0, GPU-6c849b47-7111-9265-9d42-ff8eddc05a2d, 0 %, 0 %, 42, 210 MHz, 405 MHz, 39.61 W, 480.00 W, 1102 MiB
2026/10/09 02:30:12.126, 1, GPU-81ac6e96-0bfe-390d-beb1-241466569d6b, 100 %, 0 %, 65, 2745 MHz, 10251 MHz, 481.10 W, 480.00 W, 1102 MiB
2026/10/09 02:30:13.126, 0, GPU-6c849b47-7111-9265-9d42-ff8eddc05a2d, 0 %, 0 %, 42, 210 MHz, 405 MHz, 39.55 W, 480.00 W, 1102 MiB
2026/10/09 02:30:13.127, 1, GPU-81ac6e96-0bfe-390d-beb1-241466569d6b, 100 %, 0 %, 63, 2790 MHz, 10251 MHz, 478.40 W, 480.00 W, 1102 MiB
2026/10/09 02:30:14.127, 0, GPU-6c849b47-7111-9265-9d42-ff8eddc05a2d, 0 %, 0 %, 42, 210 MHz, 405 MHz, 39.23 W, 480.00 W, 1102 MiB
2026/10/09 02:30:14.128, 1, GPU-81ac6e96-0bfe-390d-beb1-241466569d6b, 100 %, 0 %, 65, 2760 MHz, 10251 MHz, 444.80 W, 480.00 W, 1102 MiB
2026/10/09 02:30:15.128, 0, GPU-6c849b47-7111-9265-9d42-ff8eddc05a2d, 0 %, 0 %, 42, 210 MHz, 405 MHz, 38.70 W, 480.00 W, 1102 MiB
2026/10/09 02:30:15.129, 1, GPU-81ac6e96-0bfe-390d-beb1-241466569d6b, 100 %, 0 %, 65, 2745 MHz, 10251 MHz, 480.07 W, 480.00 W, 1102 MiB
2026/10/09 02:30:16.129, 0, GPU-6c849b47-7111-9265-9d42-ff8eddc05a2d, 0 %, 0 %, 42, 210 MHz, 405 MHz, 38.55 W, 480.00 W, 1102 MiB
2026/10/09 02:30:16.130, 1, GPU-81ac6e96-0bfe-390d-beb1-241466569d6b, 100 %, 0 %, 56, 2790 MHz, 10251 MHz, 418.04 W, 480.00 W, 1102 MiB
2026/10/09 02:30:17.130, 0, GPU-6c849b47-7111-9265-9d42-ff8eddc05a2d, 0 %, 0 %, 42, 210 MHz, 405 MHz, 38.89 W, 480.00 W, 1102 MiB
2026/10/09 02:30:17.130, 1, GPU-81ac6e96-0bfe-390d-beb1-241466569d6b, 100 %, 0 %, 64, 2700 MHz, 10251 MHz, 478.30 W, 480.00 W, 1102 MiB
2026/10/09 02:30:18.131, 0, GPU-6c849b47-7111-9265-9d42-ff8eddc05a2d, 0 %, 0 %, 42, 210 MHz, 405 MHz, 39.18 W, 480.00 W, 1102 MiB
2026/10/09 02:30:18.131, 1, GPU-81ac6e96-0bfe-390d-beb1-241466569d6b, 100 %, 0 %, 64, 2685 MHz, 10251 MHz, 476.47 W, 480.00 W, 1102 MiB
2026/10/09 02:30:19.132, 0, GPU-6c849b47-7111-9265-9d42-ff8eddc05a2d, 0 %, 0 %, 42, 210 MHz, 405 MHz, 39.18 W, 480.00 W, 1102 MiB
2026/10/09 02:30:19.132, 1, GPU-81ac6e96-0bfe-390d-beb1-241466569d6b, 100 %, 0 %, 65, 2775 MHz, 10251 MHz, 427.17 W, 480.00 W, 1102 MiB
2026/10/09 02:30:20.133, 0, GPU-6c849b47-7111-9265-9d42-ff8eddc05a2d, 0 %, 0 %, 42, 210 MHz, 405 MHz, 39.12 W, 480.00 W, 1102 MiB
2026/10/09 02:30:20.133, 1, GPU-81ac6e96-0bfe-390d-beb1-241466569d6b, 100 %, 0 %, 65, 2730 MHz, 10251 MHz, 481.74 W, 480.00 W, 1102 MiB
2026/10/09 02:30:21.133, 0, GPU-6c849b47-7111-9265-9d42-ff8eddc05a2d, 0 %, 0 %, 42, 210 MHz, 405 MHz, 38.83 W, 480.00 W, 1102 MiB
2026/10/09 02:30:21.134, 1, GPU-81ac6e96-0bfe-390d-beb1-241466569d6b, 100 %, 0 %, 64, 2775 MHz, 10251 MHz, 477.06 W, 480.00 W, 1102 MiB
2026/10/09 02:30:22.165, 0, GPU-6c849b47-7111-9265-9d42-ff8eddc05a2d, 0 %, 0 %, 42, 210 MHz, 405 MHz, 38.59 W, 480.00 W, 1102 MiB
2026/10/09 02:30:22.166, 1, GPU-81ac6e96-0bfe-390d-beb1-241466569d6b, 100 %, 0 %, 65, 2775 MHz, 10251 MHz, 390.07 W, 480.00 W, 1102 MiB
2026/10/09 02:30:23.166, 0, GPU-6c849b47-7111-9265-9d42-ff8eddc05a2d, 0 %, 0 %, 42, 210 MHz, 405 MHz, 38.44 W, 480.00 W, 1102 MiB
2026/10/09 02:30:23.167, 1, GPU-81ac6e96-0bfe-390d-beb1-241466569d6b, 100 %, 0 %, 64, 2775 MHz, 10251 MHz, 482.36 W, 480.00 W, 1102 MiB
2026/10/09 02:30:24.167, 0, GPU-6c849b47-7111-9265-9d42-ff8eddc05a2d, 0 %, 0 %, 41, 210 MHz, 405 MHz, 38.19 W, 480.00 W, 1102 MiB
2026/10/09 02:30:24.168, 1, GPU-81ac6e96-0bfe-390d-beb1-241466569d6b, 100 %, 0 %, 56, 2790 MHz, 10251 MHz, 436.47 W, 480.00 W, 1102 MiB
2026/10/09 02:30:25.168, 0, GPU-6c849b47-7111-9265-9d42-ff8eddc05a2d, 0 %, 0 %, 41, 210 MHz, 405 MHz, 38.11 W, 480.00 W, 1102 MiB
2026/10/09 02:30:25.169, 1, GPU-81ac6e96-0bfe-390d-beb1-241466569d6b, 100 %, 0 %, 66, 2640 MHz, 10251 MHz, 448.13 W, 480.00 W, 1102 MiB
2026/10/09 02:30:26.169, 0, GPU-6c849b47-7111-9265-9d42-ff8eddc05a2d, 0 %, 0 %, 41, 210 MHz, 405 MHz, 38.27 W, 480.00 W, 1102 MiB
2026/10/09 02:30:26.170, 1, GPU-81ac6e96-0bfe-390d-beb1-241466569d6b, 100 %, 0 %, 66, 2640 MHz, 10251 MHz, 476.73 W, 480.00 W, 1102 MiB
2026/10/09 02:30:27.170, 0, GPU-6c849b47-7111-9265-9d42-ff8eddc05a2d, 0 %, 0 %, 41, 210 MHz, 405 MHz, 38.36 W, 480.00 W, 1102 MiB
2026/10/09 02:30:27.171, 1, GPU-81ac6e96-0bfe-390d-beb1-241466569d6b, 100 %, 0 %, 61, 2730 MHz, 10251 MHz, 438.27 W, 480.00 W, 1102 MiB
2026/10/09 02:30:28.171, 0, GPU-6c849b47-7111-9265-9d42-ff8eddc05a2d, 0 %, 0 %, 41, 210 MHz, 405 MHz, 38.30 W, 480.00 W, 1102 MiB
2026/10/09 02:30:28.172, 1, GPU-81ac6e96-0bfe-390d-beb1-241466569d6b, 100 %, 0 %, 65, 2655 MHz, 10251 MHz, 491.98 W, 480.00 W, 1102 MiB
2026/10/09 02:30:29.172, 0, GPU-6c849b47-7111-9265-9d42-ff8eddc05a2d, 0 %, 0 %, 41, 210 MHz, 405 MHz, 38.60 W, 480.00 W, 1102 MiB
2026/10/09 02:30:29.172, 1, GPU-81ac6e96-0bfe-390d-beb1-241466569d6b, 100 %, 0 %, 66, 2670 MHz, 10251 MHz, 477.57 W, 480.00 W, 1102 MiB
2026/10/09 02:30:30.173, 0, GPU-6c849b47-7111-9265-9d42-ff8eddc05a2d, 0 %, 0 %, 41, 210 MHz, 405 MHz, 39.04 W, 480.00 W, 1102 MiB
2026/10/09 02:30:30.173, 1, GPU-81ac6e96-0bfe-390d-beb1-241466569d6b, 100 %, 0 %, 66, 2745 MHz, 10251 MHz, 437.50 W, 480.00 W, 1102 MiB
2026/10/09 02:30:31.174, 0, GPU-6c849b47-7111-9265-9d42-ff8eddc05a2d, 0 %, 0 %, 41, 210 MHz, 405 MHz, 39.06 W, 480.00 W, 1102 MiB
2026/10/09 02:30:31.174, 1, GPU-81ac6e96-0bfe-390d-beb1-241466569d6b, 100 %, 0 %, 66, 2700 MHz, 10251 MHz, 486.12 W, 480.00 W, 1102 MiB
2026/10/09 02:30:32.175, 0, GPU-6c849b47-7111-9265-9d42-ff8eddc05a2d, 0 %, 0 %, 41, 210 MHz, 405 MHz, 38.90 W, 480.00 W, 1102 MiB
2026/10/09 02:30:32.175, 1, GPU-81ac6e96-0bfe-390d-beb1-241466569d6b, 100 %, 0 %, 66, 2715 MHz, 10251 MHz, 477.84 W, 480.00 W, 1102 MiB
2026/10/09 02:30:33.207, 0, GPU-6c849b47-7111-9265-9d42-ff8eddc05a2d, 0 %, 0 %, 41, 210 MHz, 405 MHz, 38.69 W, 480.00 W, 1102 MiB
2026/10/09 02:30:33.207, 1, GPU-81ac6e96-0bfe-390d-beb1-241466569d6b, 100 %, 0 %, 66, 2685 MHz, 10251 MHz, 475.56 W, 480.00 W, 1102 MiB
2026/10/09 02:30:34.208, 0, GPU-6c849b47-7111-9265-9d42-ff8eddc05a2d, 0 %, 0 %, 41, 210 MHz, 405 MHz, 38.70 W, 480.00 W, 1102 MiB
2026/10/09 02:30:34.208, 1, GPU-81ac6e96-0bfe-390d-beb1-241466569d6b, 100 %, 0 %, 66, 2685 MHz, 10251 MHz, 476.92 W, 480.00 W, 1102 MiB
2026/10/09 02:30:35.208, 0, GPU-6c849b47-7111-9265-9d42-ff8eddc05a2d, 0 %, 0 %, 41, 210 MHz, 405 MHz, 38.56 W, 480.00 W, 1102 MiB
2026/10/09 02:30:35.209, 1, GPU-81ac6e96-0bfe-390d-beb1-241466569d6b, 100 %, 0 %, 67, 2760 MHz, 10251 MHz, 430.36 W, 480.00 W, 1102 MiB
2026/10/09 02:30:36.209, 0, GPU-6c849b47-7111-9265-9d42-ff8eddc05a2d, 0 %, 0 %, 41, 210 MHz, 405 MHz, 38.22 W, 480.00 W, 1102 MiB
2026/10/09 02:30:36.210, 1, GPU-81ac6e96-0bfe-390d-beb1-241466569d6b, 100 %, 0 %, 66, 2730 MHz, 10251 MHz, 482.89 W, 480.00 W, 1102 MiB
2026/10/09 02:30:37.210, 0, GPU-6c849b47-7111-9265-9d42-ff8eddc05a2d, 0 %, 0 %, 41, 210 MHz, 405 MHz, 38.22 W, 480.00 W, 1102 MiB
2026/10/09 02:30:37.211, 1, GPU-81ac6e96-0bfe-390d-beb1-241466569d6b, 100 %, 0 %, 66, 2730 MHz, 10251 MHz, 479.32 W, 480.00 W, 1102 MiB
2026/10/09 02:30:38.211, 0, GPU-6c849b47-7111-9265-9d42-ff8eddc05a2d, 0 %, 0 %, 41, 210 MHz, 405 MHz, 38.25 W, 480.00 W, 1102 MiB
2026/10/09 02:30:38.212, 1, GPU-81ac6e96-0bfe-390d-beb1-241466569d6b, 100 %, 0 %, 67, 2775 MHz, 10251 MHz, 437.48 W, 480.00 W, 1102 MiB
2026/10/09 02:30:39.212, 0, GPU-6c849b47-7111-9265-9d42-ff8eddc05a2d, 0 %, 0 %, 41, 210 MHz, 405 MHz, 38.31 W, 480.00 W, 1102 MiB
2026/10/09 02:30:39.213, 1, GPU-81ac6e96-0bfe-390d-beb1-241466569d6b, 100 %, 0 %, 67, 2745 MHz, 10251 MHz, 480.70 W, 480.00 W, 1102 MiB
2026/10/09 02:30:40.213, 0, GPU-6c849b47-7111-9265-9d42-ff8eddc05a2d, 0 %, 0 %, 41, 210 MHz, 405 MHz, 38.32 W, 480.00 W, 1102 MiB
2026/10/09 02:30:40.214, 1, GPU-81ac6e96-0bfe-390d-beb1-241466569d6b, 100 %, 0 %, 62, 2775 MHz, 10251 MHz, 444.22 W, 480.00 W, 1102 MiB
2026/10/09 02:30:41.214, 0, GPU-6c849b47-7111-9265-9d42-ff8eddc05a2d, 0 %, 0 %, 40, 210 MHz, 405 MHz, 38.11 W, 480.00 W, 1102 MiB
2026/10/09 02:30:41.214, 1, GPU-81ac6e96-0bfe-390d-beb1-241466569d6b, 100 %, 0 %, 68, 2700 MHz, 10251 MHz, 397.05 W, 480.00 W, 1102 MiB
2026/10/09 02:30:42.215, 0, GPU-6c849b47-7111-9265-9d42-ff8eddc05a2d, 0 %, 0 %, 40, 210 MHz, 405 MHz, 38.10 W, 480.00 W, 1102 MiB
2026/10/09 02:30:42.215, 1, GPU-81ac6e96-0bfe-390d-beb1-241466569d6b, 100 %, 0 %, 68, 2730 MHz, 10251 MHz, 482.98 W, 480.00 W, 1102 MiB
2026/10/09 02:30:43.216, 0, GPU-6c849b47-7111-9265-9d42-ff8eddc05a2d, 0 %, 0 %, 40, 210 MHz, 405 MHz, 38.37 W, 480.00 W, 1102 MiB
2026/10/09 02:30:43.230, 1, GPU-81ac6e96-0bfe-390d-beb1-241466569d6b, 100 %, 0 %, 64, 2700 MHz, 10251 MHz, 409.49 W, 480.00 W, 1102 MiB
2026/10/09 02:30:44.231, 0, GPU-6c849b47-7111-9265-9d42-ff8eddc05a2d, 0 %, 0 %, 40, 210 MHz, 405 MHz, 38.33 W, 480.00 W, 1102 MiB
2026/10/09 02:30:44.231, 1, GPU-81ac6e96-0bfe-390d-beb1-241466569d6b, 100 %, 0 %, 66, 2625 MHz, 10251 MHz, 496.92 W, 480.00 W, 1102 MiB
2026/10/09 02:30:45.232, 0, GPU-6c849b47-7111-9265-9d42-ff8eddc05a2d, 0 %, 0 %, 40, 210 MHz, 405 MHz, 38.25 W, 480.00 W, 1102 MiB
2026/10/09 02:30:45.232, 1, GPU-81ac6e96-0bfe-390d-beb1-241466569d6b, 100 %, 0 %, 67, 2610 MHz, 10251 MHz, 476.42 W, 480.00 W, 1102 MiB
2026/10/09 02:30:46.233, 0, GPU-6c849b47-7111-9265-9d42-ff8eddc05a2d, 0 %, 0 %, 40, 210 MHz, 405 MHz, 38.35 W, 480.00 W, 1102 MiB
2026/10/09 02:30:46.233, 1, GPU-81ac6e96-0bfe-390d-beb1-241466569d6b, 100 %, 0 %, 67, 2715 MHz, 10251 MHz, 443.32 W, 480.00 W, 1102 MiB
2026/10/09 02:30:47.234, 0, GPU-6c849b47-7111-9265-9d42-ff8eddc05a2d, 0 %, 0 %, 40, 210 MHz, 405 MHz, 38.33 W, 480.00 W, 1102 MiB
2026/10/09 02:30:47.234, 1, GPU-81ac6e96-0bfe-390d-beb1-241466569d6b, 100 %, 0 %, 66, 2655 MHz, 10251 MHz, 489.18 W, 480.00 W, 1102 MiB
2026/10/09 02:30:48.235, 0, GPU-6c849b47-7111-9265-9d42-ff8eddc05a2d, 0 %, 0 %, 40, 210 MHz, 405 MHz, 38.34 W, 480.00 W, 1102 MiB
2026/10/09 02:30:48.235, 1, GPU-81ac6e96-0bfe-390d-beb1-241466569d6b, 100 %, 0 %, 67, 2655 MHz, 10251 MHz, 478.41 W, 480.00 W, 1102 MiB
2026/10/09 02:30:49.236, 0, GPU-6c849b47-7111-9265-9d42-ff8eddc05a2d, 0 %, 0 %, 40, 210 MHz, 405 MHz, 38.26 W, 480.00 W, 1102 MiB
2026/10/09 02:30:49.236, 1, GPU-81ac6e96-0bfe-390d-beb1-241466569d6b, 100 %, 0 %, 68, 2730 MHz, 10251 MHz, 445.00 W, 480.00 W, 1102 MiB
2026/10/09 02:30:50.237, 0, GPU-6c849b47-7111-9265-9d42-ff8eddc05a2d, 0 %, 0 %, 40, 210 MHz, 405 MHz, 38.27 W, 480.00 W, 1102 MiB
2026/10/09 02:30:50.237, 1, GPU-81ac6e96-0bfe-390d-beb1-241466569d6b, 100 %, 0 %, 68, 2715 MHz, 10251 MHz, 480.50 W, 480.00 W, 1102 MiB
2026/10/09 02:30:51.237, 0, GPU-6c849b47-7111-9265-9d42-ff8eddc05a2d, 0 %, 0 %, 40, 210 MHz, 405 MHz, 38.38 W, 480.00 W, 1102 MiB
2026/10/09 02:30:51.238, 1, GPU-81ac6e96-0bfe-390d-beb1-241466569d6b, 100 %, 0 %, 67, 2775 MHz, 10251 MHz, 478.29 W, 480.00 W, 1102 MiB
2026/10/09 02:30:52.238, 0, GPU-6c849b47-7111-9265-9d42-ff8eddc05a2d, 0 %, 0 %, 40, 210 MHz, 405 MHz, 38.41 W, 480.00 W, 1102 MiB
2026/10/09 02:30:52.239, 1, GPU-81ac6e96-0bfe-390d-beb1-241466569d6b, 100 %, 0 %, 69, 2745 MHz, 10251 MHz, 449.30 W, 480.00 W, 1102 MiB
2026/10/09 02:30:53.239, 0, GPU-6c849b47-7111-9265-9d42-ff8eddc05a2d, 0 %, 0 %, 40, 210 MHz, 405 MHz, 38.31 W, 480.00 W, 1102 MiB
2026/10/09 02:30:53.240, 1, GPU-81ac6e96-0bfe-390d-beb1-241466569d6b, 100 %, 0 %, 69, 2730 MHz, 10251 MHz, 481.13 W, 480.00 W, 1102 MiB
2026/10/09 02:30:54.240, 0, GPU-6c849b47-7111-9265-9d42-ff8eddc05a2d, 0 %, 0 %, 40, 210 MHz, 405 MHz, 38.22 W, 480.00 W, 1102 MiB
2026/10/09 02:30:54.241, 1, GPU-81ac6e96-0bfe-390d-beb1-241466569d6b, 100 %, 0 %, 61, 2790 MHz, 10251 MHz, 431.93 W, 480.00 W, 1102 MiB
2026/10/09 02:30:55.241, 0, GPU-6c849b47-7111-9265-9d42-ff8eddc05a2d, 0 %, 0 %, 40, 210 MHz, 405 MHz, 38.32 W, 480.00 W, 1102 MiB
2026/10/09 02:30:55.241, 1, GPU-81ac6e96-0bfe-390d-beb1-241466569d6b, 100 %, 0 %, 68, 2685 MHz, 10251 MHz, 461.52 W, 480.00 W, 1102 MiB
2026/10/09 02:30:56.242, 0, GPU-6c849b47-7111-9265-9d42-ff8eddc05a2d, 0 %, 0 %, 40, 210 MHz, 405 MHz, 38.10 W, 480.00 W, 1102 MiB
2026/10/09 02:30:56.242, 1, GPU-81ac6e96-0bfe-390d-beb1-241466569d6b, 100 %, 0 %, 68, 2685 MHz, 10251 MHz, 477.03 W, 480.00 W, 1102 MiB
2026/10/09 02:30:57.243, 0, GPU-6c849b47-7111-9265-9d42-ff8eddc05a2d, 0 %, 0 %, 40, 210 MHz, 405 MHz, 37.85 W, 480.00 W, 1102 MiB
2026/10/09 02:30:57.243, 1, GPU-81ac6e96-0bfe-390d-beb1-241466569d6b, 100 %, 0 %, 67, 2760 MHz, 10251 MHz, 419.25 W, 480.00 W, 1102 MiB
2026/10/09 02:30:58.244, 0, GPU-6c849b47-7111-9265-9d42-ff8eddc05a2d, 0 %, 0 %, 40, 210 MHz, 405 MHz, 37.95 W, 480.00 W, 1102 MiB
2026/10/09 02:30:58.244, 1, GPU-81ac6e96-0bfe-390d-beb1-241466569d6b, 100 %, 0 %, 67, 2730 MHz, 10251 MHz, 483.01 W, 480.00 W, 1102 MiB
2026/10/09 02:30:59.245, 0, GPU-6c849b47-7111-9265-9d42-ff8eddc05a2d, 0 %, 0 %, 40, 210 MHz, 405 MHz, 37.89 W, 480.00 W, 1102 MiB
2026/10/09 02:30:59.245, 1, GPU-81ac6e96-0bfe-390d-beb1-241466569d6b, 100 %, 0 %, 68, 2715 MHz, 10251 MHz, 479.05 W, 480.00 W, 1102 MiB
2026/10/09 02:31:00.246, 0, GPU-6c849b47-7111-9265-9d42-ff8eddc05a2d, 0 %, 0 %, 40, 210 MHz, 405 MHz, 37.74 W, 480.00 W, 1102 MiB
2026/10/09 02:31:00.246, 1, GPU-81ac6e96-0bfe-390d-beb1-241466569d6b, 0 %, 0 %, 50, 2790 MHz, 10251 MHz, 230.14 W, 480.00 W, 1102 MiB
2026/10/09 02:31:01.247, 0, GPU-6c849b47-7111-9265-9d42-ff8eddc05a2d, 0 %, 0 %, 39, 210 MHz, 405 MHz, 37.81 W, 480.00 W, 1102 MiB
2026/10/09 02:31:01.248, 1, GPU-81ac6e96-0bfe-390d-beb1-241466569d6b, 0 %, 0 %, 49, 2790 MHz, 10251 MHz, 105.83 W, 480.00 W, 1102 MiB
2026/10/09 02:31:02.248, 0, GPU-6c849b47-7111-9265-9d42-ff8eddc05a2d, 0 %, 0 %, 39, 210 MHz, 405 MHz, 37.98 W, 480.00 W, 1102 MiB
2026/10/09 02:31:02.249, 1, GPU-81ac6e96-0bfe-390d-beb1-241466569d6b, 0 %, 0 %, 48, 2625 MHz, 10251 MHz, 82.46 W, 480.00 W, 1102 MiB
2026/10/09 02:31:03.249, 0, GPU-6c849b47-7111-9265-9d42-ff8eddc05a2d, 0 %, 0 %, 39, 210 MHz, 405 MHz, 38.03 W, 480.00 W, 1102 MiB
2026/10/09 02:31:03.250, 1, GPU-81ac6e96-0bfe-390d-beb1-241466569d6b, 0 %, 0 %, 47, 2625 MHz, 10251 MHz, 77.56 W, 480.00 W, 1102 MiB
2026/10/09 02:31:04.250, 0, GPU-6c849b47-7111-9265-9d42-ff8eddc05a2d, 0 %, 0 %, 39, 210 MHz, 405 MHz, 37.72 W, 480.00 W, 1102 MiB
2026/10/09 02:31:04.251, 1, GPU-81ac6e96-0bfe-390d-beb1-241466569d6b, 0 %, 0 %, 47, 2625 MHz, 10251 MHz, 77.50 W, 480.00 W, 1102 MiB
2026/10/09 02:31:05.251, 0, GPU-6c849b47-7111-9265-9d42-ff8eddc05a2d, 0 %, 0 %, 39, 210 MHz, 405 MHz, 37.53 W, 480.00 W, 1102 MiB
2026/10/09 02:31:05.252, 1, GPU-81ac6e96-0bfe-390d-beb1-241466569d6b, 0 %, 0 %, 47, 2625 MHz, 10251 MHz, 77.50 W, 480.00 W, 1102 MiB
2026/10/09 02:31:06.252, 0, GPU-6c849b47-7111-9265-9d42-ff8eddc05a2d, 0 %, 0 %, 39, 210 MHz, 405 MHz, 37.43 W, 480.00 W, 1102 MiB
2026/10/09 02:31:06.253, 1, GPU-81ac6e96-0bfe-390d-beb1-241466569d6b, 0 %, 0 %, 47, 2625 MHz, 10251 MHz, 77.47 W, 480.00 W, 1102 MiB
2026/10/09 02:31:07.253, 0, GPU-6c849b47-7111-9265-9d42-ff8eddc05a2d, 0 %, 0 %, 39, 210 MHz, 405 MHz, 37.43 W, 480.00 W, 1102 MiB
2026/10/09 02:31:07.254, 1, GPU-81ac6e96-0bfe-390d-beb1-241466569d6b, 0 %, 0 %, 47, 2625 MHz, 10251 MHz, 76.38 W, 480.00 W, 1102 MiB
2026/10/09 02:31:08.255, 0, GPU-6c849b47-7111-9265-9d42-ff8eddc05a2d, 0 %, 0 %, 39, 210 MHz, 405 MHz, 37.81 W, 480.00 W, 1102 MiB
2026/10/09 02:31:08.255, 1, GPU-81ac6e96-0bfe-390d-beb1-241466569d6b, 0 %, 0 %, 47, 2625 MHz, 10251 MHz, 76.18 W, 480.00 W, 1102 MiB
2026/10/09 02:31:09.256, 0, GPU-6c849b47-7111-9265-9d42-ff8eddc05a2d, 0 %, 0 %, 39, 210 MHz, 405 MHz, 38.03 W, 480.00 W, 1102 MiB
2026/10/09 02:31:09.256, 1, GPU-81ac6e96-0bfe-390d-beb1-241466569d6b, 0 %, 0 %, 47, 2625 MHz, 10251 MHz, 75.81 W, 480.00 W, 1102 MiB
2026/10/09 02:31:10.257, 0, GPU-6c849b47-7111-9265-9d42-ff8eddc05a2d, 0 %, 0 %, 39, 210 MHz, 405 MHz, 37.93 W, 480.00 W, 1102 MiB
2026/10/09 02:31:10.258, 1, GPU-81ac6e96-0bfe-390d-beb1-241466569d6b, 0 %, 0 %, 47, 2625 MHz, 10251 MHz, 75.46 W, 480.00 W, 1102 MiB
2026/10/09 02:31:11.258, 0, GPU-6c849b47-7111-9265-9d42-ff8eddc05a2d, 0 %, 0 %, 39, 210 MHz, 405 MHz, 37.75 W, 480.00 W, 1102 MiB
2026/10/09 02:31:11.258, 1, GPU-81ac6e96-0bfe-390d-beb1-241466569d6b, 0 %, 0 %, 47, 2625 MHz, 10251 MHz, 75.26 W, 480.00 W, 1102 MiB
2026/10/09 02:31:12.259, 0, GPU-6c849b47-7111-9265-9d42-ff8eddc05a2d, 0 %, 0 %, 39, 210 MHz, 405 MHz, 37.57 W, 480.00 W, 1102 MiB
2026/10/09 02:31:12.260, 1, GPU-81ac6e96-0bfe-390d-beb1-241466569d6b, 0 %, 0 %, 47, 2625 MHz, 10251 MHz, 75.05 W, 480.00 W, 1102 MiB
2026/10/09 02:31:13.260, 0, GPU-6c849b47-7111-9265-9d42-ff8eddc05a2d, 0 %, 0 %, 39, 210 MHz, 405 MHz, 37.45 W, 480.00 W, 1102 MiB
2026/10/09 02:31:13.261, 1, GPU-81ac6e96-0bfe-390d-beb1-241466569d6b, 0 %, 0 %, 47, 2625 MHz, 10251 MHz, 74.85 W, 480.00 W, 1102 MiB
2026/10/09 02:31:14.261, 0, GPU-6c849b47-7111-9265-9d42-ff8eddc05a2d, 0 %, 0 %, 39, 210 MHz, 405 MHz, 37.26 W, 480.00 W, 1102 MiB
2026/10/09 02:31:14.262, 1, GPU-81ac6e96-0bfe-390d-beb1-241466569d6b, 0 %, 0 %, 47, 2625 MHz, 10251 MHz, 74.96 W, 480.00 W, 1102 MiB
2026/10/09 02:31:15.262, 0, GPU-6c849b47-7111-9265-9d42-ff8eddc05a2d, 0 %, 0 %, 39, 210 MHz, 405 MHz, 37.23 W, 480.00 W, 1102 MiB
2026/10/09 02:31:15.263, 1, GPU-81ac6e96-0bfe-390d-beb1-241466569d6b, 0 %, 0 %, 47, 2625 MHz, 10251 MHz, 75.10 W, 480.00 W, 1102 MiB
2026/10/09 02:31:16.263, 0, GPU-6c849b47-7111-9265-9d42-ff8eddc05a2d, 0 %, 0 %, 39, 210 MHz, 405 MHz, 37.54 W, 480.00 W, 1102 MiB
2026/10/09 02:31:16.264, 1, GPU-81ac6e96-0bfe-390d-beb1-241466569d6b, 0 %, 0 %, 47, 2625 MHz, 10251 MHz, 74.97 W, 480.00 W, 1102 MiB
2026/10/09 02:31:17.264, 0, GPU-6c849b47-7111-9265-9d42-ff8eddc05a2d, 0 %, 0 %, 39, 210 MHz, 405 MHz, 37.84 W, 480.00 W, 1102 MiB
2026/10/09 02:31:17.265, 1, GPU-81ac6e96-0bfe-390d-beb1-241466569d6b, 0 %, 0 %, 47, 2625 MHz, 10251 MHz, 74.78 W, 480.00 W, 1102 MiB
2026/10/09 02:31:18.265, 0, GPU-6c849b47-7111-9265-9d42-ff8eddc05a2d, 0 %, 0 %, 46, 2625 MHz, 10251 MHz, 39.68 W, 480.00 W, 1102 MiB
2026/10/09 02:31:18.266, 1, GPU-81ac6e96-0bfe-390d-beb1-241466569d6b, 100 %, 0 %, 61, 2790 MHz, 10251 MHz, 140.15 W, 480.00 W, 1102 MiB
2026/10/09 02:31:19.266, 0, GPU-6c849b47-7111-9265-9d42-ff8eddc05a2d, 100 %, 0 %, 65, 2685 MHz, 10251 MHz, 272.89 W, 480.00 W, 1102 MiB
2026/10/09 02:31:19.266, 1, GPU-81ac6e96-0bfe-390d-beb1-241466569d6b, 100 %, 0 %, 65, 2760 MHz, 10251 MHz, 478.48 W, 480.00 W, 1102 MiB
2026/10/09 02:31:20.267, 0, GPU-6c849b47-7111-9265-9d42-ff8eddc05a2d, 100 %, 0 %, 67, 2700 MHz, 10251 MHz, 477.83 W, 480.00 W, 1102 MiB
2026/10/09 02:31:20.267, 1, GPU-81ac6e96-0bfe-390d-beb1-241466569d6b, 100 %, 0 %, 65, 2775 MHz, 10251 MHz, 473.82 W, 480.00 W, 1102 MiB
2026/10/09 02:31:21.268, 0, GPU-6c849b47-7111-9265-9d42-ff8eddc05a2d, 100 %, 0 %, 65, 2685 MHz, 10251 MHz, 419.55 W, 480.00 W, 1102 MiB
2026/10/09 02:31:21.268, 1, GPU-81ac6e96-0bfe-390d-beb1-241466569d6b, 100 %, 0 %, 69, 2700 MHz, 10251 MHz, 422.90 W, 480.00 W, 1102 MiB
2026/10/09 02:31:22.268, 0, GPU-6c849b47-7111-9265-9d42-ff8eddc05a2d, 100 %, 0 %, 66, 2625 MHz, 10251 MHz, 494.73 W, 480.00 W, 1102 MiB
2026/10/09 02:31:22.269, 1, GPU-81ac6e96-0bfe-390d-beb1-241466569d6b, 100 %, 0 %, 68, 2685 MHz, 10251 MHz, 482.95 W, 480.00 W, 1102 MiB
2026/10/09 02:31:23.269, 0, GPU-6c849b47-7111-9265-9d42-ff8eddc05a2d, 100 %, 0 %, 66, 2610 MHz, 10251 MHz, 477.01 W, 480.00 W, 1102 MiB
2026/10/09 02:31:23.270, 1, GPU-81ac6e96-0bfe-390d-beb1-241466569d6b, 100 %, 0 %, 64, 2775 MHz, 10251 MHz, 471.94 W, 480.00 W, 1102 MiB
2026/10/09 02:31:24.270, 0, GPU-6c849b47-7111-9265-9d42-ff8eddc05a2d, 100 %, 0 %, 67, 2715 MHz, 10251 MHz, 443.77 W, 480.00 W, 1102 MiB
2026/10/09 02:31:24.271, 1, GPU-81ac6e96-0bfe-390d-beb1-241466569d6b, 100 %, 0 %, 67, 2670 MHz, 10251 MHz, 463.40 W, 480.00 W, 1102 MiB
2026/10/09 02:31:25.271, 0, GPU-6c849b47-7111-9265-9d42-ff8eddc05a2d, 100 %, 0 %, 67, 2685 MHz, 10251 MHz, 485.08 W, 480.00 W, 1102 MiB
2026/10/09 02:31:25.271, 1, GPU-81ac6e96-0bfe-390d-beb1-241466569d6b, 100 %, 0 %, 67, 2685 MHz, 10251 MHz, 479.97 W, 480.00 W, 1102 MiB
2026/10/09 02:31:26.272, 0, GPU-6c849b47-7111-9265-9d42-ff8eddc05a2d, 100 %, 0 %, 67, 2685 MHz, 10251 MHz, 478.86 W, 480.00 W, 1102 MiB
2026/10/09 02:31:26.272, 1, GPU-81ac6e96-0bfe-390d-beb1-241466569d6b, 100 %, 0 %, 64, 2745 MHz, 10251 MHz, 425.96 W, 480.00 W, 1102 MiB
2026/10/09 02:31:27.272, 0, GPU-6c849b47-7111-9265-9d42-ff8eddc05a2d, 100 %, 0 %, 68, 2730 MHz, 10251 MHz, 443.65 W, 480.00 W, 1102 MiB
2026/10/09 02:31:27.273, 1, GPU-81ac6e96-0bfe-390d-beb1-241466569d6b, 100 %, 0 %, 66, 2670 MHz, 10251 MHz, 481.87 W, 480.00 W, 1102 MiB
2026/10/09 02:31:28.273, 0, GPU-6c849b47-7111-9265-9d42-ff8eddc05a2d, 100 %, 0 %, 68, 2715 MHz, 10251 MHz, 481.30 W, 480.00 W, 1102 MiB
2026/10/09 02:31:28.274, 1, GPU-81ac6e96-0bfe-390d-beb1-241466569d6b, 100 %, 0 %, 66, 2685 MHz, 10251 MHz, 476.38 W, 480.00 W, 1102 MiB
2026/10/09 02:31:29.274, 0, GPU-6c849b47-7111-9265-9d42-ff8eddc05a2d, 100 %, 0 %, 64, 2760 MHz, 10251 MHz, 472.16 W, 480.00 W, 1102 MiB
2026/10/09 02:31:29.274, 1, GPU-81ac6e96-0bfe-390d-beb1-241466569d6b, 100 %, 0 %, 67, 2760 MHz, 10251 MHz, 426.92 W, 480.00 W, 1102 MiB
2026/10/09 02:31:30.275, 0, GPU-6c849b47-7111-9265-9d42-ff8eddc05a2d, 100 %, 0 %, 69, 2670 MHz, 10251 MHz, 449.05 W, 480.00 W, 1102 MiB
2026/10/09 02:31:30.275, 1, GPU-81ac6e96-0bfe-390d-beb1-241466569d6b, 100 %, 0 %, 66, 2715 MHz, 10251 MHz, 485.22 W, 480.00 W, 1102 MiB
2026/10/09 02:31:31.276, 0, GPU-6c849b47-7111-9265-9d42-ff8eddc05a2d, 100 %, 0 %, 68, 2700 MHz, 10251 MHz, 479.43 W, 480.00 W, 1102 MiB
2026/10/09 02:31:31.276, 1, GPU-81ac6e96-0bfe-390d-beb1-241466569d6b, 100 %, 0 %, 66, 2715 MHz, 10251 MHz, 479.07 W, 480.00 W, 1102 MiB
2026/10/09 02:31:32.276, 0, GPU-6c849b47-7111-9265-9d42-ff8eddc05a2d, 100 %, 0 %, 64, 2775 MHz, 10251 MHz, 426.78 W, 480.00 W, 1102 MiB
2026/10/09 02:31:32.277, 1, GPU-81ac6e96-0bfe-390d-beb1-241466569d6b, 100 %, 0 %, 68, 2760 MHz, 10251 MHz, 439.81 W, 480.00 W, 1102 MiB
2026/10/09 02:31:33.277, 0, GPU-6c849b47-7111-9265-9d42-ff8eddc05a2d, 100 %, 0 %, 67, 2685 MHz, 10251 MHz, 473.60 W, 480.00 W, 1102 MiB
2026/10/09 02:31:33.278, 1, GPU-81ac6e96-0bfe-390d-beb1-241466569d6b, 100 %, 0 %, 67, 2745 MHz, 10251 MHz, 480.58 W, 480.00 W, 1102 MiB
2026/10/09 02:31:34.278, 0, GPU-6c849b47-7111-9265-9d42-ff8eddc05a2d, 100 %, 0 %, 67, 2670 MHz, 10251 MHz, 476.75 W, 480.00 W, 1102 MiB
2026/10/09 02:31:34.278, 1, GPU-81ac6e96-0bfe-390d-beb1-241466569d6b, 100 %, 0 %, 60, 2775 MHz, 10251 MHz, 462.40 W, 480.00 W, 1102 MiB
2026/10/09 02:31:35.279, 0, GPU-6c849b47-7111-9265-9d42-ff8eddc05a2d, 100 %, 0 %, 67, 2745 MHz, 10251 MHz, 426.73 W, 480.00 W, 1102 MiB
2026/10/09 02:31:35.279, 1, GPU-81ac6e96-0bfe-390d-beb1-241466569d6b, 100 %, 0 %, 67, 2700 MHz, 10251 MHz, 444.77 W, 480.00 W, 1102 MiB
2026/10/09 02:31:36.311, 0, GPU-6c849b47-7111-9265-9d42-ff8eddc05a2d, 100 %, 0 %, 68, 2700 MHz, 10251 MHz, 479.36 W, 480.00 W, 1102 MiB
2026/10/09 02:31:36.311, 1, GPU-81ac6e96-0bfe-390d-beb1-241466569d6b, 100 %, 0 %, 67, 2730 MHz, 10251 MHz, 479.07 W, 480.00 W, 1102 MiB
2026/10/09 02:31:37.311, 0, GPU-6c849b47-7111-9265-9d42-ff8eddc05a2d, 100 %, 0 %, 65, 2760 MHz, 10251 MHz, 417.42 W, 480.00 W, 1102 MiB
2026/10/09 02:31:37.312, 1, GPU-81ac6e96-0bfe-390d-beb1-241466569d6b, 100 %, 0 %, 63, 2790 MHz, 10251 MHz, 417.74 W, 480.00 W, 1102 MiB
2026/10/09 02:31:38.313, 0, GPU-6c849b47-7111-9265-9d42-ff8eddc05a2d, 100 %, 0 %, 70, 2625 MHz, 10251 MHz, 443.90 W, 480.00 W, 1102 MiB
2026/10/09 02:31:38.313, 1, GPU-81ac6e96-0bfe-390d-beb1-241466569d6b, 100 %, 0 %, 68, 2655 MHz, 10251 MHz, 451.52 W, 480.00 W, 1102 MiB
2026/10/09 02:31:39.313, 0, GPU-6c849b47-7111-9265-9d42-ff8eddc05a2d, 100 %, 0 %, 70, 2640 MHz, 10251 MHz, 480.12 W, 480.00 W, 1102 MiB
2026/10/09 02:31:39.314, 1, GPU-81ac6e96-0bfe-390d-beb1-241466569d6b, 100 %, 0 %, 68, 2640 MHz, 10251 MHz, 480.01 W, 480.00 W, 1102 MiB
2026/10/09 02:31:40.314, 0, GPU-6c849b47-7111-9265-9d42-ff8eddc05a2d, 100 %, 0 %, 68, 2685 MHz, 10251 MHz, 402.23 W, 480.00 W, 1102 MiB
2026/10/09 02:31:40.315, 1, GPU-81ac6e96-0bfe-390d-beb1-241466569d6b, 100 %, 0 %, 68, 2700 MHz, 10251 MHz, 408.89 W, 480.00 W, 1102 MiB
2026/10/09 02:31:41.315, 0, GPU-6c849b47-7111-9265-9d42-ff8eddc05a2d, 100 %, 0 %, 68, 2625 MHz, 10251 MHz, 488.96 W, 480.00 W, 1102 MiB
2026/10/09 02:31:41.315, 1, GPU-81ac6e96-0bfe-390d-beb1-241466569d6b, 100 %, 0 %, 67, 2640 MHz, 10251 MHz, 487.51 W, 480.00 W, 1102 MiB
2026/10/09 02:31:42.316, 0, GPU-6c849b47-7111-9265-9d42-ff8eddc05a2d, 100 %, 0 %, 68, 2640 MHz, 10251 MHz, 477.48 W, 480.00 W, 1102 MiB
2026/10/09 02:31:42.316, 1, GPU-81ac6e96-0bfe-390d-beb1-241466569d6b, 100 %, 0 %, 67, 2655 MHz, 10251 MHz, 477.40 W, 480.00 W, 1102 MiB
2026/10/09 02:31:43.316, 0, GPU-6c849b47-7111-9265-9d42-ff8eddc05a2d, 100 %, 0 %, 69, 2715 MHz, 10251 MHz, 449.41 W, 480.00 W, 1102 MiB
2026/10/09 02:31:43.317, 1, GPU-81ac6e96-0bfe-390d-beb1-241466569d6b, 100 %, 0 %, 69, 2730 MHz, 10251 MHz, 452.76 W, 480.00 W, 1102 MiB
2026/10/09 02:31:44.317, 0, GPU-6c849b47-7111-9265-9d42-ff8eddc05a2d, 100 %, 0 %, 69, 2700 MHz, 10251 MHz, 482.35 W, 480.00 W, 1102 MiB
2026/10/09 02:31:44.318, 1, GPU-81ac6e96-0bfe-390d-beb1-241466569d6b, 100 %, 0 %, 68, 2715 MHz, 10251 MHz, 482.37 W, 480.00 W, 1102 MiB
2026/10/09 02:31:45.318, 0, GPU-6c849b47-7111-9265-9d42-ff8eddc05a2d, 100 %, 0 %, 68, 2760 MHz, 10251 MHz, 479.82 W, 480.00 W, 1102 MiB
2026/10/09 02:31:45.319, 1, GPU-81ac6e96-0bfe-390d-beb1-241466569d6b, 100 %, 0 %, 66, 2775 MHz, 10251 MHz, 477.59 W, 480.00 W, 1102 MiB
2026/10/09 02:31:46.319, 0, GPU-6c849b47-7111-9265-9d42-ff8eddc05a2d, 100 %, 0 %, 70, 2730 MHz, 10251 MHz, 448.50 W, 480.00 W, 1102 MiB
2026/10/09 02:31:46.319, 1, GPU-81ac6e96-0bfe-390d-beb1-241466569d6b, 100 %, 0 %, 69, 2745 MHz, 10251 MHz, 451.35 W, 480.00 W, 1102 MiB
2026/10/09 02:31:47.320, 0, GPU-6c849b47-7111-9265-9d42-ff8eddc05a2d, 100 %, 0 %, 69, 2715 MHz, 10251 MHz, 481.39 W, 480.00 W, 1102 MiB
2026/10/09 02:31:47.320, 1, GPU-81ac6e96-0bfe-390d-beb1-241466569d6b, 100 %, 0 %, 69, 2715 MHz, 10251 MHz, 480.50 W, 480.00 W, 1102 MiB
2026/10/09 02:31:48.321, 0, GPU-6c849b47-7111-9265-9d42-ff8eddc05a2d, 100 %, 0 %, 61, 2760 MHz, 10251 MHz, 456.89 W, 480.00 W, 1102 MiB
2026/10/09 02:31:48.321, 1, GPU-81ac6e96-0bfe-390d-beb1-241466569d6b, 100 %, 0 %, 56, 2775 MHz, 10251 MHz, 442.45 W, 480.00 W, 1102 MiB
2026/10/09 02:31:49.322, 0, GPU-6c849b47-7111-9265-9d42-ff8eddc05a2d, 100 %, 0 %, 68, 2670 MHz, 10251 MHz, 457.56 W, 480.00 W, 1102 MiB
2026/10/09 02:31:49.322, 1, GPU-81ac6e96-0bfe-390d-beb1-241466569d6b, 100 %, 0 %, 67, 2670 MHz, 10251 MHz, 460.54 W, 480.00 W, 1102 MiB
2026/10/09 02:31:50.322, 0, GPU-6c849b47-7111-9265-9d42-ff8eddc05a2d, 100 %, 0 %, 69, 2670 MHz, 10251 MHz, 477.28 W, 480.00 W, 1102 MiB
2026/10/09 02:31:50.323, 1, GPU-81ac6e96-0bfe-390d-beb1-241466569d6b, 100 %, 0 %, 67, 2685 MHz, 10251 MHz, 476.18 W, 480.00 W, 1102 MiB
2026/10/09 02:31:51.323, 0, GPU-6c849b47-7111-9265-9d42-ff8eddc05a2d, 100 %, 0 %, 67, 2745 MHz, 10251 MHz, 426.05 W, 480.00 W, 1102 MiB
2026/10/09 02:31:51.324, 1, GPU-81ac6e96-0bfe-390d-beb1-241466569d6b, 100 %, 0 %, 68, 2760 MHz, 10251 MHz, 428.71 W, 480.00 W, 1102 MiB
2026/10/09 02:31:52.324, 0, GPU-6c849b47-7111-9265-9d42-ff8eddc05a2d, 100 %, 0 %, 68, 2700 MHz, 10251 MHz, 484.87 W, 480.00 W, 1102 MiB
2026/10/09 02:31:52.325, 1, GPU-81ac6e96-0bfe-390d-beb1-241466569d6b, 100 %, 0 %, 68, 2715 MHz, 10251 MHz, 484.77 W, 480.00 W, 1102 MiB
2026/10/09 02:31:53.325, 0, GPU-6c849b47-7111-9265-9d42-ff8eddc05a2d, 100 %, 0 %, 69, 2685 MHz, 10251 MHz, 476.71 W, 480.00 W, 1102 MiB
2026/10/09 02:31:53.325, 1, GPU-81ac6e96-0bfe-390d-beb1-241466569d6b, 100 %, 0 %, 68, 2715 MHz, 10251 MHz, 476.94 W, 480.00 W, 1102 MiB
2026/10/09 02:31:54.326, 0, GPU-6c849b47-7111-9265-9d42-ff8eddc05a2d, 100 %, 0 %, 69, 2760 MHz, 10251 MHz, 427.40 W, 480.00 W, 1102 MiB
2026/10/09 02:31:54.326, 1, GPU-81ac6e96-0bfe-390d-beb1-241466569d6b, 100 %, 0 %, 69, 2760 MHz, 10251 MHz, 433.60 W, 480.00 W, 1102 MiB
2026/10/09 02:31:55.326, 0, GPU-6c849b47-7111-9265-9d42-ff8eddc05a2d, 100 %, 0 %, 69, 2730 MHz, 10251 MHz, 480.18 W, 480.00 W, 1102 MiB
2026/10/09 02:31:55.327, 1, GPU-81ac6e96-0bfe-390d-beb1-241466569d6b, 100 %, 0 %, 69, 2730 MHz, 10251 MHz, 480.53 W, 480.00 W, 1102 MiB
2026/10/09 02:31:56.327, 0, GPU-6c849b47-7111-9265-9d42-ff8eddc05a2d, 100 %, 0 %, 66, 2760 MHz, 10251 MHz, 474.93 W, 480.00 W, 1102 MiB
2026/10/09 02:31:56.328, 1, GPU-81ac6e96-0bfe-390d-beb1-241466569d6b, 100 %, 0 %, 63, 2775 MHz, 10251 MHz, 466.78 W, 480.00 W, 1102 MiB
2026/10/09 02:31:57.328, 0, GPU-6c849b47-7111-9265-9d42-ff8eddc05a2d, 0 %, 0 %, 47, 2790 MHz, 10251 MHz, 173.18 W, 480.00 W, 1102 MiB
2026/10/09 02:31:57.329, 1, GPU-81ac6e96-0bfe-390d-beb1-241466569d6b, 0 %, 0 %, 49, 2790 MHz, 10251 MHz, 140.26 W, 480.00 W, 1102 MiB
2026/10/09 02:31:58.329, 0, GPU-6c849b47-7111-9265-9d42-ff8eddc05a2d, 5 %, 0 %, 45, 2790 MHz, 10251 MHz, 94.05 W, 480.00 W, 1102 MiB
2026/10/09 02:31:58.329, 1, GPU-81ac6e96-0bfe-390d-beb1-241466569d6b, 6 %, 0 %, 48, 2790 MHz, 10251 MHz, 85.48 W, 480.00 W, 1102 MiB
2026/10/09 02:31:59.330, 0, GPU-6c849b47-7111-9265-9d42-ff8eddc05a2d, 0 %, 0 %, 45, 2625 MHz, 10251 MHz, 88.67 W, 480.00 W, 1102 MiB
2026/10/09 02:31:59.330, 1, GPU-81ac6e96-0bfe-390d-beb1-241466569d6b, 0 %, 0 %, 48, 2625 MHz, 10251 MHz, 81.41 W, 480.00 W, 1102 MiB
2026/10/09 02:32:00.331, 0, GPU-6c849b47-7111-9265-9d42-ff8eddc05a2d, 0 %, 0 %, 44, 2625 MHz, 10251 MHz, 82.81 W, 480.00 W, 1102 MiB
2026/10/09 02:32:00.331, 1, GPU-81ac6e96-0bfe-390d-beb1-241466569d6b, 0 %, 0 %, 47, 2625 MHz, 10251 MHz, 76.71 W, 480.00 W, 1102 MiB
2026/10/09 02:32:01.332, 0, GPU-6c849b47-7111-9265-9d42-ff8eddc05a2d, 0 %, 0 %, 44, 2625 MHz, 10251 MHz, 82.55 W, 480.00 W, 1102 MiB
2026/10/09 02:32:01.332, 1, GPU-81ac6e96-0bfe-390d-beb1-241466569d6b, 0 %, 0 %, 47, 2625 MHz, 10251 MHz, 76.53 W, 480.00 W, 1102 MiB
2026/10/09 02:32:02.333, 0, GPU-6c849b47-7111-9265-9d42-ff8eddc05a2d, 0 %, 0 %, 44, 2625 MHz, 10251 MHz, 82.13 W, 480.00 W, 1102 MiB
2026/10/09 02:32:02.333, 1, GPU-81ac6e96-0bfe-390d-beb1-241466569d6b, 0 %, 0 %, 47, 2625 MHz, 10251 MHz, 76.10 W, 480.00 W, 1102 MiB
2026/10/09 02:32:03.333, 0, GPU-6c849b47-7111-9265-9d42-ff8eddc05a2d, 0 %, 0 %, 44, 2625 MHz, 10251 MHz, 81.82 W, 480.00 W, 1102 MiB
2026/10/09 02:32:03.334, 1, GPU-81ac6e96-0bfe-390d-beb1-241466569d6b, 0 %, 0 %, 47, 2625 MHz, 10251 MHz, 75.58 W, 480.00 W, 1102 MiB
2026/10/09 02:32:04.334, 0, GPU-6c849b47-7111-9265-9d42-ff8eddc05a2d, 0 %, 0 %, 43, 2625 MHz, 10251 MHz, 81.64 W, 480.00 W, 1102 MiB
2026/10/09 02:32:04.335, 1, GPU-81ac6e96-0bfe-390d-beb1-241466569d6b, 0 %, 0 %, 47, 2625 MHz, 10251 MHz, 75.05 W, 480.00 W, 1102 MiB
2026/10/09 02:32:05.335, 0, GPU-6c849b47-7111-9265-9d42-ff8eddc05a2d, 0 %, 0 %, 43, 2625 MHz, 10251 MHz, 81.60 W, 480.00 W, 1102 MiB
2026/10/09 02:32:05.336, 1, GPU-81ac6e96-0bfe-390d-beb1-241466569d6b, 0 %, 0 %, 47, 2625 MHz, 10251 MHz, 74.70 W, 480.00 W, 1102 MiB
2026/10/09 02:32:06.336, 0, GPU-6c849b47-7111-9265-9d42-ff8eddc05a2d, 0 %, 0 %, 43, 2625 MHz, 10251 MHz, 81.55 W, 480.00 W, 1102 MiB
2026/10/09 02:32:06.337, 1, GPU-81ac6e96-0bfe-390d-beb1-241466569d6b, 0 %, 0 %, 47, 2625 MHz, 10251 MHz, 74.76 W, 480.00 W, 1102 MiB
2026/10/09 02:32:07.337, 0, GPU-6c849b47-7111-9265-9d42-ff8eddc05a2d, 0 %, 0 %, 43, 2625 MHz, 10251 MHz, 81.41 W, 480.00 W, 1102 MiB
2026/10/09 02:32:07.338, 1, GPU-81ac6e96-0bfe-390d-beb1-241466569d6b, 0 %, 0 %, 47, 2625 MHz, 10251 MHz, 74.84 W, 480.00 W, 1102 MiB
2026/10/09 02:32:08.338, 0, GPU-6c849b47-7111-9265-9d42-ff8eddc05a2d, 0 %, 0 %, 43, 2625 MHz, 10251 MHz, 81.35 W, 480.00 W, 1102 MiB
2026/10/09 02:32:08.339, 1, GPU-81ac6e96-0bfe-390d-beb1-241466569d6b, 0 %, 0 %, 47, 2625 MHz, 10251 MHz, 75.00 W, 480.00 W, 1102 MiB
2026/10/09 02:32:09.339, 0, GPU-6c849b47-7111-9265-9d42-ff8eddc05a2d, 0 %, 0 %, 43, 2625 MHz, 10251 MHz, 81.31 W, 480.00 W, 1102 MiB
2026/10/09 02:32:09.340, 1, GPU-81ac6e96-0bfe-390d-beb1-241466569d6b, 0 %, 0 %, 47, 2625 MHz, 10251 MHz, 74.90 W, 480.00 W, 1102 MiB
2026/10/09 02:32:10.340, 0, GPU-6c849b47-7111-9265-9d42-ff8eddc05a2d, 0 %, 0 %, 43, 2625 MHz, 10251 MHz, 81.22 W, 480.00 W, 1102 MiB
2026/10/09 02:32:10.341, 1, GPU-81ac6e96-0bfe-390d-beb1-241466569d6b, 0 %, 0 %, 47, 2625 MHz, 10251 MHz, 74.58 W, 480.00 W, 1102 MiB
2026/10/09 02:32:11.341, 0, GPU-6c849b47-7111-9265-9d42-ff8eddc05a2d, 0 %, 0 %, 43, 2625 MHz, 10251 MHz, 81.17 W, 480.00 W, 1102 MiB
2026/10/09 02:32:11.342, 1, GPU-81ac6e96-0bfe-390d-beb1-241466569d6b, 0 %, 0 %, 47, 2625 MHz, 10251 MHz, 74.37 W, 480.00 W, 1102 MiB
2026/10/09 02:32:12.342, 0, GPU-6c849b47-7111-9265-9d42-ff8eddc05a2d, 0 %, 0 %, 43, 2625 MHz, 10251 MHz, 81.21 W, 480.00 W, 1102 MiB
2026/10/09 02:32:12.342, 1, GPU-81ac6e96-0bfe-390d-beb1-241466569d6b, 100 %, 0 %, 65, 2790 MHz, 10251 MHz, 234.66 W, 480.00 W, 1102 MiB
2026/10/09 02:32:13.343, 0, GPU-6c849b47-7111-9265-9d42-ff8eddc05a2d, 0 %, 0 %, 43, 2625 MHz, 10251 MHz, 81.33 W, 480.00 W, 1102 MiB
2026/10/09 02:32:13.343, 1, GPU-81ac6e96-0bfe-390d-beb1-241466569d6b, 100 %, 0 %, 66, 2775 MHz, 10251 MHz, 484.52 W, 480.00 W, 1102 MiB
2026/10/09 02:32:14.344, 0, GPU-6c849b47-7111-9265-9d42-ff8eddc05a2d, 0 %, 0 %, 43, 2625 MHz, 10251 MHz, 81.37 W, 480.00 W, 1102 MiB
2026/10/09 02:32:14.344, 1, GPU-81ac6e96-0bfe-390d-beb1-241466569d6b, 100 %, 0 %, 59, 2775 MHz, 10251 MHz, 465.48 W, 480.00 W, 1102 MiB
2026/10/09 02:32:15.345, 0, GPU-6c849b47-7111-9265-9d42-ff8eddc05a2d, 0 %, 0 %, 42, 465 MHz, 810 MHz, 72.65 W, 480.00 W, 1102 MiB
2026/10/09 02:32:15.345, 1, GPU-81ac6e96-0bfe-390d-beb1-241466569d6b, 100 %, 0 %, 68, 2625 MHz, 10251 MHz, 439.01 W, 480.00 W, 1102 MiB
2026/10/09 02:32:16.345, 0, GPU-6c849b47-7111-9265-9d42-ff8eddc05a2d, 0 %, 0 %, 42, 270 MHz, 405 MHz, 53.66 W, 480.00 W, 1102 MiB
2026/10/09 02:32:16.346, 1, GPU-81ac6e96-0bfe-390d-beb1-241466569d6b, 100 %, 0 %, 68, 2625 MHz, 10251 MHz, 480.38 W, 480.00 W, 1102 MiB
2026/10/09 02:32:17.346, 0, GPU-6c849b47-7111-9265-9d42-ff8eddc05a2d, 0 %, 0 %, 42, 210 MHz, 405 MHz, 41.81 W, 480.00 W, 1102 MiB
2026/10/09 02:32:17.347, 1, GPU-81ac6e96-0bfe-390d-beb1-241466569d6b, 100 %, 0 %, 61, 2775 MHz, 10251 MHz, 447.01 W, 480.00 W, 1102 MiB
2026/10/09 02:32:18.347, 0, GPU-6c849b47-7111-9265-9d42-ff8eddc05a2d, 0 %, 0 %, 42, 210 MHz, 405 MHz, 39.81 W, 480.00 W, 1102 MiB
2026/10/09 02:32:18.348, 1, GPU-81ac6e96-0bfe-390d-beb1-241466569d6b, 100 %, 0 %, 67, 2640 MHz, 10251 MHz, 470.09 W, 480.00 W, 1102 MiB
2026/10/09 02:32:19.348, 0, GPU-6c849b47-7111-9265-9d42-ff8eddc05a2d, 0 %, 0 %, 42, 210 MHz, 405 MHz, 39.43 W, 480.00 W, 1102 MiB
2026/10/09 02:32:19.349, 1, GPU-81ac6e96-0bfe-390d-beb1-241466569d6b, 100 %, 0 %, 67, 2655 MHz, 10251 MHz, 477.50 W, 480.00 W, 1102 MiB
2026/10/09 02:32:20.349, 0, GPU-6c849b47-7111-9265-9d42-ff8eddc05a2d, 0 %, 0 %, 42, 210 MHz, 405 MHz, 39.56 W, 480.00 W, 1102 MiB
2026/10/09 02:32:20.350, 1, GPU-81ac6e96-0bfe-390d-beb1-241466569d6b, 100 %, 0 %, 67, 2730 MHz, 10251 MHz, 434.42 W, 480.00 W, 1102 MiB
2026/10/09 02:32:21.350, 0, GPU-6c849b47-7111-9265-9d42-ff8eddc05a2d, 0 %, 0 %, 42, 210 MHz, 405 MHz, 39.49 W, 480.00 W, 1102 MiB
2026/10/09 02:32:21.351, 1, GPU-81ac6e96-0bfe-390d-beb1-241466569d6b, 100 %, 0 %, 67, 2670 MHz, 10251 MHz, 490.54 W, 480.00 W, 1102 MiB
2026/10/09 02:32:22.351, 0, GPU-6c849b47-7111-9265-9d42-ff8eddc05a2d, 0 %, 0 %, 42, 210 MHz, 405 MHz, 39.32 W, 480.00 W, 1102 MiB
2026/10/09 02:32:22.383, 1, GPU-81ac6e96-0bfe-390d-beb1-241466569d6b, 100 %, 0 %, 67, 2670 MHz, 10251 MHz, 477.07 W, 480.00 W, 1102 MiB
2026/10/09 02:32:23.384, 0, GPU-6c849b47-7111-9265-9d42-ff8eddc05a2d, 0 %, 0 %, 42, 210 MHz, 405 MHz, 39.22 W, 480.00 W, 1102 MiB
2026/10/09 02:32:23.384, 1, GPU-81ac6e96-0bfe-390d-beb1-241466569d6b, 100 %, 0 %, 68, 2760 MHz, 10251 MHz, 437.77 W, 480.00 W, 1102 MiB
2026/10/09 02:32:24.385, 0, GPU-6c849b47-7111-9265-9d42-ff8eddc05a2d, 0 %, 0 %, 42, 210 MHz, 405 MHz, 39.16 W, 480.00 W, 1102 MiB
2026/10/09 02:32:24.385, 1, GPU-81ac6e96-0bfe-390d-beb1-241466569d6b, 100 %, 0 %, 68, 2730 MHz, 10251 MHz, 481.41 W, 480.00 W, 1102 MiB
2026/10/09 02:32:25.385, 0, GPU-6c849b47-7111-9265-9d42-ff8eddc05a2d, 0 %, 0 %, 42, 210 MHz, 405 MHz, 39.01 W, 480.00 W, 1102 MiB
2026/10/09 02:32:25.386, 1, GPU-81ac6e96-0bfe-390d-beb1-241466569d6b, 100 %, 0 %, 65, 2775 MHz, 10251 MHz, 477.81 W, 480.00 W, 1102 MiB
2026/10/09 02:32:26.386, 0, GPU-6c849b47-7111-9265-9d42-ff8eddc05a2d, 0 %, 0 %, 42, 210 MHz, 405 MHz, 39.05 W, 480.00 W, 1102 MiB
2026/10/09 02:32:26.387, 1, GPU-81ac6e96-0bfe-390d-beb1-241466569d6b, 100 %, 0 %, 68, 2760 MHz, 10251 MHz, 443.35 W, 480.00 W, 1102 MiB
2026/10/09 02:32:27.387, 0, GPU-6c849b47-7111-9265-9d42-ff8eddc05a2d, 0 %, 0 %, 42, 210 MHz, 405 MHz, 39.11 W, 480.00 W, 1102 MiB
2026/10/09 02:32:27.389, 1, GPU-81ac6e96-0bfe-390d-beb1-241466569d6b, 100 %, 0 %, 68, 2730 MHz, 10251 MHz, 480.57 W, 480.00 W, 1102 MiB
2026/10/09 02:32:28.389, 0, GPU-6c849b47-7111-9265-9d42-ff8eddc05a2d, 0 %, 0 %, 42, 210 MHz, 405 MHz, 38.65 W, 480.00 W, 1102 MiB
2026/10/09 02:32:28.390, 1, GPU-81ac6e96-0bfe-390d-beb1-241466569d6b, 100 %, 0 %, 64, 2790 MHz, 10251 MHz, 428.30 W, 480.00 W, 1102 MiB
2026/10/09 02:32:29.390, 0, GPU-6c849b47-7111-9265-9d42-ff8eddc05a2d, 0 %, 0 %, 42, 210 MHz, 405 MHz, 38.40 W, 480.00 W, 1102 MiB
2026/10/09 02:32:29.391, 1, GPU-81ac6e96-0bfe-390d-beb1-241466569d6b, 100 %, 0 %, 67, 2700 MHz, 10251 MHz, 462.05 W, 480.00 W, 1102 MiB
2026/10/09 02:32:30.391, 0, GPU-6c849b47-7111-9265-9d42-ff8eddc05a2d, 0 %, 0 %, 42, 210 MHz, 405 MHz, 38.53 W, 480.00 W, 1102 MiB
2026/10/09 02:32:30.392, 1, GPU-81ac6e96-0bfe-390d-beb1-241466569d6b, 100 %, 0 %, 67, 2700 MHz, 10251 MHz, 476.45 W, 480.00 W, 1102 MiB
2026/10/09 02:32:31.392, 0, GPU-6c849b47-7111-9265-9d42-ff8eddc05a2d, 0 %, 0 %, 42, 210 MHz, 405 MHz, 38.64 W, 480.00 W, 1102 MiB
2026/10/09 02:32:31.393, 1, GPU-81ac6e96-0bfe-390d-beb1-241466569d6b, 100 %, 0 %, 62, 2790 MHz, 10251 MHz, 387.67 W, 480.00 W, 1102 MiB
2026/10/09 02:32:32.394, 0, GPU-6c849b47-7111-9265-9d42-ff8eddc05a2d, 0 %, 0 %, 42, 210 MHz, 405 MHz, 38.79 W, 480.00 W, 1102 MiB
2026/10/09 02:32:32.394, 1, GPU-81ac6e96-0bfe-390d-beb1-241466569d6b, 100 %, 0 %, 67, 2670 MHz, 10251 MHz, 452.41 W, 480.00 W, 1102 MiB
2026/10/09 02:32:33.408, 0, GPU-6c849b47-7111-9265-9d42-ff8eddc05a2d, 0 %, 0 %, 42, 210 MHz, 405 MHz, 38.95 W, 480.00 W, 1102 MiB
2026/10/09 02:32:33.409, 1, GPU-81ac6e96-0bfe-390d-beb1-241466569d6b, 100 %, 0 %, 68, 2670 MHz, 10251 MHz, 475.04 W, 480.00 W, 1102 MiB
2026/10/09 02:32:34.409, 0, GPU-6c849b47-7111-9265-9d42-ff8eddc05a2d, 0 %, 0 %, 41, 210 MHz, 405 MHz, 38.78 W, 480.00 W, 1102 MiB
2026/10/09 02:32:34.409, 1, GPU-81ac6e96-0bfe-390d-beb1-241466569d6b, 100 %, 0 %, 69, 2685 MHz, 10251 MHz, 422.34 W, 480.00 W, 1102 MiB
2026/10/09 02:32:35.410, 0, GPU-6c849b47-7111-9265-9d42-ff8eddc05a2d, 0 %, 0 %, 41, 210 MHz, 405 MHz, 38.61 W, 480.00 W, 1102 MiB
2026/10/09 02:32:35.410, 1, GPU-81ac6e96-0bfe-390d-beb1-241466569d6b, 100 %, 0 %, 69, 2685 MHz, 10251 MHz, 483.75 W, 480.00 W, 1102 MiB
2026/10/09 02:32:36.411, 0, GPU-6c849b47-7111-9265-9d42-ff8eddc05a2d, 0 %, 0 %, 41, 210 MHz, 405 MHz, 38.69 W, 480.00 W, 1102 MiB
2026/10/09 02:32:36.411, 1, GPU-81ac6e96-0bfe-390d-beb1-241466569d6b, 100 %, 0 %, 68, 2760 MHz, 10251 MHz, 478.76 W, 480.00 W, 1102 MiB
2026/10/09 02:32:37.412, 0, GPU-6c849b47-7111-9265-9d42-ff8eddc05a2d, 0 %, 0 %, 41, 210 MHz, 405 MHz, 38.79 W, 480.00 W, 1102 MiB
2026/10/09 02:32:37.412, 1, GPU-81ac6e96-0bfe-390d-beb1-241466569d6b, 100 %, 0 %, 70, 2730 MHz, 10251 MHz, 457.89 W, 480.00 W, 1102 MiB
2026/10/09 02:32:38.413, 0, GPU-6c849b47-7111-9265-9d42-ff8eddc05a2d, 0 %, 0 %, 41, 210 MHz, 405 MHz, 38.76 W, 480.00 W, 1102 MiB
2026/10/09 02:32:38.413, 1, GPU-81ac6e96-0bfe-390d-beb1-241466569d6b, 100 %, 0 %, 69, 2715 MHz, 10251 MHz, 481.38 W, 480.00 W, 1102 MiB
2026/10/09 02:32:39.414, 0, GPU-6c849b47-7111-9265-9d42-ff8eddc05a2d, 0 %, 0 %, 41, 210 MHz, 405 MHz, 38.82 W, 480.00 W, 1102 MiB
2026/10/09 02:32:39.414, 1, GPU-81ac6e96-0bfe-390d-beb1-241466569d6b, 100 %, 0 %, 61, 2775 MHz, 10251 MHz, 461.06 W, 480.00 W, 1102 MiB
2026/10/09 02:32:40.415, 0, GPU-6c849b47-7111-9265-9d42-ff8eddc05a2d, 0 %, 0 %, 41, 210 MHz, 405 MHz, 38.92 W, 480.00 W, 1102 MiB
2026/10/09 02:32:40.415, 1, GPU-81ac6e96-0bfe-390d-beb1-241466569d6b, 100 %, 0 %, 68, 2670 MHz, 10251 MHz, 459.38 W, 480.00 W, 1102 MiB
2026/10/09 02:32:41.415, 0, GPU-6c849b47-7111-9265-9d42-ff8eddc05a2d, 0 %, 0 %, 41, 210 MHz, 405 MHz, 38.71 W, 480.00 W, 1102 MiB
2026/10/09 02:32:41.416, 1, GPU-81ac6e96-0bfe-390d-beb1-241466569d6b, 100 %, 0 %, 68, 2670 MHz, 10251 MHz, 478.55 W, 480.00 W, 1102 MiB
2026/10/09 02:32:42.416, 0, GPU-6c849b47-7111-9265-9d42-ff8eddc05a2d, 0 %, 0 %, 41, 210 MHz, 405 MHz, 38.78 W, 480.00 W, 1102 MiB
2026/10/09 02:32:42.417, 1, GPU-81ac6e96-0bfe-390d-beb1-241466569d6b, 100 %, 0 %, 68, 2745 MHz, 10251 MHz, 424.86 W, 480.00 W, 1102 MiB
2026/10/09 02:32:43.417, 0, GPU-6c849b47-7111-9265-9d42-ff8eddc05a2d, 0 %, 0 %, 41, 210 MHz, 405 MHz, 39.00 W, 480.00 W, 1102 MiB
2026/10/09 02:32:43.418, 1, GPU-81ac6e96-0bfe-390d-beb1-241466569d6b, 100 %, 0 %, 67, 2700 MHz, 10251 MHz, 494.19 W, 480.00 W, 1102 MiB
2026/10/09 02:32:44.418, 0, GPU-6c849b47-7111-9265-9d42-ff8eddc05a2d, 0 %, 0 %, 41, 210 MHz, 405 MHz, 38.83 W, 480.00 W, 1102 MiB
2026/10/09 02:32:44.419, 1, GPU-81ac6e96-0bfe-390d-beb1-241466569d6b, 100 %, 0 %, 68, 2670 MHz, 10251 MHz, 476.70 W, 480.00 W, 1102 MiB
2026/10/09 02:32:45.419, 0, GPU-6c849b47-7111-9265-9d42-ff8eddc05a2d, 0 %, 0 %, 41, 210 MHz, 405 MHz, 38.64 W, 480.00 W, 1102 MiB
2026/10/09 02:32:45.420, 1, GPU-81ac6e96-0bfe-390d-beb1-241466569d6b, 100 %, 0 %, 69, 2745 MHz, 10251 MHz, 426.77 W, 480.00 W, 1102 MiB
2026/10/09 02:32:46.420, 0, GPU-6c849b47-7111-9265-9d42-ff8eddc05a2d, 0 %, 0 %, 41, 210 MHz, 405 MHz, 38.62 W, 480.00 W, 1102 MiB
2026/10/09 02:32:46.421, 1, GPU-81ac6e96-0bfe-390d-beb1-241466569d6b, 100 %, 0 %, 69, 2730 MHz, 10251 MHz, 482.84 W, 480.00 W, 1102 MiB
2026/10/09 02:32:47.421, 0, GPU-6c849b47-7111-9265-9d42-ff8eddc05a2d, 0 %, 0 %, 41, 210 MHz, 405 MHz, 38.47 W, 480.00 W, 1102 MiB
2026/10/09 02:32:47.422, 1, GPU-81ac6e96-0bfe-390d-beb1-241466569d6b, 100 %, 0 %, 68, 2775 MHz, 10251 MHz, 477.91 W, 480.00 W, 1102 MiB
2026/10/09 02:32:48.422, 0, GPU-6c849b47-7111-9265-9d42-ff8eddc05a2d, 0 %, 0 %, 41, 210 MHz, 405 MHz, 38.31 W, 480.00 W, 1102 MiB
2026/10/09 02:32:48.423, 1, GPU-81ac6e96-0bfe-390d-beb1-241466569d6b, 100 %, 0 %, 69, 2760 MHz, 10251 MHz, 437.80 W, 480.00 W, 1102 MiB
2026/10/09 02:32:49.423, 0, GPU-6c849b47-7111-9265-9d42-ff8eddc05a2d, 0 %, 0 %, 41, 210 MHz, 405 MHz, 37.98 W, 480.00 W, 1102 MiB
2026/10/09 02:32:49.424, 1, GPU-81ac6e96-0bfe-390d-beb1-241466569d6b, 100 %, 0 %, 69, 2730 MHz, 10251 MHz, 480.74 W, 480.00 W, 1102 MiB
2026/10/09 02:32:50.424, 0, GPU-6c849b47-7111-9265-9d42-ff8eddc05a2d, 0 %, 0 %, 41, 210 MHz, 405 MHz, 37.89 W, 480.00 W, 1102 MiB
2026/10/09 02:32:50.425, 1, GPU-81ac6e96-0bfe-390d-beb1-241466569d6b, 100 %, 0 %, 56, 2790 MHz, 10251 MHz, 433.00 W, 480.00 W, 1102 MiB
2026/10/09 02:32:51.425, 0, GPU-6c849b47-7111-9265-9d42-ff8eddc05a2d, 0 %, 0 %, 40, 210 MHz, 405 MHz, 38.34 W, 480.00 W, 1102 MiB
2026/10/09 02:32:51.426, 1, GPU-81ac6e96-0bfe-390d-beb1-241466569d6b, 100 %, 0 %, 71, 2700 MHz, 10251 MHz, 412.92 W, 480.00 W, 1102 MiB
2026/10/09 02:32:52.426, 0, GPU-6c849b47-7111-9265-9d42-ff8eddc05a2d, 0 %, 0 %, 40, 210 MHz, 405 MHz, 38.54 W, 480.00 W, 1102 MiB
2026/10/09 02:32:52.426, 1, GPU-81ac6e96-0bfe-390d-beb1-241466569d6b, 100 %, 0 %, 70, 2700 MHz, 10251 MHz, 483.29 W, 480.00 W, 1102 MiB
2026/10/09 02:32:53.427, 0, GPU-6c849b47-7111-9265-9d42-ff8eddc05a2d, 0 %, 0 %, 40, 210 MHz, 405 MHz, 38.37 W, 480.00 W, 1102 MiB
2026/10/09 02:32:53.427, 1, GPU-81ac6e96-0bfe-390d-beb1-241466569d6b, 100 %, 0 %, 69, 2685 MHz, 10251 MHz, 416.58 W, 480.00 W, 1102 MiB
2026/10/09 02:32:54.428, 0, GPU-6c849b47-7111-9265-9d42-ff8eddc05a2d, 0 %, 0 %, 40, 210 MHz, 405 MHz, 38.29 W, 480.00 W, 1102 MiB
2026/10/09 02:32:54.429, 1, GPU-81ac6e96-0bfe-390d-beb1-241466569d6b, 100 %, 0 %, 68, 2640 MHz, 10251 MHz, 490.54 W, 480.00 W, 1102 MiB
2026/10/09 02:32:55.429, 0, GPU-6c849b47-7111-9265-9d42-ff8eddc05a2d, 0 %, 0 %, 40, 210 MHz, 405 MHz, 38.32 W, 480.00 W, 1102 MiB
2026/10/09 02:32:55.430, 1, GPU-81ac6e96-0bfe-390d-beb1-241466569d6b, 100 %, 0 %, 69, 2625 MHz, 10251 MHz, 477.26 W, 480.00 W, 1102 MiB
2026/10/09 02:32:56.430, 0, GPU-6c849b47-7111-9265-9d42-ff8eddc05a2d, 0 %, 0 %, 40, 210 MHz, 405 MHz, 38.04 W, 480.00 W, 1102 MiB
2026/10/09 02:32:56.431, 1, GPU-81ac6e96-0bfe-390d-beb1-241466569d6b, 100 %, 0 %, 70, 2715 MHz, 10251 MHz, 447.14 W, 480.00 W, 1102 MiB
2026/10/09 02:32:57.431, 0, GPU-6c849b47-7111-9265-9d42-ff8eddc05a2d, 0 %, 0 %, 40, 210 MHz, 405 MHz, 37.96 W, 480.00 W, 1102 MiB
2026/10/09 02:32:57.432, 1, GPU-81ac6e96-0bfe-390d-beb1-241466569d6b, 100 %, 0 %, 68, 2685 MHz, 10251 MHz, 487.20 W, 480.00 W, 1102 MiB
2026/10/09 02:32:58.432, 0, GPU-6c849b47-7111-9265-9d42-ff8eddc05a2d, 0 %, 0 %, 40, 210 MHz, 405 MHz, 38.06 W, 480.00 W, 1102 MiB
2026/10/09 02:32:58.433, 1, GPU-81ac6e96-0bfe-390d-beb1-241466569d6b, 100 %, 0 %, 69, 2670 MHz, 10251 MHz, 478.39 W, 480.00 W, 1102 MiB
2026/10/09 02:32:59.433, 0, GPU-6c849b47-7111-9265-9d42-ff8eddc05a2d, 0 %, 0 %, 40, 210 MHz, 405 MHz, 38.19 W, 480.00 W, 1102 MiB
2026/10/09 02:32:59.434, 1, GPU-81ac6e96-0bfe-390d-beb1-241466569d6b, 100 %, 0 %, 70, 2730 MHz, 10251 MHz, 445.50 W, 480.00 W, 1102 MiB
2026/10/09 02:33:00.434, 0, GPU-6c849b47-7111-9265-9d42-ff8eddc05a2d, 0 %, 0 %, 40, 210 MHz, 405 MHz, 38.27 W, 480.00 W, 1102 MiB
2026/10/09 02:33:00.435, 1, GPU-81ac6e96-0bfe-390d-beb1-241466569d6b, 100 %, 0 %, 70, 2730 MHz, 10251 MHz, 482.07 W, 480.00 W, 1102 MiB
2026/10/09 02:33:01.435, 0, GPU-6c849b47-7111-9265-9d42-ff8eddc05a2d, 0 %, 0 %, 40, 210 MHz, 405 MHz, 38.04 W, 480.00 W, 1102 MiB
2026/10/09 02:33:01.436, 1, GPU-81ac6e96-0bfe-390d-beb1-241466569d6b, 100 %, 0 %, 66, 2775 MHz, 10251 MHz, 475.01 W, 480.00 W, 1102 MiB
2026/10/09 02:33:02.436, 0, GPU-6c849b47-7111-9265-9d42-ff8eddc05a2d, 0 %, 0 %, 40, 210 MHz, 405 MHz, 37.92 W, 480.00 W, 1102 MiB
2026/10/09 02:33:02.437, 1, GPU-81ac6e96-0bfe-390d-beb1-241466569d6b, 100 %, 0 %, 70, 2670 MHz, 10251 MHz, 453.07 W, 480.00 W, 1102 MiB
2026/10/09 02:33:03.437, 0, GPU-6c849b47-7111-9265-9d42-ff8eddc05a2d, 0 %, 0 %, 40, 210 MHz, 405 MHz, 38.08 W, 480.00 W, 1102 MiB
2026/10/09 02:33:03.438, 1, GPU-81ac6e96-0bfe-390d-beb1-241466569d6b, 100 %, 0 %, 70, 2700 MHz, 10251 MHz, 481.06 W, 480.00 W, 1102 MiB
2026/10/09 02:33:04.438, 0, GPU-6c849b47-7111-9265-9d42-ff8eddc05a2d, 0 %, 0 %, 40, 210 MHz, 405 MHz, 37.98 W, 480.00 W, 1102 MiB
2026/10/09 02:33:04.439, 1, GPU-81ac6e96-0bfe-390d-beb1-241466569d6b, 100 %, 0 %, 66, 2745 MHz, 10251 MHz, 417.26 W, 480.00 W, 1102 MiB
2026/10/09 02:33:05.439, 0, GPU-6c849b47-7111-9265-9d42-ff8eddc05a2d, 0 %, 0 %, 40, 210 MHz, 405 MHz, 37.80 W, 480.00 W, 1102 MiB
2026/10/09 02:33:05.440, 1, GPU-81ac6e96-0bfe-390d-beb1-241466569d6b, 100 %, 0 %, 69, 2685 MHz, 10251 MHz, 469.91 W, 480.00 W, 1102 MiB
2026/10/09 02:33:06.440, 0, GPU-6c849b47-7111-9265-9d42-ff8eddc05a2d, 0 %, 0 %, 40, 210 MHz, 405 MHz, 37.81 W, 480.00 W, 1102 MiB
2026/10/09 02:33:06.441, 1, GPU-81ac6e96-0bfe-390d-beb1-241466569d6b, 100 %, 0 %, 69, 2685 MHz, 10251 MHz, 477.30 W, 480.00 W, 1102 MiB
2026/10/09 02:33:07.441, 0, GPU-6c849b47-7111-9265-9d42-ff8eddc05a2d, 0 %, 0 %, 40, 210 MHz, 405 MHz, 37.83 W, 480.00 W, 1102 MiB
2026/10/09 02:33:07.442, 1, GPU-81ac6e96-0bfe-390d-beb1-241466569d6b, 100 %, 0 %, 69, 2760 MHz, 10251 MHz, 430.65 W, 480.00 W, 1102 MiB
2026/10/09 02:33:08.442, 0, GPU-6c849b47-7111-9265-9d42-ff8eddc05a2d, 0 %, 0 %, 40, 210 MHz, 405 MHz, 37.72 W, 480.00 W, 1102 MiB
2026/10/09 02:33:08.443, 1, GPU-81ac6e96-0bfe-390d-beb1-241466569d6b, 100 %, 0 %, 69, 2745 MHz, 10251 MHz, 480.74 W, 480.00 W, 1102 MiB
2026/10/09 02:33:09.443, 0, GPU-6c849b47-7111-9265-9d42-ff8eddc05a2d, 0 %, 0 %, 40, 210 MHz, 405 MHz, 37.83 W, 480.00 W, 1102 MiB
2026/10/09 02:33:09.444, 1, GPU-81ac6e96-0bfe-390d-beb1-241466569d6b, 100 %, 0 %, 69, 2775 MHz, 10251 MHz, 477.39 W, 480.00 W, 1102 MiB
2026/10/09 02:33:10.444, 0, GPU-6c849b47-7111-9265-9d42-ff8eddc05a2d, 0 %, 0 %, 40, 210 MHz, 405 MHz, 38.27 W, 480.00 W, 1102 MiB
2026/10/09 02:33:10.444, 1, GPU-81ac6e96-0bfe-390d-beb1-241466569d6b, 100 %, 0 %, 68, 2775 MHz, 10251 MHz, 382.37 W, 480.00 W, 1102 MiB
2026/10/09 02:33:11.445, 0, GPU-6c849b47-7111-9265-9d42-ff8eddc05a2d, 0 %, 0 %, 39, 210 MHz, 405 MHz, 38.27 W, 480.00 W, 1102 MiB
2026/10/09 02:33:11.446, 1, GPU-81ac6e96-0bfe-390d-beb1-241466569d6b, 100 %, 0 %, 68, 2760 MHz, 10251 MHz, 484.39 W, 480.00 W, 1102 MiB
2026/10/09 02:33:12.446, 0, GPU-6c849b47-7111-9265-9d42-ff8eddc05a2d, 0 %, 0 %, 39, 210 MHz, 405 MHz, 38.06 W, 480.00 W, 1102 MiB
2026/10/09 02:33:12.447, 1, GPU-81ac6e96-0bfe-390d-beb1-241466569d6b, 100 %, 0 %, 62, 2775 MHz, 10251 MHz, 464.74 W, 480.00 W, 1102 MiB
2026/10/09 02:33:13.447, 0, GPU-6c849b47-7111-9265-9d42-ff8eddc05a2d, 0 %, 0 %, 39, 210 MHz, 405 MHz, 38.00 W, 480.00 W, 1102 MiB
2026/10/09 02:33:13.447, 1, GPU-81ac6e96-0bfe-390d-beb1-241466569d6b, 100 %, 0 %, 70, 2610 MHz, 10251 MHz, 443.55 W, 480.00 W, 1102 MiB
2026/10/09 02:33:14.448, 0, GPU-6c849b47-7111-9265-9d42-ff8eddc05a2d, 0 %, 0 %, 39, 210 MHz, 405 MHz, 38.10 W, 480.00 W, 1102 MiB
2026/10/09 02:33:14.448, 1, GPU-81ac6e96-0bfe-390d-beb1-241466569d6b, 100 %, 0 %, 70, 2625 MHz, 10251 MHz, 477.58 W, 480.00 W, 1102 MiB
2026/10/09 02:33:15.449, 0, GPU-6c849b47-7111-9265-9d42-ff8eddc05a2d, 0 %, 0 %, 39, 210 MHz, 405 MHz, 37.86 W, 480.00 W, 1102 MiB
2026/10/09 02:33:15.449, 1, GPU-81ac6e96-0bfe-390d-beb1-241466569d6b, 100 %, 0 %, 62, 2775 MHz, 10251 MHz, 438.78 W, 480.00 W, 1102 MiB
2026/10/09 02:33:16.450, 0, GPU-6c849b47-7111-9265-9d42-ff8eddc05a2d, 0 %, 0 %, 39, 210 MHz, 405 MHz, 37.44 W, 480.00 W, 1102 MiB
2026/10/09 02:33:16.450, 1, GPU-81ac6e96-0bfe-390d-beb1-241466569d6b, 100 %, 0 %, 69, 2655 MHz, 10251 MHz, 483.94 W, 480.00 W, 1102 MiB
2026/10/09 02:33:17.451, 0, GPU-6c849b47-7111-9265-9d42-ff8eddc05a2d, 0 %, 0 %, 39, 210 MHz, 405 MHz, 37.57 W, 480.00 W, 1102 MiB
2026/10/09 02:33:17.451, 1, GPU-81ac6e96-0bfe-390d-beb1-241466569d6b, 100 %, 0 %, 69, 2655 MHz, 10251 MHz, 477.82 W, 480.00 W, 1102 MiB
2026/10/09 02:33:18.452, 0, GPU-6c849b47-7111-9265-9d42-ff8eddc05a2d, 0 %, 0 %, 39, 210 MHz, 405 MHz, 37.62 W, 480.00 W, 1102 MiB
2026/10/09 02:33:18.452, 1, GPU-81ac6e96-0bfe-390d-beb1-241466569d6b, 100 %, 0 %, 69, 2730 MHz, 10251 MHz, 437.58 W, 480.00 W, 1102 MiB
2026/10/09 02:33:19.453, 0, GPU-6c849b47-7111-9265-9d42-ff8eddc05a2d, 0 %, 0 %, 39, 210 MHz, 405 MHz, 37.85 W, 480.00 W, 1102 MiB
2026/10/09 02:33:19.453, 1, GPU-81ac6e96-0bfe-390d-beb1-241466569d6b, 100 %, 0 %, 68, 2670 MHz, 10251 MHz, 486.36 W, 480.00 W, 1102 MiB
2026/10/09 02:33:20.454, 0, GPU-6c849b47-7111-9265-9d42-ff8eddc05a2d, 0 %, 0 %, 39, 210 MHz, 405 MHz, 38.21 W, 480.00 W, 1102 MiB
2026/10/09 02:33:20.455, 1, GPU-81ac6e96-0bfe-390d-beb1-241466569d6b, 100 %, 0 %, 69, 2670 MHz, 10251 MHz, 478.76 W, 480.00 W, 1102 MiB
2026/10/09 02:33:21.455, 0, GPU-6c849b47-7111-9265-9d42-ff8eddc05a2d, 0 %, 0 %, 39, 210 MHz, 405 MHz, 38.23 W, 480.00 W, 1102 MiB
2026/10/09 02:33:21.455, 1, GPU-81ac6e96-0bfe-390d-beb1-241466569d6b, 100 %, 0 %, 70, 2745 MHz, 10251 MHz, 442.70 W, 480.00 W, 1102 MiB
2026/10/09 02:33:22.456, 0, GPU-6c849b47-7111-9265-9d42-ff8eddc05a2d, 0 %, 0 %, 39, 210 MHz, 405 MHz, 38.18 W, 480.00 W, 1102 MiB
2026/10/09 02:33:22.456, 1, GPU-81ac6e96-0bfe-390d-beb1-241466569d6b, 100 %, 0 %, 69, 2730 MHz, 10251 MHz, 481.85 W, 480.00 W, 1102 MiB
2026/10/09 02:33:23.457, 0, GPU-6c849b47-7111-9265-9d42-ff8eddc05a2d, 0 %, 0 %, 39, 210 MHz, 405 MHz, 38.12 W, 480.00 W, 1102 MiB
2026/10/09 02:33:23.457, 1, GPU-81ac6e96-0bfe-390d-beb1-241466569d6b, 100 %, 0 %, 69, 2775 MHz, 10251 MHz, 475.03 W, 480.00 W, 1102 MiB
2026/10/09 02:33:24.458, 0, GPU-6c849b47-7111-9265-9d42-ff8eddc05a2d, 0 %, 0 %, 39, 210 MHz, 405 MHz, 37.93 W, 480.00 W, 1102 MiB
2026/10/09 02:33:24.458, 1, GPU-81ac6e96-0bfe-390d-beb1-241466569d6b, 100 %, 0 %, 71, 2760 MHz, 10251 MHz, 445.52 W, 480.00 W, 1102 MiB
2026/10/09 02:33:25.459, 0, GPU-6c849b47-7111-9265-9d42-ff8eddc05a2d, 0 %, 0 %, 39, 210 MHz, 405 MHz, 37.89 W, 480.00 W, 1102 MiB
2026/10/09 02:33:25.459, 1, GPU-81ac6e96-0bfe-390d-beb1-241466569d6b, 100 %, 0 %, 70, 2730 MHz, 10251 MHz, 481.20 W, 480.00 W, 1102 MiB
2026/10/09 02:33:26.460, 0, GPU-6c849b47-7111-9265-9d42-ff8eddc05a2d, 0 %, 0 %, 39, 210 MHz, 405 MHz, 37.88 W, 480.00 W, 1102 MiB
2026/10/09 02:33:26.460, 1, GPU-81ac6e96-0bfe-390d-beb1-241466569d6b, 100 %, 0 %, 59, 2790 MHz, 10251 MHz, 445.24 W, 480.00 W, 1102 MiB
2026/10/09 02:33:27.460, 0, GPU-6c849b47-7111-9265-9d42-ff8eddc05a2d, 0 %, 0 %, 39, 210 MHz, 405 MHz, 37.88 W, 480.00 W, 1102 MiB
2026/10/09 02:33:27.461, 1, GPU-81ac6e96-0bfe-390d-beb1-241466569d6b, 100 %, 0 %, 69, 2685 MHz, 10251 MHz, 470.81 W, 480.00 W, 1102 MiB
2026/10/09 02:33:28.461, 0, GPU-6c849b47-7111-9265-9d42-ff8eddc05a2d, 0 %, 0 %, 39, 210 MHz, 405 MHz, 37.85 W, 480.00 W, 1102 MiB
2026/10/09 02:33:28.462, 1, GPU-81ac6e96-0bfe-390d-beb1-241466569d6b, 100 %, 0 %, 69, 2685 MHz, 10251 MHz, 476.96 W, 480.00 W, 1102 MiB
2026/10/09 02:33:29.462, 0, GPU-6c849b47-7111-9265-9d42-ff8eddc05a2d, 0 %, 0 %, 39, 210 MHz, 405 MHz, 37.65 W, 480.00 W, 1102 MiB
2026/10/09 02:33:29.463, 1, GPU-81ac6e96-0bfe-390d-beb1-241466569d6b, 0 %, 0 %, 52, 2790 MHz, 10251 MHz, 304.15 W, 480.00 W, 1102 MiB
2026/10/09 02:33:30.464, 0, GPU-6c849b47-7111-9265-9d42-ff8eddc05a2d, 0 %, 0 %, 39, 210 MHz, 405 MHz, 37.51 W, 480.00 W, 1102 MiB
2026/10/09 02:33:30.464, 1, GPU-81ac6e96-0bfe-390d-beb1-241466569d6b, 0 %, 0 %, 50, 2790 MHz, 10251 MHz, 94.35 W, 480.00 W, 1102 MiB
2026/10/09 02:33:31.465, 0, GPU-6c849b47-7111-9265-9d42-ff8eddc05a2d, 0 %, 0 %, 39, 210 MHz, 405 MHz, 37.46 W, 480.00 W, 1102 MiB
2026/10/09 02:33:31.465, 1, GPU-81ac6e96-0bfe-390d-beb1-241466569d6b, 0 %, 0 %, 49, 2625 MHz, 10251 MHz, 83.39 W, 480.00 W, 1102 MiB
2026/10/09 02:33:32.466, 0, GPU-6c849b47-7111-9265-9d42-ff8eddc05a2d, 0 %, 0 %, 39, 210 MHz, 405 MHz, 37.57 W, 480.00 W, 1102 MiB
2026/10/09 02:33:32.467, 1, GPU-81ac6e96-0bfe-390d-beb1-241466569d6b, 0 %, 0 %, 49, 2625 MHz, 10251 MHz, 79.01 W, 480.00 W, 1102 MiB
2026/10/09 02:33:33.467, 0, GPU-6c849b47-7111-9265-9d42-ff8eddc05a2d, 0 %, 0 %, 39, 210 MHz, 405 MHz, 37.47 W, 480.00 W, 1102 MiB
2026/10/09 02:33:33.468, 1, GPU-81ac6e96-0bfe-390d-beb1-241466569d6b, 0 %, 0 %, 49, 2625 MHz, 10251 MHz, 78.50 W, 480.00 W, 1102 MiB
2026/10/09 02:33:34.468, 0, GPU-6c849b47-7111-9265-9d42-ff8eddc05a2d, 0 %, 0 %, 39, 210 MHz, 405 MHz, 37.49 W, 480.00 W, 1102 MiB
2026/10/09 02:33:34.469, 1, GPU-81ac6e96-0bfe-390d-beb1-241466569d6b, 0 %, 0 %, 48, 2625 MHz, 10251 MHz, 77.35 W, 480.00 W, 1102 MiB
2026/10/09 02:33:35.469, 0, GPU-6c849b47-7111-9265-9d42-ff8eddc05a2d, 0 %, 0 %, 39, 210 MHz, 405 MHz, 37.59 W, 480.00 W, 1102 MiB
2026/10/09 02:33:35.470, 1, GPU-81ac6e96-0bfe-390d-beb1-241466569d6b, 0 %, 0 %, 48, 2625 MHz, 10251 MHz, 77.24 W, 480.00 W, 1102 MiB
2026/10/09 02:33:36.470, 0, GPU-6c849b47-7111-9265-9d42-ff8eddc05a2d, 0 %, 0 %, 39, 210 MHz, 405 MHz, 37.35 W, 480.00 W, 1102 MiB
2026/10/09 02:33:36.471, 1, GPU-81ac6e96-0bfe-390d-beb1-241466569d6b, 0 %, 0 %, 48, 2625 MHz, 10251 MHz, 76.12 W, 480.00 W, 1102 MiB
2026/10/09 02:33:37.471, 0, GPU-6c849b47-7111-9265-9d42-ff8eddc05a2d, 0 %, 0 %, 39, 210 MHz, 405 MHz, 37.04 W, 480.00 W, 1102 MiB
2026/10/09 02:33:37.472, 1, GPU-81ac6e96-0bfe-390d-beb1-241466569d6b, 0 %, 0 %, 48, 2625 MHz, 10251 MHz, 76.05 W, 480.00 W, 1102 MiB
2026/10/09 02:33:38.472, 0, GPU-6c849b47-7111-9265-9d42-ff8eddc05a2d, 0 %, 0 %, 38, 210 MHz, 405 MHz, 37.08 W, 480.00 W, 1102 MiB
2026/10/09 02:33:38.473, 1, GPU-81ac6e96-0bfe-390d-beb1-241466569d6b, 0 %, 0 %, 48, 2625 MHz, 10251 MHz, 76.04 W, 480.00 W, 1102 MiB
2026/10/09 02:33:39.474, 0, GPU-6c849b47-7111-9265-9d42-ff8eddc05a2d, 0 %, 0 %, 38, 210 MHz, 405 MHz, 37.23 W, 480.00 W, 1102 MiB
2026/10/09 02:33:39.474, 1, GPU-81ac6e96-0bfe-390d-beb1-241466569d6b, 0 %, 0 %, 48, 2625 MHz, 10251 MHz, 75.79 W, 480.00 W, 1102 MiB
2026/10/09 02:33:40.476, 0, GPU-6c849b47-7111-9265-9d42-ff8eddc05a2d, 0 %, 0 %, 38, 210 MHz, 405 MHz, 37.19 W, 480.00 W, 1102 MiB
2026/10/09 02:33:40.477, 1, GPU-81ac6e96-0bfe-390d-beb1-241466569d6b, 0 %, 0 %, 48, 2625 MHz, 10251 MHz, 75.54 W, 480.00 W, 1102 MiB
2026/10/09 02:33:41.477, 0, GPU-6c849b47-7111-9265-9d42-ff8eddc05a2d, 0 %, 0 %, 38, 210 MHz, 405 MHz, 37.34 W, 480.00 W, 1102 MiB
2026/10/09 02:33:41.478, 1, GPU-81ac6e96-0bfe-390d-beb1-241466569d6b, 0 %, 0 %, 48, 2625 MHz, 10251 MHz, 75.51 W, 480.00 W, 1102 MiB
2026/10/09 02:33:42.478, 0, GPU-6c849b47-7111-9265-9d42-ff8eddc05a2d, 0 %, 0 %, 38, 210 MHz, 405 MHz, 37.53 W, 480.00 W, 1102 MiB
2026/10/09 02:33:42.479, 1, GPU-81ac6e96-0bfe-390d-beb1-241466569d6b, 0 %, 0 %, 48, 2625 MHz, 10251 MHz, 75.23 W, 480.00 W, 1102 MiB
2026/10/09 02:33:43.479, 0, GPU-6c849b47-7111-9265-9d42-ff8eddc05a2d, 0 %, 0 %, 38, 210 MHz, 405 MHz, 37.78 W, 480.00 W, 1102 MiB
2026/10/09 02:33:43.480, 1, GPU-81ac6e96-0bfe-390d-beb1-241466569d6b, 0 %, 0 %, 48, 2625 MHz, 10251 MHz, 74.93 W, 480.00 W, 1102 MiB
2026/10/09 02:33:44.480, 0, GPU-6c849b47-7111-9265-9d42-ff8eddc05a2d, 0 %, 0 %, 38, 210 MHz, 405 MHz, 37.89 W, 480.00 W, 1102 MiB
2026/10/09 02:33:44.481, 1, GPU-81ac6e96-0bfe-390d-beb1-241466569d6b, 0 %, 0 %, 48, 2625 MHz, 10251 MHz, 74.84 W, 480.00 W, 1102 MiB
2026/10/09 02:33:45.481, 0, GPU-6c849b47-7111-9265-9d42-ff8eddc05a2d, 0 %, 0 %, 38, 210 MHz, 405 MHz, 37.71 W, 480.00 W, 1102 MiB
2026/10/09 02:33:45.482, 1, GPU-81ac6e96-0bfe-390d-beb1-241466569d6b, 0 %, 0 %, 48, 2625 MHz, 10251 MHz, 74.97 W, 480.00 W, 1102 MiB
2026/10/09 02:33:46.482, 0, GPU-6c849b47-7111-9265-9d42-ff8eddc05a2d, 0 %, 0 %, 38, 210 MHz, 405 MHz, 37.76 W, 480.00 W, 1102 MiB
2026/10/09 02:33:46.483, 1, GPU-81ac6e96-0bfe-390d-beb1-241466569d6b, 0 %, 0 %, 48, 2625 MHz, 10251 MHz, 74.88 W, 480.00 W, 1102 MiB
2026/10/09 02:33:47.483, 0, GPU-6c849b47-7111-9265-9d42-ff8eddc05a2d, 100 %, 0 %, 51, 2790 MHz, 10251 MHz, 100.51 W, 480.00 W, 1102 MiB
2026/10/09 02:33:47.484, 1, GPU-81ac6e96-0bfe-390d-beb1-241466569d6b, 100 %, 0 %, 58, 2625 MHz, 10251 MHz, 110.01 W, 480.00 W, 1102 MiB
2026/10/09 02:33:48.484, 0, GPU-6c849b47-7111-9265-9d42-ff8eddc05a2d, 100 %, 0 %, 65, 2625 MHz, 10251 MHz, 440.73 W, 480.00 W, 1102 MiB
2026/10/09 02:33:48.484, 1, GPU-81ac6e96-0bfe-390d-beb1-241466569d6b, 100 %, 0 %, 69, 2625 MHz, 10251 MHz, 446.29 W, 480.00 W, 1102 MiB
2026/10/09 02:33:49.485, 0, GPU-6c849b47-7111-9265-9d42-ff8eddc05a2d, 100 %, 0 %, 67, 2655 MHz, 10251 MHz, 479.94 W, 480.00 W, 1102 MiB
2026/10/09 02:33:49.485, 1, GPU-81ac6e96-0bfe-390d-beb1-241466569d6b, 100 %, 0 %, 69, 2640 MHz, 10251 MHz, 479.59 W, 480.00 W, 1102 MiB
2026/10/09 02:33:50.485, 0, GPU-6c849b47-7111-9265-9d42-ff8eddc05a2d, 100 %, 0 %, 66, 2685 MHz, 10251 MHz, 425.60 W, 480.00 W, 1102 MiB
2026/10/09 02:33:50.486, 1, GPU-81ac6e96-0bfe-390d-beb1-241466569d6b, 100 %, 0 %, 69, 2685 MHz, 10251 MHz, 421.86 W, 480.00 W, 1102 MiB
2026/10/09 02:33:51.486, 0, GPU-6c849b47-7111-9265-9d42-ff8eddc05a2d, 100 %, 0 %, 66, 2685 MHz, 10251 MHz, 483.03 W, 480.00 W, 1102 MiB
2026/10/09 02:33:51.486, 1, GPU-81ac6e96-0bfe-390d-beb1-241466569d6b, 100 %, 0 %, 68, 2670 MHz, 10251 MHz, 485.77 W, 480.00 W, 1102 MiB
2026/10/09 02:33:52.487, 0, GPU-6c849b47-7111-9265-9d42-ff8eddc05a2d, 100 %, 0 %, 67, 2700 MHz, 10251 MHz, 480.65 W, 480.00 W, 1102 MiB
2026/10/09 02:33:52.487, 1, GPU-81ac6e96-0bfe-390d-beb1-241466569d6b, 100 %, 0 %, 68, 2670 MHz, 10251 MHz, 479.80 W, 480.00 W, 1102 MiB
2026/10/09 02:33:53.501, 0, GPU-6c849b47-7111-9265-9d42-ff8eddc05a2d, 100 %, 0 %, 67, 2715 MHz, 10251 MHz, 455.20 W, 480.00 W, 1102 MiB
2026/10/09 02:33:53.501, 1, GPU-81ac6e96-0bfe-390d-beb1-241466569d6b, 100 %, 0 %, 69, 2715 MHz, 10251 MHz, 458.13 W, 480.00 W, 1102 MiB
2026/10/09 02:33:54.502, 0, GPU-6c849b47-7111-9265-9d42-ff8eddc05a2d, 100 %, 0 %, 67, 2700 MHz, 10251 MHz, 481.16 W, 480.00 W, 1102 MiB
2026/10/09 02:33:54.502, 1, GPU-81ac6e96-0bfe-390d-beb1-241466569d6b, 100 %, 0 %, 69, 2715 MHz, 10251 MHz, 482.64 W, 480.00 W, 1102 MiB
2026/10/09 02:33:55.502, 0, GPU-6c849b47-7111-9265-9d42-ff8eddc05a2d, 100 %, 0 %, 65, 2760 MHz, 10251 MHz, 468.65 W, 480.00 W, 1102 MiB
2026/10/09 02:33:55.503, 1, GPU-81ac6e96-0bfe-390d-beb1-241466569d6b, 100 %, 0 %, 67, 2775 MHz, 10251 MHz, 472.58 W, 480.00 W, 1102 MiB
2026/10/09 02:33:56.503, 0, GPU-6c849b47-7111-9265-9d42-ff8eddc05a2d, 100 %, 0 %, 68, 2670 MHz, 10251 MHz, 454.14 W, 480.00 W, 1102 MiB
2026/10/09 02:33:56.504, 1, GPU-81ac6e96-0bfe-390d-beb1-241466569d6b, 100 %, 0 %, 69, 2730 MHz, 10251 MHz, 456.74 W, 480.00 W, 1102 MiB
2026/10/09 02:33:57.504, 0, GPU-6c849b47-7111-9265-9d42-ff8eddc05a2d, 100 %, 0 %, 68, 2670 MHz, 10251 MHz, 479.50 W, 480.00 W, 1102 MiB
2026/10/09 02:33:57.519, 1, GPU-81ac6e96-0bfe-390d-beb1-241466569d6b, 100 %, 0 %, 69, 2715 MHz, 10251 MHz, 481.09 W, 480.00 W, 1102 MiB
2026/10/09 02:33:58.519, 0, GPU-6c849b47-7111-9265-9d42-ff8eddc05a2d, 100 %, 0 %, 54, 2760 MHz, 10251 MHz, 426.90 W, 480.00 W, 1102 MiB
2026/10/09 02:33:58.520, 1, GPU-81ac6e96-0bfe-390d-beb1-241466569d6b, 100 %, 0 %, 58, 2775 MHz, 10251 MHz, 420.48 W, 480.00 W, 1102 MiB
2026/10/09 02:33:59.520, 0, GPU-6c849b47-7111-9265-9d42-ff8eddc05a2d, 100 %, 0 %, 67, 2670 MHz, 10251 MHz, 480.84 W, 480.00 W, 1102 MiB
2026/10/09 02:33:59.520, 1, GPU-81ac6e96-0bfe-390d-beb1-241466569d6b, 100 %, 0 %, 67, 2685 MHz, 10251 MHz, 475.64 W, 480.00 W, 1102 MiB
2026/10/09 02:34:00.521, 0, GPU-6c849b47-7111-9265-9d42-ff8eddc05a2d, 100 %, 0 %, 67, 2670 MHz, 10251 MHz, 476.65 W, 480.00 W, 1102 MiB
2026/10/09 02:34:00.521, 1, GPU-81ac6e96-0bfe-390d-beb1-241466569d6b, 100 %, 0 %, 67, 2670 MHz, 10251 MHz, 476.81 W, 480.00 W, 1102 MiB
2026/10/09 02:34:01.522, 0, GPU-6c849b47-7111-9265-9d42-ff8eddc05a2d, 100 %, 0 %, 66, 2745 MHz, 10251 MHz, 428.72 W, 480.00 W, 1102 MiB
2026/10/09 02:34:01.522, 1, GPU-81ac6e96-0bfe-390d-beb1-241466569d6b, 100 %, 0 %, 67, 2760 MHz, 10251 MHz, 428.23 W, 480.00 W, 1102 MiB
2026/10/09 02:34:02.522, 0, GPU-6c849b47-7111-9265-9d42-ff8eddc05a2d, 100 %, 0 %, 67, 2715 MHz, 10251 MHz, 481.77 W, 480.00 W, 1102 MiB
2026/10/09 02:34:02.523, 1, GPU-81ac6e96-0bfe-390d-beb1-241466569d6b, 100 %, 0 %, 67, 2745 MHz, 10251 MHz, 482.52 W, 480.00 W, 1102 MiB
2026/10/09 02:34:03.523, 0, GPU-6c849b47-7111-9265-9d42-ff8eddc05a2d, 100 %, 0 %, 67, 2730 MHz, 10251 MHz, 479.49 W, 480.00 W, 1102 MiB
2026/10/09 02:34:03.524, 1, GPU-81ac6e96-0bfe-390d-beb1-241466569d6b, 100 %, 0 %, 67, 2730 MHz, 10251 MHz, 478.85 W, 480.00 W, 1102 MiB
2026/10/09 02:34:04.524, 0, GPU-6c849b47-7111-9265-9d42-ff8eddc05a2d, 100 %, 0 %, 67, 2760 MHz, 10251 MHz, 433.27 W, 480.00 W, 1102 MiB
2026/10/09 02:34:04.524, 1, GPU-81ac6e96-0bfe-390d-beb1-241466569d6b, 100 %, 0 %, 68, 2775 MHz, 10251 MHz, 432.84 W, 480.00 W, 1102 MiB
2026/10/09 02:34:05.525, 0, GPU-6c849b47-7111-9265-9d42-ff8eddc05a2d, 100 %, 0 %, 68, 2730 MHz, 10251 MHz, 480.05 W, 480.00 W, 1102 MiB
2026/10/09 02:34:05.525, 1, GPU-81ac6e96-0bfe-390d-beb1-241466569d6b, 100 %, 0 %, 68, 2760 MHz, 10251 MHz, 479.64 W, 480.00 W, 1102 MiB
2026/10/09 02:34:06.526, 0, GPU-6c849b47-7111-9265-9d42-ff8eddc05a2d, 100 %, 0 %, 62, 2760 MHz, 10251 MHz, 447.19 W, 480.00 W, 1102 MiB
2026/10/09 02:34:06.526, 1, GPU-81ac6e96-0bfe-390d-beb1-241466569d6b, 100 %, 0 %, 63, 2775 MHz, 10251 MHz, 450.10 W, 480.00 W, 1102 MiB
2026/10/09 02:34:07.526, 0, GPU-6c849b47-7111-9265-9d42-ff8eddc05a2d, 100 %, 0 %, 68, 2685 MHz, 10251 MHz, 392.53 W, 480.00 W, 1102 MiB
2026/10/09 02:34:07.527, 1, GPU-81ac6e96-0bfe-390d-beb1-241466569d6b, 100 %, 0 %, 69, 2700 MHz, 10251 MHz, 397.96 W, 480.00 W, 1102 MiB
2026/10/09 02:34:08.527, 0, GPU-6c849b47-7111-9265-9d42-ff8eddc05a2d, 100 %, 0 %, 68, 2715 MHz, 10251 MHz, 478.59 W, 480.00 W, 1102 MiB
2026/10/09 02:34:08.528, 1, GPU-81ac6e96-0bfe-390d-beb1-241466569d6b, 100 %, 0 %, 69, 2730 MHz, 10251 MHz, 482.72 W, 480.00 W, 1102 MiB
2026/10/09 02:34:09.528, 0, GPU-6c849b47-7111-9265-9d42-ff8eddc05a2d, 100 %, 0 %, 64, 2685 MHz, 10251 MHz, 407.37 W, 480.00 W, 1102 MiB
2026/10/09 02:34:09.528, 1, GPU-81ac6e96-0bfe-390d-beb1-241466569d6b, 100 %, 0 %, 63, 2700 MHz, 10251 MHz, 408.58 W, 480.00 W, 1102 MiB
2026/10/09 02:34:10.529, 0, GPU-6c849b47-7111-9265-9d42-ff8eddc05a2d, 100 %, 0 %, 67, 2610 MHz, 10251 MHz, 499.92 W, 480.00 W, 1102 MiB
2026/10/09 02:34:10.529, 1, GPU-81ac6e96-0bfe-390d-beb1-241466569d6b, 100 %, 0 %, 68, 2610 MHz, 10251 MHz, 491.62 W, 480.00 W, 1102 MiB
2026/10/09 02:34:11.530, 0, GPU-6c849b47-7111-9265-9d42-ff8eddc05a2d, 100 %, 0 %, 67, 2610 MHz, 10251 MHz, 477.00 W, 480.00 W, 1102 MiB
2026/10/09 02:34:11.530, 1, GPU-81ac6e96-0bfe-390d-beb1-241466569d6b, 100 %, 0 %, 68, 2610 MHz, 10251 MHz, 476.12 W, 480.00 W, 1102 MiB
2026/10/09 02:34:12.530, 0, GPU-6c849b47-7111-9265-9d42-ff8eddc05a2d, 100 %, 0 %, 68, 2715 MHz, 10251 MHz, 441.73 W, 480.00 W, 1102 MiB
2026/10/09 02:34:12.531, 1, GPU-81ac6e96-0bfe-390d-beb1-241466569d6b, 100 %, 0 %, 68, 2715 MHz, 10251 MHz, 444.32 W, 480.00 W, 1102 MiB
2026/10/09 02:34:13.531, 0, GPU-6c849b47-7111-9265-9d42-ff8eddc05a2d, 100 %, 0 %, 67, 2655 MHz, 10251 MHz, 488.04 W, 480.00 W, 1102 MiB
2026/10/09 02:34:13.531, 1, GPU-81ac6e96-0bfe-390d-beb1-241466569d6b, 100 %, 0 %, 68, 2655 MHz, 10251 MHz, 489.67 W, 480.00 W, 1102 MiB
2026/10/09 02:34:14.532, 0, GPU-6c849b47-7111-9265-9d42-ff8eddc05a2d, 100 %, 0 %, 68, 2655 MHz, 10251 MHz, 478.15 W, 480.00 W, 1102 MiB
2026/10/09 02:34:14.532, 1, GPU-81ac6e96-0bfe-390d-beb1-241466569d6b, 100 %, 0 %, 68, 2670 MHz, 10251 MHz, 478.03 W, 480.00 W, 1102 MiB
2026/10/09 02:34:15.533, 0, GPU-6c849b47-7111-9265-9d42-ff8eddc05a2d, 100 %, 0 %, 69, 2715 MHz, 10251 MHz, 444.47 W, 480.00 W, 1102 MiB
2026/10/09 02:34:15.533, 1, GPU-81ac6e96-0bfe-390d-beb1-241466569d6b, 100 %, 0 %, 69, 2730 MHz, 10251 MHz, 441.95 W, 480.00 W, 1102 MiB
2026/10/09 02:34:16.533, 0, GPU-6c849b47-7111-9265-9d42-ff8eddc05a2d, 100 %, 0 %, 69, 2715 MHz, 10251 MHz, 481.05 W, 480.00 W, 1102 MiB
2026/10/09 02:34:16.534, 1, GPU-81ac6e96-0bfe-390d-beb1-241466569d6b, 100 %, 0 %, 69, 2730 MHz, 10251 MHz, 482.14 W, 480.00 W, 1102 MiB
2026/10/09 02:34:17.534, 0, GPU-6c849b47-7111-9265-9d42-ff8eddc05a2d, 100 %, 0 %, 67, 2760 MHz, 10251 MHz, 478.72 W, 480.00 W, 1102 MiB
2026/10/09 02:34:17.535, 1, GPU-81ac6e96-0bfe-390d-beb1-241466569d6b, 100 %, 0 %, 68, 2775 MHz, 10251 MHz, 477.82 W, 480.00 W, 1102 MiB
2026/10/09 02:34:18.535, 0, GPU-6c849b47-7111-9265-9d42-ff8eddc05a2d, 100 %, 0 %, 69, 2745 MHz, 10251 MHz, 446.49 W, 480.00 W, 1102 MiB
2026/10/09 02:34:18.535, 1, GPU-81ac6e96-0bfe-390d-beb1-241466569d6b, 100 %, 0 %, 70, 2745 MHz, 10251 MHz, 448.08 W, 480.00 W, 1102 MiB
2026/10/09 02:34:19.536, 0, GPU-6c849b47-7111-9265-9d42-ff8eddc05a2d, 100 %, 0 %, 69, 2730 MHz, 10251 MHz, 480.65 W, 480.00 W, 1102 MiB
2026/10/09 02:34:19.536, 1, GPU-81ac6e96-0bfe-390d-beb1-241466569d6b, 100 %, 0 %, 69, 2730 MHz, 10251 MHz, 481.52 W, 480.00 W, 1102 MiB
2026/10/09 02:34:20.550, 0, GPU-6c849b47-7111-9265-9d42-ff8eddc05a2d, 100 %, 0 %, 57, 2775 MHz, 10251 MHz, 445.64 W, 480.00 W, 1102 MiB
2026/10/09 02:34:20.550, 1, GPU-81ac6e96-0bfe-390d-beb1-241466569d6b, 100 %, 0 %, 62, 2775 MHz, 10251 MHz, 444.39 W, 480.00 W, 1102 MiB
2026/10/09 02:34:21.551, 0, GPU-6c849b47-7111-9265-9d42-ff8eddc05a2d, 100 %, 0 %, 68, 2670 MHz, 10251 MHz, 450.82 W, 480.00 W, 1102 MiB
2026/10/09 02:34:21.551, 1, GPU-81ac6e96-0bfe-390d-beb1-241466569d6b, 100 %, 0 %, 69, 2685 MHz, 10251 MHz, 459.49 W, 480.00 W, 1102 MiB
2026/10/09 02:34:22.552, 0, GPU-6c849b47-7111-9265-9d42-ff8eddc05a2d, 100 %, 0 %, 68, 2670 MHz, 10251 MHz, 477.74 W, 480.00 W, 1102 MiB
2026/10/09 02:34:22.552, 1, GPU-81ac6e96-0bfe-390d-beb1-241466569d6b, 100 %, 0 %, 69, 2685 MHz, 10251 MHz, 477.04 W, 480.00 W, 1102 MiB
2026/10/09 02:34:23.552, 0, GPU-6c849b47-7111-9265-9d42-ff8eddc05a2d, 100 %, 0 %, 68, 2760 MHz, 10251 MHz, 418.78 W, 480.00 W, 1102 MiB
2026/10/09 02:34:23.553, 1, GPU-81ac6e96-0bfe-390d-beb1-241466569d6b, 100 %, 0 %, 68, 2745 MHz, 10251 MHz, 421.71 W, 480.00 W, 1102 MiB
2026/10/09 02:34:24.553, 0, GPU-6c849b47-7111-9265-9d42-ff8eddc05a2d, 100 %, 0 %, 69, 2715 MHz, 10251 MHz, 482.30 W, 480.00 W, 1102 MiB
2026/10/09 02:34:24.553, 1, GPU-81ac6e96-0bfe-390d-beb1-241466569d6b, 100 %, 0 %, 68, 2715 MHz, 10251 MHz, 482.93 W, 480.00 W, 1102 MiB
2026/10/09 02:34:25.554, 0, GPU-6c849b47-7111-9265-9d42-ff8eddc05a2d, 100 %, 0 %, 69, 2700 MHz, 10251 MHz, 477.85 W, 480.00 W, 1102 MiB
2026/10/09 02:34:25.554, 1, GPU-81ac6e96-0bfe-390d-beb1-241466569d6b, 100 %, 0 %, 69, 2715 MHz, 10251 MHz, 477.86 W, 480.00 W, 1102 MiB
2026/10/09 02:34:26.555, 0, GPU-6c849b47-7111-9265-9d42-ff8eddc05a2d, 0 %, 0 %, 48, 2790 MHz, 10251 MHz, 224.92 W, 480.00 W, 1102 MiB
2026/10/09 02:34:26.555, 1, GPU-81ac6e96-0bfe-390d-beb1-241466569d6b, 0 %, 0 %, 50, 2790 MHz, 10251 MHz, 237.39 W, 480.00 W, 1102 MiB
2026/10/09 02:34:27.556, 0, GPU-6c849b47-7111-9265-9d42-ff8eddc05a2d, 0 %, 0 %, 46, 2790 MHz, 10251 MHz, 104.15 W, 480.00 W, 1102 MiB
2026/10/09 02:34:27.556, 1, GPU-81ac6e96-0bfe-390d-beb1-241466569d6b, 0 %, 0 %, 49, 2790 MHz, 10251 MHz, 92.92 W, 480.00 W, 1102 MiB
2026/10/09 02:34:28.557, 0, GPU-6c849b47-7111-9265-9d42-ff8eddc05a2d, 0 %, 0 %, 44, 2625 MHz, 10251 MHz, 89.43 W, 480.00 W, 1102 MiB
2026/10/09 02:34:28.557, 1, GPU-81ac6e96-0bfe-390d-beb1-241466569d6b, 0 %, 0 %, 48, 2625 MHz, 10251 MHz, 81.99 W, 480.00 W, 1102 MiB
2026/10/09 02:34:29.557, 0, GPU-6c849b47-7111-9265-9d42-ff8eddc05a2d, 0 %, 0 %, 44, 2625 MHz, 10251 MHz, 89.04 W, 480.00 W, 1102 MiB
2026/10/09 02:34:29.558, 1, GPU-81ac6e96-0bfe-390d-beb1-241466569d6b, 0 %, 0 %, 48, 2625 MHz, 10251 MHz, 81.57 W, 480.00 W, 1102 MiB
2026/10/09 02:34:30.558, 0, GPU-6c849b47-7111-9265-9d42-ff8eddc05a2d, 0 %, 0 %, 44, 2625 MHz, 10251 MHz, 82.86 W, 480.00 W, 1102 MiB
2026/10/09 02:34:30.559, 1, GPU-81ac6e96-0bfe-390d-beb1-241466569d6b, 0 %, 0 %, 48, 2625 MHz, 10251 MHz, 77.35 W, 480.00 W, 1102 MiB
2026/10/09 02:34:31.559, 0, GPU-6c849b47-7111-9265-9d42-ff8eddc05a2d, 0 %, 0 %, 44, 2625 MHz, 10251 MHz, 82.56 W, 480.00 W, 1102 MiB
2026/10/09 02:34:31.560, 1, GPU-81ac6e96-0bfe-390d-beb1-241466569d6b, 0 %, 0 %, 48, 2625 MHz, 10251 MHz, 77.19 W, 480.00 W, 1102 MiB
2026/10/09 02:34:32.560, 0, GPU-6c849b47-7111-9265-9d42-ff8eddc05a2d, 0 %, 0 %, 43, 2625 MHz, 10251 MHz, 82.10 W, 480.00 W, 1102 MiB
2026/10/09 02:34:32.561, 1, GPU-81ac6e96-0bfe-390d-beb1-241466569d6b, 0 %, 0 %, 48, 2625 MHz, 10251 MHz, 76.89 W, 480.00 W, 1102 MiB
2026/10/09 02:34:33.561, 0, GPU-6c849b47-7111-9265-9d42-ff8eddc05a2d, 0 %, 0 %, 43, 2625 MHz, 10251 MHz, 81.81 W, 480.00 W, 1102 MiB
2026/10/09 02:34:33.562, 1, GPU-81ac6e96-0bfe-390d-beb1-241466569d6b, 0 %, 0 %, 48, 2625 MHz, 10251 MHz, 76.22 W, 480.00 W, 1102 MiB
2026/10/09 02:34:34.562, 0, GPU-6c849b47-7111-9265-9d42-ff8eddc05a2d, 0 %, 0 %, 43, 2625 MHz, 10251 MHz, 81.70 W, 480.00 W, 1102 MiB
2026/10/09 02:34:34.562, 1, GPU-81ac6e96-0bfe-390d-beb1-241466569d6b, 0 %, 0 %, 48, 2625 MHz, 10251 MHz, 75.86 W, 480.00 W, 1102 MiB
2026/10/09 02:34:35.563, 0, GPU-6c849b47-7111-9265-9d42-ff8eddc05a2d, 0 %, 0 %, 43, 2625 MHz, 10251 MHz, 81.66 W, 480.00 W, 1102 MiB
2026/10/09 02:34:35.563, 1, GPU-81ac6e96-0bfe-390d-beb1-241466569d6b, 0 %, 0 %, 48, 2625 MHz, 10251 MHz, 75.71 W, 480.00 W, 1102 MiB
2026/10/09 02:34:36.564, 0, GPU-6c849b47-7111-9265-9d42-ff8eddc05a2d, 0 %, 0 %, 43, 2625 MHz, 10251 MHz, 81.59 W, 480.00 W, 1102 MiB
2026/10/09 02:34:36.564, 1, GPU-81ac6e96-0bfe-390d-beb1-241466569d6b, 0 %, 0 %, 48, 2625 MHz, 10251 MHz, 75.43 W, 480.00 W, 1102 MiB
2026/10/09 02:34:37.564, 0, GPU-6c849b47-7111-9265-9d42-ff8eddc05a2d, 0 %, 0 %, 43, 2625 MHz, 10251 MHz, 81.52 W, 480.00 W, 1102 MiB
2026/10/09 02:34:37.565, 1, GPU-81ac6e96-0bfe-390d-beb1-241466569d6b, 0 %, 0 %, 48, 2625 MHz, 10251 MHz, 75.26 W, 480.00 W, 1102 MiB
2026/10/09 02:34:38.565, 0, GPU-6c849b47-7111-9265-9d42-ff8eddc05a2d, 0 %, 0 %, 43, 2625 MHz, 10251 MHz, 81.50 W, 480.00 W, 1102 MiB
2026/10/09 02:34:38.565, 1, GPU-81ac6e96-0bfe-390d-beb1-241466569d6b, 0 %, 0 %, 48, 2625 MHz, 10251 MHz, 75.08 W, 480.00 W, 1102 MiB
2026/10/09 02:34:39.566, 0, GPU-6c849b47-7111-9265-9d42-ff8eddc05a2d, 0 %, 0 %, 43, 2625 MHz, 10251 MHz, 81.49 W, 480.00 W, 1102 MiB
2026/10/09 02:34:39.566, 1, GPU-81ac6e96-0bfe-390d-beb1-241466569d6b, 0 %, 0 %, 48, 2625 MHz, 10251 MHz, 74.85 W, 480.00 W, 1102 MiB
2026/10/09 02:34:40.567, 0, GPU-6c849b47-7111-9265-9d42-ff8eddc05a2d, 0 %, 0 %, 43, 2625 MHz, 10251 MHz, 81.43 W, 480.00 W, 1102 MiB
2026/10/09 02:34:40.567, 1, GPU-81ac6e96-0bfe-390d-beb1-241466569d6b, 0 %, 0 %, 47, 2625 MHz, 10251 MHz, 74.71 W, 480.00 W, 1102 MiB
2026/10/09 02:34:41.581, 0, GPU-6c849b47-7111-9265-9d42-ff8eddc05a2d, 100 %, 0 %, 56, 2775 MHz, 10251 MHz, 120.63 W, 480.00 W, 1102 MiB
2026/10/09 02:34:41.581, 1, GPU-81ac6e96-0bfe-390d-beb1-241466569d6b, 0 %, 0 %, 47, 2625 MHz, 10251 MHz, 74.83 W, 480.00 W, 1102 MiB
2026/10/09 02:34:42.582, 0, GPU-6c849b47-7111-9265-9d42-ff8eddc05a2d, 100 %, 0 %, 67, 2655 MHz, 10251 MHz, 449.17 W, 480.00 W, 1102 MiB
2026/10/09 02:34:42.582, 1, GPU-81ac6e96-0bfe-390d-beb1-241466569d6b, 0 %, 0 %, 47, 2625 MHz, 10251 MHz, 74.96 W, 480.00 W, 1102 MiB
2026/10/09 02:34:43.583, 0, GPU-6c849b47-7111-9265-9d42-ff8eddc05a2d, 100 %, 0 %, 68, 2640 MHz, 10251 MHz, 477.14 W, 480.00 W, 1102 MiB
2026/10/09 02:34:43.583, 1, GPU-81ac6e96-0bfe-390d-beb1-241466569d6b, 0 %, 0 %, 47, 2625 MHz, 10251 MHz, 74.62 W, 480.00 W, 1102 MiB
2026/10/09 02:34:44.584, 0, GPU-6c849b47-7111-9265-9d42-ff8eddc05a2d, 100 %, 0 %, 70, 2685 MHz, 10251 MHz, 425.05 W, 480.00 W, 1102 MiB
2026/10/09 02:34:44.584, 1, GPU-81ac6e96-0bfe-390d-beb1-241466569d6b, 0 %, 0 %, 47, 2625 MHz, 10251 MHz, 74.23 W, 480.00 W, 1102 MiB
2026/10/09 02:34:45.584, 0, GPU-6c849b47-7111-9265-9d42-ff8eddc05a2d, 100 %, 0 %, 70, 2670 MHz, 10251 MHz, 483.72 W, 480.00 W, 1102 MiB
2026/10/09 02:34:45.585, 1, GPU-81ac6e96-0bfe-390d-beb1-241466569d6b, 0 %, 0 %, 46, 420 MHz, 810 MHz, 64.43 W, 480.00 W, 1102 MiB
2026/10/09 02:34:46.585, 0, GPU-6c849b47-7111-9265-9d42-ff8eddc05a2d, 100 %, 0 %, 69, 2760 MHz, 10251 MHz, 479.52 W, 480.00 W, 1102 MiB
2026/10/09 02:34:46.585, 1, GPU-81ac6e96-0bfe-390d-beb1-241466569d6b, 0 %, 0 %, 46, 270 MHz, 405 MHz, 44.43 W, 480.00 W, 1102 MiB
2026/10/09 02:34:47.586, 0, GPU-6c849b47-7111-9265-9d42-ff8eddc05a2d, 100 %, 0 %, 71, 2715 MHz, 10251 MHz, 459.83 W, 480.00 W, 1102 MiB
2026/10/09 02:34:47.586, 1, GPU-81ac6e96-0bfe-390d-beb1-241466569d6b, 0 %, 0 %, 46, 210 MHz, 405 MHz, 32.56 W, 480.00 W, 1102 MiB
2026/10/09 02:34:48.587, 0, GPU-6c849b47-7111-9265-9d42-ff8eddc05a2d, 100 %, 0 %, 71, 2700 MHz, 10251 MHz, 481.83 W, 480.00 W, 1102 MiB
2026/10/09 02:34:48.587, 1, GPU-81ac6e96-0bfe-390d-beb1-241466569d6b, 0 %, 0 %, 45, 210 MHz, 405 MHz, 31.16 W, 480.00 W, 1102 MiB
2026/10/09 02:34:49.587, 0, GPU-6c849b47-7111-9265-9d42-ff8eddc05a2d, 100 %, 0 %, 63, 2760 MHz, 10251 MHz, 463.85 W, 480.00 W, 1102 MiB
2026/10/09 02:34:49.588, 1, GPU-81ac6e96-0bfe-390d-beb1-241466569d6b, 0 %, 0 %, 45, 210 MHz, 405 MHz, 31.65 W, 480.00 W, 1102 MiB
2026/10/09 02:34:50.588, 0, GPU-6c849b47-7111-9265-9d42-ff8eddc05a2d, 100 %, 0 %, 70, 2640 MHz, 10251 MHz, 457.80 W, 480.00 W, 1102 MiB
2026/10/09 02:34:50.589, 1, GPU-81ac6e96-0bfe-390d-beb1-241466569d6b, 0 %, 0 %, 45, 210 MHz, 405 MHz, 31.91 W, 480.00 W, 1102 MiB
2026/10/09 02:34:51.590, 0, GPU-6c849b47-7111-9265-9d42-ff8eddc05a2d, 100 %, 0 %, 70, 2670 MHz, 10251 MHz, 478.21 W, 480.00 W, 1102 MiB
2026/10/09 02:34:51.590, 1, GPU-81ac6e96-0bfe-390d-beb1-241466569d6b, 0 %, 0 %, 45, 210 MHz, 405 MHz, 31.83 W, 480.00 W, 1102 MiB
2026/10/09 02:34:52.604, 0, GPU-6c849b47-7111-9265-9d42-ff8eddc05a2d, 100 %, 0 %, 68, 2715 MHz, 10251 MHz, 429.18 W, 480.00 W, 1102 MiB
2026/10/09 02:34:52.604, 1, GPU-81ac6e96-0bfe-390d-beb1-241466569d6b, 0 %, 0 %, 45, 210 MHz, 405 MHz, 31.82 W, 480.00 W, 1102 MiB
2026/10/09 02:34:53.605, 0, GPU-6c849b47-7111-9265-9d42-ff8eddc05a2d, 100 %, 0 %, 70, 2655 MHz, 10251 MHz, 494.38 W, 480.00 W, 1102 MiB
2026/10/09 02:34:53.605, 1, GPU-81ac6e96-0bfe-390d-beb1-241466569d6b, 0 %, 0 %, 45, 210 MHz, 405 MHz, 31.99 W, 480.00 W, 1102 MiB
2026/10/09 02:34:54.605, 0, GPU-6c849b47-7111-9265-9d42-ff8eddc05a2d, 100 %, 0 %, 70, 2655 MHz, 10251 MHz, 477.42 W, 480.00 W, 1102 MiB
2026/10/09 02:34:54.606, 1, GPU-81ac6e96-0bfe-390d-beb1-241466569d6b, 0 %, 0 %, 45, 210 MHz, 405 MHz, 32.01 W, 480.00 W, 1102 MiB
2026/10/09 02:34:55.606, 0, GPU-6c849b47-7111-9265-9d42-ff8eddc05a2d, 100 %, 0 %, 70, 2745 MHz, 10251 MHz, 431.47 W, 480.00 W, 1102 MiB
2026/10/09 02:34:55.607, 1, GPU-81ac6e96-0bfe-390d-beb1-241466569d6b, 0 %, 0 %, 44, 210 MHz, 405 MHz, 31.97 W, 480.00 W, 1102 MiB
2026/10/09 02:34:56.607, 0, GPU-6c849b47-7111-9265-9d42-ff8eddc05a2d, 100 %, 0 %, 70, 2715 MHz, 10251 MHz, 481.46 W, 480.00 W, 1102 MiB
2026/10/09 02:34:56.608, 1, GPU-81ac6e96-0bfe-390d-beb1-241466569d6b, 0 %, 0 %, 44, 210 MHz, 405 MHz, 31.92 W, 480.00 W, 1102 MiB
2026/10/09 02:34:57.622, 0, GPU-6c849b47-7111-9265-9d42-ff8eddc05a2d, 100 %, 0 %, 69, 2760 MHz, 10251 MHz, 479.52 W, 480.00 W, 1102 MiB
2026/10/09 02:34:57.622, 1, GPU-81ac6e96-0bfe-390d-beb1-241466569d6b, 0 %, 0 %, 44, 210 MHz, 405 MHz, 31.73 W, 480.00 W, 1102 MiB
2026/10/09 02:34:58.623, 0, GPU-6c849b47-7111-9265-9d42-ff8eddc05a2d, 100 %, 0 %, 71, 2760 MHz, 10251 MHz, 437.07 W, 480.00 W, 1102 MiB
2026/10/09 02:34:58.623, 1, GPU-81ac6e96-0bfe-390d-beb1-241466569d6b, 0 %, 0 %, 44, 210 MHz, 405 MHz, 31.62 W, 480.00 W, 1102 MiB
2026/10/09 02:34:59.623, 0, GPU-6c849b47-7111-9265-9d42-ff8eddc05a2d, 100 %, 0 %, 71, 2745 MHz, 10251 MHz, 479.77 W, 480.00 W, 1102 MiB
2026/10/09 02:34:59.624, 1, GPU-81ac6e96-0bfe-390d-beb1-241466569d6b, 0 %, 0 %, 44, 210 MHz, 405 MHz, 31.68 W, 480.00 W, 1102 MiB
2026/10/09 02:35:00.624, 0, GPU-6c849b47-7111-9265-9d42-ff8eddc05a2d, 100 %, 0 %, 59, 2760 MHz, 10251 MHz, 443.53 W, 480.00 W, 1102 MiB
2026/10/09 02:35:00.625, 1, GPU-81ac6e96-0bfe-390d-beb1-241466569d6b, 0 %, 0 %, 44, 210 MHz, 405 MHz, 31.73 W, 480.00 W, 1102 MiB
2026/10/09 02:35:01.625, 0, GPU-6c849b47-7111-9265-9d42-ff8eddc05a2d, 100 %, 0 %, 72, 2685 MHz, 10251 MHz, 401.30 W, 480.00 W, 1102 MiB
2026/10/09 02:35:01.639, 1, GPU-81ac6e96-0bfe-390d-beb1-241466569d6b, 0 %, 0 %, 44, 210 MHz, 405 MHz, 31.71 W, 480.00 W, 1102 MiB
2026/10/09 02:35:02.640, 0, GPU-6c849b47-7111-9265-9d42-ff8eddc05a2d, 100 %, 0 %, 71, 2700 MHz, 10251 MHz, 480.47 W, 480.00 W, 1102 MiB
2026/10/09 02:35:02.640, 1, GPU-81ac6e96-0bfe-390d-beb1-241466569d6b, 0 %, 0 %, 44, 210 MHz, 405 MHz, 31.69 W, 480.00 W, 1102 MiB
2026/10/09 02:35:03.641, 0, GPU-6c849b47-7111-9265-9d42-ff8eddc05a2d, 100 %, 0 %, 68, 2685 MHz, 10251 MHz, 409.10 W, 480.00 W, 1102 MiB
2026/10/09 02:35:03.641, 1, GPU-81ac6e96-0bfe-390d-beb1-241466569d6b, 0 %, 0 %, 44, 210 MHz, 405 MHz, 31.75 W, 480.00 W, 1102 MiB
2026/10/09 02:35:04.642, 0, GPU-6c849b47-7111-9265-9d42-ff8eddc05a2d, 100 %, 0 %, 69, 2610 MHz, 10251 MHz, 495.17 W, 480.00 W, 1102 MiB
2026/10/09 02:35:04.642, 1, GPU-81ac6e96-0bfe-390d-beb1-241466569d6b, 0 %, 0 %, 44, 210 MHz, 405 MHz, 31.75 W, 480.00 W, 1102 MiB
2026/10/09 02:35:05.643, 0, GPU-6c849b47-7111-9265-9d42-ff8eddc05a2d, 100 %, 0 %, 70, 2595 MHz, 10251 MHz, 476.55 W, 480.00 W, 1102 MiB
2026/10/09 02:35:05.643, 1, GPU-81ac6e96-0bfe-390d-beb1-241466569d6b, 0 %, 0 %, 44, 210 MHz, 405 MHz, 31.67 W, 480.00 W, 1102 MiB
2026/10/09 02:35:06.644, 0, GPU-6c849b47-7111-9265-9d42-ff8eddc05a2d, 100 %, 0 %, 71, 2700 MHz, 10251 MHz, 448.15 W, 480.00 W, 1102 MiB
2026/10/09 02:35:06.644, 1, GPU-81ac6e96-0bfe-390d-beb1-241466569d6b, 0 %, 0 %, 43, 210 MHz, 405 MHz, 31.70 W, 480.00 W, 1102 MiB
2026/10/09 02:35:07.676, 0, GPU-6c849b47-7111-9265-9d42-ff8eddc05a2d, 100 %, 0 %, 70, 2655 MHz, 10251 MHz, 488.56 W, 480.00 W, 1102 MiB
2026/10/09 02:35:07.676, 1, GPU-81ac6e96-0bfe-390d-beb1-241466569d6b, 0 %, 0 %, 43, 210 MHz, 405 MHz, 31.70 W, 480.00 W, 1102 MiB
2026/10/09 02:35:08.676, 0, GPU-6c849b47-7111-9265-9d42-ff8eddc05a2d, 100 %, 0 %, 70, 2655 MHz, 10251 MHz, 478.54 W, 480.00 W, 1102 MiB
2026/10/09 02:35:08.677, 1, GPU-81ac6e96-0bfe-390d-beb1-241466569d6b, 0 %, 0 %, 43, 210 MHz, 405 MHz, 31.68 W, 480.00 W, 1102 MiB
2026/10/09 02:35:09.677, 0, GPU-6c849b47-7111-9265-9d42-ff8eddc05a2d, 100 %, 0 %, 71, 2715 MHz, 10251 MHz, 442.42 W, 480.00 W, 1102 MiB
2026/10/09 02:35:09.678, 1, GPU-81ac6e96-0bfe-390d-beb1-241466569d6b, 0 %, 0 %, 43, 210 MHz, 405 MHz, 31.72 W, 480.00 W, 1102 MiB
2026/10/09 02:35:10.678, 0, GPU-6c849b47-7111-9265-9d42-ff8eddc05a2d, 100 %, 0 %, 71, 2685 MHz, 10251 MHz, 483.25 W, 480.00 W, 1102 MiB
2026/10/09 02:35:10.679, 1, GPU-81ac6e96-0bfe-390d-beb1-241466569d6b, 0 %, 0 %, 43, 210 MHz, 405 MHz, 31.75 W, 480.00 W, 1102 MiB
2026/10/09 02:35:11.679, 0, GPU-6c849b47-7111-9265-9d42-ff8eddc05a2d, 100 %, 0 %, 70, 2760 MHz, 10251 MHz, 478.60 W, 480.00 W, 1102 MiB
2026/10/09 02:35:11.679, 1, GPU-81ac6e96-0bfe-390d-beb1-241466569d6b, 0 %, 0 %, 43, 210 MHz, 405 MHz, 31.68 W, 480.00 W, 1102 MiB
2026/10/09 02:35:12.680, 0, GPU-6c849b47-7111-9265-9d42-ff8eddc05a2d, 100 %, 0 %, 72, 2730 MHz, 10251 MHz, 447.97 W, 480.00 W, 1102 MiB
2026/10/09 02:35:12.680, 1, GPU-81ac6e96-0bfe-390d-beb1-241466569d6b, 0 %, 0 %, 43, 210 MHz, 405 MHz, 31.67 W, 480.00 W, 1102 MiB
2026/10/09 02:35:13.681, 0, GPU-6c849b47-7111-9265-9d42-ff8eddc05a2d, 100 %, 0 %, 72, 2730 MHz, 10251 MHz, 480.79 W, 480.00 W, 1102 MiB
2026/10/09 02:35:13.681, 1, GPU-81ac6e96-0bfe-390d-beb1-241466569d6b, 0 %, 0 %, 43, 210 MHz, 405 MHz, 31.44 W, 480.00 W, 1102 MiB
2026/10/09 02:35:14.682, 0, GPU-6c849b47-7111-9265-9d42-ff8eddc05a2d, 100 %, 0 %, 63, 2760 MHz, 10251 MHz, 452.80 W, 480.00 W, 1102 MiB
2026/10/09 02:35:14.682, 1, GPU-81ac6e96-0bfe-390d-beb1-241466569d6b, 0 %, 0 %, 43, 210 MHz, 405 MHz, 31.46 W, 480.00 W, 1102 MiB
2026/10/09 02:35:15.683, 0, GPU-6c849b47-7111-9265-9d42-ff8eddc05a2d, 100 %, 0 %, 70, 2655 MHz, 10251 MHz, 454.42 W, 480.00 W, 1102 MiB
2026/10/09 02:35:15.683, 1, GPU-81ac6e96-0bfe-390d-beb1-241466569d6b, 0 %, 0 %, 43, 210 MHz, 405 MHz, 31.62 W, 480.00 W, 1102 MiB
2026/10/09 02:35:16.684, 0, GPU-6c849b47-7111-9265-9d42-ff8eddc05a2d, 100 %, 0 %, 71, 2670 MHz, 10251 MHz, 477.69 W, 480.00 W, 1102 MiB
2026/10/09 02:35:16.684, 1, GPU-81ac6e96-0bfe-390d-beb1-241466569d6b, 0 %, 0 %, 42, 210 MHz, 405 MHz, 31.31 W, 480.00 W, 1102 MiB
2026/10/09 02:35:17.685, 0, GPU-6c849b47-7111-9265-9d42-ff8eddc05a2d, 100 %, 0 %, 69, 2745 MHz, 10251 MHz, 423.25 W, 480.00 W, 1102 MiB
2026/10/09 02:35:17.685, 1, GPU-81ac6e96-0bfe-390d-beb1-241466569d6b, 0 %, 0 %, 42, 210 MHz, 405 MHz, 31.27 W, 480.00 W, 1102 MiB
2026/10/09 02:35:18.699, 0, GPU-6c849b47-7111-9265-9d42-ff8eddc05a2d, 100 %, 0 %, 70, 2715 MHz, 10251 MHz, 481.38 W, 480.00 W, 1102 MiB
2026/10/09 02:35:18.699, 1, GPU-81ac6e96-0bfe-390d-beb1-241466569d6b, 0 %, 0 %, 42, 210 MHz, 405 MHz, 31.54 W, 480.00 W, 1102 MiB
2026/10/09 02:35:19.700, 0, GPU-6c849b47-7111-9265-9d42-ff8eddc05a2d, 100 %, 0 %, 70, 2700 MHz, 10251 MHz, 477.20 W, 480.00 W, 1102 MiB
2026/10/09 02:35:19.700, 1, GPU-81ac6e96-0bfe-390d-beb1-241466569d6b, 0 %, 0 %, 42, 210 MHz, 405 MHz, 31.66 W, 480.00 W, 1102 MiB
2026/10/09 02:35:20.701, 0, GPU-6c849b47-7111-9265-9d42-ff8eddc05a2d, 100 %, 0 %, 67, 2760 MHz, 10251 MHz, 386.94 W, 480.00 W, 1102 MiB
2026/10/09 02:35:20.701, 1, GPU-81ac6e96-0bfe-390d-beb1-241466569d6b, 0 %, 0 %, 42, 210 MHz, 405 MHz, 31.56 W, 480.00 W, 1102 MiB
2026/10/09 02:35:21.702, 0, GPU-6c849b47-7111-9265-9d42-ff8eddc05a2d, 100 %, 0 %, 69, 2760 MHz, 10251 MHz, 478.89 W, 480.00 W, 1102 MiB
2026/10/09 02:35:21.702, 1, GPU-81ac6e96-0bfe-390d-beb1-241466569d6b, 0 %, 0 %, 42, 210 MHz, 405 MHz, 31.57 W, 480.00 W, 1102 MiB
2026/10/09 02:35:22.703, 0, GPU-6c849b47-7111-9265-9d42-ff8eddc05a2d, 100 %, 0 %, 68, 2760 MHz, 10251 MHz, 472.78 W, 480.00 W, 1102 MiB
2026/10/09 02:35:22.703, 1, GPU-81ac6e96-0bfe-390d-beb1-241466569d6b, 0 %, 0 %, 42, 210 MHz, 405 MHz, 31.69 W, 480.00 W, 1102 MiB
2026/10/09 02:35:23.704, 0, GPU-6c849b47-7111-9265-9d42-ff8eddc05a2d, 100 %, 0 %, 72, 2670 MHz, 10251 MHz, 422.18 W, 480.00 W, 1102 MiB
2026/10/09 02:35:23.704, 1, GPU-81ac6e96-0bfe-390d-beb1-241466569d6b, 0 %, 0 %, 42, 210 MHz, 405 MHz, 31.67 W, 480.00 W, 1102 MiB
2026/10/09 02:35:24.705, 0, GPU-6c849b47-7111-9265-9d42-ff8eddc05a2d, 100 %, 0 %, 72, 2655 MHz, 10251 MHz, 481.66 W, 480.00 W, 1102 MiB
2026/10/09 02:35:24.705, 1, GPU-81ac6e96-0bfe-390d-beb1-241466569d6b, 0 %, 0 %, 42, 210 MHz, 405 MHz, 31.52 W, 480.00 W, 1102 MiB
2026/10/09 02:35:25.706, 0, GPU-6c849b47-7111-9265-9d42-ff8eddc05a2d, 100 %, 0 %, 69, 2760 MHz, 10251 MHz, 474.05 W, 480.00 W, 1102 MiB
2026/10/09 02:35:25.708, 1, GPU-81ac6e96-0bfe-390d-beb1-241466569d6b, 0 %, 0 %, 42, 210 MHz, 405 MHz, 31.37 W, 480.00 W, 1102 MiB
2026/10/09 02:35:26.710, 0, GPU-6c849b47-7111-9265-9d42-ff8eddc05a2d, 100 %, 0 %, 72, 2640 MHz, 10251 MHz, 465.91 W, 480.00 W, 1102 MiB
2026/10/09 02:35:26.710, 1, GPU-81ac6e96-0bfe-390d-beb1-241466569d6b, 0 %, 0 %, 42, 210 MHz, 405 MHz, 31.53 W, 480.00 W, 1102 MiB
2026/10/09 02:35:27.711, 0, GPU-6c849b47-7111-9265-9d42-ff8eddc05a2d, 100 %, 0 %, 71, 2655 MHz, 10251 MHz, 480.65 W, 480.00 W, 1102 MiB
2026/10/09 02:35:27.712, 1, GPU-81ac6e96-0bfe-390d-beb1-241466569d6b, 0 %, 0 %, 42, 210 MHz, 405 MHz, 31.66 W, 480.00 W, 1102 MiB
2026/10/09 02:35:28.712, 0, GPU-6c849b47-7111-9265-9d42-ff8eddc05a2d, 100 %, 0 %, 67, 2775 MHz, 10251 MHz, 436.45 W, 480.00 W, 1102 MiB
2026/10/09 02:35:28.713, 1, GPU-81ac6e96-0bfe-390d-beb1-241466569d6b, 0 %, 0 %, 42, 210 MHz, 405 MHz, 31.71 W, 480.00 W, 1102 MiB
2026/10/09 02:35:29.713, 0, GPU-6c849b47-7111-9265-9d42-ff8eddc05a2d, 100 %, 0 %, 70, 2655 MHz, 10251 MHz, 469.68 W, 480.00 W, 1102 MiB
2026/10/09 02:35:29.714, 1, GPU-81ac6e96-0bfe-390d-beb1-241466569d6b, 0 %, 0 %, 41, 210 MHz, 405 MHz, 32.00 W, 480.00 W, 1102 MiB
2026/10/09 02:35:30.714, 0, GPU-6c849b47-7111-9265-9d42-ff8eddc05a2d, 100 %, 0 %, 71, 2655 MHz, 10251 MHz, 477.13 W, 480.00 W, 1102 MiB
2026/10/09 02:35:30.715, 1, GPU-81ac6e96-0bfe-390d-beb1-241466569d6b, 0 %, 0 %, 41, 210 MHz, 405 MHz, 32.17 W, 480.00 W, 1102 MiB
2026/10/09 02:35:31.715, 0, GPU-6c849b47-7111-9265-9d42-ff8eddc05a2d, 100 %, 0 %, 71, 2715 MHz, 10251 MHz, 428.73 W, 480.00 W, 1102 MiB
2026/10/09 02:35:31.716, 1, GPU-81ac6e96-0bfe-390d-beb1-241466569d6b, 0 %, 0 %, 41, 210 MHz, 405 MHz, 32.03 W, 480.00 W, 1102 MiB
2026/10/09 02:35:32.716, 0, GPU-6c849b47-7111-9265-9d42-ff8eddc05a2d, 100 %, 0 %, 70, 2670 MHz, 10251 MHz, 489.77 W, 480.00 W, 1102 MiB
2026/10/09 02:35:32.717, 1, GPU-81ac6e96-0bfe-390d-beb1-241466569d6b, 0 %, 0 %, 41, 210 MHz, 405 MHz, 32.06 W, 480.00 W, 1102 MiB
2026/10/09 02:35:33.717, 0, GPU-6c849b47-7111-9265-9d42-ff8eddc05a2d, 100 %, 0 %, 71, 2670 MHz, 10251 MHz, 477.20 W, 480.00 W, 1102 MiB
2026/10/09 02:35:33.718, 1, GPU-81ac6e96-0bfe-390d-beb1-241466569d6b, 0 %, 0 %, 41, 210 MHz, 405 MHz, 32.06 W, 480.00 W, 1102 MiB
2026/10/09 02:35:34.718, 0, GPU-6c849b47-7111-9265-9d42-ff8eddc05a2d, 100 %, 0 %, 72, 2730 MHz, 10251 MHz, 433.02 W, 480.00 W, 1102 MiB
2026/10/09 02:35:34.732, 1, GPU-81ac6e96-0bfe-390d-beb1-241466569d6b, 0 %, 0 %, 41, 210 MHz, 405 MHz, 31.81 W, 480.00 W, 1102 MiB
2026/10/09 02:35:35.733, 0, GPU-6c849b47-7111-9265-9d42-ff8eddc05a2d, 100 %, 0 %, 71, 2715 MHz, 10251 MHz, 481.78 W, 480.00 W, 1102 MiB
2026/10/09 02:35:35.733, 1, GPU-81ac6e96-0bfe-390d-beb1-241466569d6b, 0 %, 0 %, 41, 210 MHz, 405 MHz, 31.92 W, 480.00 W, 1102 MiB
2026/10/09 02:35:36.734, 0, GPU-6c849b47-7111-9265-9d42-ff8eddc05a2d, 100 %, 0 %, 69, 2760 MHz, 10251 MHz, 476.56 W, 480.00 W, 1102 MiB
2026/10/09 02:35:36.734, 1, GPU-81ac6e96-0bfe-390d-beb1-241466569d6b, 0 %, 0 %, 41, 210 MHz, 405 MHz, 31.88 W, 480.00 W, 1102 MiB
2026/10/09 02:35:37.735, 0, GPU-6c849b47-7111-9265-9d42-ff8eddc05a2d, 100 %, 0 %, 72, 2745 MHz, 10251 MHz, 440.11 W, 480.00 W, 1102 MiB
2026/10/09 02:35:37.735, 1, GPU-81ac6e96-0bfe-390d-beb1-241466569d6b, 0 %, 0 %, 41, 210 MHz, 405 MHz, 31.90 W, 480.00 W, 1102 MiB
2026/10/09 02:35:38.736, 0, GPU-6c849b47-7111-9265-9d42-ff8eddc05a2d, 100 %, 0 %, 72, 2715 MHz, 10251 MHz, 479.95 W, 480.00 W, 1102 MiB
2026/10/09 02:35:38.736, 1, GPU-81ac6e96-0bfe-390d-beb1-241466569d6b, 0 %, 0 %, 41, 210 MHz, 405 MHz, 31.86 W, 480.00 W, 1102 MiB
2026/10/09 02:35:39.737, 0, GPU-6c849b47-7111-9265-9d42-ff8eddc05a2d, 99 %, 0 %, 66, 2775 MHz, 10251 MHz, 420.55 W, 480.00 W, 1102 MiB
2026/10/09 02:35:39.737, 1, GPU-81ac6e96-0bfe-390d-beb1-241466569d6b, 0 %, 0 %, 41, 210 MHz, 405 MHz, 31.71 W, 480.00 W, 1102 MiB
2026/10/09 02:35:40.751, 0, GPU-6c849b47-7111-9265-9d42-ff8eddc05a2d, 100 %, 0 %, 73, 2670 MHz, 10251 MHz, 421.32 W, 480.00 W, 1102 MiB
2026/10/09 02:35:40.752, 1, GPU-81ac6e96-0bfe-390d-beb1-241466569d6b, 0 %, 0 %, 41, 210 MHz, 405 MHz, 31.59 W, 480.00 W, 1102 MiB
2026/10/09 02:35:41.752, 0, GPU-6c849b47-7111-9265-9d42-ff8eddc05a2d, 100 %, 0 %, 73, 2685 MHz, 10251 MHz, 480.05 W, 480.00 W, 1102 MiB
2026/10/09 02:35:41.753, 1, GPU-81ac6e96-0bfe-390d-beb1-241466569d6b, 0 %, 0 %, 41, 210 MHz, 405 MHz, 31.46 W, 480.00 W, 1102 MiB
2026/10/09 02:35:42.753, 0, GPU-6c849b47-7111-9265-9d42-ff8eddc05a2d, 100 %, 0 %, 71, 2670 MHz, 10251 MHz, 417.41 W, 480.00 W, 1102 MiB
2026/10/09 02:35:42.754, 1, GPU-81ac6e96-0bfe-390d-beb1-241466569d6b, 0 %, 0 %, 41, 210 MHz, 405 MHz, 31.35 W, 480.00 W, 1102 MiB
2026/10/09 02:35:43.754, 0, GPU-6c849b47-7111-9265-9d42-ff8eddc05a2d, 100 %, 0 %, 70, 2610 MHz, 10251 MHz, 493.18 W, 480.00 W, 1102 MiB
2026/10/09 02:35:43.755, 1, GPU-81ac6e96-0bfe-390d-beb1-241466569d6b, 0 %, 0 %, 40, 210 MHz, 405 MHz, 31.44 W, 480.00 W, 1102 MiB
2026/10/09 02:35:44.755, 0, GPU-6c849b47-7111-9265-9d42-ff8eddc05a2d, 100 %, 0 %, 71, 2595 MHz, 10251 MHz, 477.38 W, 480.00 W, 1102 MiB
2026/10/09 02:35:44.756, 1, GPU-81ac6e96-0bfe-390d-beb1-241466569d6b, 0 %, 0 %, 40, 210 MHz, 405 MHz, 31.50 W, 480.00 W, 1102 MiB
2026/10/09 02:35:45.756, 0, GPU-6c849b47-7111-9265-9d42-ff8eddc05a2d, 100 %, 0 %, 72, 2700 MHz, 10251 MHz, 446.09 W, 480.00 W, 1102 MiB
2026/10/09 02:35:45.757, 1, GPU-81ac6e96-0bfe-390d-beb1-241466569d6b, 0 %, 0 %, 40, 210 MHz, 405 MHz, 31.58 W, 480.00 W, 1102 MiB
2026/10/09 02:35:46.757, 0, GPU-6c849b47-7111-9265-9d42-ff8eddc05a2d, 100 %, 0 %, 71, 2670 MHz, 10251 MHz, 486.81 W, 480.00 W, 1102 MiB
2026/10/09 02:35:46.758, 1, GPU-81ac6e96-0bfe-390d-beb1-241466569d6b, 0 %, 0 %, 40, 210 MHz, 405 MHz, 31.73 W, 480.00 W, 1102 MiB
2026/10/09 02:35:47.758, 0, GPU-6c849b47-7111-9265-9d42-ff8eddc05a2d, 100 %, 0 %, 71, 2655 MHz, 10251 MHz, 478.51 W, 480.00 W, 1102 MiB
2026/10/09 02:35:47.758, 1, GPU-81ac6e96-0bfe-390d-beb1-241466569d6b, 0 %, 0 %, 40, 210 MHz, 405 MHz, 31.73 W, 480.00 W, 1102 MiB
2026/10/09 02:35:48.759, 0, GPU-6c849b47-7111-9265-9d42-ff8eddc05a2d, 100 %, 0 %, 73, 2715 MHz, 10251 MHz, 448.76 W, 480.00 W, 1102 MiB
2026/10/09 02:35:48.759, 1, GPU-81ac6e96-0bfe-390d-beb1-241466569d6b, 0 %, 0 %, 40, 210 MHz, 405 MHz, 31.61 W, 480.00 W, 1102 MiB
2026/10/09 02:35:49.760, 0, GPU-6c849b47-7111-9265-9d42-ff8eddc05a2d, 100 %, 0 %, 72, 2700 MHz, 10251 MHz, 482.07 W, 480.00 W, 1102 MiB
2026/10/09 02:35:49.760, 1, GPU-81ac6e96-0bfe-390d-beb1-241466569d6b, 0 %, 0 %, 40, 210 MHz, 405 MHz, 31.61 W, 480.00 W, 1102 MiB
2026/10/09 02:35:50.761, 0, GPU-6c849b47-7111-9265-9d42-ff8eddc05a2d, 100 %, 0 %, 69, 2760 MHz, 10251 MHz, 476.34 W, 480.00 W, 1102 MiB
2026/10/09 02:35:50.761, 1, GPU-81ac6e96-0bfe-390d-beb1-241466569d6b, 0 %, 0 %, 40, 210 MHz, 405 MHz, 31.66 W, 480.00 W, 1102 MiB
2026/10/09 02:35:51.775, 0, GPU-6c849b47-7111-9265-9d42-ff8eddc05a2d, 100 %, 0 %, 73, 2730 MHz, 10251 MHz, 451.30 W, 480.00 W, 1102 MiB
2026/10/09 02:35:51.776, 1, GPU-81ac6e96-0bfe-390d-beb1-241466569d6b, 0 %, 0 %, 40, 210 MHz, 405 MHz, 31.72 W, 480.00 W, 1102 MiB
2026/10/09 02:35:52.776, 0, GPU-6c849b47-7111-9265-9d42-ff8eddc05a2d, 100 %, 0 %, 73, 2700 MHz, 10251 MHz, 481.00 W, 480.00 W, 1102 MiB
2026/10/09 02:35:52.777, 1, GPU-81ac6e96-0bfe-390d-beb1-241466569d6b, 0 %, 0 %, 40, 210 MHz, 405 MHz, 31.72 W, 480.00 W, 1102 MiB
2026/10/09 02:35:53.777, 0, GPU-6c849b47-7111-9265-9d42-ff8eddc05a2d, 100 %, 0 %, 67, 2730 MHz, 10251 MHz, 433.89 W, 480.00 W, 1102 MiB
2026/10/09 02:35:53.778, 1, GPU-81ac6e96-0bfe-390d-beb1-241466569d6b, 0 %, 0 %, 40, 210 MHz, 405 MHz, 31.57 W, 480.00 W, 1102 MiB
2026/10/09 02:35:54.778, 0, GPU-6c849b47-7111-9265-9d42-ff8eddc05a2d, 100 %, 0 %, 71, 2655 MHz, 10251 MHz, 467.79 W, 480.00 W, 1102 MiB
2026/10/09 02:35:54.779, 1, GPU-81ac6e96-0bfe-390d-beb1-241466569d6b, 0 %, 0 %, 40, 210 MHz, 405 MHz, 31.40 W, 480.00 W, 1102 MiB
2026/10/09 02:35:55.779, 0, GPU-6c849b47-7111-9265-9d42-ff8eddc05a2d, 100 %, 0 %, 72, 2655 MHz, 10251 MHz, 476.27 W, 480.00 W, 1102 MiB
2026/10/09 02:35:55.780, 1, GPU-81ac6e96-0bfe-390d-beb1-241466569d6b, 0 %, 0 %, 40, 210 MHz, 405 MHz, 31.31 W, 480.00 W, 1102 MiB
2026/10/09 02:35:56.780, 0, GPU-6c849b47-7111-9265-9d42-ff8eddc05a2d, 100 %, 0 %, 71, 2745 MHz, 10251 MHz, 427.07 W, 480.00 W, 1102 MiB
2026/10/09 02:35:56.780, 1, GPU-81ac6e96-0bfe-390d-beb1-241466569d6b, 0 %, 0 %, 40, 210 MHz, 405 MHz, 31.42 W, 480.00 W, 1102 MiB
2026/10/09 02:35:57.781, 0, GPU-6c849b47-7111-9265-9d42-ff8eddc05a2d, 100 %, 0 %, 71, 2715 MHz, 10251 MHz, 483.29 W, 480.00 W, 1102 MiB
2026/10/09 02:35:57.781, 1, GPU-81ac6e96-0bfe-390d-beb1-241466569d6b, 0 %, 0 %, 40, 210 MHz, 405 MHz, 31.34 W, 480.00 W, 1102 MiB
2026/10/09 02:35:58.782, 0, GPU-6c849b47-7111-9265-9d42-ff8eddc05a2d, 100 %, 0 %, 71, 2745 MHz, 10251 MHz, 478.36 W, 480.00 W, 1102 MiB
2026/10/09 02:35:58.783, 1, GPU-81ac6e96-0bfe-390d-beb1-241466569d6b, 0 %, 0 %, 40, 210 MHz, 405 MHz, 31.18 W, 480.00 W, 1102 MiB
2026/10/09 02:35:59.783, 0, GPU-6c849b47-7111-9265-9d42-ff8eddc05a2d, 0 %, 0 %, 51, 2775 MHz, 10251 MHz, 237.25 W, 480.00 W, 1102 MiB
2026/10/09 02:35:59.784, 1, GPU-81ac6e96-0bfe-390d-beb1-241466569d6b, 0 %, 0 %, 40, 210 MHz, 405 MHz, 31.19 W, 480.00 W, 1102 MiB
2026/10/09 02:36:00.784, 0, GPU-6c849b47-7111-9265-9d42-ff8eddc05a2d, 0 %, 0 %, 48, 2775 MHz, 10251 MHz, 97.09 W, 480.00 W, 1102 MiB
2026/10/09 02:36:00.785, 1, GPU-81ac6e96-0bfe-390d-beb1-241466569d6b, 0 %, 0 %, 40, 210 MHz, 405 MHz, 31.12 W, 480.00 W, 1102 MiB
2026/10/09 02:36:01.785, 0, GPU-6c849b47-7111-9265-9d42-ff8eddc05a2d, 0 %, 0 %, 47, 2625 MHz, 10251 MHz, 90.77 W, 480.00 W, 1102 MiB
2026/10/09 02:36:01.785, 1, GPU-81ac6e96-0bfe-390d-beb1-241466569d6b, 0 %, 0 %, 40, 210 MHz, 405 MHz, 31.17 W, 480.00 W, 1102 MiB
2026/10/09 02:36:02.786, 0, GPU-6c849b47-7111-9265-9d42-ff8eddc05a2d, 0 %, 0 %, 47, 2625 MHz, 10251 MHz, 84.21 W, 480.00 W, 1102 MiB
2026/10/09 02:36:02.786, 1, GPU-81ac6e96-0bfe-390d-beb1-241466569d6b, 0 %, 0 %, 39, 210 MHz, 405 MHz, 31.29 W, 480.00 W, 1102 MiB
2026/10/09 02:36:03.787, 0, GPU-6c849b47-7111-9265-9d42-ff8eddc05a2d, 0 %, 0 %, 47, 2625 MHz, 10251 MHz, 84.00 W, 480.00 W, 1102 MiB
2026/10/09 02:36:03.788, 1, GPU-81ac6e96-0bfe-390d-beb1-241466569d6b, 0 %, 0 %, 39, 210 MHz, 405 MHz, 30.99 W, 480.00 W, 1102 MiB
2026/10/09 02:36:04.788, 0, GPU-6c849b47-7111-9265-9d42-ff8eddc05a2d, 0 %, 0 %, 46, 2625 MHz, 10251 MHz, 83.26 W, 480.00 W, 1102 MiB
2026/10/09 02:36:04.789, 1, GPU-81ac6e96-0bfe-390d-beb1-241466569d6b, 0 %, 0 %, 39, 210 MHz, 405 MHz, 30.51 W, 480.00 W, 1102 MiB
2026/10/09 02:36:05.789, 0, GPU-6c849b47-7111-9265-9d42-ff8eddc05a2d, 0 %, 0 %, 46, 2625 MHz, 10251 MHz, 83.24 W, 480.00 W, 1102 MiB
2026/10/09 02:36:05.790, 1, GPU-81ac6e96-0bfe-390d-beb1-241466569d6b, 0 %, 0 %, 39, 210 MHz, 405 MHz, 30.55 W, 480.00 W, 1102 MiB
2026/10/09 02:36:06.790, 0, GPU-6c849b47-7111-9265-9d42-ff8eddc05a2d, 0 %, 0 %, 46, 2625 MHz, 10251 MHz, 82.51 W, 480.00 W, 1102 MiB
2026/10/09 02:36:06.791, 1, GPU-81ac6e96-0bfe-390d-beb1-241466569d6b, 0 %, 0 %, 39, 210 MHz, 405 MHz, 30.59 W, 480.00 W, 1102 MiB
2026/10/09 02:36:07.791, 0, GPU-6c849b47-7111-9265-9d42-ff8eddc05a2d, 0 %, 0 %, 46, 2625 MHz, 10251 MHz, 82.31 W, 480.00 W, 1102 MiB
2026/10/09 02:36:07.792, 1, GPU-81ac6e96-0bfe-390d-beb1-241466569d6b, 0 %, 0 %, 39, 210 MHz, 405 MHz, 30.40 W, 480.00 W, 1102 MiB
2026/10/09 02:36:08.792, 0, GPU-6c849b47-7111-9265-9d42-ff8eddc05a2d, 0 %, 0 %, 46, 2625 MHz, 10251 MHz, 82.05 W, 480.00 W, 1102 MiB
2026/10/09 02:36:08.793, 1, GPU-81ac6e96-0bfe-390d-beb1-241466569d6b, 0 %, 0 %, 39, 210 MHz, 405 MHz, 30.42 W, 480.00 W, 1102 MiB
2026/10/09 02:36:09.793, 0, GPU-6c849b47-7111-9265-9d42-ff8eddc05a2d, 0 %, 0 %, 46, 2625 MHz, 10251 MHz, 81.82 W, 480.00 W, 1102 MiB
2026/10/09 02:36:09.794, 1, GPU-81ac6e96-0bfe-390d-beb1-241466569d6b, 0 %, 0 %, 39, 210 MHz, 405 MHz, 30.36 W, 480.00 W, 1102 MiB
2026/10/09 02:36:10.794, 0, GPU-6c849b47-7111-9265-9d42-ff8eddc05a2d, 0 %, 0 %, 46, 2625 MHz, 10251 MHz, 81.65 W, 480.00 W, 1102 MiB
2026/10/09 02:36:10.795, 1, GPU-81ac6e96-0bfe-390d-beb1-241466569d6b, 0 %, 0 %, 39, 210 MHz, 405 MHz, 30.48 W, 480.00 W, 1102 MiB
2026/10/09 02:36:11.795, 0, GPU-6c849b47-7111-9265-9d42-ff8eddc05a2d, 0 %, 0 %, 45, 2625 MHz, 10251 MHz, 81.58 W, 480.00 W, 1102 MiB
2026/10/09 02:36:11.796, 1, GPU-81ac6e96-0bfe-390d-beb1-241466569d6b, 0 %, 0 %, 39, 210 MHz, 405 MHz, 30.71 W, 480.00 W, 1102 MiB
2026/10/09 02:36:12.796, 0, GPU-6c849b47-7111-9265-9d42-ff8eddc05a2d, 0 %, 0 %, 45, 2625 MHz, 10251 MHz, 81.47 W, 480.00 W, 1102 MiB
2026/10/09 02:36:12.797, 1, GPU-81ac6e96-0bfe-390d-beb1-241466569d6b, 0 %, 0 %, 39, 210 MHz, 405 MHz, 30.83 W, 480.00 W, 1102 MiB
2026/10/09 02:36:13.797, 0, GPU-6c849b47-7111-9265-9d42-ff8eddc05a2d, 0 %, 0 %, 45, 2625 MHz, 10251 MHz, 81.43 W, 480.00 W, 1102 MiB
2026/10/09 02:36:13.798, 1, GPU-81ac6e96-0bfe-390d-beb1-241466569d6b, 0 %, 0 %, 39, 210 MHz, 405 MHz, 30.99 W, 480.00 W, 1102 MiB
2026/10/09 02:36:14.798, 0, GPU-6c849b47-7111-9265-9d42-ff8eddc05a2d, 0 %, 0 %, 45, 2625 MHz, 10251 MHz, 81.48 W, 480.00 W, 1102 MiB
2026/10/09 02:36:14.799, 1, GPU-81ac6e96-0bfe-390d-beb1-241466569d6b, 0 %, 0 %, 39, 210 MHz, 405 MHz, 30.91 W, 480.00 W, 1102 MiB
2026/10/09 02:36:15.799, 0, GPU-6c849b47-7111-9265-9d42-ff8eddc05a2d, 0 %, 0 %, 45, 2625 MHz, 10251 MHz, 81.48 W, 480.00 W, 1102 MiB
2026/10/09 02:36:15.800, 1, GPU-81ac6e96-0bfe-390d-beb1-241466569d6b, 0 %, 0 %, 39, 210 MHz, 405 MHz, 30.76 W, 480.00 W, 1102 MiB
2026/10/09 02:36:16.800, 0, GPU-6c849b47-7111-9265-9d42-ff8eddc05a2d, 0 %, 0 %, 45, 2625 MHz, 10251 MHz, 81.45 W, 480.00 W, 1102 MiB
2026/10/09 02:36:16.801, 1, GPU-81ac6e96-0bfe-390d-beb1-241466569d6b, 0 %, 0 %, 39, 210 MHz, 405 MHz, 30.96 W, 480.00 W, 1102 MiB
2026/10/09 02:36:17.801, 0, GPU-6c849b47-7111-9265-9d42-ff8eddc05a2d, 100 %, 0 %, 59, 2775 MHz, 10251 MHz, 189.33 W, 480.00 W, 1102 MiB
2026/10/09 02:36:17.802, 1, GPU-81ac6e96-0bfe-390d-beb1-241466569d6b, 100 %, 0 %, 60, 2745 MHz, 10251 MHz, 243.27 W, 480.00 W, 1102 MiB
2026/10/09 02:36:18.802, 0, GPU-6c849b47-7111-9265-9d42-ff8eddc05a2d, 100 %, 0 %, 69, 2685 MHz, 10251 MHz, 480.54 W, 480.00 W, 1102 MiB
2026/10/09 02:36:18.803, 1, GPU-81ac6e96-0bfe-390d-beb1-241466569d6b, 100 %, 0 %, 61, 2775 MHz, 10251 MHz, 482.45 W, 480.00 W, 1102 MiB
2026/10/09 02:36:19.803, 0, GPU-6c849b47-7111-9265-9d42-ff8eddc05a2d, 100 %, 0 %, 70, 2670 MHz, 10251 MHz, 474.18 W, 480.00 W, 1102 MiB
2026/10/09 02:36:19.803, 1, GPU-81ac6e96-0bfe-390d-beb1-241466569d6b, 100 %, 0 %, 55, 2790 MHz, 10251 MHz, 415.58 W, 480.00 W, 1102 MiB
2026/10/09 02:36:20.804, 0, GPU-6c849b47-7111-9265-9d42-ff8eddc05a2d, 100 %, 0 %, 71, 2685 MHz, 10251 MHz, 427.91 W, 480.00 W, 1102 MiB
2026/10/09 02:36:20.804, 1, GPU-81ac6e96-0bfe-390d-beb1-241466569d6b, 100 %, 0 %, 61, 2640 MHz, 10251 MHz, 462.11 W, 480.00 W, 1102 MiB
2026/10/09 02:36:21.805, 0, GPU-6c849b47-7111-9265-9d42-ff8eddc05a2d, 100 %, 0 %, 71, 2670 MHz, 10251 MHz, 482.10 W, 480.00 W, 1102 MiB
2026/10/09 02:36:21.805, 1, GPU-81ac6e96-0bfe-390d-beb1-241466569d6b, 100 %, 0 %, 61, 2640 MHz, 10251 MHz, 476.64 W, 480.00 W, 1102 MiB
2026/10/09 02:36:22.805, 0, GPU-6c849b47-7111-9265-9d42-ff8eddc05a2d, 100 %, 0 %, 71, 2760 MHz, 10251 MHz, 476.70 W, 480.00 W, 1102 MiB
2026/10/09 02:36:22.806, 1, GPU-81ac6e96-0bfe-390d-beb1-241466569d6b, 100 %, 0 %, 61, 2745 MHz, 10251 MHz, 437.95 W, 480.00 W, 1102 MiB
2026/10/09 02:36:23.806, 0, GPU-6c849b47-7111-9265-9d42-ff8eddc05a2d, 100 %, 0 %, 73, 2700 MHz, 10251 MHz, 461.63 W, 480.00 W, 1102 MiB
2026/10/09 02:36:23.806, 1, GPU-81ac6e96-0bfe-390d-beb1-241466569d6b, 100 %, 0 %, 61, 2700 MHz, 10251 MHz, 489.46 W, 480.00 W, 1102 MiB
2026/10/09 02:36:24.807, 0, GPU-6c849b47-7111-9265-9d42-ff8eddc05a2d, 100 %, 0 %, 72, 2670 MHz, 10251 MHz, 480.58 W, 480.00 W, 1102 MiB
2026/10/09 02:36:24.807, 1, GPU-81ac6e96-0bfe-390d-beb1-241466569d6b, 100 %, 0 %, 61, 2685 MHz, 10251 MHz, 477.81 W, 480.00 W, 1102 MiB
2026/10/09 02:36:25.808, 0, GPU-6c849b47-7111-9265-9d42-ff8eddc05a2d, 100 %, 0 %, 65, 2760 MHz, 10251 MHz, 444.48 W, 480.00 W, 1102 MiB
2026/10/09 02:36:25.808, 1, GPU-81ac6e96-0bfe-390d-beb1-241466569d6b, 100 %, 0 %, 63, 2760 MHz, 10251 MHz, 438.92 W, 480.00 W, 1102 MiB
2026/10/09 02:36:26.808, 0, GPU-6c849b47-7111-9265-9d42-ff8eddc05a2d, 100 %, 0 %, 72, 2655 MHz, 10251 MHz, 470.11 W, 480.00 W, 1102 MiB
2026/10/09 02:36:26.809, 1, GPU-81ac6e96-0bfe-390d-beb1-241466569d6b, 100 %, 0 %, 61, 2745 MHz, 10251 MHz, 484.85 W, 480.00 W, 1102 MiB
2026/10/09 02:36:27.809, 0, GPU-6c849b47-7111-9265-9d42-ff8eddc05a2d, 100 %, 0 %, 72, 2670 MHz, 10251 MHz, 476.71 W, 480.00 W, 1102 MiB
2026/10/09 02:36:27.810, 1, GPU-81ac6e96-0bfe-390d-beb1-241466569d6b, 100 %, 0 %, 61, 2790 MHz, 10251 MHz, 478.16 W, 480.00 W, 1102 MiB
2026/10/09 02:36:28.810, 0, GPU-6c849b47-7111-9265-9d42-ff8eddc05a2d, 100 %, 0 %, 73, 2730 MHz, 10251 MHz, 445.17 W, 480.00 W, 1102 MiB
2026/10/09 02:36:28.812, 1, GPU-81ac6e96-0bfe-390d-beb1-241466569d6b, 100 %, 0 %, 63, 2760 MHz, 10251 MHz, 440.23 W, 480.00 W, 1102 MiB
2026/10/09 02:36:29.812, 0, GPU-6c849b47-7111-9265-9d42-ff8eddc05a2d, 100 %, 0 %, 72, 2730 MHz, 10251 MHz, 481.28 W, 480.00 W, 1102 MiB
2026/10/09 02:36:29.813, 1, GPU-81ac6e96-0bfe-390d-beb1-241466569d6b, 100 %, 0 %, 63, 2745 MHz, 10251 MHz, 479.64 W, 480.00 W, 1102 MiB
2026/10/09 02:36:30.813, 0, GPU-6c849b47-7111-9265-9d42-ff8eddc05a2d, 100 %, 0 %, 66, 2760 MHz, 10251 MHz, 447.45 W, 480.00 W, 1102 MiB
2026/10/09 02:36:30.814, 1, GPU-81ac6e96-0bfe-390d-beb1-241466569d6b, 100 %, 0 %, 53, 2790 MHz, 10251 MHz, 448.15 W, 480.00 W, 1102 MiB
2026/10/09 02:36:31.814, 0, GPU-6c849b47-7111-9265-9d42-ff8eddc05a2d, 100 %, 0 %, 72, 2670 MHz, 10251 MHz, 453.91 W, 480.00 W, 1102 MiB
2026/10/09 02:36:31.815, 1, GPU-81ac6e96-0bfe-390d-beb1-241466569d6b, 100 %, 0 %, 61, 2700 MHz, 10251 MHz, 451.08 W, 480.00 W, 1102 MiB
2026/10/09 02:36:32.815, 0, GPU-6c849b47-7111-9265-9d42-ff8eddc05a2d, 100 %, 0 %, 72, 2670 MHz, 10251 MHz, 477.92 W, 480.00 W, 1102 MiB
2026/10/09 02:36:32.815, 1, GPU-81ac6e96-0bfe-390d-beb1-241466569d6b, 100 %, 0 %, 62, 2715 MHz, 10251 MHz, 477.05 W, 480.00 W, 1102 MiB
2026/10/09 02:36:33.816, 0, GPU-6c849b47-7111-9265-9d42-ff8eddc05a2d, 100 %, 0 %, 70, 2745 MHz, 10251 MHz, 428.30 W, 480.00 W, 1102 MiB
2026/10/09 02:36:33.816, 1, GPU-81ac6e96-0bfe-390d-beb1-241466569d6b, 100 %, 0 %, 62, 2790 MHz, 10251 MHz, 427.95 W, 480.00 W, 1102 MiB
2026/10/09 02:36:34.830, 0, GPU-6c849b47-7111-9265-9d42-ff8eddc05a2d, 100 %, 0 %, 70, 2700 MHz, 10251 MHz, 483.67 W, 480.00 W, 1102 MiB
2026/10/09 02:36:34.831, 1, GPU-81ac6e96-0bfe-390d-beb1-241466569d6b, 100 %, 0 %, 62, 2760 MHz, 10251 MHz, 480.52 W, 480.00 W, 1102 MiB
2026/10/09 02:36:35.831, 0, GPU-6c849b47-7111-9265-9d42-ff8eddc05a2d, 100 %, 0 %, 70, 2700 MHz, 10251 MHz, 477.59 W, 480.00 W, 1102 MiB
2026/10/09 02:36:35.831, 1, GPU-81ac6e96-0bfe-390d-beb1-241466569d6b, 100 %, 0 %, 62, 2760 MHz, 10251 MHz, 479.07 W, 480.00 W, 1102 MiB
2026/10/09 02:36:36.832, 0, GPU-6c849b47-7111-9265-9d42-ff8eddc05a2d, 100 %, 0 %, 65, 2760 MHz, 10251 MHz, 378.00 W, 480.00 W, 1102 MiB
2026/10/09 02:36:36.832, 1, GPU-81ac6e96-0bfe-390d-beb1-241466569d6b, 100 %, 0 %, 61, 2790 MHz, 10251 MHz, 373.32 W, 480.00 W, 1102 MiB
2026/10/09 02:36:37.833, 0, GPU-6c849b47-7111-9265-9d42-ff8eddc05a2d, 100 %, 0 %, 70, 2715 MHz, 10251 MHz, 480.02 W, 480.00 W, 1102 MiB
2026/10/09 02:36:37.833, 1, GPU-81ac6e96-0bfe-390d-beb1-241466569d6b, 100 %, 0 %, 61, 2775 MHz, 10251 MHz, 481.15 W, 480.00 W, 1102 MiB
2026/10/09 02:36:38.833, 0, GPU-6c849b47-7111-9265-9d42-ff8eddc05a2d, 100 %, 0 %, 70, 2730 MHz, 10251 MHz, 473.96 W, 480.00 W, 1102 MiB
2026/10/09 02:36:38.834, 1, GPU-81ac6e96-0bfe-390d-beb1-241466569d6b, 100 %, 0 %, 57, 2775 MHz, 10251 MHz, 467.07 W, 480.00 W, 1102 MiB
2026/10/09 02:36:39.834, 0, GPU-6c849b47-7111-9265-9d42-ff8eddc05a2d, 100 %, 0 %, 72, 2670 MHz, 10251 MHz, 425.61 W, 480.00 W, 1102 MiB
2026/10/09 02:36:39.835, 1, GPU-81ac6e96-0bfe-390d-beb1-241466569d6b, 100 %, 0 %, 65, 2700 MHz, 10251 MHz, 431.57 W, 480.00 W, 1102 MiB
2026/10/09 02:36:40.835, 0, GPU-6c849b47-7111-9265-9d42-ff8eddc05a2d, 100 %, 0 %, 72, 2655 MHz, 10251 MHz, 481.84 W, 480.00 W, 1102 MiB
2026/10/09 02:36:40.836, 1, GPU-81ac6e96-0bfe-390d-beb1-241466569d6b, 100 %, 0 %, 65, 2670 MHz, 10251 MHz, 481.36 W, 480.00 W, 1102 MiB
2026/10/09 02:36:41.836, 0, GPU-6c849b47-7111-9265-9d42-ff8eddc05a2d, 100 %, 0 %, 71, 2760 MHz, 10251 MHz, 473.44 W, 480.00 W, 1102 MiB
2026/10/09 02:36:41.837, 1, GPU-81ac6e96-0bfe-390d-beb1-241466569d6b, 100 %, 0 %, 57, 2790 MHz, 10251 MHz, 453.69 W, 480.00 W, 1102 MiB
2026/10/09 02:36:42.837, 0, GPU-6c849b47-7111-9265-9d42-ff8eddc05a2d, 100 %, 0 %, 73, 2655 MHz, 10251 MHz, 465.91 W, 480.00 W, 1102 MiB
2026/10/09 02:36:42.837, 1, GPU-81ac6e96-0bfe-390d-beb1-241466569d6b, 100 %, 0 %, 64, 2655 MHz, 10251 MHz, 466.19 W, 480.00 W, 1102 MiB
2026/10/09 02:36:43.838, 0, GPU-6c849b47-7111-9265-9d42-ff8eddc05a2d, 100 %, 0 %, 72, 2670 MHz, 10251 MHz, 479.86 W, 480.00 W, 1102 MiB
2026/10/09 02:36:43.838, 1, GPU-81ac6e96-0bfe-390d-beb1-241466569d6b, 100 %, 0 %, 64, 2685 MHz, 10251 MHz, 476.45 W, 480.00 W, 1102 MiB
2026/10/09 02:36:44.838, 0, GPU-6c849b47-7111-9265-9d42-ff8eddc05a2d, 100 %, 0 %, 64, 2760 MHz, 10251 MHz, 434.95 W, 480.00 W, 1102 MiB
2026/10/09 02:36:44.839, 1, GPU-81ac6e96-0bfe-390d-beb1-241466569d6b, 100 %, 0 %, 64, 2745 MHz, 10251 MHz, 429.98 W, 480.00 W, 1102 MiB
2026/10/09 02:36:45.839, 0, GPU-6c849b47-7111-9265-9d42-ff8eddc05a2d, 100 %, 0 %, 71, 2640 MHz, 10251 MHz, 473.47 W, 480.00 W, 1102 MiB
2026/10/09 02:36:45.840, 1, GPU-81ac6e96-0bfe-390d-beb1-241466569d6b, 100 %, 0 %, 64, 2700 MHz, 10251 MHz, 486.65 W, 480.00 W, 1102 MiB
2026/10/09 02:36:46.840, 0, GPU-6c849b47-7111-9265-9d42-ff8eddc05a2d, 100 %, 0 %, 71, 2640 MHz, 10251 MHz, 477.35 W, 480.00 W, 1102 MiB
2026/10/09 02:36:46.841, 1, GPU-81ac6e96-0bfe-390d-beb1-241466569d6b, 100 %, 0 %, 64, 2685 MHz, 10251 MHz, 477.14 W, 480.00 W, 1102 MiB
2026/10/09 02:36:47.841, 0, GPU-6c849b47-7111-9265-9d42-ff8eddc05a2d, 100 %, 0 %, 70, 2730 MHz, 10251 MHz, 432.80 W, 480.00 W, 1102 MiB
2026/10/09 02:36:47.841, 1, GPU-81ac6e96-0bfe-390d-beb1-241466569d6b, 100 %, 0 %, 66, 2760 MHz, 10251 MHz, 434.21 W, 480.00 W, 1102 MiB
2026/10/09 02:36:48.842, 0, GPU-6c849b47-7111-9265-9d42-ff8eddc05a2d, 100 %, 0 %, 71, 2655 MHz, 10251 MHz, 490.08 W, 480.00 W, 1102 MiB
2026/10/09 02:36:48.842, 1, GPU-81ac6e96-0bfe-390d-beb1-241466569d6b, 100 %, 0 %, 66, 2730 MHz, 10251 MHz, 482.18 W, 480.00 W, 1102 MiB
2026/10/09 02:36:49.843, 0, GPU-6c849b47-7111-9265-9d42-ff8eddc05a2d, 100 %, 0 %, 71, 2655 MHz, 10251 MHz, 477.64 W, 480.00 W, 1102 MiB
2026/10/09 02:36:49.843, 1, GPU-81ac6e96-0bfe-390d-beb1-241466569d6b, 100 %, 0 %, 64, 2775 MHz, 10251 MHz, 477.74 W, 480.00 W, 1102 MiB
2026/10/09 02:36:50.844, 0, GPU-6c849b47-7111-9265-9d42-ff8eddc05a2d, 100 %, 0 %, 72, 2730 MHz, 10251 MHz, 434.91 W, 480.00 W, 1102 MiB
2026/10/09 02:36:50.844, 1, GPU-81ac6e96-0bfe-390d-beb1-241466569d6b, 100 %, 0 %, 66, 2775 MHz, 10251 MHz, 436.86 W, 480.00 W, 1102 MiB
2026/10/09 02:36:51.844, 0, GPU-6c849b47-7111-9265-9d42-ff8eddc05a2d, 100 %, 0 %, 71, 2715 MHz, 10251 MHz, 482.03 W, 480.00 W, 1102 MiB
2026/10/09 02:36:51.845, 1, GPU-81ac6e96-0bfe-390d-beb1-241466569d6b, 100 %, 0 %, 66, 2745 MHz, 10251 MHz, 480.04 W, 480.00 W, 1102 MiB
2026/10/09 02:36:52.845, 0, GPU-6c849b47-7111-9265-9d42-ff8eddc05a2d, 100 %, 0 %, 71, 2760 MHz, 10251 MHz, 475.28 W, 480.00 W, 1102 MiB
2026/10/09 02:36:52.845, 1, GPU-81ac6e96-0bfe-390d-beb1-241466569d6b, 100 %, 0 %, 54, 2775 MHz, 10251 MHz, 426.10 W, 480.00 W, 1102 MiB
2026/10/09 02:36:53.846, 0, GPU-6c849b47-7111-9265-9d42-ff8eddc05a2d, 100 %, 0 %, 72, 2745 MHz, 10251 MHz, 441.66 W, 480.00 W, 1102 MiB
2026/10/09 02:36:53.846, 1, GPU-81ac6e96-0bfe-390d-beb1-241466569d6b, 100 %, 0 %, 65, 2700 MHz, 10251 MHz, 454.73 W, 480.00 W, 1102 MiB
2026/10/09 02:36:54.847, 0, GPU-6c849b47-7111-9265-9d42-ff8eddc05a2d, 100 %, 0 %, 72, 2715 MHz, 10251 MHz, 480.31 W, 480.00 W, 1102 MiB
2026/10/09 02:36:54.847, 1, GPU-81ac6e96-0bfe-390d-beb1-241466569d6b, 100 %, 0 %, 65, 2700 MHz, 10251 MHz, 475.96 W, 480.00 W, 1102 MiB
2026/10/09 02:36:55.861, 0, GPU-6c849b47-7111-9265-9d42-ff8eddc05a2d, 77 %, 0 %, 61, 2760 MHz, 10251 MHz, 406.43 W, 480.00 W, 1102 MiB
2026/10/09 02:36:55.862, 1, GPU-81ac6e96-0bfe-390d-beb1-241466569d6b, 0 %, 0 %, 48, 2790 MHz, 10251 MHz, 320.42 W, 480.00 W, 1102 MiB
2026/10/09 02:36:56.862, 0, GPU-6c849b47-7111-9265-9d42-ff8eddc05a2d, 0 %, 0 %, 49, 2775 MHz, 10251 MHz, 104.73 W, 480.00 W, 1102 MiB
2026/10/09 02:36:56.863, 1, GPU-81ac6e96-0bfe-390d-beb1-241466569d6b, 0 %, 0 %, 46, 2790 MHz, 10251 MHz, 84.66 W, 480.00 W, 1102 MiB
2026/10/09 02:36:57.863, 0, GPU-6c849b47-7111-9265-9d42-ff8eddc05a2d, 0 %, 0 %, 48, 2625 MHz, 10251 MHz, 94.73 W, 480.00 W, 1102 MiB
2026/10/09 02:36:57.863, 1, GPU-81ac6e96-0bfe-390d-beb1-241466569d6b, 0 %, 0 %, 45, 2625 MHz, 10251 MHz, 79.55 W, 480.00 W, 1102 MiB
2026/10/09 02:36:58.864, 0, GPU-6c849b47-7111-9265-9d42-ff8eddc05a2d, 0 %, 0 %, 47, 2625 MHz, 10251 MHz, 90.75 W, 480.00 W, 1102 MiB
2026/10/09 02:36:58.864, 1, GPU-81ac6e96-0bfe-390d-beb1-241466569d6b, 0 %, 0 %, 45, 2625 MHz, 10251 MHz, 77.20 W, 480.00 W, 1102 MiB
2026/10/09 02:36:59.865, 0, GPU-6c849b47-7111-9265-9d42-ff8eddc05a2d, 0 %, 0 %, 47, 2625 MHz, 10251 MHz, 84.00 W, 480.00 W, 1102 MiB
2026/10/09 02:36:59.865, 1, GPU-81ac6e96-0bfe-390d-beb1-241466569d6b, 0 %, 0 %, 45, 2625 MHz, 10251 MHz, 74.35 W, 480.00 W, 1102 MiB
2026/10/09 02:37:00.866, 0, GPU-6c849b47-7111-9265-9d42-ff8eddc05a2d, 0 %, 0 %, 46, 2625 MHz, 10251 MHz, 83.65 W, 480.00 W, 1102 MiB
2026/10/09 02:37:00.866, 1, GPU-81ac6e96-0bfe-390d-beb1-241466569d6b, 0 %, 0 %, 45, 2625 MHz, 10251 MHz, 74.12 W, 480.00 W, 1102 MiB
2026/10/09 02:37:01.867, 0, GPU-6c849b47-7111-9265-9d42-ff8eddc05a2d, 0 %, 0 %, 46, 2625 MHz, 10251 MHz, 83.11 W, 480.00 W, 1102 MiB
2026/10/09 02:37:01.867, 1, GPU-81ac6e96-0bfe-390d-beb1-241466569d6b, 0 %, 0 %, 45, 2625 MHz, 10251 MHz, 73.87 W, 480.00 W, 1102 MiB
2026/10/09 02:37:02.867, 0, GPU-6c849b47-7111-9265-9d42-ff8eddc05a2d, 0 %, 0 %, 46, 2625 MHz, 10251 MHz, 82.68 W, 480.00 W, 1102 MiB
2026/10/09 02:37:02.868, 1, GPU-81ac6e96-0bfe-390d-beb1-241466569d6b, 0 %, 0 %, 45, 2625 MHz, 10251 MHz, 73.61 W, 480.00 W, 1102 MiB
2026/10/09 02:37:03.868, 0, GPU-6c849b47-7111-9265-9d42-ff8eddc05a2d, 0 %, 0 %, 46, 2625 MHz, 10251 MHz, 82.07 W, 480.00 W, 1102 MiB
2026/10/09 02:37:03.869, 1, GPU-81ac6e96-0bfe-390d-beb1-241466569d6b, 0 %, 0 %, 45, 2625 MHz, 10251 MHz, 73.41 W, 480.00 W, 1102 MiB
2026/10/09 02:37:04.869, 0, GPU-6c849b47-7111-9265-9d42-ff8eddc05a2d, 0 %, 0 %, 46, 2625 MHz, 10251 MHz, 81.70 W, 480.00 W, 1102 MiB
2026/10/09 02:37:04.870, 1, GPU-81ac6e96-0bfe-390d-beb1-241466569d6b, 0 %, 0 %, 45, 2625 MHz, 10251 MHz, 73.32 W, 480.00 W, 1102 MiB
2026/10/09 02:37:05.870, 0, GPU-6c849b47-7111-9265-9d42-ff8eddc05a2d, 0 %, 0 %, 46, 2625 MHz, 10251 MHz, 81.69 W, 480.00 W, 1102 MiB
2026/10/09 02:37:05.871, 1, GPU-81ac6e96-0bfe-390d-beb1-241466569d6b, 0 %, 0 %, 45, 2625 MHz, 10251 MHz, 73.24 W, 480.00 W, 1102 MiB
2026/10/09 02:37:06.871, 0, GPU-6c849b47-7111-9265-9d42-ff8eddc05a2d, 0 %, 0 %, 45, 2625 MHz, 10251 MHz, 81.67 W, 480.00 W, 1102 MiB
2026/10/09 02:37:06.872, 1, GPU-81ac6e96-0bfe-390d-beb1-241466569d6b, 0 %, 0 %, 45, 2625 MHz, 10251 MHz, 73.36 W, 480.00 W, 1102 MiB
2026/10/09 02:37:07.872, 0, GPU-6c849b47-7111-9265-9d42-ff8eddc05a2d, 0 %, 0 %, 45, 2625 MHz, 10251 MHz, 81.66 W, 480.00 W, 1102 MiB
2026/10/09 02:37:07.873, 1, GPU-81ac6e96-0bfe-390d-beb1-241466569d6b, 0 %, 0 %, 45, 2625 MHz, 10251 MHz, 73.66 W, 480.00 W, 1102 MiB
2026/10/09 02:37:08.873, 0, GPU-6c849b47-7111-9265-9d42-ff8eddc05a2d, 0 %, 0 %, 45, 2625 MHz, 10251 MHz, 81.60 W, 480.00 W, 1102 MiB
2026/10/09 02:37:08.874, 1, GPU-81ac6e96-0bfe-390d-beb1-241466569d6b, 0 %, 0 %, 45, 2625 MHz, 10251 MHz, 73.65 W, 480.00 W, 1102 MiB
2026/10/09 02:37:09.874, 0, GPU-6c849b47-7111-9265-9d42-ff8eddc05a2d, 0 %, 0 %, 45, 2625 MHz, 10251 MHz, 81.54 W, 480.00 W, 1102 MiB
2026/10/09 02:37:09.875, 1, GPU-81ac6e96-0bfe-390d-beb1-241466569d6b, 0 %, 0 %, 45, 2625 MHz, 10251 MHz, 73.51 W, 480.00 W, 1102 MiB
2026/10/09 02:37:10.875, 0, GPU-6c849b47-7111-9265-9d42-ff8eddc05a2d, 0 %, 0 %, 45, 2625 MHz, 10251 MHz, 81.55 W, 480.00 W, 1102 MiB
2026/10/09 02:37:10.875, 1, GPU-81ac6e96-0bfe-390d-beb1-241466569d6b, 0 %, 0 %, 45, 2625 MHz, 10251 MHz, 73.49 W, 480.00 W, 1102 MiB
2026/10/09 02:37:11.876, 0, GPU-6c849b47-7111-9265-9d42-ff8eddc05a2d, 100 %, 0 %, 69, 2685 MHz, 10251 MHz, 316.30 W, 480.00 W, 1102 MiB
2026/10/09 02:37:11.876, 1, GPU-81ac6e96-0bfe-390d-beb1-241466569d6b, 0 %, 0 %, 45, 2625 MHz, 10251 MHz, 73.52 W, 480.00 W, 1102 MiB
2026/10/09 02:37:12.877, 0, GPU-6c849b47-7111-9265-9d42-ff8eddc05a2d, 100 %, 0 %, 70, 2700 MHz, 10251 MHz, 480.86 W, 480.00 W, 1102 MiB
2026/10/09 02:37:12.877, 1, GPU-81ac6e96-0bfe-390d-beb1-241466569d6b, 0 %, 0 %, 45, 2625 MHz, 10251 MHz, 73.59 W, 480.00 W, 1102 MiB
2026/10/09 02:37:13.877, 0, GPU-6c849b47-7111-9265-9d42-ff8eddc05a2d, 100 %, 0 %, 67, 2685 MHz, 10251 MHz, 413.18 W, 480.00 W, 1102 MiB
2026/10/09 02:37:13.878, 1, GPU-81ac6e96-0bfe-390d-beb1-241466569d6b, 0 %, 0 %, 45, 2625 MHz, 10251 MHz, 73.35 W, 480.00 W, 1102 MiB
2026/10/09 02:37:14.878, 0, GPU-6c849b47-7111-9265-9d42-ff8eddc05a2d, 100 %, 0 %, 70, 2625 MHz, 10251 MHz, 492.55 W, 480.00 W, 1102 MiB
2026/10/09 02:37:14.879, 1, GPU-81ac6e96-0bfe-390d-beb1-241466569d6b, 0 %, 0 %, 45, 2625 MHz, 10251 MHz, 73.04 W, 480.00 W, 1102 MiB
2026/10/09 02:37:15.879, 0, GPU-6c849b47-7111-9265-9d42-ff8eddc05a2d, 100 %, 0 %, 70, 2625 MHz, 10251 MHz, 476.95 W, 480.00 W, 1102 MiB
2026/10/09 02:37:15.911, 1, GPU-81ac6e96-0bfe-390d-beb1-241466569d6b, 0 %, 0 %, 44, 435 MHz, 810 MHz, 64.17 W, 480.00 W, 1102 MiB
2026/10/09 02:37:16.912, 0, GPU-6c849b47-7111-9265-9d42-ff8eddc05a2d, 100 %, 0 %, 71, 2700 MHz, 10251 MHz, 448.93 W, 480.00 W, 1102 MiB
2026/10/09 02:37:16.912, 1, GPU-81ac6e96-0bfe-390d-beb1-241466569d6b, 0 %, 0 %, 43, 270 MHz, 405 MHz, 45.35 W, 480.00 W, 1102 MiB
2026/10/09 02:37:17.912, 0, GPU-6c849b47-7111-9265-9d42-ff8eddc05a2d, 100 %, 0 %, 71, 2655 MHz, 10251 MHz, 489.18 W, 480.00 W, 1102 MiB
2026/10/09 02:37:17.913, 1, GPU-81ac6e96-0bfe-390d-beb1-241466569d6b, 0 %, 0 %, 43, 210 MHz, 405 MHz, 33.58 W, 480.00 W, 1102 MiB
2026/10/09 02:37:18.913, 0, GPU-6c849b47-7111-9265-9d42-ff8eddc05a2d, 100 %, 0 %, 71, 2640 MHz, 10251 MHz, 477.99 W, 480.00 W, 1102 MiB
2026/10/09 02:37:18.914, 1, GPU-81ac6e96-0bfe-390d-beb1-241466569d6b, 0 %, 0 %, 43, 210 MHz, 405 MHz, 31.82 W, 480.00 W, 1102 MiB
2026/10/09 02:37:19.915, 0, GPU-6c849b47-7111-9265-9d42-ff8eddc05a2d, 100 %, 0 %, 72, 2715 MHz, 10251 MHz, 446.62 W, 480.00 W, 1102 MiB
2026/10/09 02:37:19.915, 1, GPU-81ac6e96-0bfe-390d-beb1-241466569d6b, 0 %, 0 %, 43, 210 MHz, 405 MHz, 31.92 W, 480.00 W, 1102 MiB
2026/10/09 02:37:20.916, 0, GPU-6c849b47-7111-9265-9d42-ff8eddc05a2d, 100 %, 0 %, 71, 2700 MHz, 10251 MHz, 483.56 W, 480.00 W, 1102 MiB
2026/10/09 02:37:20.930, 1, GPU-81ac6e96-0bfe-390d-beb1-241466569d6b, 0 %, 0 %, 43, 210 MHz, 405 MHz, 31.87 W, 480.00 W, 1102 MiB
2026/10/09 02:37:21.930, 0, GPU-6c849b47-7111-9265-9d42-ff8eddc05a2d, 100 %, 0 %, 71, 2760 MHz, 10251 MHz, 477.51 W, 480.00 W, 1102 MiB
2026/10/09 02:37:21.931, 1, GPU-81ac6e96-0bfe-390d-beb1-241466569d6b, 0 %, 0 %, 43, 210 MHz, 405 MHz, 31.66 W, 480.00 W, 1102 MiB
2026/10/09 02:37:22.931, 0, GPU-6c849b47-7111-9265-9d42-ff8eddc05a2d, 100 %, 0 %, 73, 2730 MHz, 10251 MHz, 448.21 W, 480.00 W, 1102 MiB
2026/10/09 02:37:22.932, 1, GPU-81ac6e96-0bfe-390d-beb1-241466569d6b, 0 %, 0 %, 43, 210 MHz, 405 MHz, 31.54 W, 480.00 W, 1102 MiB
2026/10/09 02:37:23.932, 0, GPU-6c849b47-7111-9265-9d42-ff8eddc05a2d, 100 %, 0 %, 72, 2715 MHz, 10251 MHz, 481.27 W, 480.00 W, 1102 MiB
2026/10/09 02:37:23.933, 1, GPU-81ac6e96-0bfe-390d-beb1-241466569d6b, 0 %, 0 %, 43, 210 MHz, 405 MHz, 31.73 W, 480.00 W, 1102 MiB
2026/10/09 02:37:24.933, 0, GPU-6c849b47-7111-9265-9d42-ff8eddc05a2d, 100 %, 0 %, 65, 2760 MHz, 10251 MHz, 440.51 W, 480.00 W, 1102 MiB
2026/10/09 02:37:24.933, 1, GPU-81ac6e96-0bfe-390d-beb1-241466569d6b, 0 %, 0 %, 42, 210 MHz, 405 MHz, 31.92 W, 480.00 W, 1102 MiB
2026/10/09 02:37:25.934, 0, GPU-6c849b47-7111-9265-9d42-ff8eddc05a2d, 100 %, 0 %, 71, 2655 MHz, 10251 MHz, 460.87 W, 480.00 W, 1102 MiB
2026/10/09 02:37:25.935, 1, GPU-81ac6e96-0bfe-390d-beb1-241466569d6b, 0 %, 0 %, 42, 210 MHz, 405 MHz, 31.72 W, 480.00 W, 1102 MiB
2026/10/09 02:37:26.935, 0, GPU-6c849b47-7111-9265-9d42-ff8eddc05a2d, 100 %, 0 %, 72, 2655 MHz, 10251 MHz, 476.18 W, 480.00 W, 1102 MiB
2026/10/09 02:37:26.935, 1, GPU-81ac6e96-0bfe-390d-beb1-241466569d6b, 0 %, 0 %, 42, 210 MHz, 405 MHz, 31.44 W, 480.00 W, 1102 MiB
2026/10/09 02:37:27.936, 0, GPU-6c849b47-7111-9265-9d42-ff8eddc05a2d, 100 %, 0 %, 69, 2745 MHz, 10251 MHz, 422.22 W, 480.00 W, 1102 MiB
2026/10/09 02:37:27.936, 1, GPU-81ac6e96-0bfe-390d-beb1-241466569d6b, 0 %, 0 %, 42, 210 MHz, 405 MHz, 31.49 W, 480.00 W, 1102 MiB
2026/10/09 02:37:28.937, 0, GPU-6c849b47-7111-9265-9d42-ff8eddc05a2d, 100 %, 0 %, 71, 2700 MHz, 10251 MHz, 482.96 W, 480.00 W, 1102 MiB
2026/10/09 02:37:28.937, 1, GPU-81ac6e96-0bfe-390d-beb1-241466569d6b, 0 %, 0 %, 42, 210 MHz, 405 MHz, 31.36 W, 480.00 W, 1102 MiB
2026/10/09 02:37:29.938, 0, GPU-6c849b47-7111-9265-9d42-ff8eddc05a2d, 100 %, 0 %, 71, 2700 MHz, 10251 MHz, 477.64 W, 480.00 W, 1102 MiB
2026/10/09 02:37:29.938, 1, GPU-81ac6e96-0bfe-390d-beb1-241466569d6b, 0 %, 0 %, 42, 210 MHz, 405 MHz, 31.08 W, 480.00 W, 1102 MiB
2026/10/09 02:37:30.939, 0, GPU-6c849b47-7111-9265-9d42-ff8eddc05a2d, 100 %, 0 %, 66, 2760 MHz, 10251 MHz, 379.46 W, 480.00 W, 1102 MiB
2026/10/09 02:37:30.939, 1, GPU-81ac6e96-0bfe-390d-beb1-241466569d6b, 0 %, 0 %, 42, 210 MHz, 405 MHz, 31.01 W, 480.00 W, 1102 MiB
2026/10/09 02:37:31.940, 0, GPU-6c849b47-7111-9265-9d42-ff8eddc05a2d, 100 %, 0 %, 70, 2745 MHz, 10251 MHz, 479.56 W, 480.00 W, 1102 MiB
2026/10/09 02:37:31.940, 1, GPU-81ac6e96-0bfe-390d-beb1-241466569d6b, 0 %, 0 %, 42, 210 MHz, 405 MHz, 30.81 W, 480.00 W, 1102 MiB
2026/10/09 02:37:32.954, 0, GPU-6c849b47-7111-9265-9d42-ff8eddc05a2d, 100 %, 0 %, 70, 2760 MHz, 10251 MHz, 472.48 W, 480.00 W, 1102 MiB
2026/10/09 02:37:32.954, 1, GPU-81ac6e96-0bfe-390d-beb1-241466569d6b, 0 %, 0 %, 42, 210 MHz, 405 MHz, 30.54 W, 480.00 W, 1102 MiB
2026/10/09 02:37:33.955, 0, GPU-6c849b47-7111-9265-9d42-ff8eddc05a2d, 100 %, 0 %, 73, 2670 MHz, 10251 MHz, 428.19 W, 480.00 W, 1102 MiB
2026/10/09 02:37:33.955, 1, GPU-81ac6e96-0bfe-390d-beb1-241466569d6b, 0 %, 0 %, 42, 210 MHz, 405 MHz, 30.51 W, 480.00 W, 1102 MiB
2026/10/09 02:37:34.956, 0, GPU-6c849b47-7111-9265-9d42-ff8eddc05a2d, 100 %, 0 %, 73, 2655 MHz, 10251 MHz, 481.68 W, 480.00 W, 1102 MiB
2026/10/09 02:37:34.957, 1, GPU-81ac6e96-0bfe-390d-beb1-241466569d6b, 0 %, 0 %, 42, 210 MHz, 405 MHz, 30.82 W, 480.00 W, 1102 MiB
2026/10/09 02:37:35.959, 0, GPU-6c849b47-7111-9265-9d42-ff8eddc05a2d, 100 %, 0 %, 70, 2760 MHz, 10251 MHz, 471.40 W, 480.00 W, 1102 MiB
2026/10/09 02:37:35.959, 1, GPU-81ac6e96-0bfe-390d-beb1-241466569d6b, 0 %, 0 %, 42, 210 MHz, 405 MHz, 31.02 W, 480.00 W, 1102 MiB
2026/10/09 02:37:36.960, 0, GPU-6c849b47-7111-9265-9d42-ff8eddc05a2d, 100 %, 0 %, 73, 2625 MHz, 10251 MHz, 464.48 W, 480.00 W, 1102 MiB
2026/10/09 02:37:36.960, 1, GPU-81ac6e96-0bfe-390d-beb1-241466569d6b, 0 %, 0 %, 42, 210 MHz, 405 MHz, 30.85 W, 480.00 W, 1102 MiB
2026/10/09 02:37:37.992, 0, GPU-6c849b47-7111-9265-9d42-ff8eddc05a2d, 100 %, 0 %, 72, 2655 MHz, 10251 MHz, 478.59 W, 480.00 W, 1102 MiB
2026/10/09 02:37:37.992, 1, GPU-81ac6e96-0bfe-390d-beb1-241466569d6b, 0 %, 0 %, 41, 210 MHz, 405 MHz, 30.94 W, 480.00 W, 1102 MiB
2026/10/09 02:37:38.992, 0, GPU-6c849b47-7111-9265-9d42-ff8eddc05a2d, 100 %, 0 %, 64, 2760 MHz, 10251 MHz, 431.80 W, 480.00 W, 1102 MiB
2026/10/09 02:37:38.993, 1, GPU-81ac6e96-0bfe-390d-beb1-241466569d6b, 0 %, 0 %, 41, 210 MHz, 405 MHz, 31.28 W, 480.00 W, 1102 MiB
2026/10/09 02:37:39.993, 0, GPU-6c849b47-7111-9265-9d42-ff8eddc05a2d, 100 %, 0 %, 71, 2655 MHz, 10251 MHz, 479.25 W, 480.00 W, 1102 MiB
2026/10/09 02:37:39.994, 1, GPU-81ac6e96-0bfe-390d-beb1-241466569d6b, 0 %, 0 %, 41, 210 MHz, 405 MHz, 31.16 W, 480.00 W, 1102 MiB
2026/10/09 02:37:40.994, 0, GPU-6c849b47-7111-9265-9d42-ff8eddc05a2d, 100 %, 0 %, 72, 2655 MHz, 10251 MHz, 477.14 W, 480.00 W, 1102 MiB
2026/10/09 02:37:40.995, 1, GPU-81ac6e96-0bfe-390d-beb1-241466569d6b, 0 %, 0 %, 41, 210 MHz, 405 MHz, 31.02 W, 480.00 W, 1102 MiB
2026/10/09 02:37:41.995, 0, GPU-6c849b47-7111-9265-9d42-ff8eddc05a2d, 100 %, 0 %, 71, 2715 MHz, 10251 MHz, 432.98 W, 480.00 W, 1102 MiB
2026/10/09 02:37:41.996, 1, GPU-81ac6e96-0bfe-390d-beb1-241466569d6b, 0 %, 0 %, 41, 210 MHz, 405 MHz, 31.03 W, 480.00 W, 1102 MiB
2026/10/09 02:37:42.996, 0, GPU-6c849b47-7111-9265-9d42-ff8eddc05a2d, 100 %, 0 %, 71, 2670 MHz, 10251 MHz, 488.89 W, 480.00 W, 1102 MiB
2026/10/09 02:37:42.997, 1, GPU-81ac6e96-0bfe-390d-beb1-241466569d6b, 0 %, 0 %, 41, 210 MHz, 405 MHz, 30.90 W, 480.00 W, 1102 MiB
2026/10/09 02:37:43.997, 0, GPU-6c849b47-7111-9265-9d42-ff8eddc05a2d, 100 %, 0 %, 71, 2655 MHz, 10251 MHz, 477.39 W, 480.00 W, 1102 MiB
2026/10/09 02:37:43.997, 1, GPU-81ac6e96-0bfe-390d-beb1-241466569d6b, 0 %, 0 %, 41, 210 MHz, 405 MHz, 30.75 W, 480.00 W, 1102 MiB
2026/10/09 02:37:44.998, 0, GPU-6c849b47-7111-9265-9d42-ff8eddc05a2d, 100 %, 0 %, 72, 2745 MHz, 10251 MHz, 438.80 W, 480.00 W, 1102 MiB
2026/10/09 02:37:44.998, 1, GPU-81ac6e96-0bfe-390d-beb1-241466569d6b, 0 %, 0 %, 41, 210 MHz, 405 MHz, 30.56 W, 480.00 W, 1102 MiB
2026/10/09 02:37:45.999, 0, GPU-6c849b47-7111-9265-9d42-ff8eddc05a2d, 100 %, 0 %, 72, 2715 MHz, 10251 MHz, 482.01 W, 480.00 W, 1102 MiB
2026/10/09 02:37:45.999, 1, GPU-81ac6e96-0bfe-390d-beb1-241466569d6b, 0 %, 0 %, 41, 210 MHz, 405 MHz, 30.92 W, 480.00 W, 1102 MiB
2026/10/09 02:37:47.000, 0, GPU-6c849b47-7111-9265-9d42-ff8eddc05a2d, 100 %, 0 %, 71, 2760 MHz, 10251 MHz, 472.71 W, 480.00 W, 1102 MiB
2026/10/09 02:37:47.000, 1, GPU-81ac6e96-0bfe-390d-beb1-241466569d6b, 0 %, 0 %, 41, 210 MHz, 405 MHz, 31.35 W, 480.00 W, 1102 MiB
2026/10/09 02:37:48.001, 0, GPU-6c849b47-7111-9265-9d42-ff8eddc05a2d, 100 %, 0 %, 72, 2730 MHz, 10251 MHz, 440.05 W, 480.00 W, 1102 MiB
2026/10/09 02:37:48.015, 1, GPU-81ac6e96-0bfe-390d-beb1-241466569d6b, 0 %, 0 %, 41, 210 MHz, 405 MHz, 30.99 W, 480.00 W, 1102 MiB
2026/10/09 02:37:49.016, 0, GPU-6c849b47-7111-9265-9d42-ff8eddc05a2d, 100 %, 0 %, 72, 2715 MHz, 10251 MHz, 480.73 W, 480.00 W, 1102 MiB
2026/10/09 02:37:49.016, 1, GPU-81ac6e96-0bfe-390d-beb1-241466569d6b, 0 %, 0 %, 41, 210 MHz, 405 MHz, 31.06 W, 480.00 W, 1102 MiB
2026/10/09 02:37:50.017, 0, GPU-6c849b47-7111-9265-9d42-ff8eddc05a2d, 99 %, 0 %, 59, 2760 MHz, 10251 MHz, 424.27 W, 480.00 W, 1102 MiB
2026/10/09 02:37:50.017, 1, GPU-81ac6e96-0bfe-390d-beb1-241466569d6b, 0 %, 0 %, 41, 210 MHz, 405 MHz, 31.22 W, 480.00 W, 1102 MiB
2026/10/09 02:37:51.018, 0, GPU-6c849b47-7111-9265-9d42-ff8eddc05a2d, 100 %, 0 %, 73, 2670 MHz, 10251 MHz, 437.87 W, 480.00 W, 1102 MiB
2026/10/09 02:37:51.018, 1, GPU-81ac6e96-0bfe-390d-beb1-241466569d6b, 0 %, 0 %, 40, 210 MHz, 405 MHz, 30.97 W, 480.00 W, 1102 MiB
2026/10/09 02:37:52.018, 0, GPU-6c849b47-7111-9265-9d42-ff8eddc05a2d, 100 %, 0 %, 73, 2670 MHz, 10251 MHz, 481.08 W, 480.00 W, 1102 MiB
2026/10/09 02:37:52.019, 1, GPU-81ac6e96-0bfe-390d-beb1-241466569d6b, 0 %, 0 %, 40, 210 MHz, 405 MHz, 30.76 W, 480.00 W, 1102 MiB
2026/10/09 02:37:53.019, 0, GPU-6c849b47-7111-9265-9d42-ff8eddc05a2d, 100 %, 0 %, 71, 2670 MHz, 10251 MHz, 419.11 W, 480.00 W, 1102 MiB
2026/10/09 02:37:53.034, 1, GPU-81ac6e96-0bfe-390d-beb1-241466569d6b, 0 %, 0 %, 40, 210 MHz, 405 MHz, 30.81 W, 480.00 W, 1102 MiB
2026/10/09 02:37:54.034, 0, GPU-6c849b47-7111-9265-9d42-ff8eddc05a2d, 100 %, 0 %, 71, 2610 MHz, 10251 MHz, 489.30 W, 480.00 W, 1102 MiB
2026/10/09 02:37:54.035, 1, GPU-81ac6e96-0bfe-390d-beb1-241466569d6b, 0 %, 0 %, 40, 210 MHz, 405 MHz, 30.81 W, 480.00 W, 1102 MiB
2026/10/09 02:37:55.035, 0, GPU-6c849b47-7111-9265-9d42-ff8eddc05a2d, 100 %, 0 %, 71, 2610 MHz, 10251 MHz, 477.80 W, 480.00 W, 1102 MiB
2026/10/09 02:37:55.036, 1, GPU-81ac6e96-0bfe-390d-beb1-241466569d6b, 0 %, 0 %, 40, 210 MHz, 405 MHz, 30.82 W, 480.00 W, 1102 MiB
2026/10/09 02:37:56.036, 0, GPU-6c849b47-7111-9265-9d42-ff8eddc05a2d, 100 %, 0 %, 73, 2700 MHz, 10251 MHz, 453.04 W, 480.00 W, 1102 MiB
2026/10/09 02:37:56.036, 1, GPU-81ac6e96-0bfe-390d-beb1-241466569d6b, 0 %, 0 %, 40, 210 MHz, 405 MHz, 30.90 W, 480.00 W, 1102 MiB
2026/10/09 02:37:57.037, 0, GPU-6c849b47-7111-9265-9d42-ff8eddc05a2d, 100 %, 0 %, 72, 2670 MHz, 10251 MHz, 485.25 W, 480.00 W, 1102 MiB
2026/10/09 02:37:57.038, 1, GPU-81ac6e96-0bfe-390d-beb1-241466569d6b, 0 %, 0 %, 40, 210 MHz, 405 MHz, 30.64 W, 480.00 W, 1102 MiB
2026/10/09 02:37:58.038, 0, GPU-6c849b47-7111-9265-9d42-ff8eddc05a2d, 100 %, 0 %, 71, 2670 MHz, 10251 MHz, 480.01 W, 480.00 W, 1102 MiB
2026/10/09 02:37:58.039, 1, GPU-81ac6e96-0bfe-390d-beb1-241466569d6b, 0 %, 0 %, 40, 210 MHz, 405 MHz, 30.71 W, 480.00 W, 1102 MiB
2026/10/09 02:37:59.039, 0, GPU-6c849b47-7111-9265-9d42-ff8eddc05a2d, 100 %, 0 %, 73, 2715 MHz, 10251 MHz, 449.78 W, 480.00 W, 1102 MiB
2026/10/09 02:37:59.039, 1, GPU-81ac6e96-0bfe-390d-beb1-241466569d6b, 0 %, 0 %, 40, 210 MHz, 405 MHz, 30.97 W, 480.00 W, 1102 MiB
2026/10/09 02:38:00.040, 0, GPU-6c849b47-7111-9265-9d42-ff8eddc05a2d, 100 %, 0 %, 72, 2700 MHz, 10251 MHz, 481.99 W, 480.00 W, 1102 MiB
2026/10/09 02:38:00.040, 1, GPU-81ac6e96-0bfe-390d-beb1-241466569d6b, 0 %, 0 %, 40, 210 MHz, 405 MHz, 31.11 W, 480.00 W, 1102 MiB
2026/10/09 02:38:01.041, 0, GPU-6c849b47-7111-9265-9d42-ff8eddc05a2d, 100 %, 0 %, 71, 2760 MHz, 10251 MHz, 471.31 W, 480.00 W, 1102 MiB
2026/10/09 02:38:01.041, 1, GPU-81ac6e96-0bfe-390d-beb1-241466569d6b, 0 %, 0 %, 40, 210 MHz, 405 MHz, 31.30 W, 480.00 W, 1102 MiB
2026/10/09 02:38:02.042, 0, GPU-6c849b47-7111-9265-9d42-ff8eddc05a2d, 100 %, 0 %, 73, 2715 MHz, 10251 MHz, 449.48 W, 480.00 W, 1102 MiB
2026/10/09 02:38:02.042, 1, GPU-81ac6e96-0bfe-390d-beb1-241466569d6b, 0 %, 0 %, 40, 210 MHz, 405 MHz, 31.30 W, 480.00 W, 1102 MiB
2026/10/09 02:38:03.043, 0, GPU-6c849b47-7111-9265-9d42-ff8eddc05a2d, 100 %, 0 %, 73, 2685 MHz, 10251 MHz, 481.10 W, 480.00 W, 1102 MiB
2026/10/09 02:38:03.043, 1, GPU-81ac6e96-0bfe-390d-beb1-241466569d6b, 0 %, 0 %, 40, 210 MHz, 405 MHz, 31.16 W, 480.00 W, 1102 MiB
2026/10/09 02:38:04.044, 0, GPU-6c849b47-7111-9265-9d42-ff8eddc05a2d, 100 %, 0 %, 63, 2730 MHz, 10251 MHz, 425.06 W, 480.00 W, 1102 MiB
2026/10/09 02:38:04.044, 1, GPU-81ac6e96-0bfe-390d-beb1-241466569d6b, 0 %, 0 %, 40, 210 MHz, 405 MHz, 31.05 W, 480.00 W, 1102 MiB
2026/10/09 02:38:05.045, 0, GPU-6c849b47-7111-9265-9d42-ff8eddc05a2d, 100 %, 0 %, 71, 2655 MHz, 10251 MHz, 472.11 W, 480.00 W, 1102 MiB
2026/10/09 02:38:05.045, 1, GPU-81ac6e96-0bfe-390d-beb1-241466569d6b, 0 %, 0 %, 40, 210 MHz, 405 MHz, 30.83 W, 480.00 W, 1102 MiB
2026/10/09 02:38:06.046, 0, GPU-6c849b47-7111-9265-9d42-ff8eddc05a2d, 100 %, 0 %, 71, 2655 MHz, 10251 MHz, 477.41 W, 480.00 W, 1102 MiB
2026/10/09 02:38:06.046, 1, GPU-81ac6e96-0bfe-390d-beb1-241466569d6b, 0 %, 0 %, 40, 210 MHz, 405 MHz, 30.81 W, 480.00 W, 1102 MiB
2026/10/09 02:38:07.047, 0, GPU-6c849b47-7111-9265-9d42-ff8eddc05a2d, 100 %, 0 %, 71, 2745 MHz, 10251 MHz, 426.31 W, 480.00 W, 1102 MiB
2026/10/09 02:38:07.047, 1, GPU-81ac6e96-0bfe-390d-beb1-241466569d6b, 0 %, 0 %, 39, 210 MHz, 405 MHz, 31.00 W, 480.00 W, 1102 MiB
2026/10/09 02:38:08.048, 0, GPU-6c849b47-7111-9265-9d42-ff8eddc05a2d, 100 %, 0 %, 72, 2715 MHz, 10251 MHz, 482.65 W, 480.00 W, 1102 MiB
2026/10/09 02:38:08.048, 1, GPU-81ac6e96-0bfe-390d-beb1-241466569d6b, 0 %, 0 %, 39, 210 MHz, 405 MHz, 31.15 W, 480.00 W, 1102 MiB
2026/10/09 02:38:09.049, 0, GPU-6c849b47-7111-9265-9d42-ff8eddc05a2d, 100 %, 0 %, 71, 2700 MHz, 10251 MHz, 479.59 W, 480.00 W, 1102 MiB
2026/10/09 02:38:09.049, 1, GPU-81ac6e96-0bfe-390d-beb1-241466569d6b, 0 %, 0 %, 39, 210 MHz, 405 MHz, 31.18 W, 480.00 W, 1102 MiB
2026/10/09 02:38:10.050, 0, GPU-6c849b47-7111-9265-9d42-ff8eddc05a2d, 100 %, 0 %, 70, 2760 MHz, 10251 MHz, 383.20 W, 480.00 W, 1102 MiB
2026/10/09 02:38:10.050, 1, GPU-81ac6e96-0bfe-390d-beb1-241466569d6b, 0 %, 0 %, 39, 210 MHz, 405 MHz, 31.23 W, 480.00 W, 1102 MiB
2026/10/09 02:38:11.064, 0, GPU-6c849b47-7111-9265-9d42-ff8eddc05a2d, 100 %, 0 %, 70, 2760 MHz, 10251 MHz, 481.15 W, 480.00 W, 1102 MiB
2026/10/09 02:38:11.065, 1, GPU-81ac6e96-0bfe-390d-beb1-241466569d6b, 0 %, 0 %, 39, 210 MHz, 405 MHz, 31.21 W, 480.00 W, 1102 MiB
2026/10/09 02:38:12.065, 0, GPU-6c849b47-7111-9265-9d42-ff8eddc05a2d, 100 %, 0 %, 66, 2760 MHz, 10251 MHz, 468.70 W, 480.00 W, 1102 MiB
2026/10/09 02:38:12.066, 1, GPU-81ac6e96-0bfe-390d-beb1-241466569d6b, 0 %, 0 %, 39, 210 MHz, 405 MHz, 31.06 W, 480.00 W, 1102 MiB
2026/10/09 02:38:13.066, 0, GPU-6c849b47-7111-9265-9d42-ff8eddc05a2d, 100 %, 0 %, 73, 2670 MHz, 10251 MHz, 428.76 W, 480.00 W, 1102 MiB
2026/10/09 02:38:13.067, 1, GPU-81ac6e96-0bfe-390d-beb1-241466569d6b, 0 %, 0 %, 39, 210 MHz, 405 MHz, 31.09 W, 480.00 W, 1102 MiB
2026/10/09 02:38:14.067, 0, GPU-6c849b47-7111-9265-9d42-ff8eddc05a2d, 100 %, 0 %, 73, 2625 MHz, 10251 MHz, 481.31 W, 480.00 W, 1102 MiB
2026/10/09 02:38:14.068, 1, GPU-81ac6e96-0bfe-390d-beb1-241466569d6b, 0 %, 0 %, 39, 210 MHz, 405 MHz, 31.27 W, 480.00 W, 1102 MiB
2026/10/09 02:38:15.068, 0, GPU-6c849b47-7111-9265-9d42-ff8eddc05a2d, 100 %, 0 %, 66, 2760 MHz, 10251 MHz, 464.52 W, 480.00 W, 1102 MiB
2026/10/09 02:38:15.069, 1, GPU-81ac6e96-0bfe-390d-beb1-241466569d6b, 0 %, 0 %, 39, 210 MHz, 405 MHz, 31.32 W, 480.00 W, 1102 MiB
2026/10/09 02:38:16.069, 0, GPU-6c849b47-7111-9265-9d42-ff8eddc05a2d, 100 %, 0 %, 72, 2625 MHz, 10251 MHz, 467.18 W, 480.00 W, 1102 MiB
2026/10/09 02:38:16.069, 1, GPU-81ac6e96-0bfe-390d-beb1-241466569d6b, 0 %, 0 %, 39, 210 MHz, 405 MHz, 31.37 W, 480.00 W, 1102 MiB
2026/10/09 02:38:17.070, 0, GPU-6c849b47-7111-9265-9d42-ff8eddc05a2d, 100 %, 0 %, 72, 2625 MHz, 10251 MHz, 478.75 W, 480.00 W, 1102 MiB
2026/10/09 02:38:17.070, 1, GPU-81ac6e96-0bfe-390d-beb1-241466569d6b, 0 %, 0 %, 39, 210 MHz, 405 MHz, 31.44 W, 480.00 W, 1102 MiB
2026/10/09 02:38:18.071, 0, GPU-6c849b47-7111-9265-9d42-ff8eddc05a2d, 100 %, 0 %, 70, 2715 MHz, 10251 MHz, 432.85 W, 480.00 W, 1102 MiB
2026/10/09 02:38:18.072, 1, GPU-81ac6e96-0bfe-390d-beb1-241466569d6b, 0 %, 0 %, 39, 210 MHz, 405 MHz, 31.26 W, 480.00 W, 1102 MiB
2026/10/09 02:38:19.072, 0, GPU-6c849b47-7111-9265-9d42-ff8eddc05a2d, 100 %, 0 %, 71, 2640 MHz, 10251 MHz, 485.57 W, 480.00 W, 1102 MiB
2026/10/09 02:38:19.073, 1, GPU-81ac6e96-0bfe-390d-beb1-241466569d6b, 0 %, 0 %, 39, 210 MHz, 405 MHz, 31.18 W, 480.00 W, 1102 MiB
2026/10/09 02:38:20.073, 0, GPU-6c849b47-7111-9265-9d42-ff8eddc05a2d, 100 %, 0 %, 72, 2640 MHz, 10251 MHz, 477.20 W, 480.00 W, 1102 MiB
2026/10/09 02:38:20.073, 1, GPU-81ac6e96-0bfe-390d-beb1-241466569d6b, 0 %, 0 %, 39, 210 MHz, 405 MHz, 31.26 W, 480.00 W, 1102 MiB
2026/10/09 02:38:21.074, 0, GPU-6c849b47-7111-9265-9d42-ff8eddc05a2d, 100 %, 0 %, 72, 2730 MHz, 10251 MHz, 432.58 W, 480.00 W, 1102 MiB
2026/10/09 02:38:21.074, 1, GPU-81ac6e96-0bfe-390d-beb1-241466569d6b, 0 %, 0 %, 39, 210 MHz, 405 MHz, 31.49 W, 480.00 W, 1102 MiB
2026/10/09 02:38:22.088, 0, GPU-6c849b47-7111-9265-9d42-ff8eddc05a2d, 100 %, 0 %, 71, 2670 MHz, 10251 MHz, 488.07 W, 480.00 W, 1102 MiB
2026/10/09 02:38:22.089, 1, GPU-81ac6e96-0bfe-390d-beb1-241466569d6b, 0 %, 0 %, 39, 210 MHz, 405 MHz, 31.66 W, 480.00 W, 1102 MiB
2026/10/09 02:38:23.089, 0, GPU-6c849b47-7111-9265-9d42-ff8eddc05a2d, 100 %, 0 %, 71, 2655 MHz, 10251 MHz, 478.04 W, 480.00 W, 1102 MiB
2026/10/09 02:38:23.090, 1, GPU-81ac6e96-0bfe-390d-beb1-241466569d6b, 0 %, 0 %, 39, 210 MHz, 405 MHz, 31.43 W, 480.00 W, 1102 MiB
2026/10/09 02:38:24.090, 0, GPU-6c849b47-7111-9265-9d42-ff8eddc05a2d, 100 %, 0 %, 73, 2730 MHz, 10251 MHz, 441.39 W, 480.00 W, 1102 MiB
2026/10/09 02:38:24.091, 1, GPU-81ac6e96-0bfe-390d-beb1-241466569d6b, 0 %, 0 %, 39, 210 MHz, 405 MHz, 31.20 W, 480.00 W, 1102 MiB
2026/10/09 02:38:25.091, 0, GPU-6c849b47-7111-9265-9d42-ff8eddc05a2d, 100 %, 0 %, 73, 2715 MHz, 10251 MHz, 481.64 W, 480.00 W, 1102 MiB
2026/10/09 02:38:25.092, 1, GPU-81ac6e96-0bfe-390d-beb1-241466569d6b, 0 %, 0 %, 39, 210 MHz, 405 MHz, 31.25 W, 480.00 W, 1102 MiB
2026/10/09 02:38:26.093, 0, GPU-6c849b47-7111-9265-9d42-ff8eddc05a2d, 100 %, 0 %, 67, 2760 MHz, 10251 MHz, 468.74 W, 480.00 W, 1102 MiB
2026/10/09 02:38:26.093, 1, GPU-81ac6e96-0bfe-390d-beb1-241466569d6b, 0 %, 0 %, 39, 210 MHz, 405 MHz, 31.60 W, 480.00 W, 1102 MiB
2026/10/09 02:38:27.125, 0, GPU-6c849b47-7111-9265-9d42-ff8eddc05a2d, 100 %, 0 %, 73, 2745 MHz, 10251 MHz, 442.47 W, 480.00 W, 1102 MiB
2026/10/09 02:38:27.125, 1, GPU-81ac6e96-0bfe-390d-beb1-241466569d6b, 0 %, 0 %, 39, 210 MHz, 405 MHz, 31.81 W, 480.00 W, 1102 MiB
2026/10/09 02:38:28.125, 0, GPU-6c849b47-7111-9265-9d42-ff8eddc05a2d, 100 %, 0 %, 72, 2700 MHz, 10251 MHz, 479.39 W, 480.00 W, 1102 MiB
2026/10/09 02:38:28.126, 1, GPU-81ac6e96-0bfe-390d-beb1-241466569d6b, 0 %, 0 %, 38, 210 MHz, 405 MHz, 31.78 W, 480.00 W, 1102 MiB
2026/10/09 02:38:29.126, 0, GPU-6c849b47-7111-9265-9d42-ff8eddc05a2d, 10 %, 0 %, 55, 2775 MHz, 10251 MHz, 390.25 W, 480.00 W, 1102 MiB
2026/10/09 02:38:29.127, 1, GPU-81ac6e96-0bfe-390d-beb1-241466569d6b, 0 %, 0 %, 38, 210 MHz, 405 MHz, 31.68 W, 480.00 W, 1102 MiB
2026/10/09 02:38:30.128, 0, GPU-6c849b47-7111-9265-9d42-ff8eddc05a2d, 0 %, 0 %, 50, 2775 MHz, 10251 MHz, 109.81 W, 480.00 W, 1102 MiB
2026/10/09 02:38:30.128, 1, GPU-81ac6e96-0bfe-390d-beb1-241466569d6b, 0 %, 0 %, 38, 210 MHz, 405 MHz, 31.56 W, 480.00 W, 1102 MiB
2026/10/09 02:38:31.128, 0, GPU-6c849b47-7111-9265-9d42-ff8eddc05a2d, 0 %, 0 %, 48, 2625 MHz, 10251 MHz, 95.44 W, 480.00 W, 1102 MiB
2026/10/09 02:38:31.129, 1, GPU-81ac6e96-0bfe-390d-beb1-241466569d6b, 0 %, 0 %, 38, 210 MHz, 405 MHz, 31.41 W, 480.00 W, 1102 MiB
2026/10/09 02:38:32.129, 0, GPU-6c849b47-7111-9265-9d42-ff8eddc05a2d, 0 %, 0 %, 48, 2625 MHz, 10251 MHz, 92.17 W, 480.00 W, 1102 MiB
2026/10/09 02:38:32.130, 1, GPU-81ac6e96-0bfe-390d-beb1-241466569d6b, 0 %, 0 %, 38, 210 MHz, 405 MHz, 31.28 W, 480.00 W, 1102 MiB
2026/10/09 02:38:33.130, 0, GPU-6c849b47-7111-9265-9d42-ff8eddc05a2d, 0 %, 0 %, 47, 2625 MHz, 10251 MHz, 84.17 W, 480.00 W, 1102 MiB
2026/10/09 02:38:33.131, 1, GPU-81ac6e96-0bfe-390d-beb1-241466569d6b, 0 %, 0 %, 38, 210 MHz, 405 MHz, 31.61 W, 480.00 W, 1102 MiB
2026/10/09 02:38:34.132, 0, GPU-6c849b47-7111-9265-9d42-ff8eddc05a2d, 0 %, 0 %, 47, 2625 MHz, 10251 MHz, 83.44 W, 480.00 W, 1102 MiB
2026/10/09 02:38:34.132, 1, GPU-81ac6e96-0bfe-390d-beb1-241466569d6b, 0 %, 0 %, 38, 210 MHz, 405 MHz, 31.87 W, 480.00 W, 1102 MiB
2026/10/09 02:38:35.134, 0, GPU-6c849b47-7111-9265-9d42-ff8eddc05a2d, 0 %, 0 %, 46, 2625 MHz, 10251 MHz, 83.26 W, 480.00 W, 1102 MiB
2026/10/09 02:38:35.134, 1, GPU-81ac6e96-0bfe-390d-beb1-241466569d6b, 0 %, 0 %, 38, 210 MHz, 405 MHz, 31.86 W, 480.00 W, 1102 MiB
2026/10/09 02:38:36.135, 0, GPU-6c849b47-7111-9265-9d42-ff8eddc05a2d, 0 %, 0 %, 46, 2625 MHz, 10251 MHz, 82.46 W, 480.00 W, 1102 MiB
2026/10/09 02:38:36.135, 1, GPU-81ac6e96-0bfe-390d-beb1-241466569d6b, 0 %, 0 %, 38, 210 MHz, 405 MHz, 31.94 W, 480.00 W, 1102 MiB
2026/10/09 02:38:37.136, 0, GPU-6c849b47-7111-9265-9d42-ff8eddc05a2d, 0 %, 0 %, 46, 2625 MHz, 10251 MHz, 82.31 W, 480.00 W, 1102 MiB
2026/10/09 02:38:37.136, 1, GPU-81ac6e96-0bfe-390d-beb1-241466569d6b, 0 %, 0 %, 38, 210 MHz, 405 MHz, 31.99 W, 480.00 W, 1102 MiB
2026/10/09 02:38:38.137, 0, GPU-6c849b47-7111-9265-9d42-ff8eddc05a2d, 0 %, 0 %, 46, 2625 MHz, 10251 MHz, 82.09 W, 480.00 W, 1102 MiB
2026/10/09 02:38:38.137, 1, GPU-81ac6e96-0bfe-390d-beb1-241466569d6b, 0 %, 0 %, 38, 210 MHz, 405 MHz, 31.88 W, 480.00 W, 1102 MiB
2026/10/09 02:38:39.138, 0, GPU-6c849b47-7111-9265-9d42-ff8eddc05a2d, 0 %, 0 %, 46, 2625 MHz, 10251 MHz, 81.97 W, 480.00 W, 1102 MiB
2026/10/09 02:38:39.138, 1, GPU-81ac6e96-0bfe-390d-beb1-241466569d6b, 0 %, 0 %, 38, 210 MHz, 405 MHz, 31.84 W, 480.00 W, 1102 MiB
2026/10/09 02:38:40.139, 0, GPU-6c849b47-7111-9265-9d42-ff8eddc05a2d, 0 %, 0 %, 46, 2625 MHz, 10251 MHz, 81.91 W, 480.00 W, 1102 MiB
2026/10/09 02:38:40.140, 1, GPU-81ac6e96-0bfe-390d-beb1-241466569d6b, 0 %, 0 %, 38, 210 MHz, 405 MHz, 31.82 W, 480.00 W, 1102 MiB
2026/10/09 02:38:41.140, 0, GPU-6c849b47-7111-9265-9d42-ff8eddc05a2d, 0 %, 0 %, 46, 2625 MHz, 10251 MHz, 81.75 W, 480.00 W, 1102 MiB
2026/10/09 02:38:41.141, 1, GPU-81ac6e96-0bfe-390d-beb1-241466569d6b, 0 %, 0 %, 38, 210 MHz, 405 MHz, 31.67 W, 480.00 W, 1102 MiB
2026/10/09 02:38:42.141, 0, GPU-6c849b47-7111-9265-9d42-ff8eddc05a2d, 0 %, 0 %, 46, 2625 MHz, 10251 MHz, 81.62 W, 480.00 W, 1102 MiB
2026/10/09 02:38:42.142, 1, GPU-81ac6e96-0bfe-390d-beb1-241466569d6b, 0 %, 0 %, 38, 210 MHz, 405 MHz, 31.61 W, 480.00 W, 1102 MiB
2026/10/09 02:38:43.142, 0, GPU-6c849b47-7111-9265-9d42-ff8eddc05a2d, 0 %, 0 %, 46, 2625 MHz, 10251 MHz, 81.61 W, 480.00 W, 1102 MiB
2026/10/09 02:38:43.142, 1, GPU-81ac6e96-0bfe-390d-beb1-241466569d6b, 0 %, 0 %, 38, 210 MHz, 405 MHz, 31.65 W, 480.00 W, 1102 MiB
2026/10/09 02:38:44.143, 0, GPU-6c849b47-7111-9265-9d42-ff8eddc05a2d, 0 %, 0 %, 46, 2625 MHz, 10251 MHz, 81.61 W, 480.00 W, 1102 MiB
2026/10/09 02:38:44.143, 1, GPU-81ac6e96-0bfe-390d-beb1-241466569d6b, 0 %, 0 %, 38, 210 MHz, 405 MHz, 31.77 W, 480.00 W, 1102 MiB
2026/10/09 02:38:45.144, 0, GPU-6c849b47-7111-9265-9d42-ff8eddc05a2d, 0 %, 0 %, 46, 2625 MHz, 10251 MHz, 81.64 W, 480.00 W, 1102 MiB
2026/10/09 02:38:45.144, 1, GPU-81ac6e96-0bfe-390d-beb1-241466569d6b, 0 %, 0 %, 38, 210 MHz, 405 MHz, 31.85 W, 480.00 W, 1102 MiB
2026/10/09 02:38:46.145, 0, GPU-6c849b47-7111-9265-9d42-ff8eddc05a2d, 0 %, 0 %, 46, 2625 MHz, 10251 MHz, 81.61 W, 480.00 W, 1102 MiB
2026/10/09 02:38:46.145, 1, GPU-81ac6e96-0bfe-390d-beb1-241466569d6b, 0 %, 0 %, 38, 210 MHz, 405 MHz, 31.96 W, 480.00 W, 1102 MiB
2026/10/09 02:38:47.146, 0, GPU-6c849b47-7111-9265-9d42-ff8eddc05a2d, 0 %, 0 %, 46, 2625 MHz, 10251 MHz, 81.59 W, 480.00 W, 1102 MiB
2026/10/09 02:38:47.146, 1, GPU-81ac6e96-0bfe-390d-beb1-241466569d6b, 0 %, 0 %, 38, 210 MHz, 405 MHz, 31.84 W, 480.00 W, 1102 MiB
2026/10/09 02:38:48.147, 0, GPU-6c849b47-7111-9265-9d42-ff8eddc05a2d, 0 %, 0 %, 46, 2625 MHz, 10251 MHz, 81.67 W, 480.00 W, 1102 MiB
2026/10/09 02:38:48.147, 1, GPU-81ac6e96-0bfe-390d-beb1-241466569d6b, 100 %, 0 %, 59, 2745 MHz, 10251 MHz, 236.76 W, 480.00 W, 1102 MiB
2026/10/09 02:38:49.148, 0, GPU-6c849b47-7111-9265-9d42-ff8eddc05a2d, 0 %, 0 %, 45, 2625 MHz, 10251 MHz, 81.63 W, 480.00 W, 1102 MiB
2026/10/09 02:38:49.148, 1, GPU-81ac6e96-0bfe-390d-beb1-241466569d6b, 100 %, 0 %, 59, 2790 MHz, 10251 MHz, 482.10 W, 480.00 W, 1102 MiB
2026/10/09 02:38:50.149, 0, GPU-6c849b47-7111-9265-9d42-ff8eddc05a2d, 0 %, 0 %, 45, 2625 MHz, 10251 MHz, 81.55 W, 480.00 W, 1102 MiB
2026/10/09 02:38:50.149, 1, GPU-81ac6e96-0bfe-390d-beb1-241466569d6b, 100 %, 0 %, 47, 2790 MHz, 10251 MHz, 418.46 W, 480.00 W, 1102 MiB
2026/10/09 02:38:51.149, 0, GPU-6c849b47-7111-9265-9d42-ff8eddc05a2d, 0 %, 0 %, 44, 375 MHz, 810 MHz, 68.51 W, 480.00 W, 1102 MiB
2026/10/09 02:38:51.150, 1, GPU-81ac6e96-0bfe-390d-beb1-241466569d6b, 100 %, 0 %, 60, 2640 MHz, 10251 MHz, 482.73 W, 480.00 W, 1102 MiB
2026/10/09 02:38:52.151, 0, GPU-6c849b47-7111-9265-9d42-ff8eddc05a2d, 0 %, 0 %, 44, 240 MHz, 405 MHz, 49.53 W, 480.00 W, 1102 MiB
2026/10/09 02:38:52.165, 1, GPU-81ac6e96-0bfe-390d-beb1-241466569d6b, 100 %, 0 %, 61, 2640 MHz, 10251 MHz, 477.21 W, 480.00 W, 1102 MiB
2026/10/09 02:38:53.165, 0, GPU-6c849b47-7111-9265-9d42-ff8eddc05a2d, 0 %, 0 %, 44, 210 MHz, 405 MHz, 41.71 W, 480.00 W, 1102 MiB
2026/10/09 02:38:53.166, 1, GPU-81ac6e96-0bfe-390d-beb1-241466569d6b, 100 %, 0 %, 60, 2745 MHz, 10251 MHz, 437.86 W, 480.00 W, 1102 MiB
2026/10/09 02:38:54.166, 0, GPU-6c849b47-7111-9265-9d42-ff8eddc05a2d, 0 %, 0 %, 44, 210 MHz, 405 MHz, 39.83 W, 480.00 W, 1102 MiB
2026/10/09 02:38:54.167, 1, GPU-81ac6e96-0bfe-390d-beb1-241466569d6b, 100 %, 0 %, 60, 2685 MHz, 10251 MHz, 491.01 W, 480.00 W, 1102 MiB
2026/10/09 02:38:55.167, 0, GPU-6c849b47-7111-9265-9d42-ff8eddc05a2d, 0 %, 0 %, 44, 210 MHz, 405 MHz, 39.98 W, 480.00 W, 1102 MiB
2026/10/09 02:38:55.168, 1, GPU-81ac6e96-0bfe-390d-beb1-241466569d6b, 100 %, 0 %, 60, 2685 MHz, 10251 MHz, 477.54 W, 480.00 W, 1102 MiB
2026/10/09 02:38:56.168, 0, GPU-6c849b47-7111-9265-9d42-ff8eddc05a2d, 0 %, 0 %, 44, 210 MHz, 405 MHz, 40.04 W, 480.00 W, 1102 MiB
2026/10/09 02:38:56.169, 1, GPU-81ac6e96-0bfe-390d-beb1-241466569d6b, 100 %, 0 %, 62, 2760 MHz, 10251 MHz, 441.07 W, 480.00 W, 1102 MiB
2026/10/09 02:38:57.169, 0, GPU-6c849b47-7111-9265-9d42-ff8eddc05a2d, 0 %, 0 %, 44, 210 MHz, 405 MHz, 40.23 W, 480.00 W, 1102 MiB
2026/10/09 02:38:57.169, 1, GPU-81ac6e96-0bfe-390d-beb1-241466569d6b, 100 %, 0 %, 61, 2760 MHz, 10251 MHz, 481.83 W, 480.00 W, 1102 MiB
2026/10/09 02:38:58.170, 0, GPU-6c849b47-7111-9265-9d42-ff8eddc05a2d, 0 %, 0 %, 44, 210 MHz, 405 MHz, 40.07 W, 480.00 W, 1102 MiB
2026/10/09 02:38:58.170, 1, GPU-81ac6e96-0bfe-390d-beb1-241466569d6b, 100 %, 0 %, 60, 2790 MHz, 10251 MHz, 478.24 W, 480.00 W, 1102 MiB
2026/10/09 02:38:59.171, 0, GPU-6c849b47-7111-9265-9d42-ff8eddc05a2d, 0 %, 0 %, 44, 210 MHz, 405 MHz, 39.85 W, 480.00 W, 1102 MiB
2026/10/09 02:38:59.171, 1, GPU-81ac6e96-0bfe-390d-beb1-241466569d6b, 100 %, 0 %, 61, 2775 MHz, 10251 MHz, 439.81 W, 480.00 W, 1102 MiB
2026/10/09 02:39:00.172, 0, GPU-6c849b47-7111-9265-9d42-ff8eddc05a2d, 0 %, 0 %, 44, 210 MHz, 405 MHz, 40.33 W, 480.00 W, 1102 MiB
2026/10/09 02:39:00.172, 1, GPU-81ac6e96-0bfe-390d-beb1-241466569d6b, 100 %, 0 %, 62, 2745 MHz, 10251 MHz, 480.85 W, 480.00 W, 1102 MiB
2026/10/09 02:39:01.173, 0, GPU-6c849b47-7111-9265-9d42-ff8eddc05a2d, 0 %, 0 %, 44, 210 MHz, 405 MHz, 40.54 W, 480.00 W, 1102 MiB
2026/10/09 02:39:01.173, 1, GPU-81ac6e96-0bfe-390d-beb1-241466569d6b, 100 %, 0 %, 54, 2790 MHz, 10251 MHz, 423.70 W, 480.00 W, 1102 MiB
2026/10/09 02:39:02.174, 0, GPU-6c849b47-7111-9265-9d42-ff8eddc05a2d, 0 %, 0 %, 44, 210 MHz, 405 MHz, 40.31 W, 480.00 W, 1102 MiB
2026/10/09 02:39:02.174, 1, GPU-81ac6e96-0bfe-390d-beb1-241466569d6b, 100 %, 0 %, 60, 2700 MHz, 10251 MHz, 459.52 W, 480.00 W, 1102 MiB
2026/10/09 02:39:03.175, 0, GPU-6c849b47-7111-9265-9d42-ff8eddc05a2d, 0 %, 0 %, 44, 210 MHz, 405 MHz, 39.97 W, 480.00 W, 1102 MiB
2026/10/09 02:39:03.175, 1, GPU-81ac6e96-0bfe-390d-beb1-241466569d6b, 100 %, 0 %, 62, 2715 MHz, 10251 MHz, 476.62 W, 480.00 W, 1102 MiB
2026/10/09 02:39:04.176, 0, GPU-6c849b47-7111-9265-9d42-ff8eddc05a2d, 0 %, 0 %, 44, 210 MHz, 405 MHz, 39.80 W, 480.00 W, 1102 MiB
2026/10/09 02:39:04.177, 1, GPU-81ac6e96-0bfe-390d-beb1-241466569d6b, 100 %, 0 %, 61, 2790 MHz, 10251 MHz, 426.36 W, 480.00 W, 1102 MiB
2026/10/09 02:39:05.177, 0, GPU-6c849b47-7111-9265-9d42-ff8eddc05a2d, 0 %, 0 %, 44, 210 MHz, 405 MHz, 39.70 W, 480.00 W, 1102 MiB
2026/10/09 02:39:05.177, 1, GPU-81ac6e96-0bfe-390d-beb1-241466569d6b, 100 %, 0 %, 61, 2760 MHz, 10251 MHz, 480.47 W, 480.00 W, 1102 MiB
2026/10/09 02:39:06.178, 0, GPU-6c849b47-7111-9265-9d42-ff8eddc05a2d, 0 %, 0 %, 43, 210 MHz, 405 MHz, 39.57 W, 480.00 W, 1102 MiB
2026/10/09 02:39:06.178, 1, GPU-81ac6e96-0bfe-390d-beb1-241466569d6b, 100 %, 0 %, 62, 2745 MHz, 10251 MHz, 478.87 W, 480.00 W, 1102 MiB
2026/10/09 02:39:07.179, 0, GPU-6c849b47-7111-9265-9d42-ff8eddc05a2d, 0 %, 0 %, 43, 210 MHz, 405 MHz, 39.36 W, 480.00 W, 1102 MiB
2026/10/09 02:39:07.179, 1, GPU-81ac6e96-0bfe-390d-beb1-241466569d6b, 100 %, 0 %, 58, 2790 MHz, 10251 MHz, 365.82 W, 480.00 W, 1102 MiB
2026/10/09 02:39:08.180, 0, GPU-6c849b47-7111-9265-9d42-ff8eddc05a2d, 0 %, 0 %, 43, 210 MHz, 405 MHz, 39.13 W, 480.00 W, 1102 MiB
2026/10/09 02:39:08.180, 1, GPU-81ac6e96-0bfe-390d-beb1-241466569d6b, 100 %, 0 %, 61, 2775 MHz, 10251 MHz, 482.85 W, 480.00 W, 1102 MiB
2026/10/09 02:39:09.181, 0, GPU-6c849b47-7111-9265-9d42-ff8eddc05a2d, 0 %, 0 %, 43, 210 MHz, 405 MHz, 38.99 W, 480.00 W, 1102 MiB
2026/10/09 02:39:09.181, 1, GPU-81ac6e96-0bfe-390d-beb1-241466569d6b, 100 %, 0 %, 59, 2775 MHz, 10251 MHz, 461.30 W, 480.00 W, 1102 MiB
2026/10/09 02:39:10.182, 0, GPU-6c849b47-7111-9265-9d42-ff8eddc05a2d, 0 %, 0 %, 43, 210 MHz, 405 MHz, 38.90 W, 480.00 W, 1102 MiB
2026/10/09 02:39:10.182, 1, GPU-81ac6e96-0bfe-390d-beb1-241466569d6b, 100 %, 0 %, 65, 2700 MHz, 10251 MHz, 429.95 W, 480.00 W, 1102 MiB
2026/10/09 02:39:11.183, 0, GPU-6c849b47-7111-9265-9d42-ff8eddc05a2d, 0 %, 0 %, 43, 210 MHz, 405 MHz, 38.92 W, 480.00 W, 1102 MiB
2026/10/09 02:39:11.183, 1, GPU-81ac6e96-0bfe-390d-beb1-241466569d6b, 100 %, 0 %, 64, 2655 MHz, 10251 MHz, 480.84 W, 480.00 W, 1102 MiB
2026/10/09 02:39:12.184, 0, GPU-6c849b47-7111-9265-9d42-ff8eddc05a2d, 0 %, 0 %, 43, 210 MHz, 405 MHz, 39.00 W, 480.00 W, 1102 MiB
2026/10/09 02:39:12.184, 1, GPU-81ac6e96-0bfe-390d-beb1-241466569d6b, 100 %, 0 %, 57, 2775 MHz, 10251 MHz, 440.96 W, 480.00 W, 1102 MiB
2026/10/09 02:39:13.184, 0, GPU-6c849b47-7111-9265-9d42-ff8eddc05a2d, 0 %, 0 %, 43, 210 MHz, 405 MHz, 38.95 W, 480.00 W, 1102 MiB
2026/10/09 02:39:13.185, 1, GPU-81ac6e96-0bfe-390d-beb1-241466569d6b, 100 %, 0 %, 64, 2685 MHz, 10251 MHz, 466.09 W, 480.00 W, 1102 MiB
2026/10/09 02:39:14.217, 0, GPU-6c849b47-7111-9265-9d42-ff8eddc05a2d, 0 %, 0 %, 43, 210 MHz, 405 MHz, 39.01 W, 480.00 W, 1102 MiB
2026/10/09 02:39:14.217, 1, GPU-81ac6e96-0bfe-390d-beb1-241466569d6b, 100 %, 0 %, 64, 2685 MHz, 10251 MHz, 476.36 W, 480.00 W, 1102 MiB
2026/10/09 02:39:15.218, 0, GPU-6c849b47-7111-9265-9d42-ff8eddc05a2d, 0 %, 0 %, 43, 210 MHz, 405 MHz, 38.94 W, 480.00 W, 1102 MiB
2026/10/09 02:39:15.218, 1, GPU-81ac6e96-0bfe-390d-beb1-241466569d6b, 100 %, 0 %, 62, 2745 MHz, 10251 MHz, 426.00 W, 480.00 W, 1102 MiB
2026/10/09 02:39:16.219, 0, GPU-6c849b47-7111-9265-9d42-ff8eddc05a2d, 0 %, 0 %, 43, 210 MHz, 405 MHz, 39.02 W, 480.00 W, 1102 MiB
2026/10/09 02:39:16.219, 1, GPU-81ac6e96-0bfe-390d-beb1-241466569d6b, 100 %, 0 %, 64, 2700 MHz, 10251 MHz, 487.24 W, 480.00 W, 1102 MiB
2026/10/09 02:39:17.220, 0, GPU-6c849b47-7111-9265-9d42-ff8eddc05a2d, 0 %, 0 %, 43, 210 MHz, 405 MHz, 39.37 W, 480.00 W, 1102 MiB
2026/10/09 02:39:17.220, 1, GPU-81ac6e96-0bfe-390d-beb1-241466569d6b, 100 %, 0 %, 64, 2685 MHz, 10251 MHz, 477.09 W, 480.00 W, 1102 MiB
2026/10/09 02:39:18.220, 0, GPU-6c849b47-7111-9265-9d42-ff8eddc05a2d, 0 %, 0 %, 43, 210 MHz, 405 MHz, 39.42 W, 480.00 W, 1102 MiB
2026/10/09 02:39:18.221, 1, GPU-81ac6e96-0bfe-390d-beb1-241466569d6b, 100 %, 0 %, 65, 2760 MHz, 10251 MHz, 434.42 W, 480.00 W, 1102 MiB
2026/10/09 02:39:19.221, 0, GPU-6c849b47-7111-9265-9d42-ff8eddc05a2d, 0 %, 0 %, 43, 210 MHz, 405 MHz, 39.38 W, 480.00 W, 1102 MiB
2026/10/09 02:39:19.222, 1, GPU-81ac6e96-0bfe-390d-beb1-241466569d6b, 100 %, 0 %, 65, 2745 MHz, 10251 MHz, 481.26 W, 480.00 W, 1102 MiB
2026/10/09 02:39:20.222, 0, GPU-6c849b47-7111-9265-9d42-ff8eddc05a2d, 0 %, 0 %, 42, 210 MHz, 405 MHz, 39.20 W, 480.00 W, 1102 MiB
2026/10/09 02:39:20.223, 1, GPU-81ac6e96-0bfe-390d-beb1-241466569d6b, 100 %, 0 %, 64, 2775 MHz, 10251 MHz, 477.01 W, 480.00 W, 1102 MiB
2026/10/09 02:39:21.223, 0, GPU-6c849b47-7111-9265-9d42-ff8eddc05a2d, 0 %, 0 %, 42, 210 MHz, 405 MHz, 39.17 W, 480.00 W, 1102 MiB
2026/10/09 02:39:21.224, 1, GPU-81ac6e96-0bfe-390d-beb1-241466569d6b, 100 %, 0 %, 66, 2760 MHz, 10251 MHz, 441.79 W, 480.00 W, 1102 MiB
2026/10/09 02:39:22.224, 0, GPU-6c849b47-7111-9265-9d42-ff8eddc05a2d, 0 %, 0 %, 42, 210 MHz, 405 MHz, 39.41 W, 480.00 W, 1102 MiB
2026/10/09 02:39:22.225, 1, GPU-81ac6e96-0bfe-390d-beb1-241466569d6b, 100 %, 0 %, 66, 2745 MHz, 10251 MHz, 480.07 W, 480.00 W, 1102 MiB
2026/10/09 02:39:23.225, 0, GPU-6c849b47-7111-9265-9d42-ff8eddc05a2d, 0 %, 0 %, 42, 210 MHz, 405 MHz, 39.31 W, 480.00 W, 1102 MiB
2026/10/09 02:39:23.226, 1, GPU-81ac6e96-0bfe-390d-beb1-241466569d6b, 100 %, 0 %, 56, 2790 MHz, 10251 MHz, 425.53 W, 480.00 W, 1102 MiB
2026/10/09 02:39:24.226, 0, GPU-6c849b47-7111-9265-9d42-ff8eddc05a2d, 0 %, 0 %, 42, 210 MHz, 405 MHz, 39.18 W, 480.00 W, 1102 MiB
2026/10/09 02:39:24.227, 1, GPU-81ac6e96-0bfe-390d-beb1-241466569d6b, 100 %, 0 %, 64, 2700 MHz, 10251 MHz, 465.23 W, 480.00 W, 1102 MiB
2026/10/09 02:39:25.227, 0, GPU-6c849b47-7111-9265-9d42-ff8eddc05a2d, 0 %, 0 %, 42, 210 MHz, 405 MHz, 39.14 W, 480.00 W, 1102 MiB
2026/10/09 02:39:25.228, 1, GPU-81ac6e96-0bfe-390d-beb1-241466569d6b, 100 %, 0 %, 65, 2715 MHz, 10251 MHz, 476.53 W, 480.00 W, 1102 MiB
2026/10/09 02:39:26.228, 0, GPU-6c849b47-7111-9265-9d42-ff8eddc05a2d, 0 %, 0 %, 42, 210 MHz, 405 MHz, 38.94 W, 480.00 W, 1102 MiB
2026/10/09 02:39:26.229, 1, GPU-81ac6e96-0bfe-390d-beb1-241466569d6b, 100 %, 0 %, 54, 2790 MHz, 10251 MHz, 381.64 W, 480.00 W, 1102 MiB
2026/10/09 02:39:27.229, 0, GPU-6c849b47-7111-9265-9d42-ff8eddc05a2d, 0 %, 0 %, 42, 210 MHz, 405 MHz, 38.93 W, 480.00 W, 1102 MiB
2026/10/09 02:39:27.230, 1, GPU-81ac6e96-0bfe-390d-beb1-241466569d6b, 100 %, 0 %, 65, 2700 MHz, 10251 MHz, 463.03 W, 480.00 W, 1102 MiB
2026/10/09 02:39:28.230, 0, GPU-6c849b47-7111-9265-9d42-ff8eddc05a2d, 0 %, 0 %, 42, 210 MHz, 405 MHz, 38.91 W, 480.00 W, 1102 MiB
2026/10/09 02:39:28.231, 1, GPU-81ac6e96-0bfe-390d-beb1-241466569d6b, 100 %, 0 %, 66, 2670 MHz, 10251 MHz, 475.59 W, 480.00 W, 1102 MiB
2026/10/09 02:39:29.231, 0, GPU-6c849b47-7111-9265-9d42-ff8eddc05a2d, 0 %, 0 %, 42, 210 MHz, 405 MHz, 38.88 W, 480.00 W, 1102 MiB
2026/10/09 02:39:29.231, 1, GPU-81ac6e96-0bfe-390d-beb1-241466569d6b, 100 %, 0 %, 67, 2700 MHz, 10251 MHz, 420.74 W, 480.00 W, 1102 MiB
2026/10/09 02:39:30.232, 0, GPU-6c849b47-7111-9265-9d42-ff8eddc05a2d, 0 %, 0 %, 42, 210 MHz, 405 MHz, 38.87 W, 480.00 W, 1102 MiB
2026/10/09 02:39:30.232, 1, GPU-81ac6e96-0bfe-390d-beb1-241466569d6b, 100 %, 0 %, 67, 2685 MHz, 10251 MHz, 482.04 W, 480.00 W, 1102 MiB
2026/10/09 02:39:31.233, 0, GPU-6c849b47-7111-9265-9d42-ff8eddc05a2d, 0 %, 0 %, 42, 210 MHz, 405 MHz, 38.93 W, 480.00 W, 1102 MiB
2026/10/09 02:39:31.233, 1, GPU-81ac6e96-0bfe-390d-beb1-241466569d6b, 100 %, 0 %, 66, 2775 MHz, 10251 MHz, 478.70 W, 480.00 W, 1102 MiB
2026/10/09 02:39:32.234, 0, GPU-6c849b47-7111-9265-9d42-ff8eddc05a2d, 0 %, 0 %, 42, 210 MHz, 405 MHz, 39.07 W, 480.00 W, 1102 MiB
2026/10/09 02:39:32.234, 1, GPU-81ac6e96-0bfe-390d-beb1-241466569d6b, 100 %, 0 %, 67, 2730 MHz, 10251 MHz, 458.73 W, 480.00 W, 1102 MiB
2026/10/09 02:39:33.235, 0, GPU-6c849b47-7111-9265-9d42-ff8eddc05a2d, 0 %, 0 %, 42, 210 MHz, 405 MHz, 38.96 W, 480.00 W, 1102 MiB
2026/10/09 02:39:33.235, 1, GPU-81ac6e96-0bfe-390d-beb1-241466569d6b, 100 %, 0 %, 67, 2685 MHz, 10251 MHz, 481.80 W, 480.00 W, 1102 MiB
2026/10/09 02:39:34.249, 0, GPU-6c849b47-7111-9265-9d42-ff8eddc05a2d, 0 %, 0 %, 42, 210 MHz, 405 MHz, 38.93 W, 480.00 W, 1102 MiB
2026/10/09 02:39:34.249, 1, GPU-81ac6e96-0bfe-390d-beb1-241466569d6b, 100 %, 0 %, 67, 2730 MHz, 10251 MHz, 440.55 W, 480.00 W, 1102 MiB
2026/10/09 02:39:35.250, 0, GPU-6c849b47-7111-9265-9d42-ff8eddc05a2d, 0 %, 0 %, 41, 210 MHz, 405 MHz, 38.80 W, 480.00 W, 1102 MiB
2026/10/09 02:39:35.251, 1, GPU-81ac6e96-0bfe-390d-beb1-241466569d6b, 100 %, 0 %, 67, 2730 MHz, 10251 MHz, 483.37 W, 480.00 W, 1102 MiB
2026/10/09 02:39:36.251, 0, GPU-6c849b47-7111-9265-9d42-ff8eddc05a2d, 0 %, 0 %, 41, 210 MHz, 405 MHz, 38.76 W, 480.00 W, 1102 MiB
2026/10/09 02:39:36.252, 1, GPU-81ac6e96-0bfe-390d-beb1-241466569d6b, 100 %, 0 %, 66, 2775 MHz, 10251 MHz, 477.01 W, 480.00 W, 1102 MiB
2026/10/09 02:39:37.252, 0, GPU-6c849b47-7111-9265-9d42-ff8eddc05a2d, 0 %, 0 %, 41, 210 MHz, 405 MHz, 39.03 W, 480.00 W, 1102 MiB
2026/10/09 02:39:37.252, 1, GPU-81ac6e96-0bfe-390d-beb1-241466569d6b, 100 %, 0 %, 68, 2745 MHz, 10251 MHz, 441.56 W, 480.00 W, 1102 MiB
2026/10/09 02:39:38.253, 0, GPU-6c849b47-7111-9265-9d42-ff8eddc05a2d, 0 %, 0 %, 41, 210 MHz, 405 MHz, 39.08 W, 480.00 W, 1102 MiB
2026/10/09 02:39:38.254, 1, GPU-81ac6e96-0bfe-390d-beb1-241466569d6b, 100 %, 0 %, 67, 2730 MHz, 10251 MHz, 480.38 W, 480.00 W, 1102 MiB
2026/10/09 02:39:39.254, 0, GPU-6c849b47-7111-9265-9d42-ff8eddc05a2d, 0 %, 0 %, 41, 210 MHz, 405 MHz, 38.99 W, 480.00 W, 1102 MiB
2026/10/09 02:39:39.255, 1, GPU-81ac6e96-0bfe-390d-beb1-241466569d6b, 100 %, 0 %, 57, 2790 MHz, 10251 MHz, 440.77 W, 480.00 W, 1102 MiB
2026/10/09 02:39:40.255, 0, GPU-6c849b47-7111-9265-9d42-ff8eddc05a2d, 0 %, 0 %, 41, 210 MHz, 405 MHz, 38.65 W, 480.00 W, 1102 MiB
2026/10/09 02:39:40.256, 1, GPU-81ac6e96-0bfe-390d-beb1-241466569d6b, 100 %, 0 %, 66, 2685 MHz, 10251 MHz, 457.96 W, 480.00 W, 1102 MiB
2026/10/09 02:39:41.256, 0, GPU-6c849b47-7111-9265-9d42-ff8eddc05a2d, 0 %, 0 %, 41, 210 MHz, 405 MHz, 38.49 W, 480.00 W, 1102 MiB
2026/10/09 02:39:41.257, 1, GPU-81ac6e96-0bfe-390d-beb1-241466569d6b, 100 %, 0 %, 66, 2685 MHz, 10251 MHz, 476.59 W, 480.00 W, 1102 MiB
2026/10/09 02:39:42.257, 0, GPU-6c849b47-7111-9265-9d42-ff8eddc05a2d, 0 %, 0 %, 41, 210 MHz, 405 MHz, 38.60 W, 480.00 W, 1102 MiB
2026/10/09 02:39:42.258, 1, GPU-81ac6e96-0bfe-390d-beb1-241466569d6b, 100 %, 0 %, 67, 2760 MHz, 10251 MHz, 423.24 W, 480.00 W, 1102 MiB
2026/10/09 02:39:43.258, 0, GPU-6c849b47-7111-9265-9d42-ff8eddc05a2d, 0 %, 0 %, 41, 210 MHz, 405 MHz, 38.42 W, 480.00 W, 1102 MiB
2026/10/09 02:39:43.259, 1, GPU-81ac6e96-0bfe-390d-beb1-241466569d6b, 100 %, 0 %, 67, 2730 MHz, 10251 MHz, 483.76 W, 480.00 W, 1102 MiB
2026/10/09 02:39:44.259, 0, GPU-6c849b47-7111-9265-9d42-ff8eddc05a2d, 0 %, 0 %, 41, 210 MHz, 405 MHz, 38.68 W, 480.00 W, 1102 MiB
2026/10/09 02:39:44.260, 1, GPU-81ac6e96-0bfe-390d-beb1-241466569d6b, 100 %, 0 %, 67, 2715 MHz, 10251 MHz, 477.95 W, 480.00 W, 1102 MiB
2026/10/09 02:39:45.260, 0, GPU-6c849b47-7111-9265-9d42-ff8eddc05a2d, 0 %, 0 %, 41, 210 MHz, 405 MHz, 39.06 W, 480.00 W, 1102 MiB
2026/10/09 02:39:45.261, 1, GPU-81ac6e96-0bfe-390d-beb1-241466569d6b, 100 %, 0 %, 64, 2775 MHz, 10251 MHz, 374.86 W, 480.00 W, 1102 MiB
2026/10/09 02:39:46.261, 0, GPU-6c849b47-7111-9265-9d42-ff8eddc05a2d, 0 %, 0 %, 41, 210 MHz, 405 MHz, 38.88 W, 480.00 W, 1102 MiB
2026/10/09 02:39:46.262, 1, GPU-81ac6e96-0bfe-390d-beb1-241466569d6b, 100 %, 0 %, 66, 2775 MHz, 10251 MHz, 482.02 W, 480.00 W, 1102 MiB
2026/10/09 02:39:47.262, 0, GPU-6c849b47-7111-9265-9d42-ff8eddc05a2d, 0 %, 0 %, 41, 210 MHz, 405 MHz, 38.70 W, 480.00 W, 1102 MiB
2026/10/09 02:39:47.263, 1, GPU-81ac6e96-0bfe-390d-beb1-241466569d6b, 100 %, 0 %, 64, 2775 MHz, 10251 MHz, 472.51 W, 480.00 W, 1102 MiB
2026/10/09 02:39:48.263, 0, GPU-6c849b47-7111-9265-9d42-ff8eddc05a2d, 0 %, 0 %, 41, 210 MHz, 405 MHz, 38.67 W, 480.00 W, 1102 MiB
2026/10/09 02:39:48.264, 1, GPU-81ac6e96-0bfe-390d-beb1-241466569d6b, 100 %, 0 %, 69, 2685 MHz, 10251 MHz, 418.87 W, 480.00 W, 1102 MiB
2026/10/09 02:39:49.264, 0, GPU-6c849b47-7111-9265-9d42-ff8eddc05a2d, 0 %, 0 %, 41, 210 MHz, 405 MHz, 38.63 W, 480.00 W, 1102 MiB
2026/10/09 02:39:49.265, 1, GPU-81ac6e96-0bfe-390d-beb1-241466569d6b, 100 %, 0 %, 69, 2685 MHz, 10251 MHz, 481.86 W, 480.00 W, 1102 MiB
2026/10/09 02:39:50.265, 0, GPU-6c849b47-7111-9265-9d42-ff8eddc05a2d, 0 %, 0 %, 41, 210 MHz, 405 MHz, 38.54 W, 480.00 W, 1102 MiB
2026/10/09 02:39:50.266, 1, GPU-81ac6e96-0bfe-390d-beb1-241466569d6b, 100 %, 0 %, 62, 2775 MHz, 10251 MHz, 469.23 W, 480.00 W, 1102 MiB
2026/10/09 02:39:51.266, 0, GPU-6c849b47-7111-9265-9d42-ff8eddc05a2d, 0 %, 0 %, 41, 210 MHz, 405 MHz, 38.31 W, 480.00 W, 1102 MiB
2026/10/09 02:39:51.266, 1, GPU-81ac6e96-0bfe-390d-beb1-241466569d6b, 100 %, 0 %, 68, 2670 MHz, 10251 MHz, 463.94 W, 480.00 W, 1102 MiB
2026/10/09 02:39:52.267, 0, GPU-6c849b47-7111-9265-9d42-ff8eddc05a2d, 0 %, 0 %, 41, 210 MHz, 405 MHz, 38.14 W, 480.00 W, 1102 MiB
2026/10/09 02:39:52.268, 1, GPU-81ac6e96-0bfe-390d-beb1-241466569d6b, 100 %, 0 %, 68, 2670 MHz, 10251 MHz, 478.04 W, 480.00 W, 1102 MiB
2026/10/09 02:39:53.268, 0, GPU-6c849b47-7111-9265-9d42-ff8eddc05a2d, 0 %, 0 %, 40, 210 MHz, 405 MHz, 38.13 W, 480.00 W, 1102 MiB
2026/10/09 02:39:53.269, 1, GPU-81ac6e96-0bfe-390d-beb1-241466569d6b, 100 %, 0 %, 66, 2745 MHz, 10251 MHz, 429.86 W, 480.00 W, 1102 MiB
2026/10/09 02:39:54.269, 0, GPU-6c849b47-7111-9265-9d42-ff8eddc05a2d, 0 %, 0 %, 40, 210 MHz, 405 MHz, 38.21 W, 480.00 W, 1102 MiB
2026/10/09 02:39:54.269, 1, GPU-81ac6e96-0bfe-390d-beb1-241466569d6b, 100 %, 0 %, 67, 2670 MHz, 10251 MHz, 484.69 W, 480.00 W, 1102 MiB
2026/10/09 02:39:55.270, 0, GPU-6c849b47-7111-9265-9d42-ff8eddc05a2d, 0 %, 0 %, 40, 210 MHz, 405 MHz, 38.35 W, 480.00 W, 1102 MiB
2026/10/09 02:39:55.271, 1, GPU-81ac6e96-0bfe-390d-beb1-241466569d6b, 100 %, 0 %, 67, 2670 MHz, 10251 MHz, 477.74 W, 480.00 W, 1102 MiB
2026/10/09 02:39:56.274, 0, GPU-6c849b47-7111-9265-9d42-ff8eddc05a2d, 0 %, 0 %, 40, 210 MHz, 405 MHz, 38.38 W, 480.00 W, 1102 MiB
2026/10/09 02:39:56.275, 1, GPU-81ac6e96-0bfe-390d-beb1-241466569d6b, 100 %, 0 %, 69, 2760 MHz, 10251 MHz, 430.83 W, 480.00 W, 1102 MiB
2026/10/09 02:39:57.275, 0, GPU-6c849b47-7111-9265-9d42-ff8eddc05a2d, 0 %, 0 %, 40, 210 MHz, 405 MHz, 38.58 W, 480.00 W, 1102 MiB
2026/10/09 02:39:57.276, 1, GPU-81ac6e96-0bfe-390d-beb1-241466569d6b, 100 %, 0 %, 67, 2700 MHz, 10251 MHz, 487.01 W, 480.00 W, 1102 MiB
2026/10/09 02:39:58.276, 0, GPU-6c849b47-7111-9265-9d42-ff8eddc05a2d, 0 %, 0 %, 40, 210 MHz, 405 MHz, 38.57 W, 480.00 W, 1102 MiB
2026/10/09 02:39:58.277, 1, GPU-81ac6e96-0bfe-390d-beb1-241466569d6b, 100 %, 0 %, 68, 2700 MHz, 10251 MHz, 477.27 W, 480.00 W, 1102 MiB
2026/10/09 02:39:59.277, 0, GPU-6c849b47-7111-9265-9d42-ff8eddc05a2d, 0 %, 0 %, 40, 210 MHz, 405 MHz, 38.48 W, 480.00 W, 1102 MiB
2026/10/09 02:39:59.278, 1, GPU-81ac6e96-0bfe-390d-beb1-241466569d6b, 100 %, 0 %, 69, 2760 MHz, 10251 MHz, 441.79 W, 480.00 W, 1102 MiB
2026/10/09 02:40:00.278, 0, GPU-6c849b47-7111-9265-9d42-ff8eddc05a2d, 0 %, 0 %, 40, 210 MHz, 405 MHz, 38.50 W, 480.00 W, 1102 MiB
2026/10/09 02:40:00.279, 1, GPU-81ac6e96-0bfe-390d-beb1-241466569d6b, 100 %, 0 %, 69, 2745 MHz, 10251 MHz, 481.08 W, 480.00 W, 1102 MiB
2026/10/09 02:40:01.279, 0, GPU-6c849b47-7111-9265-9d42-ff8eddc05a2d, 0 %, 0 %, 40, 210 MHz, 405 MHz, 38.52 W, 480.00 W, 1102 MiB
2026/10/09 02:40:01.280, 1, GPU-81ac6e96-0bfe-390d-beb1-241466569d6b, 100 %, 0 %, 61, 2775 MHz, 10251 MHz, 458.56 W, 480.00 W, 1102 MiB
2026/10/09 02:40:02.280, 0, GPU-6c849b47-7111-9265-9d42-ff8eddc05a2d, 0 %, 0 %, 40, 210 MHz, 405 MHz, 38.58 W, 480.00 W, 1102 MiB
2026/10/09 02:40:02.280, 1, GPU-81ac6e96-0bfe-390d-beb1-241466569d6b, 100 %, 0 %, 68, 2685 MHz, 10251 MHz, 448.43 W, 480.00 W, 1102 MiB
2026/10/09 02:40:03.281, 0, GPU-6c849b47-7111-9265-9d42-ff8eddc05a2d, 0 %, 0 %, 40, 210 MHz, 405 MHz, 38.24 W, 480.00 W, 1102 MiB
2026/10/09 02:40:03.281, 1, GPU-81ac6e96-0bfe-390d-beb1-241466569d6b, 100 %, 0 %, 68, 2715 MHz, 10251 MHz, 478.89 W, 480.00 W, 1102 MiB
2026/10/09 02:40:04.282, 0, GPU-6c849b47-7111-9265-9d42-ff8eddc05a2d, 0 %, 0 %, 40, 210 MHz, 405 MHz, 37.90 W, 480.00 W, 1102 MiB
2026/10/09 02:40:04.282, 1, GPU-81ac6e96-0bfe-390d-beb1-241466569d6b, 0 %, 0 %, 51, 2790 MHz, 10251 MHz, 355.25 W, 480.00 W, 1102 MiB
2026/10/09 02:40:05.283, 0, GPU-6c849b47-7111-9265-9d42-ff8eddc05a2d, 0 %, 0 %, 40, 210 MHz, 405 MHz, 37.93 W, 480.00 W, 1102 MiB
2026/10/09 02:40:05.283, 1, GPU-81ac6e96-0bfe-390d-beb1-241466569d6b, 0 %, 0 %, 49, 2790 MHz, 10251 MHz, 105.45 W, 480.00 W, 1102 MiB
2026/10/09 02:40:06.284, 0, GPU-6c849b47-7111-9265-9d42-ff8eddc05a2d, 0 %, 0 %, 40, 210 MHz, 405 MHz, 38.07 W, 480.00 W, 1102 MiB
2026/10/09 02:40:06.284, 1, GPU-81ac6e96-0bfe-390d-beb1-241466569d6b, 0 %, 0 %, 48, 2625 MHz, 10251 MHz, 83.99 W, 480.00 W, 1102 MiB
2026/10/09 02:40:07.284, 0, GPU-6c849b47-7111-9265-9d42-ff8eddc05a2d, 0 %, 0 %, 40, 210 MHz, 405 MHz, 38.03 W, 480.00 W, 1102 MiB
2026/10/09 02:40:07.285, 1, GPU-81ac6e96-0bfe-390d-beb1-241466569d6b, 0 %, 0 %, 48, 2625 MHz, 10251 MHz, 77.79 W, 480.00 W, 1102 MiB
2026/10/09 02:40:08.285, 0, GPU-6c849b47-7111-9265-9d42-ff8eddc05a2d, 0 %, 0 %, 40, 210 MHz, 405 MHz, 37.95 W, 480.00 W, 1102 MiB
2026/10/09 02:40:08.286, 1, GPU-81ac6e96-0bfe-390d-beb1-241466569d6b, 0 %, 0 %, 47, 2625 MHz, 10251 MHz, 77.67 W, 480.00 W, 1102 MiB
2026/10/09 02:40:09.300, 0, GPU-6c849b47-7111-9265-9d42-ff8eddc05a2d, 0 %, 0 %, 40, 210 MHz, 405 MHz, 38.13 W, 480.00 W, 1102 MiB
2026/10/09 02:40:09.301, 1, GPU-81ac6e96-0bfe-390d-beb1-241466569d6b, 0 %, 0 %, 47, 2625 MHz, 10251 MHz, 76.99 W, 480.00 W, 1102 MiB
2026/10/09 02:40:10.301, 0, GPU-6c849b47-7111-9265-9d42-ff8eddc05a2d, 0 %, 0 %, 40, 210 MHz, 405 MHz, 38.10 W, 480.00 W, 1102 MiB
2026/10/09 02:40:10.302, 1, GPU-81ac6e96-0bfe-390d-beb1-241466569d6b, 0 %, 0 %, 47, 2625 MHz, 10251 MHz, 76.76 W, 480.00 W, 1102 MiB
2026/10/09 02:40:11.302, 0, GPU-6c849b47-7111-9265-9d42-ff8eddc05a2d, 0 %, 0 %, 40, 210 MHz, 405 MHz, 37.87 W, 480.00 W, 1102 MiB
2026/10/09 02:40:11.303, 1, GPU-81ac6e96-0bfe-390d-beb1-241466569d6b, 0 %, 0 %, 47, 2625 MHz, 10251 MHz, 75.98 W, 480.00 W, 1102 MiB
2026/10/09 02:40:12.303, 0, GPU-6c849b47-7111-9265-9d42-ff8eddc05a2d, 0 %, 0 %, 40, 210 MHz, 405 MHz, 38.10 W, 480.00 W, 1102 MiB
2026/10/09 02:40:12.304, 1, GPU-81ac6e96-0bfe-390d-beb1-241466569d6b, 0 %, 0 %, 47, 2625 MHz, 10251 MHz, 75.81 W, 480.00 W, 1102 MiB
2026/10/09 02:40:13.304, 0, GPU-6c849b47-7111-9265-9d42-ff8eddc05a2d, 0 %, 0 %, 40, 210 MHz, 405 MHz, 37.97 W, 480.00 W, 1102 MiB
2026/10/09 02:40:13.305, 1, GPU-81ac6e96-0bfe-390d-beb1-241466569d6b, 0 %, 0 %, 47, 2625 MHz, 10251 MHz, 75.73 W, 480.00 W, 1102 MiB
2026/10/09 02:40:14.305, 0, GPU-6c849b47-7111-9265-9d42-ff8eddc05a2d, 0 %, 0 %, 40, 210 MHz, 405 MHz, 37.48 W, 480.00 W, 1102 MiB
2026/10/09 02:40:14.306, 1, GPU-81ac6e96-0bfe-390d-beb1-241466569d6b, 0 %, 0 %, 47, 2625 MHz, 10251 MHz, 75.64 W, 480.00 W, 1102 MiB
2026/10/09 02:40:15.306, 0, GPU-6c849b47-7111-9265-9d42-ff8eddc05a2d, 0 %, 0 %, 39, 210 MHz, 405 MHz, 37.38 W, 480.00 W, 1102 MiB
2026/10/09 02:40:15.307, 1, GPU-81ac6e96-0bfe-390d-beb1-241466569d6b, 0 %, 0 %, 47, 2625 MHz, 10251 MHz, 75.29 W, 480.00 W, 1102 MiB
2026/10/09 02:40:16.307, 0, GPU-6c849b47-7111-9265-9d42-ff8eddc05a2d, 0 %, 0 %, 39, 210 MHz, 405 MHz, 37.43 W, 480.00 W, 1102 MiB
2026/10/09 02:40:16.308, 1, GPU-81ac6e96-0bfe-390d-beb1-241466569d6b, 0 %, 0 %, 47, 2625 MHz, 10251 MHz, 75.18 W, 480.00 W, 1102 MiB
2026/10/09 02:40:17.308, 0, GPU-6c849b47-7111-9265-9d42-ff8eddc05a2d, 0 %, 0 %, 39, 210 MHz, 405 MHz, 37.39 W, 480.00 W, 1102 MiB
2026/10/09 02:40:17.309, 1, GPU-81ac6e96-0bfe-390d-beb1-241466569d6b, 0 %, 0 %, 47, 2625 MHz, 10251 MHz, 75.15 W, 480.00 W, 1102 MiB
2026/10/09 02:40:18.309, 0, GPU-6c849b47-7111-9265-9d42-ff8eddc05a2d, 0 %, 0 %, 39, 210 MHz, 405 MHz, 37.53 W, 480.00 W, 1102 MiB
2026/10/09 02:40:18.309, 1, GPU-81ac6e96-0bfe-390d-beb1-241466569d6b, 0 %, 0 %, 47, 2625 MHz, 10251 MHz, 74.95 W, 480.00 W, 1102 MiB
2026/10/09 02:40:19.310, 0, GPU-6c849b47-7111-9265-9d42-ff8eddc05a2d, 0 %, 0 %, 39, 210 MHz, 405 MHz, 37.72 W, 480.00 W, 1102 MiB
2026/10/09 02:40:19.310, 1, GPU-81ac6e96-0bfe-390d-beb1-241466569d6b, 0 %, 0 %, 47, 2625 MHz, 10251 MHz, 75.10 W, 480.00 W, 1102 MiB
2026/10/09 02:40:20.311, 0, GPU-6c849b47-7111-9265-9d42-ff8eddc05a2d, 0 %, 0 %, 39, 210 MHz, 405 MHz, 37.87 W, 480.00 W, 1102 MiB
2026/10/09 02:40:20.311, 1, GPU-81ac6e96-0bfe-390d-beb1-241466569d6b, 0 %, 0 %, 47, 2625 MHz, 10251 MHz, 75.39 W, 480.00 W, 1102 MiB
2026/10/09 02:40:21.312, 0, GPU-6c849b47-7111-9265-9d42-ff8eddc05a2d, 0 %, 0 %, 39, 210 MHz, 405 MHz, 37.99 W, 480.00 W, 1102 MiB
2026/10/09 02:40:21.312, 1, GPU-81ac6e96-0bfe-390d-beb1-241466569d6b, 0 %, 0 %, 47, 2625 MHz, 10251 MHz, 75.35 W, 480.00 W, 1102 MiB
2026/10/09 02:40:22.313, 0, GPU-6c849b47-7111-9265-9d42-ff8eddc05a2d, 0 %, 0 %, 39, 210 MHz, 405 MHz, 38.12 W, 480.00 W, 1102 MiB
2026/10/09 02:40:22.326, 1, GPU-81ac6e96-0bfe-390d-beb1-241466569d6b, 0 %, 0 %, 47, 2625 MHz, 10251 MHz, 75.17 W, 480.00 W, 1 MiB
