utc,monotonic_ns,logical_cpus,aggregate_cpu_percent,maximum_core_cpu_percent,iowait_percent
2026-10-09T01:53:45.036930+00:00,4214873190392,16,6.6958698372966206,100.0,0.0
2026-10-09T01:53:46.037305+00:00,4215873560466,16,6.879299562226391,100.0,0.0
2026-10-09T01:53:47.037696+00:00,4216873952829,16,6.75,100.0,0.0
2026-10-09T01:53:48.038110+00:00,4217874365213,16,6.629143214509068,100.0,0.0
2026-10-09T01:53:49.038498+00:00,4218874753536,16,6.629143214509068,100.0,0.0
2026-10-09T01:53:50.038845+00:00,4219875098331,16,6.75422138836773,100.0,0.18761726078799248
2026-10-09T01:53:51.039240+00:00,4220875496964,16,6.8125,100.0,0.0
2026-10-09T01:53:52.039644+00:00,4221875899889,16,6.8125,100.0,0.0
2026-10-09T01:53:53.040102+00:00,4222876360442,16,6.5625,100.0,0.0
2026-10-09T01:53:54.040511+00:00,4223876767666,16,6.862133499688085,100.0,0.0
2026-10-09T01:53:55.040943+00:00,4224877199229,16,6.683322923173017,98.01980198019803,0.24984384759525297
2026-10-09T01:53:56.041352+00:00,4225877609833,16,6.242197253433209,90.0,0.6242197253433208
2026-10-09T01:53:57.041777+00:00,4226878033386,16,6.803995006242197,50.505050505050505,0.18726591760299627
2026-10-09T01:53:58.042182+00:00,4227878441020,16,7.0536828963795255,100.0,0.0
2026-10-09T01:53:59.042565+00:00,4228878819545,16,6.683322923173017,63.0,0.06246096189881324
2026-10-09T01:54:00.042998+00:00,4229879254147,16,6.74578388507183,100.0,0.0
2026-10-09T01:54:01.043401+00:00,4230879658232,16,6.74578388507183,100.0,0.0
2026-10-09T01:54:02.043832+00:00,4231880089155,16,6.808244846970643,100.0,0.0
2026-10-09T01:54:03.044266+00:00,4232880522049,16,6.799750467872738,100.0,0.0
2026-10-09T01:54:04.044668+00:00,4233880923942,16,6.74578388507183,100.0,0.12492192379762648
2026-10-09T01:54:05.045000+00:00,4234881253636,16,6.941838649155723,100.0,0.06253908692933083
2026-10-09T01:54:06.045389+00:00,4235881643910,16,6.691682301438399,100.0,0.0
2026-10-09T01:54:07.045804+00:00,4236882059654,16,6.870705808869457,100.0,0.0
2026-10-09T01:54:08.046234+00:00,4237882491028,16,6.5625,100.0,0.125
2026-10-09T01:54:09.046637+00:00,4238882893202,16,9.460278956943602,100.0,0.0
2026-10-09T01:54:10.047047+00:00,4239883303936,16,6.8125,100.0,0.0625
2026-10-09T01:54:11.047436+00:00,4240883691949,16,6.879299562226391,100.0,0.0
2026-10-09T01:54:12.047851+00:00,4241884106023,16,6.825297432686287,100.0,0.0
2026-10-09T01:54:13.048247+00:00,4242884499386,16,6.870705808869457,100.0,0.12492192379762648
2026-10-09T01:54:14.048605+00:00,4243884854951,16,6.6958698372966206,100.0,0.0
2026-10-09T01:54:15.048889+00:00,4244885137535,16,6.633291614518147,100.0,0.18773466833541927
2026-10-09T01:54:16.049185+00:00,4245885433969,16,6.508135168961202,100.0,0.0
2026-10-09T01:54:17.049458+00:00,4246885707643,16,6.6958698372966206,100.0,0.0
2026-10-09T01:54:18.049749+00:00,4247886011208,16,6.6875,100.0,0.0
2026-10-09T01:54:19.050013+00:00,4248886261771,16,6.570713391739675,100.0,0.0
2026-10-09T01:54:20.050286+00:00,4249886535117,16,7.004377736085053,100.0,0.06253908692933083
2026-10-09T01:54:21.050610+00:00,4250886860700,16,6.758448060075094,100.0,0.0
2026-10-09T01:54:22.051056+00:00,4251887310834,16,6.808244846970643,100.0,0.0
2026-10-09T01:54:23.051446+00:00,4252887700058,16,6.629143214509068,100.0,0.0
2026-10-09T01:54:24.051876+00:00,4253888132221,16,6.6875,100.0,0.0
2026-10-09T01:54:25.052266+00:00,4254888520395,16,6.6875,100.0,0.0
2026-10-09T01:54:26.052656+00:00,4255888912509,16,6.6875,100.0,0.0
2026-10-09T01:54:27.053073+00:00,4256889329613,16,6.875,100.0,0.25
2026-10-09T01:54:28.053415+00:00,4257889670006,16,6.75,100.0,0.0
2026-10-09T01:54:29.053774+00:00,4258890030170,16,6.691682301438399,100.0,0.0
2026-10-09T01:54:30.054175+00:00,4259890431334,16,6.629143214509068,100.0,0.0
2026-10-09T01:54:31.054560+00:00,4260890816278,16,6.629143214509068,100.0,0.0
2026-10-09T01:54:32.055030+00:00,4261891287642,16,6.991260923845194,100.0,0.18726591760299627
2026-10-09T01:54:33.055429+00:00,4262891684696,16,6.574827802128992,100.0,0.06261740763932373
2026-10-09T01:54:34.055773+00:00,4263892027119,16,6.75,100.0,0.0
2026-10-09T01:54:35.056178+00:00,4264892433833,16,6.821026282853567,100.0,0.0
2026-10-09T01:54:36.056582+00:00,4265892838787,16,6.75,100.0,0.0
2026-10-09T01:54:37.056932+00:00,4266893185852,16,6.6958698372966206,100.0,0.0
2026-10-09T01:54:38.057316+00:00,4267893571075,16,6.566604127579738,100.0,0.12507817385866166
2026-10-09T01:54:39.057717+00:00,4268893972079,16,6.566604127579738,100.0,0.0
2026-10-09T01:54:40.058140+00:00,4269894396342,16,6.566604127579738,100.0,0.0
2026-10-09T01:54:41.058543+00:00,4270894798226,16,6.803995006242197,100.0,0.0
2026-10-09T01:54:42.058970+00:00,4271895226080,16,6.88360450563204,100.0,0.0
2026-10-09T01:54:43.059377+00:00,4272895633463,16,6.879299562226391,100.0,0.06253908692933083
2026-10-09T01:54:44.059790+00:00,4273896045528,16,6.625,100.0,0.125
2026-10-09T01:54:45.060216+00:00,4274896471350,16,6.570713391739675,100.0,0.0
2026-10-09T01:54:46.060603+00:00,4275896858595,16,6.625,100.0,0.0
2026-10-09T01:54:47.060984+00:00,4276897238198,16,6.6958698372966206,100.0,0.0
2026-10-09T01:54:48.061358+00:00,4277897613483,16,6.683322923173017,100.0,0.0
2026-10-09T01:54:49.061695+00:00,4278897948706,16,7.906114885731934,100.0,0.06176652254478073
2026-10-09T01:54:50.062108+00:00,4279898364691,16,6.75422138836773,100.0,0.12507817385866166
2026-10-09T01:54:51.062439+00:00,4280898692644,16,6.629143214509068,100.0,0.0
2026-10-09T01:54:52.062773+00:00,4281899028049,16,9.300911854103344,100.0,0.0
2026-10-09T01:54:53.063167+00:00,4282899422982,16,6.629143214509068,100.0,0.0
2026-10-09T01:54:54.063563+00:00,4283899819607,16,6.629143214509068,100.0,0.12507817385866166
2026-10-09T01:54:55.063957+00:00,4284900213890,16,6.74578388507183,100.0,0.0
2026-10-09T01:54:56.064280+00:00,4285900533084,16,6.683322923173017,100.0,0.0
2026-10-09T01:54:57.064651+00:00,4286900907588,16,6.879299562226391,100.0,0.0
2026-10-09T01:54:58.065070+00:00,4287901324531,16,6.758448060075094,100.0,0.0
2026-10-09T01:54:59.065481+00:00,4288901737505,16,6.741573033707865,100.0,0.3121098626716604
2026-10-09T01:55:00.065941+00:00,4289902198598,16,6.74578388507183,100.0,0.0
2026-10-09T01:55:01.066341+00:00,4290902596313,16,6.683322923173017,100.0,0.0
2026-10-09T01:55:02.066774+00:00,4291903029756,16,6.691682301438399,100.0,0.0
2026-10-09T01:55:03.067236+00:00,4292903494210,16,6.625,100.0,0.0
2026-10-09T01:55:04.067587+00:00,4293903841564,16,6.6958698372966206,100.0,0.18773466833541927
2026-10-09T01:55:05.068026+00:00,4294904283388,16,6.762680025046963,100.0,0.0
2026-10-09T01:55:06.068357+00:00,4295904610701,16,6.6875,100.0,0.0
2026-10-09T01:55:07.068742+00:00,4296905011965,16,6.8125,100.0,0.125
2026-10-09T01:55:08.069171+00:00,4297905425979,16,6.566604127579738,100.0,0.0
2026-10-09T01:55:09.069566+00:00,4298905821573,16,6.570713391739675,100.0,0.0
2026-10-09T01:55:10.069898+00:00,4299906150697,16,6.629143214509068,100.0,0.0
2026-10-09T01:55:11.070282+00:00,4300906537210,16,7.040498442367602,100.0,0.0
2026-10-09T01:55:12.070680+00:00,4301906937235,16,6.995627732667083,100.0,0.18738288569643974
2026-10-09T01:55:13.071020+00:00,4302907274818,16,6.75422138836773,100.0,0.0
2026-10-09T01:55:14.071409+00:00,4303907664952,16,6.512210394489668,100.0,0.0
2026-10-09T01:55:15.071825+00:00,4304908081356,16,6.737367436057393,100.0,0.0
2026-10-09T01:55:16.072215+00:00,4305908470560,16,6.6875,100.0,0.0
2026-10-09T01:55:17.072612+00:00,4306908868104,16,6.6958698372966206,100.0,0.0625782227784731
2026-10-09T01:55:18.073038+00:00,4307909294777,16,6.683322923173017,100.0,0.0
2026-10-09T01:55:19.073440+00:00,4308909695651,16,7.2274143302180685,100.0,0.0
2026-10-09T01:55:20.073899+00:00,4309910162584,16,6.870705808869457,100.0,0.18738288569643974
2026-10-09T01:55:21.074306+00:00,4310910562968,16,6.691682301438399,100.0,0.0
2026-10-09T01:55:22.074700+00:00,4311910954961,16,6.75,100.0,0.125
2026-10-09T01:55:23.075127+00:00,4312911382706,16,6.625,100.0,0.0
2026-10-09T01:55:24.075571+00:00,4313911828119,16,6.6875,100.0,0.0
2026-10-09T01:55:25.076047+00:00,4314912303283,16,6.629143214509068,100.0,0.0
2026-10-09T01:55:26.076371+00:00,4315912624407,16,6.1875,88.11881188118812,0.625
2026-10-09T01:55:27.076805+00:00,4316913071361,16,6.870705808869457,58.0,0.18738288569643974
2026-10-09T01:55:28.077268+00:00,4317913524044,16,6.75,100.0,0.0
2026-10-09T01:55:29.077592+00:00,4318913845358,16,8.98876404494382,52.577319587628864,0.12484394506866417
2026-10-09T01:55:30.077985+00:00,4319914240472,16,12.9375,100.0,0.0
2026-10-09T01:55:31.078376+00:00,4320914633166,16,13.054341036851968,100.0,0.0
2026-10-09T01:55:32.078784+00:00,4321915039759,16,13.271028037383177,100.0,0.0
2026-10-09T01:55:33.079126+00:00,4322915380874,16,13.295880149812733,100.0,0.0
2026-10-09T01:55:34.079452+00:00,4323915706248,16,13.49156777014366,100.0,0.3747657713928795
2026-10-09T01:55:35.079769+00:00,4324916021982,16,13.30418488444722,100.0,0.12492192379762648
2026-10-09T01:55:36.080152+00:00,4325916409075,16,13.0,100.0,0.0
2026-10-09T01:55:37.080529+00:00,4326916785360,16,13.054341036851968,100.0,0.0
2026-10-09T01:55:38.080881+00:00,4327917135614,16,12.991880074953155,100.0,0.0
2026-10-09T01:55:39.081263+00:00,4328917517558,16,13.100436681222707,100.0,0.06238303181534623
2026-10-09T01:55:40.081638+00:00,4329917892942,16,12.875,100.0,0.0
2026-10-09T01:55:41.082041+00:00,4330918296635,16,13.387297633872976,100.0,0.0
2026-10-09T01:55:42.082455+00:00,4331918711249,16,13.320825515947467,100.0,0.0
2026-10-09T01:55:43.082809+00:00,4332919065883,16,13.11680199875078,100.0,0.0
2026-10-09T01:55:44.083081+00:00,4333919330347,16,13.046192259675406,100.0,0.12484394506866417
2026-10-09T01:55:45.083375+00:00,4334919624391,16,13.154613466334165,100.0,0.0
2026-10-09T01:55:46.083667+00:00,4335919916295,16,12.945590994371482,100.0,0.0
2026-10-09T01:55:47.083983+00:00,4336920233629,16,13.125,100.0,0.0
2026-10-09T01:55:48.084302+00:00,4337920553364,16,12.820512820512821,100.0,0.0
2026-10-09T01:55:49.084620+00:00,4338920870068,16,13.195747342088806,100.0,0.06253908692933083
2026-10-09T01:55:50.084985+00:00,4339921239372,16,13.0625,100.0,0.1875
2026-10-09T01:55:51.085375+00:00,4340921630845,16,12.891113892365457,100.0,0.0
2026-10-09T01:55:52.085778+00:00,4341922034830,16,13.008130081300813,100.0,0.0
2026-10-09T01:55:53.086122+00:00,4342922377313,16,12.883051907442152,100.0,0.0
2026-10-09T01:55:54.086508+00:00,4343922765418,16,13.108614232209737,100.0,0.0
2026-10-09T01:55:55.086912+00:00,4344923168511,16,13.046192259675406,100.0,0.18726591760299627
2026-10-09T01:55:56.087328+00:00,4345923583315,16,13.39563862928349,100.0,0.12461059190031153
2026-10-09T01:55:57.087736+00:00,4346923992038,16,13.412351840299438,100.0,0.0
2026-10-09T01:55:58.088030+00:00,4347924280092,16,13.17103620474407,100.0,0.0
2026-10-09T01:55:59.088301+00:00,4348924549547,16,12.991880074953155,100.0,0.0
2026-10-09T01:56:00.088666+00:00,4349924920860,16,12.92941911305434,100.0,0.0
2026-10-09T01:56:01.089073+00:00,4350925328475,16,13.154613466334165,100.0,0.18703241895261846
2026-10-09T01:56:02.089413+00:00,4351925663628,16,13.271028037383177,100.0,0.0
2026-10-09T01:56:03.089679+00:00,4352925927923,16,13.241723922548408,100.0,0.06246096189881324
2026-10-09T01:56:04.089941+00:00,4353926189606,16,13.195747342088806,100.0,0.0
2026-10-09T01:56:05.090195+00:00,4354926443612,16,13.0,100.0,0.0
2026-10-09T01:56:06.090444+00:00,4355926692725,16,12.92941911305434,100.0,0.12492192379762648
2026-10-09T01:56:07.090693+00:00,4356926942250,16,13.008130081300813,100.0,0.0
2026-10-09T01:56:08.091074+00:00,4357927329554,16,13.49156777014366,100.0,0.0
2026-10-09T01:56:09.091491+00:00,4358927746888,16,12.991880074953155,100.0,0.0
2026-10-09T01:56:10.091899+00:00,4359928155111,16,13.008130081300813,100.0,0.0
2026-10-09T01:56:11.092313+00:00,4360928570245,16,13.233458177278402,100.0,0.18726591760299627
2026-10-09T01:56:12.092706+00:00,4361928963469,16,13.266583229036295,100.0,0.0
2026-10-09T01:56:13.093135+00:00,4362929391563,16,13.0625,100.0,0.0
2026-10-09T01:56:14.093491+00:00,4363929745886,16,10.631644777986242,100.0,0.37523452157598497
2026-10-09T01:56:15.093921+00:00,4364930175180,16,6.570713391739675,100.0,0.0
2026-10-09T01:56:16.094325+00:00,4365930581213,16,6.2460961898813245,91.91919191919192,0.49968769519050593
2026-10-09T01:56:17.094703+00:00,4366930959778,16,6.75422138836773,96.03960396039604,0.0
2026-10-09T01:56:18.095130+00:00,4367931386732,16,6.866416978776529,100.0,0.0
2026-10-09T01:56:19.095575+00:00,4368931831175,16,11.680199875078076,75.0,0.12492192379762648
2026-10-09T01:56:20.095889+00:00,4369932137699,16,13.11680199875078,100.0,0.06246096189881324
2026-10-09T01:56:21.096275+00:00,4370932529053,16,12.883051907442152,100.0,0.0
2026-10-09T01:56:22.096578+00:00,4371932827347,16,13.179262960649593,100.0,0.0
2026-10-09T01:56:23.096863+00:00,4372933111701,16,12.820512820512821,100.0,0.0
2026-10-09T01:56:24.097186+00:00,4373933436625,16,13.046192259675406,100.0,0.12484394506866417
2026-10-09T01:56:25.097473+00:00,4374933721639,16,13.046192259675406,100.0,0.0
2026-10-09T01:56:26.097671+00:00,4375933918434,16,13.295880149812733,100.0,0.0
2026-10-09T01:56:27.097877+00:00,4376934124368,16,13.133208255159476,100.0,0.0
2026-10-09T01:56:28.098137+00:00,4377934387033,16,12.945590994371482,100.0,0.0
2026-10-09T01:56:29.098392+00:00,4378934641276,16,12.9375,100.0,0.0625
2026-10-09T01:56:30.098722+00:00,4379934971911,16,13.154613466334165,100.0,0.0
2026-10-09T01:56:31.099018+00:00,4380935267185,16,13.046192259675406,100.0,0.12484394506866417
2026-10-09T01:56:32.099270+00:00,4381935518880,16,13.17103620474407,100.0,0.062421972534332085
2026-10-09T01:56:33.099512+00:00,4382935760893,16,13.17103620474407,100.0,0.0
2026-10-09T01:56:34.099779+00:00,4383936028379,16,13.133208255159476,100.0,0.0
2026-10-09T01:56:35.100040+00:00,4384936288482,16,13.008130081300813,100.0,0.37523452157598497
2026-10-09T01:56:36.100235+00:00,4385936482577,16,13.0,100.0,0.0
2026-10-09T01:56:37.100525+00:00,4386936779961,16,13.2252027448534,100.0,0.0
2026-10-09T01:56:38.100832+00:00,4387937084916,16,13.208722741433021,100.0,0.0
2026-10-09T01:56:39.101133+00:00,4388937389179,16,13.046192259675406,100.0,0.0
2026-10-09T01:56:40.101437+00:00,4389937690964,16,13.08411214953271,100.0,0.3115264797507788
2026-10-09T01:56:41.101730+00:00,4390937985658,16,13.1875,100.0,0.0
2026-10-09T01:56:42.102083+00:00,4391938335642,16,13.070669168230143,100.0,0.06253908692933083
2026-10-09T01:56:43.102367+00:00,4392938615655,16,13.5,100.0,0.0
2026-10-09T01:56:44.102657+00:00,4393938906821,16,13.100436681222707,100.0,0.0
2026-10-09T01:56:45.103003+00:00,4394939253034,16,13.054341036851968,100.0,0.12492192379762648
2026-10-09T01:56:46.103345+00:00,4395939595658,16,13.046192259675406,100.0,0.0
2026-10-09T01:56:47.103560+00:00,4396939807752,16,13.108614232209737,100.0,0.0
2026-10-09T01:56:48.103787+00:00,4397940034887,16,13.054341036851968,100.0,0.12492192379762648
2026-10-09T01:56:49.104162+00:00,4398940417271,16,13.3125,100.0,0.0
2026-10-09T01:56:50.104497+00:00,4399940746765,16,13.1875,100.0,0.1875
2026-10-09T01:56:51.104786+00:00,4400941034899,16,12.828535669586984,100.0,0.0
2026-10-09T01:56:52.105125+00:00,4401941375114,16,13.008130081300813,100.0,0.0
2026-10-09T01:56:53.105389+00:00,4402941637637,16,12.891113892365457,100.0,0.0
2026-10-09T01:56:54.105649+00:00,4403941897342,16,12.828535669586984,100.0,0.0
2026-10-09T01:56:55.105963+00:00,4404942212456,16,12.883051907442152,100.0,0.0
2026-10-09T01:56:56.106199+00:00,4405942446671,16,13.445903689806128,100.0,0.06253908692933083
2026-10-09T01:56:57.106594+00:00,4406942849613,16,13.320825515947467,100.0,0.0
2026-10-09T01:56:58.107043+00:00,4407943299788,16,12.891113892365457,100.0,0.0
2026-10-09T01:56:59.107458+00:00,4408943714241,16,12.891113892365457,100.0,0.0
2026-10-09T01:57:00.107890+00:00,4409944146995,16,13.054341036851968,100.0,0.0
2026-10-09T01:57:01.108327+00:00,4410944585399,16,12.695434646654158,100.0,0.4377736085053158
2026-10-09T01:57:02.108775+00:00,4411945032522,16,10.450563204005006,100.0,0.4380475594493116
2026-10-09T01:57:03.109206+00:00,4412945464366,16,6.75422138836773,100.0,0.0
2026-10-09T01:57:04.109607+00:00,4413945862409,16,6.504065040650406,92.92929292929293,0.5003126954346466
2026-10-09T01:57:05.110082+00:00,4414946338734,16,6.758448060075094,95.0,0.0
2026-10-09T01:57:06.110517+00:00,4415946772647,16,6.629143214509068,100.0,0.0
2026-10-09T01:57:07.110893+00:00,4416947148371,16,7.191994996873046,72.0,0.18761726078799248
2026-10-09T01:57:08.111253+00:00,4417947506784,16,7.066916823014384,100.0,0.0
2026-10-09T01:57:09.111573+00:00,4418947822559,16,6.629143214509068,100.0,0.0
2026-10-09T01:57:10.111985+00:00,4419948235232,16,6.637445209768315,100.0,0.0
2026-10-09T01:57:11.112253+00:00,4420948501437,16,7.1875,100.0,0.0
2026-10-09T01:57:12.112523+00:00,4421948772191,16,6.954887218045113,100.0,0.0
2026-10-09T01:57:13.112821+00:00,4422949072646,16,7.0536828963795255,100.0,0.0
2026-10-09T01:57:14.113125+00:00,4423949378539,16,6.8125,100.0,0.0
2026-10-09T01:57:15.113456+00:00,4424949709854,16,6.75422138836773,100.0,0.0
2026-10-09T01:57:16.113801+00:00,4425950065097,16,6.633291614518147,100.0,0.0
2026-10-09T01:57:17.114196+00:00,4426950451222,16,6.9375,100.0,0.0
2026-10-09T01:57:18.114582+00:00,4427950837165,16,6.982543640897756,100.0,0.12468827930174564
2026-10-09T01:57:19.114951+00:00,4428951204070,16,6.88791484032561,100.0,0.0
2026-10-09T01:57:20.115322+00:00,4429951577523,16,6.6958698372966206,100.0,0.0
2026-10-09T01:57:21.115707+00:00,4430951962036,16,6.691682301438399,100.0,0.0
2026-10-09T01:57:22.116092+00:00,4431952348400,16,6.8125,100.0,0.0
2026-10-09T01:57:23.116477+00:00,4432952733534,16,6.637445209768315,100.0,0.06261740763932373
2026-10-09T01:57:24.116808+00:00,4433953061828,16,6.691682301438399,100.0,0.06253908692933083
2026-10-09T01:57:25.117195+00:00,4434953450692,16,6.75,100.0,0.0
2026-10-09T01:57:26.117507+00:00,4435953760056,16,7.008760951188986,100.0,0.0
2026-10-09T01:57:27.117851+00:00,4436954107700,16,6.93316677076827,100.0,0.0
2026-10-09T01:57:28.118256+00:00,4437954511974,16,6.691682301438399,100.0,0.0
2026-10-09T01:57:29.118585+00:00,4438954838278,16,6.691682301438399,100.0,0.06253908692933083
2026-10-09T01:57:30.119040+00:00,4439955296062,16,6.924516531503431,100.0,0.0
2026-10-09T01:57:31.119408+00:00,4440955662185,16,6.691682301438399,100.0,0.0
2026-10-09T01:57:32.119828+00:00,4441956107350,16,6.75422138836773,100.0,0.0
2026-10-09T01:57:33.120175+00:00,4442956428503,16,6.75422138836773,100.0,0.06253908692933083
2026-10-09T01:57:34.120495+00:00,4443956749878,16,7.0,100.0,0.125
2026-10-09T01:57:35.120961+00:00,4444957217071,16,7.0,100.0,0.0
2026-10-09T01:57:36.121335+00:00,4445957588815,16,6.691682301438399,100.0,0.0
2026-10-09T01:57:37.121732+00:00,4446957987348,16,6.821026282853567,100.0,0.0
2026-10-09T01:57:38.122123+00:00,4447958377732,16,6.574827802128992,100.0,0.0
2026-10-09T01:57:39.122456+00:00,4448958708536,16,6.808244846970643,100.0,0.0
2026-10-09T01:57:40.122790+00:00,4449959043050,16,6.870705808869457,100.0,0.12492192379762648
2026-10-09T01:57:41.123178+00:00,4450959433964,16,6.88791484032561,100.0,0.0
2026-10-09T01:57:42.123556+00:00,4451959811397,16,6.821026282853567,100.0,0.0
2026-10-09T01:57:43.123884+00:00,4452960137823,16,6.758448060075094,100.0,0.2503128911138924
2026-10-09T01:57:44.124357+00:00,4453960613385,16,6.6958698372966206,100.0,0.0
2026-10-09T01:57:45.124737+00:00,4454960988540,16,6.691682301438399,100.0,0.18761726078799248
2026-10-09T01:57:46.125095+00:00,4455961345833,16,6.6958698372966206,100.0,0.0
2026-10-09T01:57:47.125489+00:00,4456961739498,16,6.821026282853567,100.0,0.0
2026-10-09T01:57:48.125814+00:00,4457962063861,16,6.9375,100.0,0.0
2026-10-09T01:57:49.126028+00:00,4458962275546,16,6.816760475297061,100.0,0.0
2026-10-09T01:57:50.126353+00:00,4459962604269,16,6.821026282853567,100.0,0.2503128911138924
2026-10-09T01:57:51.126698+00:00,4460962949344,16,6.633291614518147,100.0,0.0
2026-10-09T01:57:52.127057+00:00,4461963307448,16,6.75422138836773,100.0,0.0
2026-10-09T01:57:53.127457+00:00,4462963711472,16,6.629143214509068,100.0,0.0
2026-10-09T01:57:54.127859+00:00,4463964113585,16,6.821026282853567,100.0,0.0
2026-10-09T01:57:55.128247+00:00,4464964502638,16,6.691682301438399,100.0,0.18761726078799248
2026-10-09T01:57:56.128641+00:00,4465964897283,16,6.8125,100.0,0.0
2026-10-09T01:57:57.129035+00:00,4466965292817,16,6.875,100.0,0.0
2026-10-09T01:57:58.129432+00:00,4467965689691,16,6.566604127579738,100.0,0.0
2026-10-09T01:57:59.129842+00:00,4468966098434,16,6.570713391739675,100.0,0.0
2026-10-09T01:58:00.130156+00:00,4469966410559,16,6.629143214509068,100.0,0.0
2026-10-09T01:58:01.130543+00:00,4470966801492,16,6.691682301438399,100.0,0.12507817385866166
2026-10-09T01:58:02.130973+00:00,4471967225386,16,6.75422138836773,100.0,0.0
2026-10-09T01:58:03.131323+00:00,4472967574449,16,6.9461827284105135,100.0,0.0
2026-10-09T01:58:04.131606+00:00,4473967855375,16,6.75422138836773,100.0,0.0
2026-10-09T01:58:05.132005+00:00,4474968257448,16,6.995627732667083,100.0,0.0
2026-10-09T01:58:06.132364+00:00,4475968614872,16,6.75422138836773,100.0,0.31269543464665417
2026-10-09T01:58:07.132753+00:00,4476969021085,16,6.816760475297061,100.0,0.0
2026-10-09T01:58:08.133178+00:00,4477969435530,16,6.629143214509068,100.0,0.0
2026-10-09T01:58:09.133569+00:00,4478969828063,16,6.75422138836773,100.0,0.0
2026-10-09T01:58:10.134025+00:00,4479970282566,16,6.816760475297061,100.0,0.0
2026-10-09T01:58:11.134369+00:00,4480970624480,16,6.8125,100.0,0.125
2026-10-09T01:58:12.134772+00:00,4481971031204,16,6.75422138836773,100.0,0.0
2026-10-09T01:58:13.135159+00:00,4482971414208,16,6.88360450563204,100.0,0.0625782227784731
2026-10-09T01:58:14.135548+00:00,4483971804002,16,6.629143214509068,100.0,0.0
2026-10-09T01:58:15.135978+00:00,4484972238566,16,6.629143214509068,100.0,0.12507817385866166
2026-10-09T01:58:16.136390+00:00,4485972645820,16,6.6875,100.0,0.0
2026-10-09T01:58:17.136785+00:00,4486973048263,16,6.762680025046963,100.0,0.06261740763932373
2026-10-09T01:58:18.137162+00:00,4487973417267,16,6.875,100.0,0.0
2026-10-09T01:58:19.137545+00:00,4488973801891,16,6.6875,100.0,0.125
2026-10-09T01:58:20.137963+00:00,4489974219875,16,6.629143214509068,100.0,0.0
2026-10-09T01:58:21.138362+00:00,4490974620339,16,6.570713391739675,100.0,0.0
2026-10-09T01:58:22.138783+00:00,4491975052472,16,6.691682301438399,100.0,0.18761726078799248
2026-10-09T01:58:23.139194+00:00,4492975451856,16,6.629143214509068,100.0,0.0
2026-10-09T01:58:24.139599+00:00,4493975854280,16,6.570713391739675,100.0,0.0
2026-10-09T01:58:25.140008+00:00,4494976264803,16,6.816760475297061,100.0,0.0
2026-10-09T01:58:26.140397+00:00,4495976653267,16,6.8125,100.0,0.0
2026-10-09T01:58:27.140790+00:00,4496977053151,16,6.866416978776529,100.0,0.0
2026-10-09T01:58:28.141205+00:00,4497977461155,16,6.629143214509068,100.0,0.0
2026-10-09T01:58:29.141604+00:00,4498977860768,16,6.566604127579738,100.0,0.0
2026-10-09T01:58:30.142021+00:00,4499978276042,16,6.683322923173017,100.0,0.0
2026-10-09T01:58:31.142407+00:00,4500978664486,16,6.629143214509068,100.0,0.0
2026-10-09T01:58:32.142728+00:00,4501978980090,16,7.133917396745932,100.0,0.0
2026-10-09T01:58:33.143123+00:00,4502979380884,16,6.508135168961202,98.0,0.18773466833541927
2026-10-09T01:58:34.143537+00:00,4503979794868,16,6.253908692933083,91.91919191919192,0.5003126954346466
2026-10-09T01:58:35.143963+00:00,4504980221391,16,6.75,88.0,0.0625
2026-10-09T01:58:36.144358+00:00,4505980615415,16,6.683322923173017,100.0,0.12492192379762648
2026-10-09T01:58:37.144747+00:00,4506981014379,16,6.862133499688085,70.0,0.06238303181534623
2026-10-09T01:58:38.145153+00:00,4507981409432,16,6.629143214509068,100.0,0.0
2026-10-09T01:58:39.145551+00:00,4508981807327,16,6.629143214509068,78.0,0.0
2026-10-09T01:58:40.145963+00:00,4509982218910,16,7.0,100.0,0.0
2026-10-09T01:58:41.146358+00:00,4510982614494,16,7.125,100.0,0.0
2026-10-09T01:58:42.146681+00:00,4511982934658,16,6.75422138836773,100.0,0.0
2026-10-09T01:58:43.147017+00:00,4512983271802,16,6.629143214509068,100.0,0.2501563477173233
2026-10-09T01:58:44.147394+00:00,4513983652376,16,6.75,100.0,0.0
2026-10-09T01:58:45.147723+00:00,4514983978989,16,6.629143214509068,100.0,0.0
2026-10-09T01:58:46.148129+00:00,4515984384994,16,6.6875,100.0,0.0
2026-10-09T01:58:47.148475+00:00,4516984730668,16,6.88360450563204,100.0,0.0625782227784731
2026-10-09T01:58:48.148882+00:00,4517985138482,16,6.875,100.0,0.0
2026-10-09T01:58:49.149280+00:00,4518985536415,16,6.6958698372966206,100.0,0.0
2026-10-09T01:58:50.149666+00:00,4519985922319,16,6.566604127579738,100.0,0.0
2026-10-09T01:58:51.150008+00:00,4520986262393,16,6.88360450563204,100.0,0.0
2026-10-09T01:58:52.150386+00:00,4521986643877,16,6.625,100.0,0.125
2026-10-09T01:58:53.150807+00:00,4522987065800,16,6.633291614518147,100.0,0.0625782227784731
2026-10-09T01:58:54.151215+00:00,4523987472515,16,6.683322923173017,100.0,0.0
2026-10-09T01:58:55.151528+00:00,4524987781528,16,6.825297432686287,100.0,0.06261740763932373
2026-10-09T01:58:56.151926+00:00,4525988182762,16,6.808244846970643,100.0,0.06246096189881324
2026-10-09T01:58:57.152317+00:00,4526988573556,16,6.808244846970643,100.0,0.0
2026-10-09T01:58:58.152705+00:00,4527988960301,16,6.6875,100.0,0.0625
2026-10-09T01:58:59.153045+00:00,4528989299184,16,6.629143214509068,100.0,0.0
2026-10-09T01:59:00.153428+00:00,4529989683797,16,6.633291614518147,100.0,0.0
2026-10-09T01:59:01.153784+00:00,4530990043302,16,6.6875,100.0,0.0
2026-10-09T01:59:02.154089+00:00,4531990344025,16,6.9461827284105135,100.0,0.0
2026-10-09T01:59:03.154397+00:00,4532990650560,16,6.6958698372966206,100.0,0.0
2026-10-09T01:59:04.154823+00:00,4533991083084,16,6.691682301438399,100.0,0.0
2026-10-09T01:59:05.155304+00:00,4534991561767,16,6.6875,100.0,0.0
2026-10-09T01:59:06.155675+00:00,4535991927021,16,6.629143214509068,100.0,0.12507817385866166
2026-10-09T01:59:07.156087+00:00,4536992342925,16,6.75422138836773,100.0,0.0
2026-10-09T01:59:08.156477+00:00,4537992733819,16,6.629143214509068,100.0,0.0
2026-10-09T01:59:09.156843+00:00,4538993100873,16,6.691682301438399,100.0,0.06253908692933083
2026-10-09T01:59:10.157171+00:00,4539993425607,16,7.004377736085053,100.0,0.0
2026-10-09T01:59:11.157550+00:00,4540993806364,16,6.75422138836773,100.0,0.0
2026-10-09T01:59:12.157892+00:00,4541994145844,16,6.691682301438399,100.0,0.0
2026-10-09T01:59:13.158265+00:00,4542994520634,16,6.570713391739675,100.0,0.0
2026-10-09T01:59:14.158653+00:00,4543994910434,16,6.629143214509068,100.0,0.0
2026-10-09T01:59:15.158998+00:00,4544995253613,16,6.574827802128992,100.0,0.06261740763932373
2026-10-09T01:59:16.159376+00:00,4545995631714,16,6.799750467872738,100.0,0.0
2026-10-09T01:59:17.159741+00:00,4546996015033,16,6.821026282853567,100.0,0.0
2026-10-09T01:59:18.160159+00:00,4547996414984,16,6.816760475297061,100.0,0.0
2026-10-09T01:59:19.160485+00:00,4548996740453,16,7.040498442367602,100.0,0.0
2026-10-09T01:59:20.160887+00:00,4549997143464,16,6.566604127579738,100.0,0.18761726078799248
2026-10-09T01:59:21.161206+00:00,4550997462034,16,6.691682301438399,100.0,0.0
2026-10-09T01:59:22.161596+00:00,4551997853504,16,6.870705808869457,100.0,0.0
2026-10-09T01:59:23.162044+00:00,4552998300893,16,6.803995006242197,100.0,0.0
2026-10-09T01:59:24.162429+00:00,4553998685513,16,6.691682301438399,100.0,0.0
2026-10-09T01:59:25.162849+00:00,4554999112893,16,6.879299562226391,100.0,0.0
2026-10-09T01:59:26.163268+00:00,4555999525023,16,6.808244846970643,100.0,0.12492192379762648
2026-10-09T01:59:27.163586+00:00,4556999840813,16,6.691682301438399,100.0,0.0
2026-10-09T01:59:28.164031+00:00,4558000288084,16,6.625,100.0,0.0
2026-10-09T01:59:29.164362+00:00,4559000617503,16,6.629143214509068,100.0,0.0
2026-10-09T01:59:30.164750+00:00,4560001021753,16,6.629143214509068,100.0,0.0
2026-10-09T01:59:31.165167+00:00,4561001423323,16,6.633291614518147,100.0,0.0625782227784731
2026-10-09T01:59:32.165557+00:00,4562001812793,16,7.0,100.0,0.0
2026-10-09T01:59:33.165964+00:00,4563002218532,16,6.8125,100.0,0.125
2026-10-09T01:59:34.166345+00:00,4564002602752,16,6.629143214509068,100.0,0.0
2026-10-09T01:59:35.166726+00:00,4565002981363,16,6.629143214509068,100.0,0.0
2026-10-09T01:59:36.167146+00:00,4566003402342,16,6.803995006242197,100.0,0.0
2026-10-09T01:59:37.167551+00:00,4567003807472,16,7.004377736085053,100.0,0.06253908692933083
2026-10-09T01:59:38.167979+00:00,4568004242382,16,6.566604127579738,100.0,0.0
2026-10-09T01:59:39.168385+00:00,4569004640522,16,6.928838951310861,100.0,0.0
2026-10-09T01:59:40.168802+00:00,4570005058951,16,7.568238213399503,100.0,0.0
2026-10-09T01:59:41.169113+00:00,4571005369252,16,6.808244846970643,100.0,0.0
2026-10-09T01:59:42.169487+00:00,4572005743403,16,6.74578388507183,100.0,0.24984384759525297
2026-10-09T01:59:43.169854+00:00,4573006110872,16,6.633291614518147,100.0,0.0
2026-10-09T01:59:44.170244+00:00,4574006502462,16,6.691682301438399,100.0,0.0
2026-10-09T01:59:45.170548+00:00,4575006802452,16,6.879299562226391,100.0,0.0
2026-10-09T01:59:46.170962+00:00,4576007219342,16,6.691682301438399,100.0,0.0
2026-10-09T01:59:47.171352+00:00,4577007608423,16,7.12054965646471,100.0,0.0
2026-10-09T01:59:48.171741+00:00,4578008008642,16,6.816760475297061,100.0,0.0
2026-10-09T01:59:49.172067+00:00,4579008322143,16,6.625,100.0,0.0
2026-10-09T01:59:50.172368+00:00,4580008622572,16,6.629143214509068,100.0,0.06253908692933083
2026-10-09T01:59:51.172676+00:00,4581008929452,16,6.995627732667083,100.0,0.0
2026-10-09T01:59:52.173068+00:00,4582009327092,16,6.75,100.0,0.0
2026-10-09T01:59:53.173383+00:00,4583009638563,16,6.633291614518147,100.0,0.18773466833541927
2026-10-09T01:59:54.173774+00:00,4584010031213,16,6.870705808869457,100.0,0.0
2026-10-09T01:59:55.174087+00:00,4585010342603,16,6.875,100.0,0.0
2026-10-09T01:59:56.174464+00:00,4586010721123,16,6.633291614518147,100.0,0.0
2026-10-09T01:59:57.174866+00:00,4587011124283,16,6.629143214509068,100.0,0.0
2026-10-09T01:59:58.175258+00:00,4588011513432,16,6.6875,100.0,0.0
2026-10-09T01:59:59.175650+00:00,4589011906633,16,6.816760475297061,100.0,0.0
2026-10-09T02:00:00.176084+00:00,4590012339832,16,6.566604127579738,100.0,0.0
2026-10-09T02:00:01.176475+00:00,4591012730732,16,6.691682301438399,100.0,0.0
2026-10-09T02:00:02.176818+00:00,4592013072842,16,7.191994996873046,100.0,0.0
2026-10-09T02:00:03.177213+00:00,4593013469632,16,6.8125,100.0,0.0625
2026-10-09T02:00:04.177648+00:00,4594013906942,16,6.629143214509068,100.0,0.12507817385866166
2026-10-09T02:00:05.178052+00:00,4595014309962,16,6.629143214509068,100.0,0.0
2026-10-09T02:00:06.178438+00:00,4596014694812,16,6.570713391739675,100.0,0.0
2026-10-09T02:00:07.178857+00:00,4597015115051,16,6.1991233562930494,91.08910891089108,0.43832185347526614
2026-10-09T02:00:08.179185+00:00,4598015438362,16,6.629143214509068,73.52941176470588,0.12507817385866166
2026-10-09T02:00:09.179481+00:00,4599015735782,16,6.88360450563204,100.0,0.0
2026-10-09T02:00:10.179798+00:00,4600016051072,16,10.5,53.535353535353536,0.125
2026-10-09T02:00:11.180180+00:00,4601016436623,16,12.883051907442152,100.0,0.0
2026-10-09T02:00:12.180543+00:00,4602016798962,16,13.100436681222707,100.0,0.06238303181534623
2026-10-09T02:00:13.180850+00:00,4603017104103,16,12.828535669586984,100.0,0.0
2026-10-09T02:00:14.181228+00:00,4604017486852,16,13.391739674593241,100.0,0.0
2026-10-09T02:00:15.181613+00:00,4605017870032,16,12.9375,100.0,0.375
2026-10-09T02:00:16.182022+00:00,4606018278192,16,13.2252027448534,100.0,0.0
2026-10-09T02:00:17.182352+00:00,4607018605852,16,13.30418488444722,100.0,0.12492192379762648
2026-10-09T02:00:18.182725+00:00,4608018983493,16,13.133208255159476,100.0,0.0
2026-10-09T02:00:19.183061+00:00,4609019315332,16,13.179262960649593,100.0,0.0
2026-10-09T02:00:20.183381+00:00,4610019634283,16,13.046192259675406,100.0,0.12484394506866417
2026-10-09T02:00:21.183730+00:00,4611019985352,16,13.11680199875078,100.0,0.0
2026-10-09T02:00:22.184104+00:00,4612020359673,16,13.412351840299438,100.0,0.12476606363069245
2026-10-09T02:00:23.184515+00:00,4613020771873,16,13.133208255159476,100.0,0.0
2026-10-09T02:00:24.184897+00:00,4614021159763,16,13.212273011897308,100.0,0.0
2026-10-09T02:00:25.185249+00:00,4615021503573,16,13.1875,100.0,0.0
2026-10-09T02:00:26.185613+00:00,4616021869263,16,13.008130081300813,100.0,0.0
2026-10-09T02:00:27.185972+00:00,4617022221983,16,13.233458177278402,100.0,0.24968789013732834
2026-10-09T02:00:28.186340+00:00,4618022594823,16,12.95369211514393,100.0,0.0
2026-10-09T02:00:29.186690+00:00,4619022944733,16,12.945590994371482,100.0,0.0
2026-10-09T02:00:30.187084+00:00,4620023340203,16,13.008130081300813,100.0,0.0
2026-10-09T02:00:31.187469+00:00,4621023725192,16,13.204005006257823,100.0,0.0
2026-10-09T02:00:32.187829+00:00,4622024080063,16,13.391739674593241,100.0,0.31289111389236546
2026-10-09T02:00:33.188098+00:00,4623024346863,16,13.024420788979336,100.0,0.06261740763932373
2026-10-09T02:00:34.188352+00:00,4624024600813,16,12.991880074953155,100.0,0.0
2026-10-09T02:00:35.188663+00:00,4625024913425,16,13.195747342088806,100.0,0.0
2026-10-09T02:00:36.188957+00:00,4626025205854,16,13.0625,100.0,0.0
2026-10-09T02:00:37.189269+00:00,4627025519205,16,13.0625,100.0,0.25
2026-10-09T02:00:38.189599+00:00,4628025850894,16,13.054341036851968,100.0,0.0
2026-10-09T02:00:39.189887+00:00,4629026136465,16,13.329161451814768,100.0,0.0
2026-10-09T02:00:40.190136+00:00,4630026385275,16,13.0625,100.0,0.0
2026-10-09T02:00:41.190422+00:00,4631026671555,16,12.945590994371482,100.0,0.06253908692933083
2026-10-09T02:00:42.190677+00:00,4632026926406,16,13.14142678347935,100.0,0.0625782227784731
2026-10-09T02:00:43.191015+00:00,4633027266086,16,13.054341036851968,100.0,0.0
2026-10-09T02:00:44.191219+00:00,4634027466056,16,12.883051907442152,100.0,0.0
2026-10-09T02:00:45.191403+00:00,4635027650557,16,12.945590994371482,100.0,0.0
2026-10-09T02:00:46.191653+00:00,4636027902108,16,13.429106808244846,100.0,0.4372267332916927
2026-10-09T02:00:47.191923+00:00,4637028171849,16,13.30418488444722,100.0,0.06246096189881324
2026-10-09T02:00:48.192183+00:00,4638028432678,16,12.891113892365457,100.0,0.0
2026-10-09T02:00:49.192539+00:00,4639028795598,16,13.1875,100.0,0.0
2026-10-09T02:00:50.192942+00:00,4640029199979,16,13.0625,100.0,0.125
2026-10-09T02:00:51.193298+00:00,4641029551529,16,13.266583229036295,100.0,0.0625782227784731
2026-10-09T02:00:52.193682+00:00,4642029939038,16,13.070669168230143,100.0,0.0
2026-10-09T02:00:53.194079+00:00,4643030335508,16,11.507191994996873,100.0,0.5003126954346466
2026-10-09T02:00:54.194379+00:00,4644030633609,16,7.12054965646471,100.0,0.0
2026-10-09T02:00:55.194751+00:00,4645031024058,16,6.4959400374765774,93.93939393939394,0.3747657713928795
2026-10-09T02:00:56.195104+00:00,4646031359869,16,6.629143214509068,82.3529411764706,0.12507817385866166
2026-10-09T02:00:57.195433+00:00,4647031684059,16,6.9375,100.0,0.0
2026-10-09T02:00:58.195685+00:00,4648031935759,16,9.887359198998748,52.525252525252526,0.1251564455569462
2026-10-09T02:00:59.195953+00:00,4649032206419,16,12.899185973700689,100.0,0.06261740763932373
2026-10-09T02:01:00.196316+00:00,4650032572059,16,13.412351840299438,100.0,0.0
2026-10-09T02:01:01.196645+00:00,4651032895560,16,13.149655604257983,100.0,0.0
2026-10-09T02:01:02.196966+00:00,4652033216471,16,13.032581453634085,100.0,0.0
2026-10-09T02:01:03.197228+00:00,4653033477350,16,13.008130081300813,100.0,0.06253908692933083
2026-10-09T02:01:04.197551+00:00,4654033800820,16,12.891113892365457,100.0,0.1251564455569462
2026-10-09T02:01:05.197867+00:00,4655034116920,16,12.899185973700689,100.0,0.0
2026-10-09T02:01:06.198081+00:00,4656034328501,16,13.054341036851968,100.0,0.0
2026-10-09T02:01:07.198396+00:00,4657034645532,16,13.016270337922403,100.0,0.0
2026-10-09T02:01:08.198679+00:00,4658034928992,16,13.204005006257823,100.0,0.0
2026-10-09T02:01:09.198892+00:00,4659035139402,16,13.125,100.0,0.1875
2026-10-09T02:01:10.199247+00:00,4660035503612,16,12.945590994371482,100.0,0.0
2026-10-09T02:01:11.199649+00:00,4661035907533,16,12.828535669586984,100.0,0.0
2026-10-09T02:01:12.200049+00:00,4662036306121,16,13.0,100.0,0.0
2026-10-09T02:01:13.200438+00:00,4663036694972,16,12.883051907442152,100.0,0.0
2026-10-09T02:01:14.200863+00:00,4664037124092,16,12.945590994371482,100.0,0.06253908692933083
2026-10-09T02:01:15.201242+00:00,4665037492292,16,13.258286429018137,100.0,0.0
2026-10-09T02:01:16.201549+00:00,4666037798312,16,13.14142678347935,100.0,0.0
2026-10-09T02:01:17.201843+00:00,4667038092682,16,13.070669168230143,100.0,0.0
2026-10-09T02:01:18.202173+00:00,4668038426953,16,13.070669168230143,100.0,0.0
2026-10-09T02:01:19.202557+00:00,4669038814623,16,12.891113892365457,100.0,0.0
2026-10-09T02:01:20.202888+00:00,4670039142793,16,12.866958151155528,100.0,0.18738288569643974
2026-10-09T02:01:21.203195+00:00,4671039449243,16,12.891113892365457,100.0,0.0625782227784731
2026-10-09T02:01:22.203510+00:00,4672039763322,16,13.14142678347935,100.0,0.0
2026-10-09T02:01:23.203811+00:00,4673040065003,16,13.195747342088806,100.0,0.12507817385866166
2026-10-09T02:01:24.204138+00:00,4674040395024,16,13.25,100.0,0.0
2026-10-09T02:01:25.204393+00:00,4675040641534,16,12.899185973700689,100.0,0.06261740763932373
2026-10-09T02:01:26.204686+00:00,4676040936304,16,12.891113892365457,100.0,0.0
2026-10-09T02:01:27.205087+00:00,4677041342383,16,13.016270337922403,100.0,0.0
2026-10-09T02:01:28.205462+00:00,4678041719454,16,13.054341036851968,100.0,0.0
2026-10-09T02:01:29.205885+00:00,4679042142343,16,13.0,100.0,0.0
2026-10-09T02:01:30.206269+00:00,4680042524934,16,13.125,100.0,0.125
2026-10-09T02:01:31.206655+00:00,4681042911354,16,13.08703819661866,100.0,0.06261740763932373
2026-10-09T02:01:32.206989+00:00,4682043242903,16,13.241723922548408,100.0,0.0
2026-10-09T02:01:33.207341+00:00,4683043595194,16,12.828535669586984,100.0,0.1251564455569462
2026-10-09T02:01:34.207720+00:00,4684043976363,16,12.883051907442152,100.0,0.0
2026-10-09T02:01:35.208156+00:00,4685044413354,16,13.125,100.0,0.0625
2026-10-09T02:01:36.208557+00:00,4686044812923,16,12.883051907442152,100.0,0.0
2026-10-09T02:01:37.208912+00:00,4687045167254,16,13.078848560700877,100.0,0.0
2026-10-09T02:01:38.209279+00:00,4688045535684,16,13.25,100.0,0.0
2026-10-09T02:01:39.209663+00:00,4689045918834,16,12.945590994371482,100.0,0.0
2026-10-09T02:01:40.210099+00:00,4690046356063,16,13.0,100.0,0.0
2026-10-09T02:01:41.210518+00:00,4691046776542,16,12.875,100.0,0.125
2026-10-09T02:01:42.210845+00:00,4692047096063,16,12.640801001251564,100.0,0.4380475594493116
2026-10-09T02:01:43.211129+00:00,4693047378304,16,9.443402126328955,100.0,0.18761726078799248
2026-10-09T02:01:44.211457+00:00,4694047708143,16,6.6958698372966206,100.0,0.0
2026-10-09T02:01:45.211901+00:00,4695048157874,16,6.8125,93.0,0.375
2026-10-09T02:01:46.212328+00:00,4696048585073,16,6.691682301438399,91.08910891089108,0.12507817385866166
2026-10-09T02:01:47.212711+00:00,4697048967403,16,8.94308943089431,100.0,0.0
2026-10-09T02:01:48.213163+00:00,4698049421442,16,10.256410256410257,67.67676767676768,0.12507817385866166
2026-10-09T02:01:49.213479+00:00,4699049732333,16,6.691682301438399,100.0,0.06253908692933083
2026-10-09T02:01:50.213880+00:00,4700050135863,16,6.570713391739675,100.0,0.0
2026-10-09T02:01:51.214261+00:00,4701050515423,16,6.629143214509068,100.0,0.0
2026-10-09T02:01:52.214648+00:00,4702050903873,16,6.821026282853567,100.0,0.0
2026-10-09T02:01:53.215058+00:00,4703051315613,16,6.821026282853567,100.0,0.0
2026-10-09T02:01:54.215455+00:00,4704051710613,16,6.75,100.0,0.125
2026-10-09T02:01:55.215776+00:00,4705052030802,16,6.629143214509068,100.0,0.0
2026-10-09T02:01:56.216151+00:00,4706052408023,16,6.629143214509068,100.0,0.0
2026-10-09T02:01:57.216532+00:00,4707052789093,16,6.758448060075094,100.0,0.0
2026-10-09T02:01:58.216940+00:00,4708053198622,16,6.6875,100.0,0.0
2026-10-09T02:01:59.217270+00:00,4709053523543,16,6.633291614518147,100.0,0.18773466833541927
2026-10-09T02:02:00.217638+00:00,4710053894373,16,6.941838649155723,100.0,0.0
2026-10-09T02:02:01.218043+00:00,4711054296723,16,6.816760475297061,100.0,0.0
2026-10-09T02:02:02.218317+00:00,4712054565873,16,6.75422138836773,91.0,0.0
2026-10-09T02:02:03.218577+00:00,4713054826194,16,6.633291614518147,100.0,0.0625782227784731
2026-10-09T02:02:04.218801+00:00,4714055047924,16,6.691682301438399,100.0,0.0
2026-10-09T02:02:05.219136+00:00,4715055387094,16,6.691682301438399,97.0,0.06253908692933083
2026-10-09T02:02:06.219494+00:00,4716055750854,16,6.6875,100.0,0.0
2026-10-09T02:02:07.219936+00:00,4717056192583,16,7.0625,100.0,0.0
2026-10-09T02:02:08.220246+00:00,4718056500434,16,7.129455909943715,100.0,0.0
2026-10-09T02:02:09.220624+00:00,4719056880515,16,6.74578388507183,100.0,0.06246096189881324
2026-10-09T02:02:10.221021+00:00,4720057276064,16,6.691682301438399,91.0,0.06253908692933083
2026-10-09T02:02:11.221411+00:00,4721057667034,16,6.6958698372966206,100.0,0.0
2026-10-09T02:02:12.221828+00:00,4722058083723,16,7.116104868913857,100.0,0.0
2026-10-09T02:02:13.222232+00:00,4723058486943,16,6.808244846970643,100.0,0.06246096189881324
2026-10-09T02:02:14.222559+00:00,4724058813963,16,6.875,100.0,0.125
2026-10-09T02:02:15.223009+00:00,4725059265883,16,6.8125,100.0,0.0625
2026-10-09T02:02:16.223404+00:00,4726059660573,16,6.75422138836773,100.0,0.0
2026-10-09T02:02:17.223732+00:00,4727059988323,16,7.107231920199501,64.0,0.0
2026-10-09T02:02:18.224054+00:00,4728060311574,16,6.6875,100.0,0.0
2026-10-09T02:02:19.224443+00:00,4729060699634,16,6.75,100.0,0.0
2026-10-09T02:02:20.224854+00:00,4730061110883,16,7.307932542161149,100.0,0.0
2026-10-09T02:02:21.225166+00:00,4731061420153,16,6.6875,100.0,0.0
2026-10-09T02:02:22.225480+00:00,4732061734444,16,7.125,100.0,0.0
2026-10-09T02:02:23.225882+00:00,4733062137674,16,6.691682301438399,100.0,0.06253908692933083
2026-10-09T02:02:24.226268+00:00,4734062523334,16,6.683322923173017,100.0,0.0
2026-10-09T02:02:25.226578+00:00,4735062832004,16,6.633291614518147,100.0,0.0625782227784731
2026-10-09T02:02:26.227015+00:00,4736063273294,16,6.75,100.0,0.0
2026-10-09T02:02:27.227392+00:00,4737063649683,16,6.75422138836773,100.0,0.0
2026-10-09T02:02:28.227802+00:00,4738064059334,16,6.570713391739675,100.0,0.0
2026-10-09T02:02:29.228195+00:00,4739064451614,16,6.808244846970643,100.0,0.0
2026-10-09T02:02:30.228586+00:00,4740064842843,16,6.816760475297061,100.0,0.0
2026-10-09T02:02:31.229007+00:00,4741065266623,16,6.75,100.0,0.125
2026-10-09T02:02:32.229412+00:00,4742065668233,16,6.6958698372966206,100.0,0.0
2026-10-09T02:02:33.229820+00:00,4743066076762,16,6.629143214509068,100.0,0.2501563477173233
2026-10-09T02:02:34.230216+00:00,4744066471553,16,6.6875,100.0,0.0
2026-10-09T02:02:35.230614+00:00,4745066870203,16,6.629143214509068,100.0,0.06253908692933083
2026-10-09T02:02:36.231016+00:00,4746067270482,16,6.799750467872738,100.0,0.12476606363069245
2026-10-09T02:02:37.231377+00:00,4747067634623,16,7.008760951188986,100.0,0.0
2026-10-09T02:02:38.231799+00:00,4748068055702,16,6.74578388507183,100.0,0.0
2026-10-09T02:02:39.232194+00:00,4749068451622,16,6.629143214509068,100.0,0.0
2026-10-09T02:02:40.232512+00:00,4750068766862,16,6.6875,100.0,0.0
2026-10-09T02:02:41.232831+00:00,4751069085153,16,6.862133499688085,100.0,0.0
2026-10-09T02:02:42.233141+00:00,4752069396043,16,6.75,100.0,0.0625
2026-10-09T02:02:43.233516+00:00,4753069772333,16,6.691682301438399,100.0,0.0
2026-10-09T02:02:44.233927+00:00,4754070184223,16,6.691682301438399,100.0,0.0
2026-10-09T02:02:45.234306+00:00,4755070562953,16,6.816760475297061,100.0,0.0
2026-10-09T02:02:46.234690+00:00,4756070946093,16,6.986899563318778,100.0,0.0
2026-10-09T02:02:47.235085+00:00,4757071341572,16,6.808244846970643,100.0,0.12492192379762648
2026-10-09T02:02:48.235483+00:00,4758071739213,16,6.808244846970643,100.0,0.0
2026-10-09T02:02:49.235923+00:00,4759072179893,16,6.691682301438399,100.0,0.0
2026-10-09T02:02:50.236312+00:00,4760072567612,16,6.625,100.0,0.0
2026-10-09T02:02:51.236629+00:00,4761072881893,16,6.6958698372966206,100.0,0.0
2026-10-09T02:02:52.237050+00:00,4762073306692,16,7.058088694565896,100.0,0.0
2026-10-09T02:02:53.237447+00:00,4763073703772,16,7.169576059850374,100.0,0.0
2026-10-09T02:02:54.237884+00:00,4764074146481,16,6.629143214509068,100.0,0.06253908692933083
2026-10-09T02:02:55.238284+00:00,4765074540042,16,6.941838649155723,100.0,0.0
2026-10-09T02:02:56.238672+00:00,4766074928052,16,6.625,100.0,0.0
2026-10-09T02:02:57.239070+00:00,4767075326581,16,7.008760951188986,100.0,0.0
2026-10-09T02:02:58.239444+00:00,4768075700562,16,6.625,100.0,0.0625
2026-10-09T02:02:59.239885+00:00,4769076141451,16,6.6958698372966206,100.0,0.0
2026-10-09T02:03:00.240278+00:00,4770076533101,16,6.875,100.0,0.0
2026-10-09T02:03:01.240671+00:00,4771076929831,16,6.75,100.0,0.0
2026-10-09T02:03:02.241046+00:00,4772077300281,16,6.691682301438399,100.0,0.06253908692933083
2026-10-09T02:03:03.241425+00:00,4773077681741,16,6.625,100.0,0.0
2026-10-09T02:03:04.241861+00:00,4774078116751,16,6.808244846970643,100.0,0.06246096189881324
2026-10-09T02:03:05.242246+00:00,4775078503191,16,6.978193146417445,100.0,0.0
2026-10-09T02:03:06.242635+00:00,4776078891940,16,6.683322923173017,100.0,0.06246096189881324
2026-10-09T02:03:07.242958+00:00,4777079212081,16,7.0625,100.0,0.0
2026-10-09T02:03:08.243336+00:00,4778079592580,16,6.816760475297061,100.0,0.06253908692933083
2026-10-09T02:03:09.243724+00:00,4779079980071,16,6.6875,100.0,0.0625
2026-10-09T02:03:10.244139+00:00,4780080395391,16,6.629143214509068,100.0,0.0
2026-10-09T02:03:11.244526+00:00,4781080781100,16,6.625,100.0,0.125
2026-10-09T02:03:12.244942+00:00,4782081197461,16,6.982543640897756,100.0,0.0
2026-10-09T02:03:13.245356+00:00,4783081615270,16,6.875,100.0,0.0
2026-10-09T02:03:14.245770+00:00,4784082028120,16,6.816760475297061,100.0,0.18761726078799248
2026-10-09T02:03:15.246179+00:00,4785082437419,16,6.1875,89.10891089108911,0.625
2026-10-09T02:03:16.246597+00:00,4786082854360,16,6.574827802128992,64.64646464646465,0.12523481527864747
2026-10-09T02:03:17.247023+00:00,4787083280749,16,6.75422138836773,100.0,0.0
2026-10-09T02:03:18.247403+00:00,4788083657950,16,6.566604127579738,80.3921568627451,0.06253908692933083
2026-10-09T02:03:19.247801+00:00,4789084057450,16,6.691682301438399,100.0,0.0
2026-10-09T02:03:20.248192+00:00,4790084449719,16,6.816760475297061,100.0,0.0
2026-10-09T02:03:21.248574+00:00,4791084829670,16,6.629143214509068,100.0,0.06253908692933083
2026-10-09T02:03:22.248977+00:00,4792085233119,16,7.008760951188986,100.0,0.0625782227784731
2026-10-09T02:03:23.249300+00:00,4793085553279,16,6.70006261740764,100.0,0.0
2026-10-09T02:03:24.249682+00:00,4794085938430,16,6.6958698372966206,100.0,0.0625782227784731
2026-10-09T02:03:25.250072+00:00,4795086328289,16,7.093963907902925,100.0,0.0
2026-10-09T02:03:26.250386+00:00,4796086641620,16,6.808244846970643,100.0,0.0
2026-10-09T02:03:27.250779+00:00,4797087043159,16,7.049282595134123,100.0,0.0
2026-10-09T02:03:28.251194+00:00,4798087452219,16,7.432854465958775,100.0,0.0
2026-10-09T02:03:29.251507+00:00,4799087760699,16,6.93316677076827,100.0,0.12492192379762648
2026-10-09T02:03:30.251821+00:00,4800088076770,16,6.928838951310861,100.0,0.0
2026-10-09T02:03:31.252220+00:00,4801088478290,16,6.870705808869457,100.0,0.0
2026-10-09T02:03:32.252587+00:00,4802088842230,16,6.866416978776529,100.0,0.0
2026-10-09T02:03:33.253004+00:00,4803089259910,16,6.803995006242197,100.0,0.18726591760299627
2026-10-09T02:03:34.253391+00:00,4804089647619,16,6.75,100.0,0.0
2026-10-09T02:03:35.253778+00:00,4805090043370,16,6.6875,100.0,0.0625
2026-10-09T02:03:36.254099+00:00,4806090352839,16,6.8125,100.0,0.0
2026-10-09T02:03:37.254471+00:00,4807090728110,16,7.0,100.0,0.0
2026-10-09T02:03:38.254923+00:00,4808091182899,16,6.75,100.0,0.0
2026-10-09T02:03:39.255322+00:00,4809091578339,16,6.74578388507183,100.0,0.0
2026-10-09T02:03:40.255643+00:00,4810091896630,16,6.6875,100.0,0.1875
2026-10-09T02:03:41.255979+00:00,4811092232909,16,6.74578388507183,100.0,0.0
2026-10-09T02:03:42.256314+00:00,4812092568730,16,6.928838951310861,100.0,0.12484394506866417
2026-10-09T02:03:43.256695+00:00,4813092952289,16,6.637445209768315,100.0,0.06261740763932373
2026-10-09T02:03:44.257023+00:00,4814093276399,16,7.129455909943715,100.0,0.0
2026-10-09T02:03:45.257335+00:00,4815093588280,16,6.75422138836773,100.0,0.4377736085053158
2026-10-09T02:03:46.257638+00:00,4816093891020,16,6.75422138836773,100.0,0.0
2026-10-09T02:03:47.258023+00:00,4817094282720,16,6.570713391739675,100.0,0.0625782227784731
2026-10-09T02:03:48.258413+00:00,4818094669699,16,6.629143214509068,100.0,0.0
2026-10-09T02:03:49.258882+00:00,4819095141519,16,6.808244846970643,100.0,0.0
2026-10-09T02:03:50.259278+00:00,4820095535130,16,6.570713391739675,100.0,0.18773466833541927
2026-10-09T02:03:51.259583+00:00,4821095836990,16,6.816760475297061,100.0,0.06253908692933083
2026-10-09T02:03:52.259990+00:00,4822096245570,16,6.941838649155723,100.0,0.0
2026-10-09T02:03:53.260302+00:00,4823096555590,16,6.866416978776529,100.0,0.0
2026-10-09T02:03:54.260664+00:00,4824096919540,16,6.629143214509068,100.0,0.0
2026-10-09T02:03:55.261103+00:00,4825097359480,16,6.866416978776529,100.0,0.18726591760299627
2026-10-09T02:03:56.261445+00:00,4826097701279,16,6.803995006242197,100.0,0.0
2026-10-09T02:03:57.261843+00:00,4827098098770,16,9.04645476772616,100.0,0.0
2026-10-09T02:03:58.262204+00:00,4828098462930,16,6.91588785046729,100.0,0.0
2026-10-09T02:03:59.262601+00:00,4829098858170,16,6.93316677076827,100.0,0.0
2026-10-09T02:04:00.262927+00:00,4830099180890,16,7.107231920199501,100.0,0.18703241895261846
2026-10-09T02:04:01.263300+00:00,4831099556910,16,6.75,100.0,0.0
2026-10-09T02:04:02.263691+00:00,4832099948450,16,6.75,100.0,0.0
2026-10-09T02:04:03.264043+00:00,4833100298250,16,6.803995006242197,100.0,0.0
2026-10-09T02:04:04.264372+00:00,4834100627690,16,6.808244846970643,100.0,0.0
2026-10-09T02:04:05.264749+00:00,4835101017759,16,6.741573033707865,99.0,0.18726591760299627
2026-10-09T02:04:06.265167+00:00,4836101422480,16,6.8125,100.0,0.0
2026-10-09T02:04:07.265559+00:00,4837101814499,16,7.0,100.0,0.0
2026-10-09T02:04:08.265949+00:00,4838102203450,16,7.156191661481021,100.0,0.0
2026-10-09T02:04:09.266310+00:00,4839102570840,16,6.6875,100.0,0.0
2026-10-09T02:04:10.266695+00:00,4840102950599,16,6.508135168961202,100.0,0.18773466833541927
2026-10-09T02:04:11.267056+00:00,4841103312210,16,6.691682301438399,100.0,0.0
2026-10-09T02:04:12.267373+00:00,4842103627830,16,6.570713391739675,100.0,0.0
2026-10-09T02:04:13.267725+00:00,4843103980590,16,6.691682301438399,100.0,0.0
2026-10-09T02:04:14.268052+00:00,4844104306220,16,7.1830106183635225,100.0,0.0
2026-10-09T02:04:15.268433+00:00,4845104690270,16,6.566604127579738,100.0,0.12507817385866166
2026-10-09T02:04:16.268750+00:00,4846105019000,16,6.816760475297061,100.0,0.06253908692933083
2026-10-09T02:04:17.269149+00:00,4847105404310,16,6.821026282853567,100.0,0.18773466833541927
2026-10-09T02:04:18.269530+00:00,4848105784170,16,6.629143214509068,100.0,0.0
2026-10-09T02:04:19.269914+00:00,4849106169579,16,6.691682301438399,100.0,0.0
2026-10-09T02:04:20.270297+00:00,4850106552250,16,6.570713391739675,100.0,0.0
2026-10-09T02:04:21.270606+00:00,4851106859200,16,6.758448060075094,100.0,0.0
2026-10-09T02:04:22.270992+00:00,4852107249430,16,6.816760475297061,100.0,0.37523452157598497
2026-10-09T02:04:23.271321+00:00,4853107579540,16,6.74578388507183,100.0,0.0
2026-10-09T02:04:24.271713+00:00,4854107971040,16,6.629143214509068,100.0,0.0
2026-10-09T02:04:25.272116+00:00,4855108371900,16,6.75,100.0,0.0
2026-10-09T02:04:26.272433+00:00,4856108688380,16,6.691682301438399,100.0,0.0
2026-10-09T02:04:27.272835+00:00,4857109092070,16,6.879299562226391,100.0,0.0
2026-10-09T02:04:28.273160+00:00,4858109415171,16,6.986899563318778,100.0,0.12476606363069245
2026-10-09T02:04:29.273546+00:00,4859109803280,16,7.342874922215308,100.0,0.0
2026-10-09T02:04:30.273981+00:00,4860110239160,16,6.629143214509068,100.0,0.0
2026-10-09T02:04:31.274379+00:00,4861110634279,16,6.75,100.0,0.0
2026-10-09T02:04:32.274698+00:00,4862110951660,16,6.691682301438399,100.0,0.0
2026-10-09T02:04:33.275080+00:00,4863111335280,16,6.570713391739675,100.0,0.0625782227784731
2026-10-09T02:04:34.275463+00:00,4864111718320,16,6.862133499688085,100.0,0.0
2026-10-09T02:04:35.275915+00:00,4865112172090,16,6.803995006242197,100.0,0.0
2026-10-09T02:04:36.276237+00:00,4866112491930,16,7.0,100.0,0.0
2026-10-09T02:04:37.276617+00:00,4867112873580,16,6.870705808869457,100.0,0.0
2026-10-09T02:04:38.277067+00:00,4868113323669,16,6.629143214509068,100.0,0.0
2026-10-09T02:04:39.277391+00:00,4869113644150,16,6.570713391739675,100.0,0.18773466833541927
2026-10-09T02:04:40.277775+00:00,4870114035400,16,6.6875,100.0,0.0
2026-10-09T02:04:41.278083+00:00,4871114337179,16,6.803995006242197,100.0,0.0
2026-10-09T02:04:42.278463+00:00,4872114718500,16,6.574827802128992,100.0,0.0
2026-10-09T02:04:43.278779+00:00,4873115038759,16,7.591785936527692,100.0,0.0
2026-10-09T02:04:44.279199+00:00,4874115455980,16,6.75,100.0,0.1875
2026-10-09T02:04:45.279586+00:00,4875115841411,16,6.75,100.0,0.0
2026-10-09T02:04:46.279934+00:00,4876116186930,16,6.866416978776529,100.0,0.0
2026-10-09T02:04:47.280293+00:00,4877116548031,16,6.816760475297061,100.0,0.18761726078799248
2026-10-09T02:04:48.280662+00:00,4878116919490,16,6.6875,100.0,0.0
2026-10-09T02:04:49.281082+00:00,4879117338180,16,6.1875,89.8989898989899,0.625
2026-10-09T02:04:50.281508+00:00,4880117768299,16,6.85785536159601,67.67676767676768,0.18703241895261846
2026-10-09T02:04:51.281862+00:00,4881118117750,16,7.058088694565896,100.0,0.0
2026-10-09T02:04:52.282265+00:00,4882118519860,16,10.037406483790523,48.484848484848484,0.12468827930174564
2026-10-09T02:04:53.282621+00:00,4883118871499,16,12.828535669586984,100.0,0.18773466833541927
2026-10-09T02:04:54.282842+00:00,4884119089191,16,12.9375,100.0,0.0
2026-10-09T02:04:55.283209+00:00,4885119461330,16,12.945590994371482,100.0,0.0
2026-10-09T02:04:56.283515+00:00,4886119768651,16,12.820512820512821,100.0,0.0
2026-10-09T02:04:57.283842+00:00,4887120097951,16,13.333333333333334,100.0,0.18691588785046728
2026-10-09T02:04:58.284155+00:00,4888120410860,16,13.287585776668745,100.0,0.0
2026-10-09T02:04:59.284531+00:00,4889120787621,16,13.024420788979336,100.0,0.0
2026-10-09T02:05:00.284935+00:00,4890121191800,16,13.208722741433021,100.0,0.0
2026-10-09T02:05:01.285249+00:00,4891121503261,16,13.0625,100.0,0.0
2026-10-09T02:05:02.285635+00:00,4892121890140,16,12.883051907442152,100.0,0.0
2026-10-09T02:05:03.286055+00:00,4893122311411,16,12.883051907442152,100.0,0.18761726078799248
2026-10-09T02:05:04.286450+00:00,4894122705951,16,12.945590994371482,100.0,0.0
2026-10-09T02:05:05.286849+00:00,4895123103890,16,12.945590994371482,100.0,0.0
2026-10-09T02:05:06.287153+00:00,4896123406671,16,13.195747342088806,100.0,0.0
2026-10-09T02:05:07.287526+00:00,4897123783340,16,13.0625,100.0,0.0
2026-10-09T02:05:08.287956+00:00,4898124210291,16,13.523573200992557,100.0,0.24813895781637718
2026-10-09T02:05:09.288261+00:00,4899124515331,16,12.828535669586984,100.0,0.0
2026-10-09T02:05:10.288649+00:00,4900124905100,16,13.258286429018137,100.0,0.0
2026-10-09T02:05:11.288978+00:00,4901125232071,16,12.945590994371482,100.0,0.0
2026-10-09T02:05:12.289328+00:00,4902125584471,16,13.0,100.0,0.0
2026-10-09T02:05:13.289711+00:00,4903125967491,16,13.25,100.0,0.1875
2026-10-09T02:05:14.290041+00:00,4904126295591,16,13.070669168230143,100.0,0.0
2026-10-09T02:05:15.290419+00:00,4905126674671,16,13.358302122347066,100.0,0.0
2026-10-09T02:05:16.290751+00:00,4906127015652,16,13.078848560700877,100.0,0.0
2026-10-09T02:05:17.291110+00:00,4907127365271,16,13.287585776668745,100.0,0.0
2026-10-09T02:05:18.291438+00:00,4908127692081,16,12.9375,100.0,0.1875
2026-10-09T02:05:19.291817+00:00,4909128072081,16,12.883051907442152,100.0,0.0
2026-10-09T02:05:20.292141+00:00,4910128396521,16,13.287585776668745,100.0,0.0
2026-10-09T02:05:21.292451+00:00,4911128705862,16,13.241723922548408,100.0,0.0
2026-10-09T02:05:22.292803+00:00,4912129059541,16,13.2252027448534,100.0,0.0
2026-10-09T02:05:23.293190+00:00,4913129446182,16,13.258286429018137,100.0,0.2501563477173233
2026-10-09T02:05:24.293506+00:00,4914129760472,16,12.9375,100.0,0.0
2026-10-09T02:05:25.293823+00:00,4915130076022,16,13.0,100.0,0.0
2026-10-09T02:05:26.294118+00:00,4916130371632,16,12.891113892365457,100.0,0.0
2026-10-09T02:05:27.294439+00:00,4917130693122,16,13.108614232209737,100.0,0.0
2026-10-09T02:05:28.294807+00:00,4918131064203,16,13.258286429018137,100.0,0.0
2026-10-09T02:05:29.295161+00:00,4919131417733,16,13.008130081300813,100.0,0.18761726078799248
2026-10-09T02:05:30.295556+00:00,4920131813862,16,12.820512820512821,100.0,0.0
2026-10-09T02:05:31.295952+00:00,4921132207722,16,13.008130081300813,100.0,0.0
2026-10-09T02:05:32.296348+00:00,4922132605162,16,13.241723922548408,100.0,0.0
2026-10-09T02:05:33.296667+00:00,4923132921183,16,12.9375,100.0,0.125
2026-10-09T02:05:34.297034+00:00,4924133291373,16,13.204005006257823,100.0,0.0625782227784731
2026-10-09T02:05:35.297348+00:00,4925133601653,16,13.125,100.0,0.0
2026-10-09T02:05:36.297645+00:00,4926133899702,16,12.8125,100.0,0.4375
2026-10-09T02:05:37.297971+00:00,4927134224933,16,8.317698561601,100.0,0.06253908692933083
2026-10-09T02:05:38.298344+00:00,4928134599554,16,6.512210394489668,100.0,0.0
2026-10-09T02:05:39.298642+00:00,4929134896173,16,6.25,89.10891089108911,0.5
2026-10-09T02:05:40.299005+00:00,4930135262134,16,6.633291614518147,99.01960784313725,0.1251564455569462
2026-10-09T02:05:41.299372+00:00,4931135628353,16,6.566604127579738,100.0,0.0
2026-10-09T02:05:42.299696+00:00,4932135950563,16,12.234706616729088,82.0,0.12484394506866417
2026-10-09T02:05:43.300076+00:00,4933136332603,16,13.1875,100.0,0.0
2026-10-09T02:05:44.300453+00:00,4934136708663,16,13.0625,100.0,0.0
2026-10-09T02:05:45.300856+00:00,4935137112004,16,13.0,100.0,0.0
2026-10-09T02:05:46.301157+00:00,4936137410074,16,13.216957605985037,100.0,0.0
2026-10-09T02:05:47.301539+00:00,4937137795084,16,13.216957605985037,100.0,0.18703241895261846
2026-10-09T02:05:48.301954+00:00,4938138208923,16,12.991880074953155,100.0,0.0
2026-10-09T02:05:49.302258+00:00,4939138511554,16,13.0625,100.0,0.0625
2026-10-09T02:05:50.302563+00:00,4940138817744,16,13.30418488444722,100.0,0.0
2026-10-09T02:05:51.302952+00:00,4941139208014,16,13.664596273291925,100.0,0.0
2026-10-09T02:05:52.303347+00:00,4942139602624,16,13.0,100.0,0.4375
2026-10-09T02:05:53.303737+00:00,4943139993323,16,13.092269326683292,100.0,0.0
2026-10-09T02:05:54.304144+00:00,4944140401204,16,13.208722741433021,100.0,0.0
2026-10-09T02:05:55.304531+00:00,4945140786753,16,13.108614232209737,100.0,0.0
2026-10-09T02:05:56.304863+00:00,4946141116903,16,13.11680199875078,100.0,0.06246096189881324
2026-10-09T02:05:57.305175+00:00,4947141429564,16,13.14142678347935,100.0,0.0625782227784731
2026-10-09T02:05:58.305492+00:00,4948141746464,16,13.133208255159476,100.0,0.0
2026-10-09T02:05:59.305918+00:00,4949142174144,16,12.945590994371482,100.0,0.0
2026-10-09T02:06:00.306296+00:00,4950142547783,16,12.891113892365457,100.0,0.0
2026-10-09T02:06:01.306635+00:00,4951142887494,16,12.945590994371482,100.0,0.0
2026-10-09T02:06:02.307034+00:00,4952143290015,16,13.14142678347935,100.0,0.0
2026-10-09T02:06:03.307368+00:00,4953143622094,16,13.0625,100.0,0.0625
2026-10-09T02:06:04.307775+00:00,4954144038324,16,12.95369211514393,100.0,0.0
2026-10-09T02:06:05.308181+00:00,4955144437274,16,13.25,100.0,0.0
2026-10-09T02:06:06.308495+00:00,4956144748994,16,13.024420788979336,100.0,0.0
2026-10-09T02:06:07.308819+00:00,4957145069534,16,12.844611528822055,100.0,0.0
2026-10-09T02:06:08.309164+00:00,4958145415244,16,12.945590994371482,100.0,0.06253908692933083
2026-10-09T02:06:09.309511+00:00,4959145760915,16,12.836568566061365,100.0,0.0
2026-10-09T02:06:10.309852+00:00,4960146101874,16,12.9375,100.0,0.1875
2026-10-09T02:06:11.310064+00:00,4961146310775,16,12.891113892365457,100.0,0.0
2026-10-09T02:06:12.310321+00:00,4962146569735,16,13.320825515947467,100.0,0.0
2026-10-09T02:06:13.310682+00:00,4963146937305,16,13.341645885286782,100.0,0.0
2026-10-09T02:06:14.311003+00:00,4964147253346,16,13.616489693941286,100.0,0.12492192379762648
2026-10-09T02:06:15.311276+00:00,4965147524986,16,12.95369211514393,100.0,0.0
2026-10-09T02:06:16.311535+00:00,4966147783897,16,12.95369211514393,100.0,0.0
2026-10-09T02:06:17.311742+00:00,4967147989666,16,13.008130081300813,100.0,0.0
2026-10-09T02:06:18.312010+00:00,4968148259358,16,12.891113892365457,100.0,0.0
2026-10-09T02:06:19.312271+00:00,4969148519318,16,12.945590994371482,100.0,0.06253908692933083
2026-10-09T02:06:20.312529+00:00,4970148777978,16,13.50844277673546,100.0,0.0
2026-10-09T02:06:21.312823+00:00,4971149072319,16,13.133208255159476,100.0,0.0
2026-10-09T02:06:22.313185+00:00,4972149440278,16,13.17103620474407,100.0,0.12484394506866417
2026-10-09T02:06:23.313560+00:00,4973149815059,16,12.9375,100.0,0.0
2026-10-09T02:06:24.313982+00:00,4974150241208,16,12.883051907442152,100.0,0.5628517823639775
2026-10-09T02:06:25.314406+00:00,4975150662548,16,9.193245778611633,100.0,0.12507817385866166
2026-10-09T02:06:26.314826+00:00,4976151082958,16,6.633291614518147,100.0,0.0
2026-10-09T02:06:27.315195+00:00,4977151448618,16,6.574827802128992,46.0,0.5009392611145899
2026-10-09T02:06:28.315585+00:00,4978151840738,16,6.866416978776529,100.0,0.0
2026-10-09T02:06:29.316055+00:00,4979152315377,16,6.8125,100.0,0.0
2026-10-09T02:06:30.316444+00:00,4980152700558,16,6.491885143570537,77.77777777777777,0.18726591760299627
2026-10-09T02:06:31.316835+00:00,4981153091058,16,6.982543640897756,100.0,0.0
2026-10-09T02:06:32.317201+00:00,4982153456827,16,6.808244846970643,100.0,0.12492192379762648
2026-10-09T02:06:33.317588+00:00,4983153843338,16,6.75,100.0,0.0
2026-10-09T02:06:34.318011+00:00,4984154266677,16,6.93316677076827,100.0,0.0
2026-10-09T02:06:35.318390+00:00,4985154643937,16,7.0,100.0,0.0625
2026-10-09T02:06:36.318696+00:00,4986154949958,16,6.8125,100.0,0.0
2026-10-09T02:06:37.319042+00:00,4987155295918,16,6.75422138836773,100.0,0.0
2026-10-09T02:06:38.319365+00:00,4988155620038,16,6.85785536159601,100.0,0.0
2026-10-09T02:06:39.319721+00:00,4989155974527,16,6.625,100.0,0.0
2026-10-09T02:06:40.320098+00:00,4990156353648,16,6.74578388507183,100.0,0.0
2026-10-09T02:06:41.320487+00:00,4991156742667,16,6.74578388507183,100.0,0.24984384759525297
2026-10-09T02:06:42.320854+00:00,4992157109407,16,7.116104868913857,95.0,0.062421972534332085
2026-10-09T02:06:43.321154+00:00,4993157407818,16,7.240948813982522,100.0,0.0
2026-10-09T02:06:44.321485+00:00,4994157738818,16,6.74578388507183,100.0,0.18738288569643974
2026-10-09T02:06:45.321810+00:00,4995158063988,16,6.803995006242197,100.0,0.0
2026-10-09T02:06:46.322101+00:00,4996158354578,16,6.870705808869457,100.0,0.0
2026-10-09T02:06:47.322485+00:00,4997158744128,16,6.691682301438399,100.0,0.0
2026-10-09T02:06:48.322824+00:00,4998159078379,16,6.566604127579738,100.0,0.0
2026-10-09T02:06:49.323161+00:00,4999159416768,16,6.816760475297061,100.0,0.0
2026-10-09T02:06:50.323539+00:00,5000159794599,16,6.8125,100.0,0.25
2026-10-09T02:06:51.323898+00:00,5001160154219,16,6.879299562226391,100.0,0.06253908692933083
2026-10-09T02:06:52.324197+00:00,5002160450579,16,6.75,100.0,0.0625
2026-10-09T02:06:53.324577+00:00,5003160833288,16,6.633291614518147,100.0,0.0
2026-10-09T02:06:54.324950+00:00,5004161205249,16,6.74578388507183,100.0,0.0
2026-10-09T02:06:55.325327+00:00,5005161582279,16,6.691682301438399,100.0,0.06253908692933083
2026-10-09T02:06:56.325715+00:00,5006161971028,16,6.691682301438399,100.0,0.06253908692933083
2026-10-09T02:06:57.326141+00:00,5007162397619,16,7.066916823014384,100.0,0.0
2026-10-09T02:06:58.326523+00:00,5008162777638,16,6.75422138836773,100.0,0.0
2026-10-09T02:06:59.326942+00:00,5009163198548,16,6.6958698372966206,100.0,0.0
2026-10-09T02:07:00.327336+00:00,5010163591798,16,6.875,100.0,0.0
2026-10-09T02:07:01.327729+00:00,5011163983808,16,6.74578388507183,100.0,0.0
2026-10-09T02:07:02.328143+00:00,5012164399088,16,6.6875,100.0,0.125
2026-10-09T02:07:03.328527+00:00,5013164783468,16,6.629143214509068,100.0,0.06253908692933083
2026-10-09T02:07:04.328900+00:00,5014165155288,16,7.066916823014384,100.0,0.0
2026-10-09T02:07:05.329292+00:00,5015165548958,16,6.816760475297061,100.0,0.0
2026-10-09T02:07:06.329682+00:00,5016165937768,16,6.633291614518147,100.0,0.0
2026-10-09T02:07:07.330064+00:00,5017166318518,16,6.75422138836773,100.0,0.06253908692933083
2026-10-09T02:07:08.330386+00:00,5018166639408,16,6.6875,100.0,0.0
2026-10-09T02:07:09.330773+00:00,5019167037628,16,6.6875,100.0,0.0
2026-10-09T02:07:10.331153+00:00,5020167409098,16,6.6875,100.0,0.0
2026-10-09T02:07:11.331542+00:00,5021167798028,16,7.066916823014384,100.0,0.0
2026-10-09T02:07:12.331987+00:00,5022168242347,16,6.75422138836773,100.0,0.18761726078799248
2026-10-09T02:07:13.332376+00:00,5023168631807,16,6.691682301438399,100.0,0.0
2026-10-09T02:07:14.332848+00:00,5024169106897,16,6.691682301438399,100.0,0.0
2026-10-09T02:07:15.333249+00:00,5025169505477,16,6.803995006242197,100.0,0.0
2026-10-09T02:07:16.333623+00:00,5026169876098,16,6.6958698372966206,100.0,0.18773466833541927
2026-10-09T02:07:17.334028+00:00,5027170282777,16,6.6875,100.0,0.0
2026-10-09T02:07:18.334417+00:00,5028170673007,16,6.570713391739675,100.0,0.0625782227784731
2026-10-09T02:07:19.334733+00:00,5029170986126,16,6.88360450563204,100.0,0.0
2026-10-09T02:07:20.335131+00:00,5030171386717,16,6.8125,100.0,0.0
2026-10-09T02:07:21.335502+00:00,5031171758378,16,6.691682301438399,100.0,0.0
2026-10-09T02:07:22.335897+00:00,5032172151577,16,6.986899563318778,100.0,0.0
2026-10-09T02:07:23.336286+00:00,5033172542537,16,6.508135168961202,100.0,0.4380475594493116
2026-10-09T02:07:24.336677+00:00,5034172933977,16,6.808244846970643,100.0,0.0
2026-10-09T02:07:25.336985+00:00,5035173238217,16,6.574827802128992,100.0,0.0
2026-10-09T02:07:26.337279+00:00,5036173533726,16,6.816760475297061,100.0,0.0
2026-10-09T02:07:27.337581+00:00,5037173836307,16,6.825297432686287,100.0,0.43832185347526614
2026-10-09T02:07:28.337988+00:00,5038174242527,16,6.8125,100.0,0.125
2026-10-09T02:07:29.338370+00:00,5039174627367,16,6.629143214509068,100.0,0.0
2026-10-09T02:07:30.338751+00:00,5040175019647,16,6.629143214509068,100.0,0.0
2026-10-09T02:07:31.339181+00:00,5041175437197,16,6.691682301438399,100.0,0.0
2026-10-09T02:07:32.339590+00:00,5042175847247,16,6.75422138836773,100.0,0.0
2026-10-09T02:07:33.339937+00:00,5043176190097,16,6.691682301438399,100.0,0.18761726078799248
2026-10-09T02:07:34.340308+00:00,5044176563707,16,6.879299562226391,100.0,0.0
2026-10-09T02:07:35.340635+00:00,5045176887927,16,6.75422138836773,100.0,0.0
2026-10-09T02:07:36.341003+00:00,5046177258447,16,6.75,100.0,0.0
2026-10-09T02:07:37.341350+00:00,5047177604987,16,6.691682301438399,100.0,0.06253908692933083
2026-10-09T02:07:38.341730+00:00,5048177985807,16,6.6875,100.0,0.1875
2026-10-09T02:07:39.342169+00:00,5049178423337,16,7.958050586057989,100.0,0.0
2026-10-09T02:07:40.342538+00:00,5050178792978,16,6.6875,100.0,0.0
2026-10-09T02:07:41.342868+00:00,5051179121317,16,6.825297432686287,100.0,0.0
2026-10-09T02:07:42.343241+00:00,5052179496367,16,6.8125,100.0,0.1875
2026-10-09T02:07:43.343551+00:00,5053179805617,16,6.816760475297061,100.0,0.06253908692933083
2026-10-09T02:07:44.343951+00:00,5054180207287,16,6.6875,100.0,0.0
2026-10-09T02:07:45.344332+00:00,5055180587146,16,6.629143214509068,100.0,0.0
2026-10-09T02:07:46.344701+00:00,5056180954807,16,6.928838951310861,100.0,0.0
2026-10-09T02:07:47.345096+00:00,5057181351667,16,6.920199501246882,100.0,0.0
2026-10-09T02:07:48.345402+00:00,5058181656917,16,6.683322923173017,100.0,0.06246096189881324
2026-10-09T02:07:49.345811+00:00,5059182102847,16,7.0536828963795255,100.0,0.062421972534332085
2026-10-09T02:07:50.346182+00:00,5060182436707,16,6.816760475297061,100.0,0.0
2026-10-09T02:07:51.346557+00:00,5061182812907,16,6.633291614518147,100.0,0.0
2026-10-09T02:07:52.346972+00:00,5062183227106,16,6.633291614518147,100.0,0.18773466833541927
2026-10-09T02:07:53.347364+00:00,5063183620297,16,6.75,100.0,0.125
2026-10-09T02:07:54.347749+00:00,5064184018207,16,6.629143214509068,100.0,0.06253908692933083
2026-10-09T02:07:55.348155+00:00,5065184410366,16,6.570713391739675,100.0,0.0
2026-10-09T02:07:56.348538+00:00,5066184793967,16,6.762680025046963,100.0,0.0
2026-10-09T02:07:57.348956+00:00,5067185211316,16,6.875,100.0,0.0
2026-10-09T02:07:58.349345+00:00,5068185601406,16,6.75422138836773,100.0,0.0
2026-10-09T02:07:59.349742+00:00,5069186011267,16,6.683322923173017,100.0,0.0
2026-10-09T02:08:00.350148+00:00,5070186404286,16,6.3125,92.0,0.5625
2026-10-09T02:08:01.350536+00:00,5071186792226,16,6.25,88.0,0.5
2026-10-09T02:08:02.350945+00:00,5072187202326,16,6.75,100.0,0.0
2026-10-09T02:08:03.351346+00:00,5073187603026,16,6.75,100.0,0.0
2026-10-09T02:08:04.351665+00:00,5074187919565,16,7.036114570361145,85.14851485148515,0.12453300124533001
2026-10-09T02:08:05.352085+00:00,5075188339006,16,6.758448060075094,100.0,0.0
2026-10-09T02:08:06.352470+00:00,5076188725497,16,6.8125,94.05940594059406,0.0
2026-10-09T02:08:07.352876+00:00,5077189130796,16,6.808244846970643,100.0,0.0
2026-10-09T02:08:08.353257+00:00,5078189512526,16,6.6875,100.0,0.0
2026-10-09T02:08:09.353583+00:00,5079189836736,16,6.574827802128992,100.0,0.06261740763932373
2026-10-09T02:08:10.353984+00:00,5080190240396,16,6.683322923173017,100.0,0.0
2026-10-09T02:08:11.354379+00:00,5081190634236,16,6.941838649155723,100.0,0.0
2026-10-09T02:08:12.354809+00:00,5082191097065,16,6.93316677076827,100.0,0.18738288569643974
2026-10-09T02:08:13.355172+00:00,5083191426726,16,7.036114570361145,100.0,0.0
2026-10-09T02:08:14.355540+00:00,5084191794405,16,6.803995006242197,100.0,0.12484394506866417
2026-10-09T02:08:15.355905+00:00,5085192158576,16,6.629143214509068,100.0,0.0
2026-10-09T02:08:16.356282+00:00,5086192538265,16,6.629143214509068,100.0,0.0
2026-10-09T02:08:17.356668+00:00,5087192923376,16,6.6958698372966206,100.0,0.0
2026-10-09T02:08:18.357098+00:00,5088193353455,16,6.75422138836773,100.0,0.0
2026-10-09T02:08:19.357492+00:00,5089193747585,16,6.821026282853567,100.0,0.0
2026-10-09T02:08:20.357824+00:00,5090194077645,16,6.816760475297061,100.0,0.06253908692933083
2026-10-09T02:08:21.358210+00:00,5091194465745,16,6.88360450563204,100.0,0.0
2026-10-09T02:08:22.358601+00:00,5092194856405,16,6.566604127579738,100.0,0.12507817385866166
2026-10-09T02:08:23.358948+00:00,5093195201475,16,6.75,100.0,0.0
2026-10-09T02:08:24.359321+00:00,5094195576956,16,6.570713391739675,100.0,0.0
2026-10-09T02:08:25.359695+00:00,5095195952044,16,6.870705808869457,100.0,0.06246096189881324
2026-10-09T02:08:26.360040+00:00,5096196294745,16,6.941838649155723,100.0,0.12507817385866166
2026-10-09T02:08:27.360421+00:00,5097196677836,16,6.991260923845194,100.0,0.0
2026-10-09T02:08:28.360827+00:00,5098197083945,16,6.982543640897756,100.0,0.0
2026-10-09T02:08:29.361210+00:00,5099197466225,16,6.691682301438399,100.0,0.0
2026-10-09T02:08:30.361531+00:00,5100197788105,16,7.307932542161149,100.0,0.18738288569643974
2026-10-09T02:08:31.361856+00:00,5101198110985,16,6.75,100.0,0.0
2026-10-09T02:08:32.362174+00:00,5102198427036,16,6.75,100.0,0.0
2026-10-09T02:08:33.362502+00:00,5103198757785,16,7.395898073337476,100.0,0.12430080795525171
2026-10-09T02:08:34.362924+00:00,5104199177896,16,6.803995006242197,100.0,0.0
2026-10-09T02:08:35.363304+00:00,5105199560755,16,6.691682301438399,100.0,0.0
2026-10-09T02:08:36.363614+00:00,5106199869476,16,6.928838951310861,100.0,0.18726591760299627
2026-10-09T02:08:37.364062+00:00,5107200319085,16,7.1830106183635225,100.0,0.06246096189881324
2026-10-09T02:08:38.364381+00:00,5108200634705,16,6.74578388507183,100.0,0.0
2026-10-09T02:08:39.364749+00:00,5109201017556,16,6.570713391739675,100.0,0.0
2026-10-09T02:08:40.365123+00:00,5110201376845,16,6.75,100.0,0.125
2026-10-09T02:08:41.365492+00:00,5111201747566,16,6.941838649155723,100.0,0.0
2026-10-09T02:08:42.365830+00:00,5112202083985,16,6.6958698372966206,100.0,0.0625782227784731
2026-10-09T02:08:43.366211+00:00,5113202465456,16,6.629143214509068,100.0,0.0
2026-10-09T02:08:44.366527+00:00,5114202779765,16,6.633291614518147,100.0,0.0
2026-10-09T02:08:45.366906+00:00,5115203163876,16,6.570713391739675,100.0,0.0
2026-10-09T02:08:46.367297+00:00,5116203551756,16,6.570713391739675,100.0,0.0
2026-10-09T02:08:47.367703+00:00,5117203960365,16,6.808244846970643,100.0,0.0
2026-10-09T02:08:48.368127+00:00,5118204383476,16,6.9375,100.0,0.0625
2026-10-09T02:08:49.368523+00:00,5119204777775,16,6.762680025046963,100.0,0.0
2026-10-09T02:08:50.368908+00:00,5120205163676,16,6.633291614518147,100.0,0.0
2026-10-09T02:08:51.369223+00:00,5121205476765,16,6.570713391739675,100.0,0.0
2026-10-09T02:08:52.369595+00:00,5122205851116,16,7.174048658764816,100.0,0.12476606363069245
2026-10-09T02:08:53.370009+00:00,5123206263905,16,6.870705808869457,100.0,0.12492192379762648
2026-10-09T02:08:54.370411+00:00,5124206667205,16,6.683322923173017,100.0,0.0
2026-10-09T02:08:55.370740+00:00,5125206994776,16,6.6958698372966206,100.0,0.0
2026-10-09T02:08:56.371172+00:00,5126207428635,16,6.9375,100.0,0.0
2026-10-09T02:08:57.371523+00:00,5127207780416,16,6.633291614518147,100.0,0.0
2026-10-09T02:08:58.371942+00:00,5128208196475,16,6.74578388507183,100.0,0.0
2026-10-09T02:08:59.372245+00:00,5129208498655,16,6.803995006242197,100.0,0.0
2026-10-09T02:09:00.372609+00:00,5130208864905,16,6.74578388507183,100.0,0.0
2026-10-09T02:09:01.372955+00:00,5131209209525,16,7.439553626782393,100.0,0.0
2026-10-09T02:09:02.373334+00:00,5132209590465,16,6.816760475297061,100.0,0.06253908692933083
2026-10-09T02:09:03.373730+00:00,5133209985935,16,8.029647930821495,100.0,0.0
2026-10-09T02:09:04.374070+00:00,5134210323285,16,6.978193146417445,100.0,0.12461059190031153
2026-10-09T02:09:05.374367+00:00,5135210619946,16,6.578947368421052,100.0,0.06265664160401002
2026-10-09T02:09:06.374747+00:00,5136211020725,16,6.75,100.0,0.0
2026-10-09T02:09:07.375110+00:00,5137211365726,16,6.570713391739675,100.0,0.0
2026-10-09T02:09:08.375455+00:00,5138211712165,16,6.8125,100.0,0.0
2026-10-09T02:09:09.375791+00:00,5139212047206,16,6.691682301438399,100.0,0.0
2026-10-09T02:09:10.376101+00:00,5140212354966,16,6.758448060075094,100.0,0.0
2026-10-09T02:09:11.376398+00:00,5141212651796,16,7.004377736085053,100.0,0.0
2026-10-09T02:09:12.376800+00:00,5142213056506,16,6.691682301438399,100.0,0.0
2026-10-09T02:09:13.377182+00:00,5143213437926,16,6.633291614518147,100.0,0.1251564455569462
2026-10-09T02:09:14.377573+00:00,5144213828006,16,6.6875,100.0,0.0
2026-10-09T02:09:15.377973+00:00,5145214227316,16,6.75,100.0,0.0
2026-10-09T02:09:16.378360+00:00,5146214615836,16,6.866416978776529,100.0,0.0
2026-10-09T02:09:17.378683+00:00,5147214937506,16,6.816760475297061,100.0,0.0
2026-10-09T02:09:18.378998+00:00,5148215252036,16,6.941838649155723,100.0,0.06253908692933083
2026-10-09T02:09:19.379315+00:00,5149215568597,16,6.75422138836773,100.0,0.0
2026-10-09T02:09:20.379682+00:00,5150215937686,16,6.683322923173017,100.0,0.0
2026-10-09T02:09:21.380003+00:00,5151216255677,16,6.574827802128992,100.0,0.0
2026-10-09T02:09:22.380382+00:00,5152216637817,16,6.625,100.0,0.25
2026-10-09T02:09:23.380790+00:00,5153217044606,16,6.691682301438399,100.0,0.0
2026-10-09T02:09:24.381180+00:00,5154217434947,16,6.862133499688085,100.0,0.06238303181534623
2026-10-09T02:09:25.381490+00:00,5155217744126,16,6.93316677076827,100.0,0.0
2026-10-09T02:09:26.381811+00:00,5156218064257,16,6.995627732667083,100.0,0.0
2026-10-09T02:09:27.382196+00:00,5157218451357,16,6.75422138836773,100.0,0.0
2026-10-09T02:09:28.382584+00:00,5158218840377,16,6.566604127579738,100.0,0.0
2026-10-09T02:09:29.383061+00:00,5159219320007,16,6.8125,100.0,0.0625
2026-10-09T02:09:30.383388+00:00,5160219641746,16,6.74578388507183,100.0,0.0
2026-10-09T02:09:31.383798+00:00,5161220088737,16,6.007509386733417,89.0,0.6257822277847309
2026-10-09T02:09:32.384182+00:00,5162220436136,16,6.5625,61.61616161616162,0.1875
2026-10-09T02:09:33.384562+00:00,5163220818077,16,6.9375,100.0,0.0
2026-10-09T02:09:34.384942+00:00,5164221196537,16,6.6875,74.0,0.125
2026-10-09T02:09:35.385325+00:00,5165221581196,16,6.74578388507183,100.0,0.0
2026-10-09T02:09:36.385636+00:00,5166221889247,16,6.74578388507183,100.0,0.0
2026-10-09T02:09:37.385963+00:00,5167222217526,16,6.758448060075094,100.0,0.0
2026-10-09T02:09:38.386341+00:00,5168222597517,16,6.816760475297061,100.0,0.0
2026-10-09T02:09:39.386729+00:00,5169222984506,16,6.566604127579738,100.0,0.12507817385866166
2026-10-09T02:09:40.387147+00:00,5170223402566,16,6.758448060075094,100.0,0.1251564455569462
2026-10-09T02:09:41.387538+00:00,5171223793467,16,6.88360450563204,100.0,0.0
2026-10-09T02:09:42.387951+00:00,5172224206506,16,6.870705808869457,100.0,0.0
2026-10-09T02:09:43.388252+00:00,5173224505587,16,6.6875,100.0,0.0
2026-10-09T02:09:44.388618+00:00,5174224873106,16,6.570713391739675,100.0,0.0
2026-10-09T02:09:45.389055+00:00,5175225311946,16,6.625,100.0,0.25
2026-10-09T02:09:46.389365+00:00,5176225620126,16,6.816760475297061,100.0,0.0
2026-10-09T02:09:47.389692+00:00,5177225945477,16,6.75422138836773,100.0,0.0
2026-10-09T02:09:48.390008+00:00,5178226262667,16,7.863777089783282,100.0,0.06191950464396285
2026-10-09T02:09:49.390338+00:00,5179226591657,16,6.6958698372966206,100.0,0.0
2026-10-09T02:09:50.390699+00:00,5180226953367,16,6.808244846970643,100.0,0.18738288569643974
2026-10-09T02:09:51.391087+00:00,5181227344017,16,11.976401179941004,100.0,0.0
2026-10-09T02:09:52.391410+00:00,5182227663517,16,6.6875,100.0,0.0
2026-10-09T02:09:53.391806+00:00,5183228061567,16,6.633291614518147,100.0,0.0
2026-10-09T02:09:54.392194+00:00,5184228450157,16,6.75,100.0,0.0
2026-10-09T02:09:55.392583+00:00,5185228839297,16,6.870705808869457,100.0,0.18738288569643974
2026-10-09T02:09:56.392981+00:00,5186229236737,16,6.991260923845194,100.0,0.0
2026-10-09T02:09:57.393304+00:00,5187229558077,16,6.75422138836773,100.0,0.06253908692933083
2026-10-09T02:09:58.393683+00:00,5188229939526,16,6.629143214509068,100.0,0.0
2026-10-09T02:09:59.394056+00:00,5189230309867,16,6.691682301438399,100.0,0.0
2026-10-09T02:10:00.394442+00:00,5190230698278,16,6.875,100.0,0.0
2026-10-09T02:10:01.394855+00:00,5191231112337,16,6.633291614518147,100.0,0.0625782227784731
2026-10-09T02:10:02.395255+00:00,5192231511517,16,6.8125,100.0,0.0
2026-10-09T02:10:03.395590+00:00,5193231843906,16,6.879299562226391,100.0,0.0
2026-10-09T02:10:04.395985+00:00,5194232240647,16,6.75422138836773,98.98989898989899,0.0
2026-10-09T02:10:05.396383+00:00,5195232639877,16,6.691682301438399,100.0,0.0
2026-10-09T02:10:06.396696+00:00,5196232949157,16,7.0448877805486285,100.0,0.18703241895261846
2026-10-09T02:10:07.397083+00:00,5197233337357,16,7.1472964574269735,100.0,0.0
2026-10-09T02:10:08.397471+00:00,5198233727886,16,6.633291614518147,100.0,0.0
2026-10-09T02:10:09.397879+00:00,5199234135137,16,6.633291614518147,100.0,0.0
2026-10-09T02:10:10.398255+00:00,5200234510416,16,6.816760475297061,100.0,0.0
2026-10-09T02:10:11.398576+00:00,5201234828826,16,6.762680025046963,100.0,0.37570444583594237
2026-10-09T02:10:12.398919+00:00,5202235173807,16,6.70006261740764,100.0,0.0
2026-10-09T02:10:13.399298+00:00,5203235553577,16,6.55840099937539,100.0,0.0
2026-10-09T02:10:14.399685+00:00,5204235939957,16,6.620861961274204,100.0,0.0
2026-10-09T02:10:15.399997+00:00,5205236250297,16,6.570713391739675,100.0,0.0
2026-10-09T02:10:16.400379+00:00,5206236633977,16,6.6958698372966206,100.0,0.18773466833541927
2026-10-09T02:10:17.400704+00:00,5207236958578,16,6.875,100.0,0.0
2026-10-09T02:10:18.401074+00:00,5208237331467,16,6.762680025046963,100.0,0.0
2026-10-09T02:10:19.401470+00:00,5209237726698,16,6.941838649155723,100.0,0.0
2026-10-09T02:10:20.401876+00:00,5210238131706,16,6.74578388507183,100.0,0.0
2026-10-09T02:10:21.402182+00:00,5211238435897,16,6.691682301438399,100.0,0.18761726078799248
2026-10-09T02:10:22.402519+00:00,5212238775467,16,6.75,100.0,0.0
2026-10-09T02:10:23.402927+00:00,5213239184337,16,6.74578388507183,100.0,0.12492192379762648
2026-10-09T02:10:24.403324+00:00,5214239578427,16,6.691682301438399,100.0,0.0
2026-10-09T02:10:25.403661+00:00,5215239914777,16,7.317073170731708,100.0,0.12507817385866166
2026-10-09T02:10:26.403978+00:00,5216240232298,16,7.0,100.0,0.0
2026-10-09T02:10:27.404333+00:00,5217240587947,16,6.75,100.0,0.0
2026-10-09T02:10:28.404712+00:00,5218240967058,16,6.74578388507183,100.0,0.0
2026-10-09T02:10:29.405060+00:00,5219241313998,16,6.978193146417445,100.0,0.0
2026-10-09T02:10:30.405363+00:00,5220241616087,16,6.629143214509068,100.0,0.12507817385866166
2026-10-09T02:10:31.405729+00:00,5221241985418,16,6.866416978776529,100.0,0.0
2026-10-09T02:10:32.406065+00:00,5222242319127,16,6.8125,100.0,0.1875
2026-10-09T02:10:33.406425+00:00,5223242680798,16,7.4673304293715,100.0,0.0
2026-10-09T02:10:34.406826+00:00,5224243082718,16,6.866416978776529,100.0,0.0
2026-10-09T02:10:35.407229+00:00,5225243486027,16,7.347447073474471,100.0,0.43586550435865506
2026-10-09T02:10:36.407618+00:00,5226243874288,16,6.866416978776529,100.0,0.0
2026-10-09T02:10:37.407958+00:00,5227244212878,16,6.75,100.0,0.0
2026-10-09T02:10:38.408267+00:00,5228244520828,16,6.633291614518147,100.0,0.0
2026-10-09T02:10:39.408551+00:00,5229244804658,16,6.570713391739675,100.0,0.0
2026-10-09T02:10:40.408970+00:00,5230245225458,16,7.125,100.0,0.125
2026-10-09T02:10:41.409289+00:00,5231245542219,16,6.870705808869457,100.0,0.0
2026-10-09T02:10:42.409653+00:00,5232245908028,16,6.808244846970643,100.0,0.0
2026-10-09T02:10:43.410042+00:00,5233246297539,16,6.941838649155723,100.0,0.0
2026-10-09T02:10:44.410426+00:00,5234246681358,16,6.803995006242197,100.0,0.0
2026-10-09T02:10:45.410830+00:00,5235247084668,16,6.74578388507183,100.0,0.4372267332916927
2026-10-09T02:10:46.411221+00:00,5236247475978,16,6.75422138836773,100.0,0.0
2026-10-09T02:10:47.411530+00:00,5237247783788,16,6.9375,100.0,0.0
2026-10-09T02:10:48.411927+00:00,5238248183639,16,6.991260923845194,100.0,0.0
2026-10-09T02:10:49.412311+00:00,5239248566898,16,6.691682301438399,100.0,0.0
2026-10-09T02:10:50.412613+00:00,5240248866508,16,6.808244846970643,100.0,0.18738288569643974
2026-10-09T02:10:51.412996+00:00,5241249250268,16,6.633291614518147,100.0,0.0625782227784731
2026-10-09T02:10:52.413373+00:00,5242249628099,16,6.6875,100.0,0.0
2026-10-09T02:10:53.413676+00:00,5243249929328,16,6.862133499688085,100.0,0.12476606363069245
2026-10-09T02:10:54.414054+00:00,5244250309459,16,7.245471580262336,100.0,0.0
2026-10-09T02:10:55.414432+00:00,5245250688259,16,6.879299562226391,100.0,0.0
2026-10-09T02:10:56.414765+00:00,5246251018168,16,7.12054965646471,100.0,0.18738288569643974
2026-10-09T02:10:57.415137+00:00,5247251391099,16,6.758448060075094,100.0,0.0
2026-10-09T02:10:58.415520+00:00,5248251775058,16,6.808244846970643,100.0,0.0
2026-10-09T02:10:59.415955+00:00,5249252209488,16,6.75422138836773,100.0,0.0
2026-10-09T02:11:00.416363+00:00,5250252616628,16,6.629143214509068,100.0,0.0
2026-10-09T02:11:01.416740+00:00,5251253010488,16,6.637445209768315,100.0,0.06261740763932373
2026-10-09T02:11:02.417148+00:00,5252253403279,16,7.245471580262336,100.0,0.0
2026-10-09T02:11:03.417528+00:00,5253253783427,16,6.816760475297061,100.0,0.12507817385866166
2026-10-09T02:11:04.417932+00:00,5254254186108,16,6.007509386733417,88.88888888888889,0.688360450563204
2026-10-09T02:11:05.418296+00:00,5255254550147,16,6.741573033707865,85.0,0.12484394506866417
2026-10-09T02:11:06.418608+00:00,5256254862758,16,6.75422138836773,100.0,0.0
2026-10-09T02:11:07.418928+00:00,5257255180939,16,6.808244846970643,97.97979797979798,0.0
2026-10-09T02:11:08.419292+00:00,5258255549028,16,6.5625,91.0,0.125
2026-10-09T02:11:09.419681+00:00,5259255938348,16,6.995627732667083,100.0,0.12492192379762648
2026-10-09T02:11:10.419996+00:00,5260256249878,16,6.816760475297061,100.0,0.0
2026-10-09T02:11:11.420376+00:00,5261256631619,16,6.8125,100.0,0.0
2026-10-09T02:11:12.420774+00:00,5262257038328,16,6.75,100.0,0.0
2026-10-09T02:11:13.421148+00:00,5263257402788,16,6.629143214509068,100.0,0.06253908692933083
2026-10-09T02:11:14.421527+00:00,5264257781899,16,6.808244846970643,100.0,0.0
2026-10-09T02:11:15.421928+00:00,5265258184508,16,6.741573033707865,100.0,0.0
2026-10-09T02:11:16.422317+00:00,5266258571428,16,6.875,100.0,0.0
2026-10-09T02:11:17.422692+00:00,5267258947978,16,6.9375,100.0,0.0
2026-10-09T02:11:18.423122+00:00,5268259377478,16,6.74578388507183,100.0,0.18738288569643974
2026-10-09T02:11:19.423509+00:00,5269259764638,16,6.803995006242197,100.0,0.0
2026-10-09T02:11:20.423823+00:00,5270260076848,16,6.866416978776529,100.0,0.0
2026-10-09T02:11:21.424201+00:00,5271260455848,16,6.808244846970643,100.0,0.0
2026-10-09T02:11:22.424590+00:00,5272260845218,16,6.75,100.0,0.0
2026-10-09T02:11:23.424907+00:00,5273261160798,16,7.0448877805486285,86.86868686868686,0.06234413965087282
2026-10-09T02:11:24.426268+00:00,5274262524275,16,6.8125,100.0,0.125
2026-10-09T02:11:25.426656+00:00,5275262912464,16,6.879299562226391,100.0,0.0
2026-10-09T02:11:26.427056+00:00,5276263312484,16,6.986899563318778,100.0,0.0
2026-10-09T02:11:27.427375+00:00,5277263628795,16,6.75,100.0,0.1875
2026-10-09T02:11:28.427735+00:00,5278263991384,16,6.566604127579738,100.0,0.0
2026-10-09T02:11:29.428132+00:00,5279264387364,16,6.629143214509068,100.0,0.12507817385866166
2026-10-09T02:11:30.428450+00:00,5280264703705,16,6.691682301438399,100.0,0.0
2026-10-09T02:11:31.428751+00:00,5281265014904,16,7.8686493184634445,100.0,0.0
2026-10-09T02:11:32.429113+00:00,5282265369555,16,6.88791484032561,100.0,0.0
2026-10-09T02:11:33.429498+00:00,5283265752555,16,6.629143214509068,100.0,0.0
2026-10-09T02:11:34.429899+00:00,5284266154095,16,6.88360450563204,100.0,0.1251564455569462
2026-10-09T02:11:35.438265+00:00,5285274520307,16,6.699751861042183,100.0,0.062034739454094295
2026-10-09T02:11:36.438678+00:00,5286274933496,16,6.6958698372966206,100.0,0.0
2026-10-09T02:11:37.439062+00:00,5287275316966,16,6.75,100.0,0.0
2026-10-09T02:11:38.439426+00:00,5288275680946,16,6.75422138836773,100.0,0.12507817385866166
2026-10-09T02:11:39.439739+00:00,5289275992076,16,6.637445209768315,100.0,0.0
2026-10-09T02:11:40.440131+00:00,5290276386247,16,6.75422138836773,100.0,0.06253908692933083
2026-10-09T02:11:41.440489+00:00,5291276745126,16,6.691682301438399,100.0,0.0
2026-10-09T02:11:42.440870+00:00,5292277125176,16,6.691682301438399,100.0,0.0
2026-10-09T02:11:43.441254+00:00,5293277510126,16,6.803995006242197,100.0,0.0
2026-10-09T02:11:44.441631+00:00,5294277885406,16,6.75,100.0,0.0
2026-10-09T02:11:45.442020+00:00,5295278275595,16,6.6875,100.0,0.125
2026-10-09T02:11:46.465725+00:00,5296301982462,16,7.077486272117144,100.0,0.3050640634533252
2026-10-09T02:11:47.466087+00:00,5297302342932,16,6.928838951310861,100.0,0.0
2026-10-09T02:11:48.466491+00:00,5298302748502,16,7.040498442367602,100.0,0.0
2026-10-09T02:11:49.466897+00:00,5299303151783,16,6.570713391739675,100.0,0.0
2026-10-09T02:11:50.467259+00:00,5300303514103,16,6.6875,100.0,0.375
2026-10-09T02:11:51.467595+00:00,5301303850272,16,6.70006261740764,100.0,0.0
2026-10-09T02:11:52.468023+00:00,5302304281983,16,6.6875,100.0,0.0
2026-10-09T02:11:53.468332+00:00,5303304586012,16,7.0536828963795255,100.0,0.0
2026-10-09T02:11:54.468711+00:00,5304304967403,16,7.165109034267913,100.0,0.0
2026-10-09T02:11:55.469133+00:00,5305305390942,16,6.633291614518147,100.0,0.0
2026-10-09T02:11:56.469458+00:00,5306305711512,16,6.816760475297061,100.0,0.12507817385866166
2026-10-09T02:11:57.469859+00:00,5307306116692,16,7.496902106567534,100.0,0.0
2026-10-09T02:11:58.470256+00:00,5308306512702,16,6.74578388507183,100.0,0.0
2026-10-09T02:11:59.470569+00:00,5309306822212,16,6.808244846970643,100.0,0.0
2026-10-09T02:12:00.470958+00:00,5310307215012,16,6.9375,100.0,0.0
2026-10-09T02:12:01.471276+00:00,5311307529263,16,6.93316677076827,100.0,0.0
2026-10-09T02:12:02.471576+00:00,5312307830082,16,6.986899563318778,100.0,0.12476606363069245
2026-10-09T02:12:03.471902+00:00,5313308157453,16,6.875,100.0,0.0625
2026-10-09T02:12:04.472250+00:00,5314308506953,16,7.8443483631871525,100.0,0.12353304508956146
2026-10-09T02:12:05.472570+00:00,5315308823363,16,6.986899563318778,100.0,0.0
2026-10-09T02:12:06.472905+00:00,5316309160193,16,7.107231920199501,100.0,0.0
2026-10-09T02:12:07.473211+00:00,5317309466933,16,6.870705808869457,100.0,0.18738288569643974
2026-10-09T02:12:08.473593+00:00,5318309848644,16,7.414330218068536,100.0,0.0
2026-10-09T02:12:09.474012+00:00,5319310267444,16,6.70006261740764,100.0,0.0
2026-10-09T02:12:10.474387+00:00,5320310642543,16,6.870705808869457,100.0,0.06246096189881324
2026-10-09T02:12:11.474702+00:00,5321310956704,16,6.8125,100.0,0.0
2026-10-09T02:12:12.475037+00:00,5322311291753,16,7.049282595134123,100.0,0.0
2026-10-09T02:12:13.475413+00:00,5323311671524,16,6.633291614518147,100.0,0.0
2026-10-09T02:12:14.475814+00:00,5324312070133,16,6.862133499688085,100.0,0.0
2026-10-09T02:12:15.476210+00:00,5325312466953,16,6.995627732667083,100.0,0.0
2026-10-09T02:12:16.476596+00:00,5326312853433,16,7.004377736085053,100.0,0.0
2026-10-09T02:12:17.476991+00:00,5327313245963,16,6.75422138836773,100.0,0.0
2026-10-09T02:12:18.477316+00:00,5328313570833,16,6.862133499688085,100.0,0.0
2026-10-09T02:12:19.477682+00:00,5329313936193,16,6.799750467872738,100.0,0.12476606363069245
2026-10-09T02:12:20.478083+00:00,5330314338713,16,6.633291614518147,100.0,0.0
2026-10-09T02:12:21.478462+00:00,5331314718054,16,6.75,100.0,0.0
2026-10-09T02:12:22.478815+00:00,5332315071593,16,6.691682301438399,100.0,0.06253908692933083
2026-10-09T02:12:23.479136+00:00,5333315389314,16,6.88791484032561,100.0,0.0
2026-10-09T02:12:24.479516+00:00,5334315771353,16,6.8125,100.0,0.0
2026-10-09T02:12:25.479947+00:00,5335316205353,16,6.566604127579738,100.0,0.0
2026-10-09T02:12:26.480266+00:00,5336316520873,16,6.758448060075094,100.0,0.0
2026-10-09T02:12:27.480638+00:00,5337316896813,16,6.570713391739675,100.0,0.0
2026-10-09T02:12:28.481048+00:00,5338317305544,16,6.629143214509068,100.0,0.0
2026-10-09T02:12:29.481376+00:00,5339317630893,16,6.574827802128992,100.0,0.12523481527864747
2026-10-09T02:12:30.481748+00:00,5340318026013,16,6.991260923845194,100.0,0.0
2026-10-09T02:12:31.482163+00:00,5341318419663,16,6.9375,100.0,0.0
2026-10-09T02:12:32.482581+00:00,5342318838433,16,6.637445209768315,100.0,0.0
2026-10-09T02:12:33.483018+00:00,5343319276343,16,7.329192546583851,100.0,0.062111801242236024
2026-10-09T02:12:34.483387+00:00,5344319643383,16,5.9375,88.0,0.8125
2026-10-09T02:12:35.483802+00:00,5345320058203,16,6.566604127579738,57.0,0.18761726078799248
2026-10-09T02:12:36.484211+00:00,5346320467792,16,6.928838951310861,100.0,0.0
2026-10-09T02:12:37.484550+00:00,5347320805813,16,7.995003123048095,70.29702970297029,0.0
2026-10-09T02:12:38.484988+00:00,5348321241832,16,1.4383989993746091,5.9405940594059405,0.06253908692933083
2026-10-09T02:12:39.485464+00:00,5349321721922,16,0.6870705808869456,3.0,0.18738288569643974
2026-10-09T02:12:40.486055+00:00,5350322312081,16,0.6238303181534622,4.0,0.0
2026-10-09T02:12:41.486493+00:00,5351322750222,16,2.094886013555145,16.23931623931624,0.0
2026-10-09T02:12:42.486971+00:00,5352323230141,16,0.37546933667083854,3.9603960396039604,0.0
2026-10-09T02:12:43.487527+00:00,5353323786071,16,0.5003126954346466,3.0303030303030303,0.0
2026-10-09T02:12:44.487943+00:00,5354324199431,16,0.4377736085053158,4.0,0.0
2026-10-09T02:12:45.488322+00:00,5355324577682,16,1.7337461300309598,15.254237288135593,0.0
2026-10-09T02:12:46.488710+00:00,5356324964021,16,0.7504690431519699,3.883495145631068,0.0
2026-10-09T02:12:47.489087+00:00,5357325345331,16,0.5003126954346466,3.9603960396039604,0.0
2026-10-09T02:12:48.489552+00:00,5358325810801,16,0.4375,4.0,0.0
2026-10-09T02:12:49.490056+00:00,5359326313801,16,0.37523452157598497,4.0,0.12507817385866166
2026-10-09T02:12:50.490446+00:00,5360326702889,16,0.5625,3.9603960396039604,0.0625
2026-10-09T02:12:51.490890+00:00,5361327146920,16,0.5009392611145899,3.0303030303030303,0.0
2026-10-09T02:12:52.491238+00:00,5362327491341,16,0.6253908692933083,4.0,0.0
2026-10-09T02:12:53.492159+00:00,5363328417238,16,0.6257822277847309,3.0,0.0
2026-10-09T02:12:54.492557+00:00,5364328813427,16,0.5628517823639775,4.0,0.12507817385866166
2026-10-09T02:12:55.492981+00:00,5365329237187,16,0.4380475594493116,3.0,0.0625782227784731
2026-10-09T02:12:56.493437+00:00,5366329694098,16,0.5635566687539136,4.0,0.0
2026-10-09T02:12:57.493926+00:00,5367330184547,16,0.5,4.0,0.0
2026-10-09T02:12:58.494750+00:00,5368331056684,16,0.37523452157598497,3.9603960396039604,0.0
2026-10-09T02:12:59.495263+00:00,5369331522335,16,0.5003126954346466,3.0303030303030303,0.12507817385866166
2026-10-09T02:13:00.495649+00:00,5370331902985,16,0.6261740763932373,3.0,0.0
2026-10-09T02:13:01.496003+00:00,5371332256865,16,0.6253908692933083,3.9603960396039604,0.0
2026-10-09T02:13:02.496447+00:00,5372332704675,16,0.37570444583594237,3.0303030303030303,0.18785222291797118
2026-10-09T02:13:03.497054+00:00,5373333311494,16,0.6242197253433208,4.0,0.0
2026-10-09T02:13:04.497502+00:00,5374333759763,16,0.4380475594493116,3.0,0.0625782227784731
2026-10-09T02:13:05.497970+00:00,5375334225854,16,0.4380475594493116,3.0303030303030303,0.0
2026-10-09T02:13:06.498406+00:00,5376334661373,16,0.625,4.901960784313726,0.0
2026-10-09T02:13:07.498844+00:00,5377335101323,16,0.5632040050062578,3.0303030303030303,0.0
2026-10-09T02:13:08.499396+00:00,5378335653292,16,0.5628517823639775,3.0,0.06253908692933083
2026-10-09T02:13:09.499925+00:00,5379336185832,16,0.625,4.0,0.0625
2026-10-09T02:13:10.500382+00:00,5380336641761,16,0.37570444583594237,4.9504950495049505,0.0
2026-10-09T02:13:11.500788+00:00,5381337041642,16,0.5628517823639775,3.9603960396039604,0.12507817385866166
2026-10-09T02:13:12.501222+00:00,5382337481420,16,0.4377736085053158,4.0,0.0
2026-10-09T02:13:13.501678+00:00,5383337935292,16,0.4377736085053158,4.0,0.0
2026-10-09T02:13:14.502226+00:00,5384338485141,16,0.5003126954346466,4.0,0.0
2026-10-09T02:13:15.502637+00:00,5385338893241,16,0.6261740763932373,3.0,0.0
2026-10-09T02:13:16.503009+00:00,5386339264891,16,0.9363295880149812,3.9603960396039604,0.18726591760299627
2026-10-09T02:13:17.503440+00:00,5387339698620,16,0.4377736085053158,3.0303030303030303,0.0
2026-10-09T02:13:18.503942+00:00,5388340200119,16,0.5003126954346466,4.9504950495049505,0.0
2026-10-09T02:13:19.504390+00:00,5389340648460,16,0.5,3.0,0.0
2026-10-09T02:13:20.504885+00:00,5390341140290,16,0.5006257822277848,4.0,0.0
2026-10-09T02:13:21.505291+00:00,5391341548390,16,0.625,3.0303030303030303,0.0
2026-10-09T02:13:22.505726+00:00,5392341982629,16,0.5635566687539136,3.0,0.06261740763932373
2026-10-09T02:13:23.506217+00:00,5393342475579,16,0.8119925046845722,3.883495145631068,0.0
2026-10-09T02:13:24.506666+00:00,5394342923778,16,0.5003126954346466,3.9603960396039604,0.06253908692933083
2026-10-09T02:13:25.507057+00:00,5395343313149,16,0.37523452157598497,3.0303030303030303,0.0
2026-10-09T02:13:26.507402+00:00,5396343656389,16,0.5632040050062578,4.0,0.0
2026-10-09T02:13:27.507793+00:00,5397344051350,16,0.43832185347526614,3.0,0.0
2026-10-09T02:13:28.508544+00:00,5398344801817,16,0.4375,4.0,0.0
2026-10-09T02:13:29.509029+00:00,5399345287037,16,1.608910891089109,15.254237288135593,0.0
2026-10-09T02:13:30.509400+00:00,5400345654307,16,0.6887914840325611,3.0,0.0
2026-10-09T02:13:31.509746+00:00,5401346011908,16,0.6253908692933083,3.0303030303030303,0.0
2026-10-09T02:13:32.510129+00:00,5402346384887,16,0.5003126954346466,3.9603960396039604,0.0
2026-10-09T02:13:33.510593+00:00,5403346850477,16,0.37570444583594237,3.0303030303030303,0.0
2026-10-09T02:13:34.511354+00:00,5404347613124,16,0.5003126954346466,3.0303030303030303,0.0
2026-10-09T02:13:35.511846+00:00,5405348109715,16,0.5003126954346466,4.9504950495049505,0.0
2026-10-09T02:13:36.512212+00:00,5406348467145,16,0.5003126954346466,3.0,0.12507817385866166
2026-10-09T02:13:37.512551+00:00,5407348806265,16,0.6261740763932373,4.0,0.0
2026-10-09T02:13:38.512988+00:00,5408349243625,16,0.8114856429463171,3.0,0.062421972534332085
2026-10-09T02:13:39.513456+00:00,5409349713786,16,0.4375,3.9603960396039604,0.0
2026-10-09T02:13:40.513920+00:00,5410350176325,16,0.37570444583594237,3.0303030303030303,0.0
2026-10-09T02:13:41.514345+00:00,5411350601594,16,0.686641697877653,4.0,0.062421972534332085
2026-10-09T02:13:42.514687+00:00,5412350942534,16,1.6189290161892902,5.769230769230769,0.062266500622665005
2026-10-09T02:13:43.515109+00:00,5413351365325,16,1.1904761904761905,6.0,0.0
2026-10-09T02:13:44.515538+00:00,5414351795294,16,1.3133208255159474,4.9504950495049505,0.12507817385866166
2026-10-09T02:13:45.515996+00:00,5415352252274,16,0.6879299562226392,4.0,0.0
2026-10-09T02:13:46.516497+00:00,5416352755264,16,0.749531542785759,3.0,0.0
2026-10-09T02:13:47.516989+00:00,5417353248023,16,0.37593984962406013,4.0,0.0
2026-10-09T02:13:48.517448+00:00,5418353705313,16,0.37523452157598497,3.0,0.0
2026-10-09T02:13:49.517939+00:00,5419354195902,16,0.5625,4.0,0.0
2026-10-09T02:13:50.518332+00:00,5420354589812,16,0.8145363408521303,3.061224489795918,0.06265664160401002
2026-10-09T02:13:51.518750+00:00,5421355031272,16,0.625,4.901960784313726,0.0
2026-10-09T02:13:52.519263+00:00,5422355519763,16,0.7504690431519699,3.0,0.12507817385866166
2026-10-09T02:13:53.520157+00:00,5423356416241,16,0.5628517823639775,3.0303030303030303,0.0
2026-10-09T02:13:54.520689+00:00,5424356949371,16,0.37546933667083854,3.0303030303030303,0.0
2026-10-09T02:13:55.521126+00:00,5425357382150,16,0.5009392611145899,3.9603960396039604,0.12523481527864747
2026-10-09T02:13:56.521571+00:00,5426357830341,16,0.6875,3.0303030303030303,0.0
2026-10-09T02:13:57.522042+00:00,5427358300400,16,0.625,3.0303030303030303,0.0
2026-10-09T02:13:58.522600+00:00,5428358860619,16,0.4377736085053158,3.0,0.0
2026-10-09T02:13:59.523036+00:00,5429359291779,16,1.1271133375078273,3.9603960396039604,0.0
2026-10-09T02:14:00.523398+00:00,5430359653609,16,0.7504690431519699,3.0303030303030303,0.06253908692933083
2026-10-09T02:14:01.523734+00:00,5431359987168,16,0.5628517823639775,4.0,0.0
2026-10-09T02:14:02.524193+00:00,5432360451679,16,0.4380475594493116,3.0,0.0625782227784731
2026-10-09T02:14:03.524656+00:00,5433360914488,16,0.4380475594493116,4.0,0.0
2026-10-09T02:14:04.525135+00:00,5434361394067,16,0.37546933667083854,2.0202020202020203,0.0
2026-10-09T02:14:05.525574+00:00,5435361832648,16,0.37523452157598497,2.9702970297029703,0.0
2026-10-09T02:14:06.525963+00:00,5436362217839,16,0.5635566687539136,2.0,0.18785222291797118
2026-10-09T02:14:07.526398+00:00,5437362656398,16,0.7504690431519699,3.0,0.0
2026-10-09T02:14:08.527027+00:00,5438363286556,16,0.5006257822277848,3.0303030303030303,0.0
2026-10-09T02:14:09.527664+00:00,5439363922415,16,0.4380475594493116,3.9603960396039604,0.0
2026-10-09T02:14:10.528588+00:00,5440364847344,16,0.4377736085053158,4.0,0.0
2026-10-09T02:14:11.528950+00:00,5441365203564,16,0.625,4.9504950495049505,0.0625
2026-10-09T02:14:12.529370+00:00,5442365628904,16,0.37546933667083854,3.0,0.0
2026-10-09T02:14:13.529823+00:00,5443366077684,16,0.43832185347526614,4.0,0.0
2026-10-09T02:14:14.530245+00:00,5444366500683,16,0.8130081300813008,3.0,0.0
2026-10-09T02:14:15.530701+00:00,5445366960003,16,0.5632040050062578,4.0,0.0
2026-10-09T02:14:16.531293+00:00,5446367550542,16,0.5009392611145899,3.0303030303030303,0.0
2026-10-09T02:14:17.531689+00:00,5447367945693,16,0.5006257822277848,3.0,0.0
2026-10-09T02:14:18.532165+00:00,5448368422612,16,0.4377736085053158,4.0,0.0
2026-10-09T02:14:19.532565+00:00,5449368822162,16,0.43832185347526614,3.0303030303030303,0.0
2026-10-09T02:14:20.532995+00:00,5450369250441,16,0.6246096189881324,4.0,0.0
2026-10-09T02:14:21.533352+00:00,5451369607092,16,11.201501877346683,64.64646464646465,0.18773466833541927
2026-10-09T02:14:22.533734+00:00,5452369987492,16,13.108614232209737,84.0,0.0
2026-10-09T02:14:23.546998+00:00,5453383256506,16,22.612446087492298,73.52941176470588,0.24645717806531114
2026-10-09T02:14:24.547392+00:00,5454383647636,16,11.097256857855362,96.96969696969697,0.0
2026-10-09T02:14:25.547807+00:00,5455384064675,16,6.679151061173533,48.0,0.0
2026-10-09T02:14:26.548251+00:00,5456384510525,16,8.0625,65.0,0.1875
2026-10-09T02:14:27.548660+00:00,5457384914806,16,21.00683654443754,50.505050505050505,0.0
2026-10-09T02:14:28.549082+00:00,5458385336955,16,13.333333333333334,100.0,0.06230529595015576
2026-10-09T02:14:29.549460+00:00,5459385713715,16,8.931917551530294,93.0,0.0
2026-10-09T02:14:30.549872+00:00,5460386125754,16,6.75,91.0,0.0
2026-10-09T02:14:31.550255+00:00,5461386509505,16,6.629143214509068,58.8235294117647,0.0
2026-10-09T02:14:32.550635+00:00,5462386888874,16,6.679151061173533,90.0,0.24968789013732834
2026-10-09T02:14:33.551027+00:00,5463387282285,16,8.711885500933416,54.90196078431372,0.0
2026-10-09T02:14:34.551422+00:00,5464387676125,16,8.478802992518704,89.8989898989899,0.06234413965087282
2026-10-09T02:14:35.551824+00:00,5465388079604,16,20.024875621890548,51.48514851485149,0.0
2026-10-09T02:14:36.552133+00:00,5466388386135,16,11.325451151213441,34.0,0.0
2026-10-09T02:14:37.552443+00:00,5467388696566,16,19.092039800995025,95.0,0.0
2026-10-09T02:14:38.552767+00:00,5468389028985,16,12.95369211514393,100.0,0.0
2026-10-09T02:14:39.553200+00:00,5469389458045,16,12.9375,100.0,0.0
2026-10-09T02:14:40.553618+00:00,5470389874405,16,13.100436681222707,100.0,0.12476606363069245
2026-10-09T02:14:41.554026+00:00,5471390283255,16,12.757973733583489,97.02970297029702,0.0
2026-10-09T02:14:42.554411+00:00,5472390666665,16,12.891113892365457,100.0,0.0
2026-10-09T02:14:43.554839+00:00,5473391094905,16,12.95369211514393,100.0,0.0
2026-10-09T02:14:44.555606+00:00,5474391864393,16,9.743910056214865,63.63636363636363,0.0
2026-10-09T02:14:45.556059+00:00,5475392316783,16,23.081683168316832,76.47058823529412,0.0
2026-10-09T02:14:46.556409+00:00,5476392662193,16,13.341645885286782,100.0,0.18703241895261846
2026-10-09T02:14:47.556810+00:00,5477393068292,16,13.046192259675406,100.0,0.0
2026-10-09T02:14:48.557153+00:00,5478393407903,16,13.108614232209737,100.0,0.0
2026-10-09T02:14:49.557462+00:00,5479393715353,16,12.77258566978193,93.0,0.0
2026-10-09T02:14:50.557869+00:00,5480394127553,16,12.891113892365457,100.0,0.18773466833541927
2026-10-09T02:14:51.558199+00:00,5481394454084,16,13.25,100.0,0.0
2026-10-09T02:14:52.558535+00:00,5482394789963,16,13.780260707635009,100.0,0.06207324643078833
2026-10-09T02:14:53.558958+00:00,5483395213943,16,11.892901618929017,100.0,0.0
2026-10-09T02:14:54.559323+00:00,5484395579824,16,7.8125,90.0,0.0
2026-10-09T02:14:55.559897+00:00,5485396167012,16,19.987546699875466,51.0,0.0
2026-10-09T02:14:56.560220+00:00,5486396468473,16,12.951432129514322,96.0,0.0
2026-10-09T02:14:57.560532+00:00,5487396783452,16,19.63727329580988,45.54455445544554,0.2501563477173233
2026-10-09T02:14:58.560942+00:00,5488397200923,16,12.75,96.03960396039604,0.0
2026-10-09T02:14:59.561326+00:00,5489397580933,16,9.931292941911305,62.0,0.0
2026-10-09T02:15:00.561713+00:00,5490397968403,16,6.75422138836773,100.0,0.0
2026-10-09T02:15:01.562079+00:00,5491398333933,16,6.6958698372966206,100.0,0.0625782227784731
2026-10-09T02:15:02.562499+00:00,5492398756363,16,6.978193146417445,100.0,0.0
2026-10-09T02:15:03.562931+00:00,5493399187432,16,6.691682301438399,100.0,0.0
2026-10-09T02:15:04.563338+00:00,5494399593092,16,6.920199501246882,100.0,0.0
2026-10-09T02:15:05.563751+00:00,5495400033692,16,6.629143214509068,100.0,0.0
2026-10-09T02:15:06.564125+00:00,5496400380851,16,7.066916823014384,100.0,0.18761726078799248
2026-10-09T02:15:07.564421+00:00,5497400674062,16,6.75422138836773,100.0,0.0
2026-10-09T02:15:08.564762+00:00,5498401021143,16,6.625,100.0,0.125
2026-10-09T02:15:09.565174+00:00,5499401428742,16,6.633291614518147,100.0,0.0
2026-10-09T02:15:10.565492+00:00,5500401746112,16,6.508135168961202,100.0,0.0
2026-10-09T02:15:11.565841+00:00,5501402096222,16,6.74578388507183,100.0,0.0
2026-10-09T02:15:12.566240+00:00,5502402497463,16,6.808244846970643,100.0,0.18738288569643974
2026-10-09T02:15:13.566663+00:00,5503402919723,16,6.995627732667083,100.0,0.0
2026-10-09T02:15:14.567090+00:00,5504403346042,16,6.870705808869457,100.0,0.12492192379762648
2026-10-09T02:15:15.567517+00:00,5505403772742,16,6.691682301438399,100.0,0.0
2026-10-09T02:15:16.567958+00:00,5506404214302,16,7.169576059850374,100.0,0.0
2026-10-09T02:15:17.568320+00:00,5507404577032,16,6.570713391739675,100.0,0.0
2026-10-09T02:15:18.568724+00:00,5508404980361,16,6.629143214509068,100.0,0.0
2026-10-09T02:15:19.569153+00:00,5509405408011,16,6.629143214509068,100.0,0.0
2026-10-09T02:15:20.569567+00:00,5510405824081,16,6.6958698372966206,100.0,0.0625782227784731
2026-10-09T02:15:21.570016+00:00,5511406272711,16,6.9461827284105135,100.0,0.0625782227784731
2026-10-09T02:15:22.570459+00:00,5512406715981,16,6.6875,100.0,0.0
2026-10-09T02:15:23.570906+00:00,5513407163530,16,6.741573033707865,100.0,0.062421972534332085
2026-10-09T02:15:24.571322+00:00,5514407579870,16,6.6875,100.0,0.0
2026-10-09T02:15:25.571745+00:00,5515408025349,16,6.570713391739675,100.0,0.0
2026-10-09T02:15:26.572202+00:00,5516408457620,16,6.982543640897756,100.0,0.18703241895261846
2026-10-09T02:15:27.572546+00:00,5517408799649,16,6.808244846970643,75.0,0.0
2026-10-09T02:15:28.573000+00:00,5518409256400,16,6.88360450563204,100.0,0.0
2026-10-09T02:15:29.573426+00:00,5519409683009,16,6.6958698372966206,100.0,0.0
2026-10-09T02:15:30.573860+00:00,5520410121879,16,6.75,76.0,0.0
2026-10-09T02:15:31.574283+00:00,5521410537609,16,6.75,100.0,0.1875
2026-10-09T02:15:32.574709+00:00,5522410966408,16,6.75,100.0,0.125
2026-10-09T02:15:33.575082+00:00,5523411336199,16,6.808244846970643,100.0,0.06246096189881324
2026-10-09T02:15:34.575482+00:00,5524411738478,16,6.683322923173017,100.0,0.0
2026-10-09T02:15:35.575835+00:00,5525412093088,16,7.678018575851393,100.0,0.18575851393188855
2026-10-09T02:15:36.576245+00:00,5526412500979,16,7.6397515527950315,100.0,0.0
2026-10-09T02:15:37.576611+00:00,5527412866188,16,6.866416978776529,100.0,0.0
2026-10-09T02:15:38.577048+00:00,5528413298248,16,6.625,100.0,0.125
2026-10-09T02:15:39.577431+00:00,5529413685548,16,6.808244846970643,100.0,0.0
2026-10-09T02:15:40.577775+00:00,5530414028419,16,6.803995006242197,100.0,0.0
2026-10-09T02:15:41.578227+00:00,5531414484367,16,6.8125,100.0,0.0
2026-10-09T02:15:42.578587+00:00,5532414841728,16,6.928838951310861,79.0,0.0
2026-10-09T02:15:43.578993+00:00,5533415248728,16,7.004377736085053,100.0,0.0
2026-10-09T02:15:44.579425+00:00,5534415680538,16,6.93316677076827,100.0,0.06246096189881324
2026-10-09T02:15:45.579870+00:00,5535416125107,16,6.803995006242197,100.0,0.0
2026-10-09T02:15:46.580288+00:00,5536416542997,16,6.633291614518147,100.0,0.0
2026-10-09T02:15:47.580632+00:00,5537416887007,16,6.6875,71.71717171717172,0.0
2026-10-09T02:15:48.580985+00:00,5538417239328,16,7.093963907902925,100.0,0.0
2026-10-09T02:15:49.581337+00:00,5539417595747,16,6.803995006242197,100.0,0.12484394506866417
2026-10-09T02:15:50.581790+00:00,5540418046638,16,7.11166562694947,100.0,0.06238303181534623
2026-10-09T02:15:51.582217+00:00,5541418473937,16,6.879299562226391,100.0,0.0
2026-10-09T02:15:52.582537+00:00,5542418790058,16,7.386716325263811,100.0,0.0
2026-10-09T02:15:53.582948+00:00,5543419203886,16,6.683322923173017,100.0,0.0
2026-10-09T02:15:54.583335+00:00,5544419589057,16,6.808244846970643,100.0,0.0
2026-10-09T02:15:55.583652+00:00,5545419905287,16,7.209446861404599,100.0,0.0
2026-10-09T02:15:56.583987+00:00,5546420240747,16,7.9029247044181705,49.494949494949495,0.18668326073428748
2026-10-09T02:15:57.584382+00:00,5547420637827,16,7.330827067669173,28.0,0.0
2026-10-09T02:15:58.584813+00:00,5548421069717,16,6.995627732667083,100.0,0.06246096189881324
2026-10-09T02:15:59.585144+00:00,5549421398167,16,6.870705808869457,96.0,0.0
2026-10-09T02:16:00.585526+00:00,5550421780886,16,6.6875,100.0,0.0
2026-10-09T02:16:01.585964+00:00,5551422220257,16,6.928838951310861,87.0,0.12484394506866417
2026-10-09T02:16:02.586305+00:00,5552422559558,16,7.423580786026201,100.0,0.06238303181534623
2026-10-09T02:16:03.586699+00:00,5553422955086,16,6.870705808869457,96.0,0.0
2026-10-09T02:16:04.587116+00:00,5554423373847,16,6.683322923173017,96.0,0.12492192379762648
2026-10-09T02:16:05.587452+00:00,5555423706306,16,10.132689987937274,93.0,0.0
2026-10-09T02:16:06.587817+00:00,5556424072477,16,1.061836352279825,3.0303030303030303,0.0
2026-10-09T02:16:07.588236+00:00,5557424495276,16,0.5628517823639775,3.0303030303030303,0.06253908692933083
2026-10-09T02:16:08.591236+00:00,5558427493587,16,0.37453183520599254,3.9603960396039604,0.0
2026-10-09T02:16:09.591647+00:00,5559427904067,16,0.6242197253433208,3.9603960396039604,0.12484394506866417
2026-10-09T02:16:10.592395+00:00,5560428653796,16,0.7481296758104738,4.0,0.0
2026-10-09T02:16:11.592747+00:00,5561429017516,16,0.810979413599501,3.8461538461538463,0.0
2026-10-09T02:16:12.593107+00:00,5562429360596,16,0.749531542785759,3.0303030303030303,0.18738288569643974
2026-10-09T02:16:13.593581+00:00,5563429839247,16,0.8739076154806492,3.0,0.0
2026-10-09T02:16:14.594094+00:00,5564430354826,16,0.5628517823639775,4.0,0.0
2026-10-09T02:16:15.594573+00:00,5565430831875,16,0.6246096189881324,3.0,0.12492192379762648
2026-10-09T02:16:16.595039+00:00,5566431297686,16,0.5006257822277848,3.0303030303030303,0.0
2026-10-09T02:16:17.595507+00:00,5567431765505,16,0.5003126954346466,3.0,0.0
2026-10-09T02:16:18.595986+00:00,5568432243005,16,0.5625,3.9603960396039604,0.0625
2026-10-09T02:16:19.596365+00:00,5569432620005,16,0.686641697877653,3.0303030303030303,0.12484394506866417
2026-10-09T02:16:20.596836+00:00,5570433096915,16,0.8744534665833854,3.9603960396039604,0.0
2026-10-09T02:16:21.597211+00:00,5571433465001,16,0.8119925046845722,3.0303030303030303,0.0
2026-10-09T02:16:22.597646+00:00,5572433903207,16,0.37546933667083854,3.9603960396039604,0.0
2026-10-09T02:16:23.598110+00:00,5573434368493,16,0.31289111389236546,3.0303030303030303,0.0
2026-10-09T02:16:24.598499+00:00,5574434754018,16,0.625,4.0,0.0
2026-10-09T02:16:25.598980+00:00,5575435237943,16,0.4380475594493116,3.9603960396039604,0.0625782227784731
2026-10-09T02:16:26.599342+00:00,5576435597850,16,0.5006257822277848,4.0,0.0
2026-10-09T02:16:27.599721+00:00,5577435977435,16,0.8130081300813008,3.9603960396039604,0.0
2026-10-09T02:16:28.600212+00:00,5578436469660,16,0.6253908692933083,3.0303030303030303,0.0
2026-10-09T02:16:29.600664+00:00,5579436921105,16,0.75,3.9603960396039604,0.0
2026-10-09T02:16:30.601178+00:00,5580437436950,16,0.749531542785759,3.0303030303030303,0.0
2026-10-09T02:16:31.601554+00:00,5581437808467,16,0.6879299562226392,4.0,0.12507817385866166
2026-10-09T02:16:32.601994+00:00,5582438250732,16,0.5628517823639775,3.9603960396039604,0.0
2026-10-09T02:16:33.602850+00:00,5583439109116,16,0.5628517823639775,3.0303030303030303,0.06253908692933083
2026-10-09T02:16:34.603224+00:00,5584439478982,16,0.6879299562226392,4.0,0.12507817385866166
2026-10-09T02:16:35.603590+00:00,5585439845548,16,0.688360450563204,3.0,0.0
2026-10-09T02:16:36.604021+00:00,5586440276843,16,0.6887914840325611,4.0,0.0
2026-10-09T02:16:37.604464+00:00,5587440721498,16,0.6875,3.0303030303030303,0.0
2026-10-09T02:16:38.604992+00:00,5588441252462,16,0.686641697877653,3.9603960396039604,0.0
2026-10-09T02:16:39.605344+00:00,5589441600259,16,2.0935960591133007,12.5,0.06157635467980296
2026-10-09T02:16:40.605920+00:00,5590442178025,16,0.7490636704119851,4.761904761904762,0.0
2026-10-09T02:16:41.606352+00:00,5591442608440,16,0.8739076154806492,4.0,0.0
2026-10-09T02:16:42.606724+00:00,5592442979046,16,0.8130081300813008,3.0,0.18761726078799248
2026-10-09T02:16:43.607183+00:00,5593443442521,16,0.6257822277847309,3.0303030303030303,0.0
2026-10-09T02:16:44.607612+00:00,5594443868447,16,0.5003126954346466,3.0,0.12507817385866166
2026-10-09T02:16:45.608408+00:00,5595444666782,16,0.9345794392523364,4.0,0.0
2026-10-09T02:16:46.608881+00:00,5596445142127,16,0.6253908692933083,3.0303030303030303,0.0
2026-10-09T02:16:47.609301+00:00,5597445558163,16,0.5625,3.0,0.0
2026-10-09T02:16:48.609684+00:00,5598445940769,16,0.5009392611145899,4.9504950495049505,0.0
2026-10-09T02:16:49.610027+00:00,5599446280504,16,1.307596513075965,7.4766355140186915,0.062266500622665005
2026-10-09T02:16:50.610442+00:00,5600446697841,16,0.6887914840325611,3.9603960396039604,0.0
2026-10-09T02:16:51.610824+00:00,5601447080406,16,0.6879299562226392,4.0,0.12507817385866166
2026-10-09T02:16:52.611248+00:00,5602447505971,16,0.8728179551122195,4.0,0.0
2026-10-09T02:16:53.611616+00:00,5603447870537,16,0.5009392611145899,4.9504950495049505,0.0
2026-10-09T02:16:54.612062+00:00,5604448319652,16,0.6257822277847309,4.9504950495049505,0.0
2026-10-09T02:16:55.612487+00:00,5605448745668,16,0.8733624454148472,4.761904761904762,0.0
2026-10-09T02:16:56.612867+00:00,5606449121155,16,1.3149655604257984,4.0,0.0
2026-10-09T02:16:57.613284+00:00,5607449541349,16,0.688360450563204,3.0,0.18773466833541927
2026-10-09T02:16:58.613644+00:00,5608449898904,16,0.8114856429463171,4.0,0.0
2026-10-09T02:16:59.614098+00:00,5609450357889,16,0.6253908692933083,4.854368932038835,0.06253908692933083
2026-10-09T02:17:00.614581+00:00,5610450839434,16,0.8119925046845722,4.0,0.0
2026-10-09T02:17:01.614983+00:00,5611451239691,16,0.6257822277847309,2.0,0.0
2026-10-09T02:17:02.615463+00:00,5612451722695,16,0.25046963055729493,1.0101010101010102,0.18785222291797118
2026-10-09T02:17:03.615983+00:00,5613452242381,16,0.6879299562226392,3.0,0.0
2026-10-09T02:17:04.616336+00:00,5614452589816,16,1.061836352279825,3.0,0.12492192379762648
2026-10-09T02:17:05.617009+00:00,5615453270451,16,0.6879299562226392,3.0303030303030303,0.0
2026-10-09T02:17:06.617453+00:00,5616453709726,16,0.7509386733416771,3.0,0.0
2026-10-09T02:17:07.617893+00:00,5617454149051,16,0.438871473354232,3.0303030303030303,0.18808777429467086
2026-10-09T02:17:08.618349+00:00,5618454609376,16,0.5632040050062578,3.9603960396039604,0.0
2026-10-09T02:17:09.618850+00:00,5619455111372,16,0.5632040050062578,3.0303030303030303,0.0
2026-10-09T02:17:10.619586+00:00,5620455844965,16,0.686641697877653,4.0,0.0
2026-10-09T02:17:11.619969+00:00,5621456222241,16,0.8744534665833854,3.0,0.0
2026-10-09T02:17:12.620360+00:00,5622456616937,16,0.7514088916718847,3.0303030303030303,0.06261740763932373
2026-10-09T02:17:13.620855+00:00,5623457112462,16,0.625,3.0,0.125
2026-10-09T02:17:14.621406+00:00,5624457669516,16,12.476606363069244,88.0,0.0
2026-10-09T02:17:15.621808+00:00,5625458063823,16,21.036204744069913,53.46534653465346,0.0
2026-10-09T02:17:16.622184+00:00,5626458437819,16,12.967581047381547,94.0,0.06234413965087282
2026-10-09T02:17:17.622503+00:00,5627458756854,16,6.679151061173533,72.72727272727273,0.0
2026-10-09T02:17:18.622911+00:00,5628459171539,16,7.625,66.0,0.0
2026-10-09T02:17:19.623243+00:00,5629459497195,16,19.475655430711612,49.504950495049506,0.0
2026-10-09T02:17:20.623672+00:00,5630459926431,16,12.75,95.95959595959596,0.0
2026-10-09T02:17:21.624038+00:00,5631460293157,16,10.006253908692933,93.0,0.0
2026-10-09T02:17:22.624371+00:00,5632460623542,16,6.620861961274204,90.9090909090909,0.0
2026-10-09T02:17:23.624749+00:00,5633461026868,16,6.566604127579738,54.0,0.0
2026-10-09T02:17:24.625206+00:00,5634461459123,16,6.683322923173017,58.415841584158414,0.0
2026-10-09T02:17:25.625591+00:00,5635461843949,16,8.25,60.396039603960396,0.0
2026-10-09T02:17:26.625915+00:00,5636462167895,16,8.557151780137414,90.0,0.0
2026-10-09T02:17:27.626227+00:00,5637462479930,16,6.168224299065421,45.0,0.0
2026-10-09T02:17:28.627011+00:00,5638463268975,16,19.288389513108616,46.53465346534654,0.062421972534332085
2026-10-09T02:17:29.627359+00:00,5639463613240,16,20.713391739674595,51.0,0.0
2026-10-09T02:17:30.627782+00:00,5640464038956,16,13.016270337922403,100.0,0.0
2026-10-09T02:17:31.628129+00:00,5641464384172,16,13.008130081300813,100.0,0.0
2026-10-09T02:17:32.628453+00:00,5642464706647,16,12.891113892365457,100.0,0.0
2026-10-09T02:17:33.628848+00:00,5643465107492,16,12.703379224030037,97.02970297029702,0.0625782227784731
2026-10-09T02:17:34.629185+00:00,5644465438759,16,13.30418488444722,100.0,0.0
2026-10-09T02:17:35.629580+00:00,5645465836244,16,13.0,100.0,0.125
2026-10-09T02:17:36.630047+00:00,5646466303979,16,12.796504369538077,97.0,0.0
2026-10-09T02:17:37.630399+00:00,5647466654906,16,20.877084620135886,44.554455445544555,0.0
2026-10-09T02:17:38.630801+00:00,5648467055821,16,12.640801001251564,94.94949494949495,0.0
2026-10-09T02:17:39.631209+00:00,5649467464617,16,12.945590994371482,100.0,0.06253908692933083
2026-10-09T02:17:40.631619+00:00,5650467875102,16,12.828535669586984,100.0,0.0
2026-10-09T02:17:41.631964+00:00,5651468219178,16,13.108614232209737,94.0,0.0
2026-10-09T02:17:42.632271+00:00,5652468523384,16,13.125,100.0,0.0
2026-10-09T02:17:43.632679+00:00,5653468936619,16,13.054341036851968,100.0,0.0
2026-10-09T02:17:44.633099+00:00,5654469355696,16,12.891113892365457,100.0,0.0
2026-10-09T02:17:45.633510+00:00,5655469765911,16,12.883051907442152,100.0,0.06253908692933083
2026-10-09T02:17:46.633937+00:00,5656470193186,16,7.495315427857589,100.0,0.06246096189881324
2026-10-09T02:17:47.634264+00:00,5657470516692,16,18.76558603491272,37.0,0.0
2026-10-09T02:17:48.634630+00:00,5658470883638,16,12.453066332916146,94.0,0.0625782227784731
2026-10-09T02:17:49.635001+00:00,5659471253683,16,8.875,44.0,0.0
2026-10-09T02:17:50.635432+00:00,5660471690789,16,23.139462163852407,88.0,0.0
2026-10-09T02:17:51.635836+00:00,5661472090175,16,11.95244055068836,89.8989898989899,0.18773466833541927
2026-10-09T02:17:52.636171+00:00,5662472424541,16,6.637445209768315,84.0,0.0
2026-10-09T02:17:53.636501+00:00,5663472754506,16,6.629143214509068,100.0,0.0
2026-10-09T02:17:54.636927+00:00,5664473181971,16,6.691682301438399,100.0,0.0
2026-10-09T02:17:55.637260+00:00,5665473515028,16,6.691682301438399,100.0,0.0
2026-10-09T02:17:56.637609+00:00,5666473863103,16,7.1830106183635225,100.0,0.3747657713928795
2026-10-09T02:17:57.637963+00:00,5667474216579,16,6.924516531503431,100.0,0.0
2026-10-09T02:17:58.638385+00:00,5668474642384,16,6.574827802128992,100.0,0.0
2026-10-09T02:17:59.638844+00:00,5669475103329,16,6.570713391739675,100.0,0.0
2026-10-09T02:18:00.639196+00:00,5670475452735,16,6.6875,100.0,0.0
2026-10-09T02:18:01.639608+00:00,5671475864921,16,6.691682301438399,100.0,0.12507817385866166
2026-10-09T02:18:02.639949+00:00,5672476202197,16,6.629143214509068,100.0,0.0
2026-10-09T02:18:03.640350+00:00,5673476605421,16,6.875,100.0,0.0
2026-10-09T02:18:04.640695+00:00,5674476948968,16,6.70006261740764,100.0,0.0
2026-10-09T02:18:05.641045+00:00,5675477299593,16,6.6875,100.0,0.0
2026-10-09T02:18:06.641410+00:00,5676477666269,16,6.758448060075094,100.0,0.0
2026-10-09T02:18:07.641877+00:00,5677478136364,16,6.629143214509068,100.0,0.06253908692933083
2026-10-09T02:18:08.642211+00:00,5678478466561,16,6.620861961274204,100.0,0.0
2026-10-09T02:18:09.642554+00:00,5679478809136,16,6.862133499688085,100.0,0.0
2026-10-09T02:18:10.642908+00:00,5680479163482,16,6.808244846970643,100.0,0.0
2026-10-09T02:18:11.643304+00:00,5681479559907,16,6.941838649155723,100.0,0.0
2026-10-09T02:18:12.643718+00:00,5682479974603,16,6.8125,100.0,0.0625
2026-10-09T02:18:13.648889+00:00,5683485145152,16,6.604361370716511,100.0,0.12461059190031153
2026-10-09T02:18:14.649303+00:00,5684485559027,16,6.629143214509068,100.0,0.0
2026-10-09T02:18:15.649719+00:00,5685485975512,16,6.6875,100.0,0.0625
2026-10-09T02:18:16.650099+00:00,5686486352059,16,6.808244846970643,100.0,0.0
2026-10-09T02:18:17.650508+00:00,5687486766354,16,6.570713391739675,100.0,0.18773466833541927
2026-10-09T02:18:18.650960+00:00,5688487215159,16,6.879299562226391,100.0,0.0
2026-10-09T02:18:19.651313+00:00,5689487565994,16,6.75422138836773,100.0,0.0
2026-10-09T02:18:20.651713+00:00,5690487970541,16,6.570713391739675,100.0,0.0
2026-10-09T02:18:21.652170+00:00,5691488425916,16,6.75422138836773,100.0,0.0
2026-10-09T02:18:22.652589+00:00,5692488847661,16,6.566604127579738,100.0,0.0
2026-10-09T02:18:23.653039+00:00,5693489298987,16,6.625,100.0,0.0
2026-10-09T02:18:24.653464+00:00,5694489718953,16,6.629143214509068,100.0,0.12507817385866166
2026-10-09T02:18:25.653847+00:00,5695490111208,16,6.570713391739675,100.0,0.0
2026-10-09T02:18:26.654279+00:00,5696490535763,16,7.0,100.0,0.0
2026-10-09T02:18:27.654646+00:00,5697490901529,16,6.75422138836773,100.0,0.18761726078799248
2026-10-09T02:18:28.655056+00:00,5698491310234,16,6.629143214509068,66.0,0.0
2026-10-09T02:18:29.655478+00:00,5699491735210,16,6.508135168961202,100.0,0.0
2026-10-09T02:18:30.655834+00:00,5700492087416,16,6.633291614518147,100.0,0.0625782227784731
2026-10-09T02:18:31.656245+00:00,5701492501441,16,6.6958698372966206,100.0,0.1251564455569462
2026-10-09T02:18:32.656656+00:00,5702492912127,16,6.625,100.0,0.0
2026-10-09T02:18:33.657069+00:00,5703493325492,16,6.9461827284105135,100.0,0.0
2026-10-09T02:18:34.657434+00:00,5704493685728,16,6.691682301438399,100.0,0.0
2026-10-09T02:18:35.657867+00:00,5705494126054,16,6.691682301438399,100.0,0.0
2026-10-09T02:18:36.658296+00:00,5706494551089,16,6.870705808869457,100.0,0.18738288569643974
2026-10-09T02:18:37.658684+00:00,5707494940224,16,6.629143214509068,100.0,0.0
2026-10-09T02:18:38.659134+00:00,5708495391440,16,6.683322923173017,100.0,0.0
2026-10-09T02:18:39.659544+00:00,5709495800545,16,6.629143214509068,100.0,0.0
2026-10-09T02:18:40.659912+00:00,5710496166531,16,6.691682301438399,100.0,0.0
2026-10-09T02:18:41.660249+00:00,5711496502396,16,6.941838649155723,100.0,0.0
2026-10-09T02:18:42.660580+00:00,5712496834943,16,14.330413016270338,100.0,0.2503128911138924
2026-10-09T02:18:43.660990+00:00,5713497245328,16,6.74578388507183,100.0,0.0
2026-10-09T02:18:44.661338+00:00,5714497600134,16,6.508135168961202,100.0,0.0
2026-10-09T02:18:45.661681+00:00,5715497934329,16,6.6875,100.0,0.0
2026-10-09T02:18:46.662097+00:00,5716498353626,16,6.6958698372966206,100.0,0.0
2026-10-09T02:18:47.662442+00:00,5717498697431,16,6.629143214509068,100.0,0.18761726078799248
2026-10-09T02:18:48.662861+00:00,5718499115746,16,6.9375,100.0,0.0
2026-10-09T02:18:49.663249+00:00,5719499504852,16,6.8125,96.0,0.0
2026-10-09T02:18:50.663542+00:00,5720499793749,16,6.758448060075094,100.0,0.0
2026-10-09T02:18:51.663958+00:00,5721500213993,16,6.691682301438399,96.07843137254902,0.0
2026-10-09T02:18:52.664304+00:00,5722500560199,16,6.6875,95.0,0.25
2026-10-09T02:18:53.664697+00:00,5723500951784,16,6.862133499688085,96.0,0.0
2026-10-09T02:18:54.665136+00:00,5724501391451,16,7.156191661481021,100.0,0.0
2026-10-09T02:18:55.665502+00:00,5725501756816,16,2.9943855271366187,28.712871287128714,0.0
2026-10-09T02:18:56.665943+00:00,5726502199781,16,0.75,3.9603960396039604,0.0
2026-10-09T02:18:57.666388+00:00,5727502646876,16,0.5632040050062578,3.0,0.0
2026-10-09T02:18:58.666907+00:00,5728503169001,16,0.37523452157598497,3.0303030303030303,0.12507817385866166
2026-10-09T02:18:59.667367+00:00,5729503625817,16,0.37546933667083854,3.9603960396039604,0.0
2026-10-09T02:19:00.667965+00:00,5730504223862,16,0.4380475594493116,3.0303030303030303,0.0
2026-10-09T02:19:01.668518+00:00,5731504776137,16,0.8114856429463171,3.0303030303030303,0.0
2026-10-09T02:19:02.669065+00:00,5732505324852,16,0.5003126954346466,3.9603960396039604,0.0
2026-10-09T02:19:03.669631+00:00,5733505889847,16,0.6253908692933083,3.0303030303030303,0.12507817385866166
2026-10-09T02:19:04.670406+00:00,5734506665161,16,0.75,3.9603960396039604,0.0
2026-10-09T02:19:05.670956+00:00,5735507214685,16,0.5632040050062578,3.0303030303030303,0.0
2026-10-09T02:19:06.671339+00:00,5736507595921,16,0.6253908692933083,4.0,0.0
2026-10-09T02:19:07.671694+00:00,5737507948336,16,0.4380475594493116,3.9603960396039604,0.0
2026-10-09T02:19:08.672126+00:00,5738508384442,16,0.37546933667083854,3.0303030303030303,0.0625782227784731
2026-10-09T02:19:09.672651+00:00,5739508910117,16,0.4380475594493116,3.0,0.0
2026-10-09T02:19:10.673037+00:00,5740509291322,16,0.5625,4.0,0.0
2026-10-09T02:19:11.673481+00:00,5741509741477,16,0.7518796992481203,4.0,0.0
2026-10-09T02:19:12.673958+00:00,5742510214323,16,0.6879299562226392,4.901960784313726,0.0
2026-10-09T02:19:13.674461+00:00,5743510720428,16,0.5,4.0,0.125
2026-10-09T02:19:14.674933+00:00,5744511189623,16,0.43832185347526614,4.0,0.06261740763932373
2026-10-09T02:19:15.675388+00:00,5745511645838,16,0.7485963817841547,3.0,0.0
2026-10-09T02:19:16.676194+00:00,5746512453582,16,0.5632040050062578,4.0,0.0
2026-10-09T02:19:17.676617+00:00,5747512874539,16,0.4377736085053158,3.0303030303030303,0.0
2026-10-09T02:19:18.677061+00:00,5748513318703,16,0.749531542785759,3.9603960396039604,0.0
2026-10-09T02:19:19.677545+00:00,5749513802178,16,0.6870705808869456,3.0303030303030303,0.12492192379762648
2026-10-09T02:19:20.678297+00:00,5750514556183,16,0.4380475594493116,3.0,0.0
2026-10-09T02:19:21.678771+00:00,5751515035849,16,0.6253908692933083,4.9504950495049505,0.0
2026-10-09T02:19:22.679176+00:00,5752515433324,16,0.4380475594493116,4.0,0.18773466833541927
2026-10-09T02:19:23.679650+00:00,5753515908249,16,0.37546933667083854,3.0,0.0
2026-10-09T02:19:24.680198+00:00,5754516454705,16,0.5003126954346466,3.0303030303030303,0.0
2026-10-09T02:19:25.680583+00:00,5755516838891,16,0.4380475594493116,4.0,0.0625782227784731
2026-10-09T02:19:26.680945+00:00,5756517200987,16,0.8130081300813008,3.0,0.12507817385866166
2026-10-09T02:19:27.681393+00:00,5757517649862,16,0.5632040050062578,3.0,0.0
2026-10-09T02:19:28.682288+00:00,5758518547786,16,0.5,4.0,0.0625
2026-10-09T02:19:29.682692+00:00,5759518949671,16,0.5,3.0303030303030303,0.0
2026-10-09T02:19:30.683022+00:00,5760519278727,16,0.37570444583594237,4.0,0.0
2026-10-09T02:19:31.683495+00:00,5761519751713,16,0.5625,3.0,0.0
2026-10-09T02:19:32.684010+00:00,5762520268808,16,0.5,4.0,0.25
2026-10-09T02:19:33.684461+00:00,5763520717524,16,0.5632040050062578,3.9603960396039604,0.0
2026-10-09T02:19:34.684941+00:00,5764521197919,16,0.75,3.0,0.0
2026-10-09T02:19:35.685375+00:00,5765521633674,16,0.4380475594493116,3.0303030303030303,0.0
2026-10-09T02:19:36.685768+00:00,5766522030239,16,0.625,4.0,0.0
2026-10-09T02:19:37.686223+00:00,5767522481166,16,0.4377736085053158,3.9603960396039604,0.0
2026-10-09T02:19:38.686683+00:00,5768522942461,16,0.5003126954346466,4.0,0.06253908692933083
2026-10-09T02:19:39.687165+00:00,5769523424216,16,0.4380475594493116,4.0,0.0625782227784731
2026-10-09T02:19:40.687613+00:00,5770523870651,16,0.5003126954346466,3.0303030303030303,0.06253908692933083
2026-10-09T02:19:41.688051+00:00,5771524307727,16,0.8755472170106317,2.0202020202020203,0.0
2026-10-09T02:19:42.688423+00:00,5772524676843,16,0.6257822277847309,4.901960784313726,0.0625782227784731
2026-10-09T02:19:43.688998+00:00,5773525255237,16,0.5625,4.0,0.0
2026-10-09T02:19:44.689459+00:00,5774525716502,16,0.7481296758104738,3.9603960396039604,0.06234413965087282
2026-10-09T02:19:45.689920+00:00,5775526178097,16,0.6875,3.0303030303030303,0.0625
2026-10-09T02:19:46.690279+00:00,5776526534104,16,0.8739076154806492,3.0,0.0
2026-10-09T02:19:47.690692+00:00,5777526950509,16,0.8722741433021807,3.0303030303030303,0.0
2026-10-09T02:19:48.691117+00:00,5778527372064,16,0.8744534665833854,3.0,0.0
2026-10-09T02:19:49.691501+00:00,5779527757190,16,0.6879299562226392,4.0,0.0
2026-10-09T02:19:50.692237+00:00,5780528496294,16,0.6870705808869456,2.9702970297029703,0.0
2026-10-09T02:19:51.692615+00:00,5781528869660,16,0.6253908692933083,4.0,0.18761726078799248
2026-10-09T02:19:52.693024+00:00,5782529279695,16,1.057871810827629,5.660377358490566,0.12445550715619166
2026-10-09T02:19:53.693431+00:00,5783529687011,16,0.9956440572495333,3.8461538461538463,0.0
2026-10-09T02:19:54.693822+00:00,5784530078727,16,0.37593984962406013,3.0303030303030303,0.0
2026-10-09T02:19:55.694253+00:00,5785530511951,16,0.5625,3.0,0.0
2026-10-09T02:19:56.694606+00:00,5786530860368,16,0.8130081300813008,3.0303030303030303,0.0
2026-10-09T02:19:57.695022+00:00,5787531278243,16,1.1207970112079702,5.825242718446602,0.0
2026-10-09T02:19:58.695487+00:00,5788531746079,16,0.5621486570893192,2.0,0.12492192379762648
2026-10-09T02:19:59.695999+00:00,5789532257614,16,1.2399256044637321,4.8076923076923075,0.0
2026-10-09T02:20:00.696477+00:00,5790532733980,16,1.2406947890818858,12.280701754385966,0.0
2026-10-09T02:20:01.696920+00:00,5791533180375,16,0.5625,4.0,0.0
2026-10-09T02:20:02.697397+00:00,5792533653960,16,0.4380475594493116,3.0,0.0
2026-10-09T02:20:03.697805+00:00,5793534060095,16,0.6257822277847309,4.0,0.18773466833541927
2026-10-09T02:20:04.698242+00:00,5794534501481,16,0.5628517823639775,3.9603960396039604,0.0
2026-10-09T02:20:05.698710+00:00,5795534968806,16,0.5003126954346466,4.0,0.0
2026-10-09T02:20:06.699105+00:00,5796535362152,16,0.5632040050062578,3.9603960396039604,0.0
2026-10-09T02:20:07.699587+00:00,5797535845048,16,0.5621486570893192,4.0,0.0
2026-10-09T02:20:08.699989+00:00,5798536246233,16,0.4375,4.0,0.0
2026-10-09T02:20:09.700416+00:00,5799536673818,16,0.37546933667083854,3.0,0.18773466833541927
2026-10-09T02:20:10.700799+00:00,5800537055904,16,0.4380475594493116,4.0,0.0
2026-10-09T02:20:11.701138+00:00,5801537392610,16,0.8130081300813008,3.0,0.0
2026-10-09T02:20:12.701561+00:00,5802537817415,16,0.5632040050062578,3.0303030303030303,0.0
2026-10-09T02:20:13.702022+00:00,5803538280890,16,0.5625,4.0,0.0625
2026-10-09T02:20:14.702917+00:00,5804539175004,16,0.8766437069505323,3.9603960396039604,0.0
2026-10-09T02:20:15.703368+00:00,5805539626710,16,0.4375,3.0303030303030303,0.125
2026-10-09T02:20:16.703834+00:00,5806540093545,16,0.5009392611145899,4.9504950495049505,0.0
2026-10-09T02:20:17.704276+00:00,5807540533920,16,0.37546933667083854,3.0,0.0
2026-10-09T02:20:18.704722+00:00,5808540980506,16,1.1194029850746268,8.256880733944953,0.0
2026-10-09T02:20:19.705495+00:00,5809541755219,16,0.5,1.0,0.0
2026-10-09T02:20:20.705882+00:00,5810542138114,16,0.4377736085053158,2.0,0.0
2026-10-09T02:20:21.706311+00:00,5811542570090,16,0.5632040050062578,3.0303030303030303,0.0625782227784731
2026-10-09T02:20:22.706724+00:00,5812542980205,16,0.6242197253433208,3.8461538461538463,0.12484394506866417
2026-10-09T02:20:23.707170+00:00,5813543435231,16,0.4380475594493116,3.9603960396039604,0.0
2026-10-09T02:20:24.707618+00:00,5814543876866,16,0.4380475594493116,4.0,0.0625782227784731
2026-10-09T02:20:25.708104+00:00,5815544363411,16,0.4380475594493116,3.0,0.0
2026-10-09T02:20:26.708499+00:00,5816544753658,16,19.925280199252803,48.51485148514851,0.0
2026-10-09T02:20:27.708902+00:00,5817545156543,16,13.358302122347066,97.97979797979798,0.24968789013732834
2026-10-09T02:20:28.709295+00:00,5818545549208,16,12.945590994371482,100.0,0.06253908692933083
2026-10-09T02:20:29.709625+00:00,5819545877653,16,13.046192259675406,100.0,0.0
2026-10-09T02:20:30.710023+00:00,5820546279020,16,12.945590994371482,100.0,0.0
2026-10-09T02:20:31.710407+00:00,5821546661605,16,12.945590994371482,100.0,0.0
2026-10-09T02:20:32.710792+00:00,5822547045741,16,12.883051907442152,100.0,0.18761726078799248
2026-10-09T02:20:33.711169+00:00,5823547426336,16,13.241723922548408,100.0,0.0
2026-10-09T02:20:34.711561+00:00,5824547815972,16,13.1875,100.0,0.0
2026-10-09T02:20:35.711908+00:00,5825548161418,16,13.0625,100.0,0.0
2026-10-09T02:20:36.712224+00:00,5826548477863,16,8.625,96.0,0.125
2026-10-09T02:20:37.712564+00:00,5827548819700,16,6.862133499688085,100.0,0.0
2026-10-09T02:20:38.712997+00:00,5828549251695,16,6.629143214509068,100.0,0.0
2026-10-09T02:20:39.713329+00:00,5829549582851,16,6.75,100.0,0.0
2026-10-09T02:20:40.713724+00:00,5830549979916,16,6.570713391739675,100.0,0.0
2026-10-09T02:20:41.714090+00:00,5831550344561,16,6.9461827284105135,100.0,0.37546933667083854
2026-10-09T02:20:42.714488+00:00,5832550743348,16,6.875,100.0,0.0625
2026-10-09T02:20:43.714926+00:00,5833551181853,16,6.570713391739675,100.0,0.0
2026-10-09T02:20:44.715340+00:00,5834551596348,16,6.625,100.0,0.0
2026-10-09T02:20:45.715741+00:00,5835551995914,16,6.633291614518147,100.0,0.1251564455569462
2026-10-09T02:20:46.716189+00:00,5836552448360,16,6.6958698372966206,100.0,0.0625782227784731
2026-10-09T02:20:47.716608+00:00,5837552865125,16,6.625,100.0,0.0
2026-10-09T02:20:48.717051+00:00,5838553306441,16,6.875,100.0,0.0
2026-10-09T02:20:49.717391+00:00,5839553644406,16,6.93316677076827,100.0,0.0
2026-10-09T02:20:50.717807+00:00,5840554063291,16,6.633291614518147,100.0,0.0
2026-10-09T02:20:51.718182+00:00,5841554437068,16,6.870705808869457,100.0,0.0
2026-10-09T02:20:52.718555+00:00,5842554809163,16,6.6875,100.0,0.125
2026-10-09T02:20:53.718986+00:00,5843555240028,16,6.6875,100.0,0.0
2026-10-09T02:20:54.719376+00:00,5844555630734,16,6.691682301438399,100.0,0.0
2026-10-09T02:20:55.719773+00:00,5845556036430,16,6.799750467872738,100.0,0.0
2026-10-09T02:20:56.720137+00:00,5846556391915,16,7.125,100.0,0.0
2026-10-09T02:20:57.720531+00:00,5847556785730,16,6.758448060075094,100.0,0.0625782227784731
2026-10-09T02:20:58.720937+00:00,5848557192006,16,6.74578388507183,100.0,0.0
2026-10-09T02:20:59.721331+00:00,5849557587393,16,6.629143214509068,100.0,0.0
2026-10-09T02:21:00.721725+00:00,5850557980148,16,6.808244846970643,100.0,0.18738288569643974
2026-10-09T02:21:01.722170+00:00,5851558427543,16,7.004377736085053,100.0,0.0
2026-10-09T02:21:02.722576+00:00,5852558830608,16,6.741573033707865,100.0,0.0
2026-10-09T02:21:03.722974+00:00,5853559230455,16,7.17852684144819,100.0,0.12484394506866417
2026-10-09T02:21:04.723396+00:00,5854559651620,16,6.9375,100.0,0.0
2026-10-09T02:21:05.723726+00:00,5855559978446,16,6.75422138836773,100.0,0.0
2026-10-09T02:21:06.724104+00:00,5856560361310,16,6.866416978776529,100.0,0.0
2026-10-09T02:21:07.724516+00:00,5857560773387,16,6.808244846970643,100.0,0.0
2026-10-09T02:21:08.724949+00:00,5858561203782,16,6.741573033707865,100.0,0.18726591760299627
2026-10-09T02:21:09.725323+00:00,5859561578057,16,6.691682301438399,100.0,0.0
2026-10-09T02:21:10.725712+00:00,5860561968243,16,6.821026282853567,100.0,0.0625782227784731
2026-10-09T02:21:11.726153+00:00,5861562409039,16,6.88360450563204,100.0,0.0625782227784731
2026-10-09T02:21:12.726557+00:00,5862562813375,16,7.066916823014384,100.0,0.0
2026-10-09T02:21:13.726912+00:00,5863563165420,16,6.741573033707865,100.0,0.12484394506866417
2026-10-09T02:21:14.727239+00:00,5864563492726,16,6.8125,100.0,0.0
2026-10-09T02:21:15.727621+00:00,5865563876561,16,6.633291614518147,100.0,0.0
2026-10-09T02:21:16.728031+00:00,5866564287787,16,6.875,100.0,0.0
2026-10-09T02:21:17.728438+00:00,5867564693842,16,6.683322923173017,100.0,0.0
2026-10-09T02:21:18.728769+00:00,5868565024538,16,7.0625,100.0,0.0
2026-10-09T02:21:19.729132+00:00,5869565385114,16,6.995627732667083,100.0,0.06246096189881324
2026-10-09T02:21:20.729487+00:00,5870565744020,16,6.6875,100.0,0.0
2026-10-09T02:21:21.729821+00:00,5871566074585,16,6.93316677076827,100.0,0.12492192379762648
2026-10-09T02:21:22.730212+00:00,5872566468181,16,6.75422138836773,100.0,0.06253908692933083
2026-10-09T02:21:23.730584+00:00,5873566840407,16,6.808244846970643,100.0,0.0
2026-10-09T02:21:24.730922+00:00,5874567175233,16,6.808244846970643,100.0,0.12492192379762648
2026-10-09T02:21:25.731327+00:00,5875567583158,16,6.875,55.0,0.0625
2026-10-09T02:21:26.731731+00:00,5876567987394,16,7.004377736085053,100.0,0.0
2026-10-09T02:21:27.732197+00:00,5877568452549,16,6.870705808869457,100.0,0.0
2026-10-09T02:21:28.732602+00:00,5878568856185,16,6.75,100.0,0.0
2026-10-09T02:21:29.733039+00:00,5879569295870,16,6.803995006242197,100.0,0.0
2026-10-09T02:21:30.733444+00:00,5880569700645,16,6.924516531503431,100.0,0.18714909544603867
2026-10-09T02:21:31.733873+00:00,5881570128720,16,6.875,100.0,0.0
2026-10-09T02:21:32.734272+00:00,5882570527057,16,6.8125,100.0,0.0
2026-10-09T02:21:33.734686+00:00,5883570941882,16,7.520198881292728,100.0,0.0
2026-10-09T02:21:34.735093+00:00,5884571349458,16,6.862133499688085,68.0,0.12476606363069245
2026-10-09T02:21:35.735501+00:00,5885571757623,16,6.866416978776529,100.0,0.0
2026-10-09T02:21:36.735933+00:00,5886572189958,16,7.0448877805486285,100.0,0.12468827930174564
2026-10-09T02:21:37.736323+00:00,5887572578234,16,6.6958698372966206,100.0,0.0
2026-10-09T02:21:38.736728+00:00,5888572984369,16,6.629143214509068,100.0,0.0
2026-10-09T02:21:39.737174+00:00,5889573429525,16,6.629143214509068,100.0,0.06253908692933083
2026-10-09T02:21:40.737512+00:00,5890573765371,16,6.879299562226391,100.0,0.0
2026-10-09T02:21:41.737943+00:00,5891574199216,16,6.6958698372966206,100.0,0.0
2026-10-09T02:21:42.738354+00:00,5892574611082,16,6.741573033707865,100.0,0.18726591760299627
2026-10-09T02:21:43.738769+00:00,5893575037007,16,6.691682301438399,100.0,0.0
2026-10-09T02:21:44.739213+00:00,5894575468602,16,6.879299562226391,100.0,0.0
2026-10-09T02:21:45.739601+00:00,5895575857148,16,6.625,100.0,0.0
2026-10-09T02:21:46.739953+00:00,5896576206264,16,6.986899563318778,100.0,0.0
2026-10-09T02:21:47.740299+00:00,5897576556469,16,6.75,100.0,0.125
2026-10-09T02:21:48.740724+00:00,5898576981265,16,7.116104868913857,100.0,0.0
2026-10-09T02:21:49.741160+00:00,5899577415960,16,6.691682301438399,100.0,0.0
2026-10-09T02:21:50.741563+00:00,5900577818827,16,6.691682301438399,100.0,0.06253908692933083
2026-10-09T02:21:51.741901+00:00,5901578154642,16,6.870705808869457,100.0,0.0
2026-10-09T02:21:52.742300+00:00,5902578556587,16,7.093963907902925,100.0,0.18668326073428748
2026-10-09T02:21:53.742682+00:00,5903578935153,16,6.629143214509068,100.0,0.06253908692933083
2026-10-09T02:21:54.743007+00:00,5904579259909,16,6.741573033707865,100.0,0.12484394506866417
2026-10-09T02:21:55.743335+00:00,5905579588745,16,7.0,100.0,0.0
2026-10-09T02:21:56.743653+00:00,5906579906981,16,6.991260923845194,100.0,0.0
2026-10-09T02:21:57.744015+00:00,5907580268786,16,6.629143214509068,100.0,0.0
2026-10-09T02:21:58.744426+00:00,5908580683962,16,6.629143214509068,100.0,0.12507817385866166
2026-10-09T02:21:59.744844+00:00,5909581099957,16,6.941838649155723,100.0,0.0
2026-10-09T02:22:00.745286+00:00,5910581540892,16,6.625,100.0,0.0
2026-10-09T02:22:01.745620+00:00,5911581873688,16,6.75422138836773,100.0,0.0
2026-10-09T02:22:02.745966+00:00,5912582219795,16,6.816760475297061,100.0,0.0
2026-10-09T02:22:03.746346+00:00,5913582601380,16,6.75,100.0,0.0
2026-10-09T02:22:04.746915+00:00,5914583175055,16,6.758448060075094,100.0,0.0625782227784731
2026-10-09T02:22:05.747335+00:00,5915583587910,16,6.566604127579738,100.0,0.0
2026-10-09T02:22:06.747634+00:00,5916583885726,16,6.691682301438399,100.0,0.12507817385866166
2026-10-09T02:22:07.748021+00:00,5917584276212,16,6.75,100.0,0.0
2026-10-09T02:22:08.748424+00:00,5918584679217,16,6.629143214509068,100.0,0.0
2026-10-09T02:22:09.748771+00:00,5919585023693,16,6.6958698372966206,100.0,0.0625782227784731
2026-10-09T02:22:10.749189+00:00,5920585443988,16,6.816760475297061,100.0,0.0
2026-10-09T02:22:11.749595+00:00,5921585852055,16,6.75422138836773,100.0,0.12507817385866166
2026-10-09T02:22:12.749980+00:00,5922586235300,16,6.862133499688085,100.0,0.0
2026-10-09T02:22:13.750369+00:00,5923586624795,16,7.036114570361145,100.0,0.18679950186799502
2026-10-09T02:22:14.750772+00:00,5924587035721,16,6.6875,100.0,0.0
2026-10-09T02:22:15.751173+00:00,5925587428967,16,6.625,100.0,0.0
2026-10-09T02:22:16.751573+00:00,5926587829352,16,6.75422138836773,100.0,0.18761726078799248
2026-10-09T02:22:17.751966+00:00,5927588221688,16,6.941838649155723,100.0,0.0
2026-10-09T02:22:18.752353+00:00,5928588609993,16,6.816760475297061,100.0,0.0
2026-10-09T02:22:19.752729+00:00,5929588985509,16,6.920199501246882,100.0,0.0
2026-10-09T02:22:20.753143+00:00,5930589401035,16,6.6875,100.0,0.0
2026-10-09T02:22:21.753558+00:00,5931589814530,16,6.75422138836773,100.0,0.0
2026-10-09T02:22:22.754010+00:00,5932590268265,16,6.691682301438399,100.0,0.18761726078799248
2026-10-09T02:22:23.754431+00:00,5933590690401,16,6.5625,54.54545454545455,0.125
2026-10-09T02:22:24.754871+00:00,5934591127537,16,6.875,100.0,0.0
2026-10-09T02:22:25.755283+00:00,5935591538981,16,6.816760475297061,100.0,0.0
2026-10-09T02:22:26.755632+00:00,5936591886647,16,6.758448060075094,100.0,0.0
2026-10-09T02:22:27.756043+00:00,5937592299564,16,6.566604127579738,100.0,0.0
2026-10-09T02:22:28.756457+00:00,5938592714368,16,6.75422138836773,56.0,0.12507817385866166
2026-10-09T02:22:29.756888+00:00,5939593145104,16,6.625,100.0,0.0625
2026-10-09T02:22:30.757286+00:00,5940593542350,16,6.566604127579738,100.0,0.0
2026-10-09T02:22:31.757680+00:00,5941593936646,16,6.9375,100.0,0.0
2026-10-09T02:22:32.758001+00:00,5942594255201,16,7.509386733416771,75.75757575757575,0.2503128911138924
2026-10-09T02:22:33.758395+00:00,5943594650466,16,13.0,100.0,0.0
2026-10-09T02:22:34.758736+00:00,5944594991962,16,13.0625,100.0,0.0
2026-10-09T02:22:35.759158+00:00,5945595412838,16,12.875,100.0,0.125
2026-10-09T02:22:36.759547+00:00,5946595801533,16,13.108614232209737,100.0,0.0
2026-10-09T02:22:37.759966+00:00,5947596220619,16,12.883051907442152,100.0,0.0
2026-10-09T02:22:38.760382+00:00,5948596638274,16,12.820512820512821,100.0,0.06253908692933083
2026-10-09T02:22:39.760817+00:00,5949597072980,16,13.266583229036295,100.0,0.0
2026-10-09T02:22:40.761228+00:00,5950597484126,16,13.287585776668745,100.0,0.0
2026-10-09T02:22:41.761638+00:00,5951597893291,16,13.108614232209737,100.0,0.0
2026-10-09T02:22:42.762051+00:00,5952598307186,16,12.9375,100.0,0.0
2026-10-09T02:22:43.762453+00:00,5953598709992,16,13.0,100.0,0.0625
2026-10-09T02:22:44.762889+00:00,5954599144628,16,12.92941911305434,100.0,0.12492192379762648
2026-10-09T02:22:45.763287+00:00,5955599542613,16,12.883051907442152,100.0,0.0
2026-10-09T02:22:46.763682+00:00,5956599938599,16,13.403990024937656,100.0,0.0
2026-10-09T02:22:47.764027+00:00,5957600280644,16,12.95369211514393,100.0,0.0
2026-10-09T02:22:48.764426+00:00,5958600681591,16,12.945590994371482,100.0,0.06253908692933083
2026-10-09T02:22:49.764885+00:00,5959601141946,16,12.991880074953155,100.0,0.0
2026-10-09T02:22:50.765228+00:00,5960601481821,16,12.757973733583489,100.0,0.0
2026-10-09T02:22:51.765626+00:00,5961601882386,16,13.0,100.0,0.0
2026-10-09T02:22:52.766037+00:00,5962602294622,16,12.9375,100.0,0.25
2026-10-09T02:22:53.766454+00:00,5963602709808,16,13.195747342088806,100.0,0.12507817385866166
2026-10-09T02:22:54.766814+00:00,5964603068713,16,12.382739212007504,100.0,0.06253908692933083
2026-10-09T02:22:55.767229+00:00,5965603487688,16,13.320825515947467,100.0,0.0
2026-10-09T02:22:56.767657+00:00,5966603915705,16,13.17103620474407,100.0,0.0
2026-10-09T02:22:57.768061+00:00,5967604318440,16,9.226932668329177,56.43564356435643,0.18703241895261846
2026-10-09T02:22:58.768413+00:00,5968604668895,16,6.633291614518147,100.0,0.0
2026-10-09T02:22:59.768828+00:00,5969605084061,16,6.629143214509068,100.0,0.0
2026-10-09T02:23:00.769225+00:00,5970605482536,16,6.566604127579738,100.0,0.12507817385866166
2026-10-09T02:23:01.769574+00:00,5971605827393,16,7.582349285270355,100.0,0.0
2026-10-09T02:23:02.769982+00:00,5972606236708,16,6.808244846970643,100.0,0.18738288569643974
2026-10-09T02:23:03.770390+00:00,5973606645813,16,6.570713391739675,100.0,0.0
2026-10-09T02:23:04.770823+00:00,5974607079219,16,6.691682301438399,100.0,0.0
2026-10-09T02:23:05.771231+00:00,5975607486425,16,6.629143214509068,100.0,0.0
2026-10-09T02:23:06.771641+00:00,5976607895410,16,6.382978723404255,53.46534653465346,0.18773466833541927
2026-10-09T02:23:07.772100+00:00,5977608356685,16,6.629143214509068,100.0,0.0
2026-10-09T02:23:08.772438+00:00,5978608691441,16,6.93316677076827,100.0,0.06246096189881324
2026-10-09T02:23:09.772854+00:00,5979609110257,16,6.808244846970643,100.0,0.12492192379762648
2026-10-09T02:23:10.773244+00:00,5980609498913,16,6.928838951310861,100.0,0.0
2026-10-09T02:23:11.773652+00:00,5981609907317,16,6.75,100.0,0.0625
2026-10-09T02:23:12.774073+00:00,5982610331013,16,6.6875,100.0,0.125
2026-10-09T02:23:13.774482+00:00,5983610737229,16,6.625,100.0,0.0
2026-10-09T02:23:14.774904+00:00,5984611158815,16,6.6875,100.0,0.0
2026-10-09T02:23:15.775217+00:00,5985611471410,16,6.683322923173017,100.0,0.0
2026-10-09T02:23:16.775613+00:00,5986611868935,16,6.9461827284105135,100.0,0.0625782227784731
2026-10-09T02:23:17.776065+00:00,5987612322062,16,6.8125,100.0,0.0
2026-10-09T02:23:18.776470+00:00,5988612726897,16,6.566604127579738,100.0,0.0
2026-10-09T02:23:19.776934+00:00,5989613191352,16,6.629143214509068,100.0,0.0
2026-10-09T02:23:20.777329+00:00,5990613584517,16,6.9375,100.0,0.0
2026-10-09T02:23:21.777732+00:00,5991613988963,16,6.691682301438399,100.0,0.0
2026-10-09T02:23:22.778156+00:00,5992614412669,16,6.633291614518147,100.0,0.18773466833541927
2026-10-09T02:23:23.778550+00:00,5993614805744,16,6.866416978776529,100.0,0.0
2026-10-09T02:23:24.778981+00:00,5994615237039,16,6.75422138836773,100.0,0.0
2026-10-09T02:23:25.779396+00:00,5995615652065,16,6.75422138836773,100.0,0.0
2026-10-09T02:23:26.779866+00:00,5996616123051,16,6.75,100.0,0.0
2026-10-09T02:23:27.780268+00:00,5997616522236,16,6.570713391739675,100.0,0.0
2026-10-09T02:23:28.780618+00:00,5998616874881,16,6.629143214509068,100.0,0.0
2026-10-09T02:23:29.781036+00:00,5999617290707,16,6.629143214509068,100.0,0.5003126954346466
2026-10-09T02:23:30.781447+00:00,6000617701913,16,6.6875,100.0,0.0
2026-10-09T02:23:31.781876+00:00,6001618131839,16,6.941838649155723,100.0,0.0
2026-10-09T02:23:32.782300+00:00,6002618554714,16,6.691682301438399,100.0,0.0
2026-10-09T02:23:33.782716+00:00,6003618976449,16,6.625,100.0,0.1875
2026-10-09T02:23:34.783152+00:00,6004619407825,16,6.6875,100.0,0.0
2026-10-09T02:23:35.783560+00:00,6005619822441,16,6.74578388507183,100.0,0.0
2026-10-09T02:23:36.783997+00:00,6006620252196,16,6.629143214509068,100.0,0.0
2026-10-09T02:23:37.784337+00:00,6007620597561,16,6.629143214509068,100.0,0.0
2026-10-09T02:23:38.784739+00:00,6008620995108,16,6.75422138836773,100.0,0.12507817385866166
2026-10-09T02:23:39.785213+00:00,6009621470252,16,6.808244846970643,100.0,0.0
2026-10-09T02:23:40.785581+00:00,6010621836858,16,6.808244846970643,100.0,0.0
2026-10-09T02:23:41.786015+00:00,6011622269613,16,6.691682301438399,100.0,0.0
2026-10-09T02:23:42.786419+00:00,6012622673870,16,6.8125,100.0,0.0625
2026-10-09T02:23:43.786825+00:00,6013623081385,16,6.574827802128992,100.0,0.0
2026-10-09T02:23:44.787237+00:00,6014623492240,16,6.625,100.0,0.1875
